time	LF_FT_fx	LF_FT_fy	LF_FT_fz	LF_FT_tx	LF_FT_ty	LF_FT_tz	RF_FT_fx	RF_FT_fy	RF_FT_fz	RF_FT_tx	RF_FT_ty	RF_FT_tz	torque_des_0	torque_des_1	torque_des_2	torque_des_3	torque_des_4	torque_des_5	torque_des_6	torque_des_7	torque_des_8	torque_des_9	torque_des_10	torque_des_11	q_0	q_1	q_2	q_3	q_4	q_5	q_6	q_7	q_8	q_9	q_10	q_11	qdot_0	qdot_1	qdot_2	qdot_3	qdot_4	qdot_5	qdot_6	qdot_7	qdot_8	qdot_9	qdot_10	qdot_11	qdot_lpf_0	qdot_lpf_1	qdot_lpf_2	qdot_lpf_3	qdot_lpf_4	qdot_lpf_5	qdot_lpf_6	qdot_lpf_7	qdot_lpf_8	qdot_lpf_9	qdot_lpf_10	qdot_lpf_11	base_lin_vel_x	base_lin_vel_y	base_lin_vel_z	base_ang_vel_x	base_ang_vel_y	base_ang_vel_z	base_ang_vel_lpf_x	base_ang_vel_lpf_y	base_ang_vel_lpf_z	projected_grav_x	projected_grav_y	projected_grav_z	cmd_x	cmd_y	cmd_yaw	latent_0	latent_1	latent_2	latent_3	latent_4	latent_5	latent_6	latent_7	latent_8	latent_9	latent_10	latent_11	latent_12	latent_13	latent_14	latent_15	latent_16	latent_17	latent_18	latent_19	latent_20	latent_21	latent_22	latent_23	
0.00800000	   0.66985273   -0.24193427 -517.19701441    0.29321329   -8.62565797    0.06632837	  -0.66980236    0.24204020 -505.80479827    0.07591330   -9.75905959    0.07090137	 -0.00053533   0.03766156 -13.19637112 -41.73491702   6.72210939  -0.00107754  -0.00051623  -0.03500966 -13.18912942 -41.71584862   6.72433858   0.00112655	-0.00001143  0.00003557 -0.23977483  0.59819171 -0.35836708  0.00004881  0.00002237  0.00004799 -0.23975963  0.59817260 -0.35840479  0.00001508	-0.00105072 -0.00186492 -0.00025186 -0.00066144  0.00150206 -0.00191283 -0.00147896 -0.00031372 -0.00186547  0.00003189  0.00162630  0.00167207	-0.00068651 -0.00121849 -0.00016456 -0.00043217  0.00098141 -0.00124980 -0.00096631 -0.00020498 -0.00121885  0.00002084  0.00106258  0.00109249	 0.00094165 -0.00020502  3.91271514	-0.00000487 -0.00020184  0.00000311	-0.00000318 -0.00013188  0.00000203	-0.00025919  0.00005135 -0.99999997	0.35000000	0.00000000	0.00000000	-0.24567851	0.92231232	-0.85833788	0.13068384	-0.12664637	-0.59804946	0.68563265	0.78677297	-0.66201276	1.47665930	-0.49791411	0.75319356	0.86845422	-0.01939376	1.00552797	-0.89954907	0.09101836	-0.24969083	-0.35826376	0.91252375	-0.47535351	-0.09431474	0.77823603	1.19310379	
0.00801700	  -0.59622162   -1.54298310 -516.49502807    0.57378502   -9.39690407   -0.57877707	  -0.66269824    0.82730612 -505.73882456    0.57148060  -10.36675541    0.58793166	 -3.49969504  -1.37915769 -11.93153138 -38.39148289   0.33867919   1.93347416   1.42625815   1.85569628 -11.99209942 -43.10526212   1.99103170   4.38727748	-0.00002146  0.00005035 -0.23977140  0.59818907 -0.35835888  0.00006370  0.00002150  0.00005184 -0.23976245  0.59817165 -0.35841301  0.00002342	-0.01356361  0.01597116  0.00872443 -0.00752629  0.00429377  0.01956721 -0.00435675  0.02643837 -0.01215984  0.00608736 -0.02518787  0.00236400	-0.00156523  0.00084227  0.00107881 -0.00038067  0.00150137  0.00187294  0.00008668  0.00235044  0.00037331  0.00225095 -0.00287274  0.00071835	 0.00100911 -0.00017377  3.91290598	-0.00006192 -0.00013714  0.00000716	-0.00003179 -0.00016955  0.00000476	-0.00026068  0.00005151 -0.99999996	0.35000000	0.00000000	0.00000000	-0.06909792	0.59327573	-0.74328387	0.26014620	0.11272299	-0.35621756	0.31400889	0.70911658	-0.54279256	1.52137721	-0.57874328	0.53484774	0.70396161	0.07147758	1.20355856	-0.77425563	-0.07324562	-0.41952914	-0.32678431	1.08854651	-0.30327940	-0.05855237	0.65514553	0.83796871	
0.00849700	  -6.55424066   -8.74339585 -524.40489565    1.96449303  -11.31752788   -2.73805705	   0.42699951    6.15764439 -496.11814489    3.04978650  -14.53798703    2.08989401	 -8.73324948  -5.70801100  -8.19234901 -35.40845349  -5.82400339   6.63926739   3.32357436  10.11307447 -16.44310775 -46.44340794 -13.92453057  16.22646955	-0.00001253  0.00004637 -0.23978186  0.59818523 -0.35836566  0.00006430  0.00002337  0.00003750 -0.23975987  0.59816720 -0.35840846  0.00002016	 0.00620612  0.01135045 -0.01655371 -0.01877301 -0.02155401  0.02857365  0.00574516 -0.02325161 -0.00432590 -0.00801958 -0.00098536 -0.00064219	 0.00149673  0.00041337 -0.00237681 -0.00233256 -0.00115382  0.00267372  0.00052889 -0.00274356  0.00028517  0.00047317 -0.00040204 -0.00047194	0.00144706 0.00000543 3.91301850	-0.00029500  0.00054226  0.00001377	-0.00021727  0.00023752  0.00001591	-0.00025976  0.00005299 -0.99999996	0.35000000	0.00000000	0.00000000	0.05960486	0.35754368	-0.64296955	0.34781533	0.13908604	-0.30093119	-0.01339984	0.56213850	-0.37147748	1.33616185	-0.48692891	0.53772193	0.69951361	0.16110486	1.03536522	-0.66441566	-0.12601796	-0.48950028	-0.22290805	1.40869176	-0.35638195	-0.02966012	0.69376338	0.78922838	
0.00849000	 -41.63551833  -12.08683988 -498.33966959    5.03300364  -28.77267930   -6.80640224	  -5.95892363    3.32127702 -464.43715563    7.55750654  -29.94870998    3.30404306	-17.43579078   5.97642182  -5.00595178 -21.34831911 -30.17394821  17.93032334   3.76675978  17.52422100 -25.57402845 -41.33789371 -38.78873519  32.02233079	-0.00001765  0.00005483 -0.23977536  0.59833072 -0.35853884  0.00005005  0.00002569  0.00004585 -0.23976485  0.59830790 -0.35855586  0.00001609	 0.01053238  0.01331473 -0.00169577  0.01696645 -0.07745426 -0.03400415  0.02658962  0.01045163  0.00625422  0.04866185 -0.03290905 -0.01386018	-0.00022903  0.00281050 -0.00010331  0.02295417 -0.03248594 -0.00333610  0.00181413 -0.00037006 -0.00048844  0.02595966 -0.02643964 -0.00238250	0.00650450 0.00065326 3.90780965	-0.00105892 -0.00854911  0.00001860	-0.00079116 -0.00483853  0.00001414	-0.00028345  0.00005846 -0.99999996	0.35000000	0.00000000	0.00000000	0.15372828	0.13044618	-0.68432552	0.43883139	0.05987636	-0.34388438	-0.11641225	0.51671940	-0.24038105	1.07114553	-0.46414724	0.55006444	0.74456775	0.24337198	0.92166805	-0.62245983	-0.15848178	-0.48302704	-0.19639665	1.71434200	-0.37850758	-0.03207304	0.64883697	0.74018168	
0.00849200	 -58.55571340   10.20790970 -549.08527615   10.47352266  -41.95190522  -12.69585025	 -24.38903186    1.51295462 -347.78360942   14.59276096  -40.86272131    8.44187727	-25.54570640  33.63464102 -12.30811554 -26.05897241 -40.79340269  38.10787920   4.94692555  10.62696011 -38.00576479 -18.02578545 -56.09627488  44.50495602	-0.00001771  0.00008987 -0.23978142  0.59911850 -0.35924727  0.00006241  0.00001866  0.00005214 -0.23977636  0.59910196 -0.35929687  0.00024419	-0.01135218  0.01463852  0.00804552  0.16533071 -0.10021440 -0.01526993 -0.02037948 -0.00558838  0.01461941  0.14357099 -0.15127560  0.07486741	 0.00045805  0.00790602 -0.00021595  0.11187784 -0.09715799  0.00019582 -0.00083306  0.00090292 -0.00126644  0.11481080 -0.10733985  0.04056131	 0.01740472 -0.00097705  3.89423922	-0.00964957 -0.03271789  0.00138365	-0.00647803 -0.02499069  0.00054749	-0.00045956  0.00009839 -0.99999989	0.35000000	0.00000000	0.00000000	0.16359906	0.00618911	-0.75068533	0.41228816	0.01346533	-0.39390954	-0.18173434	0.43982890	-0.16196716	0.86152124	-0.43693891	0.56757873	0.77589560	0.23036860	0.79426080	-0.65685290	-0.17957300	-0.49503955	-0.14706525	1.84072220	-0.43677276	-0.03736039	0.59470344	0.70309532	
0.00800200	 -67.96161689   38.43524547 -649.48004653   17.87675525  -55.50342867  -14.39714806	 -13.77614862   -3.15495916 -236.38119410   14.97024586  -30.87628054    4.58658666	-25.70479989  60.57938170 -26.39593372 -44.24650256 -46.27668500  49.51455927  11.39800738   2.68841076 -45.93482290   8.09264299 -46.59238949  41.68878955	-0.00006646  0.00021544 -0.24000472  0.60080573 -0.36061035  0.00026013  0.00001237  0.00004366 -0.24008650  0.60105998 -0.36091778  0.00112026	-0.02019030  0.02291706 -0.05156981  0.28706869 -0.19814391  0.01517208 -0.02802496 -0.00543725 -0.10348200  0.35386304 -0.25222424  0.15928246	-0.00632706  0.01774356 -0.03593424  0.23131482 -0.18104243  0.02953135 -0.00251986 -0.00060919 -0.05146477  0.27455454 -0.22022195  0.12621894	 0.02479747 -0.00542925  3.88014741	-0.02208768 -0.03897777  0.01027409	-0.01774395 -0.03764791  0.00723433	-0.00076263  0.00022584 -0.99999968	0.35000000	0.00000000	0.00000000	0.18822049	-0.01519347	-0.83492500	0.35873678	0.00391707	-0.39127097	-0.20419866	0.35747397	-0.09375380	0.71112055	-0.38990203	0.57833409	0.78691214	0.21152313	0.71057779	-0.65034825	-0.21212557	-0.49503565	-0.11850087	1.87805772	-0.47623214	-0.03783708	0.51882285	0.67685348	
0.00801000	 -65.67794518   47.35542321 -768.48383677   24.78903078  -60.81522855  -13.40341697	  -9.01576976   -2.11709083 -153.31202541   10.17616051  -21.59479190    1.60554674	-24.57271470  73.74836159 -33.31663664 -67.82923286 -42.54973117  55.74015194  10.88785028  -8.98578849 -38.71048133  18.46621111 -37.66038537  35.31851643	-0.00019884  0.00041564 -0.24061231  0.60339146 -0.36250895  0.00072810  0.00002716  0.00003940 -0.24103045  0.60451834 -0.36345881  0.00279974	-0.01612532  0.03260560 -0.08263093  0.33129072 -0.25976014  0.03362728  0.02987003 -0.01684877 -0.14900906  0.47385465 -0.32662579  0.21873861	-0.01756495  0.02668123 -0.08274158  0.33241939 -0.24302744  0.05825424  0.00279252 -0.00210656 -0.12824375  0.45462978 -0.32801920  0.21942434	 0.03054175 -0.01144806  3.87017349	-0.03098825 -0.03496787  0.02195379	-0.02819249 -0.03625926  0.01796912	-0.00105975  0.00044342 -0.99999934	0.35000000	0.00000000	0.00000000	0.20016709	-0.04672093	-0.88377184	0.33973315	0.01993818	-0.38758051	-0.20196043	0.28857648	-0.04908644	0.64183682	-0.34937879	0.57769132	0.79886395	0.18137828	0.63250256	-0.64620030	-0.20492595	-0.48506495	-0.10225955	1.88807285	-0.49478802	-0.04885938	0.45425779	0.65569818	
0.00847200	 -67.51450079   49.92499831 -855.32620727   29.53059916  -63.72774025  -12.82649443	  0.72730998  -0.78399049 -76.75402324   5.20595779 -11.39542996   0.63069084	-23.89639221  80.55649281 -35.77364139 -79.01919997 -40.77807435  59.56784379   7.32872601 -14.68313479 -37.93193172  28.25013131 -28.09513628  30.60172135	-0.00043839  0.00068020 -0.24167580  0.60689230 -0.36488710  0.00132971  0.00001817 -0.00000799 -0.24278157  0.60968528 -0.36698103  0.00534228	-0.03366966  0.02415420 -0.18854380  0.45890388 -0.33144253  0.06689833  0.00970770 -0.00740407 -0.25281737  0.68345814 -0.45137584  0.37668952	-0.03100824  0.02968248 -0.13661417  0.42493924 -0.28930193  0.06928308  0.00025408 -0.00958200 -0.22095771  0.63638108 -0.42724148  0.31587890	 0.03493586 -0.01661804  3.86129754	-0.02828023 -0.02504734  0.03149339	-0.02945613 -0.02819455  0.02853642	-0.00131435  0.00070201 -0.99999889	0.35000000	0.00000000	0.00000000	0.25293660	-0.06946661	-0.89977866	0.30711165	0.05327630	-0.33895841	-0.19205619	0.23685208	-0.02375822	0.61205518	-0.28729242	0.54980820	0.79940468	0.18983886	0.58832181	-0.63878298	-0.23886222	-0.51133525	-0.09211099	1.87270999	-0.53195304	-0.05228387	0.40982145	0.64130348	
0.00853000	 -73.89904783   53.27232705 -953.55938249   34.16619975  -68.70721988  -10.66186414	 10.67871894  -6.31224248 -16.47266777   1.19739378  -2.63880978   1.51875604	-20.57596229  88.64416838 -29.78806216 -99.02222291 -39.09134531  63.89150089   9.82418731 -20.52471954 -32.96266815  26.39018609 -16.32224657  22.86593351	-0.00069252  0.00089003 -0.24302662  0.61097434 -0.36751715  0.00189640  0.00002496 -0.00024780 -0.24516425  0.61611571 -0.37106805  0.00844329	-0.01692608  0.00563848 -0.14917955  0.45119289 -0.28792510  0.06894576  0.00374033 -0.05931584 -0.26783918  0.72919355 -0.42856955  0.32543747	-0.02940471  0.02008855 -0.15820519  0.47980522 -0.30946813  0.06238496  0.00230896 -0.03423012 -0.28373476  0.76341965 -0.47981592  0.36485807	 0.04027027 -0.01894802  3.85532609	-0.01219934 -0.02346368  0.02768615	-0.01759920 -0.02365107  0.02925571	-0.00151356  0.00087919 -0.99999847	0.35000000	0.00000000	0.00000000	0.26971817	-0.06390744	-0.92114985	0.29379702	0.08692342	-0.33749419	-0.19772552	0.21151832	-0.01330345	0.59065092	-0.23383978	0.52784002	0.80667663	0.16841069	0.53656590	-0.66004938	-0.24129099	-0.47043163	-0.09472784	1.89298344	-0.54415327	-0.07258365	0.38281056	0.62015802	
0.00849500	 -72.56795160   54.20309997 -957.16715986   38.90848295  -70.44007175  -11.97463588	 6.72462461 -1.75338121 -3.99444836  0.41356608 -0.80753487  0.52258711	-22.94109625  95.38953996 -36.87351418 -96.77416018 -42.80554327  66.89903843   8.31017465 -18.59999442 -32.49172323  33.30421579 -14.36846298  25.13678071	-0.00093627  0.00103183 -0.24454853  0.61540691 -0.37034695  0.00222837  0.00001270 -0.00066769 -0.24806312  0.62349890 -0.37545424  0.01192876	-0.02747248  0.00185283 -0.18898107  0.52236364 -0.34110521  0.00615177 -0.00466340 -0.06921685 -0.33353740  0.87092824 -0.50592138  0.40565569	-0.02998663  0.01522511 -0.18444828  0.53139162 -0.33672429  0.03318069 -0.00186021 -0.05306261 -0.34874965  0.88405603 -0.51804247  0.41838437	 0.04468264 -0.02255784  3.84905886	-0.00198935 -0.01929490  0.02962384	-0.00500819 -0.02063441  0.02886580	-0.00169624  0.00093293 -0.99999813	0.35000000	0.00000000	0.00000000	0.31104591	-0.08871099	-0.93256545	0.29365486	0.09709802	-0.32354486	-0.20912038	0.16415763	-0.00588747	0.57542050	-0.20351946	0.49962860	0.79560935	0.18681362	0.52751672	-0.65073293	-0.27541608	-0.48786235	-0.09235927	1.89976466	-0.54249591	-0.08184887	0.35251704	0.59613329	
0.00847700	  -71.75443847    56.79426712 -1007.47951954    44.30351291   -70.95905557    -9.57561668	 2.38470394 -3.47900051  1.63740433  0.12915279  0.07940251  0.08129685	 -19.69268109  101.04776001  -32.71597852 -110.79489812  -39.15380475   74.43862337   10.06361667  -20.31318665  -29.22532041   31.48241697   -5.20123196   20.22948435	-0.00116592  0.00114718 -0.24618727  0.62018472 -0.37335478  0.00240391  0.00002679 -0.00127633 -0.25150726  0.63180316 -0.37989912  0.01564418	-0.01015864  0.01431278 -0.18622380  0.54146780 -0.33050495  0.02625291  0.00853207 -0.08839924 -0.40262802  0.99824558 -0.49950472  0.39325606	-0.02622755  0.01292274 -0.19103322  0.56250839 -0.35274361  0.02019566  0.00098584 -0.07605107 -0.41060892  0.99098745 -0.51729069  0.42820391	 0.05039376 -0.02514579  3.84596237	 0.00923467 -0.02356563  0.02559442	 0.00565038 -0.02209478  0.02695791	-0.00187488  0.00090133 -0.99999784	0.35000000	0.00000000	0.00000000	0.35267249	-0.08386293	-0.95317322	0.31087384	0.11053659	-0.31243151	-0.22544913	0.15067659	-0.00149193	0.54244345	-0.15644459	0.47919071	0.78436512	0.17805338	0.50073141	-0.67222327	-0.26484761	-0.46125102	-0.08039630	1.92902493	-0.56546283	-0.09098571	0.32280111	0.58775783	
0.00800600	  -71.39256004    60.78206238 -1004.37252407    47.63351660   -74.15512834   -11.31942274	 1.88204909 -3.99370371  1.65771256  0.12103420  0.12128384  0.06373879	 -22.43094660  106.84156632  -38.34403865 -112.68708563  -44.08872235   79.15894085    7.41830842  -21.00140619  -27.23249245   29.26592042   -5.04585787   20.18761632	-0.00138620  0.00121584 -0.24769909  0.62480133 -0.37631718  0.00251371  0.00002799 -0.00198283 -0.25516187  0.64027394 -0.38388264  0.01889366	-0.05149783  0.00307165 -0.19168909  0.58353868 -0.39255140  0.00336583 -0.00308834 -0.11521915 -0.51121642  1.09428897 -0.51591160  0.42214092	-0.02919178  0.00894427 -0.19020008  0.58078653 -0.37334000  0.01477426 -0.00197451 -0.09291327 -0.46513641  1.07044709 -0.49771647  0.40442508	 0.05571806 -0.02863359  3.84357090	 0.01451986 -0.02319619  0.02751356	 0.01282380 -0.02338198  0.02678669	-0.00206434  0.00080273 -0.99999755	0.35000000	0.00000000	0.00000000	0.40107960	-0.08725186	-0.95650703	0.32832974	0.11949310	-0.31224874	-0.23269011	0.12848271	0.00619066	0.51694399	-0.14744501	0.44478771	0.76714128	0.20468563	0.48316845	-0.67931914	-0.27808341	-0.46145731	-0.08752337	1.95185065	-0.57842863	-0.09870829	0.29857174	0.56594867	
0.00849300	  -64.99856646    61.32266003 -1037.35266328    51.74193120   -72.36747248    -6.13772979	 0.62449731 -5.41653785  2.41212566  0.14485741  0.10542013  0.06493256	 -15.69427878  111.91663408  -39.06039365 -123.48593795  -39.54539940   82.31081748    9.23918520  -19.55838913  -22.56550373   30.57608023   -3.11476549   16.61330570	-0.00158931  0.00128953 -0.24928098  0.62977741 -0.37954926  0.00262426  0.00004590 -0.00280802 -0.25939425  0.64989471 -0.38783021  0.02177689	-0.03981710  0.01296766 -0.15452910  0.53023003 -0.35848610  0.01322553  0.01608086 -0.10881528 -0.48761481  1.10199399 -0.42272896  0.26287842	-0.02491917  0.00925828 -0.18131844  0.58088611 -0.37962683  0.01210730  0.00213282 -0.09895786 -0.50404591  1.14172043 -0.45867640  0.31987635	 0.06187228 -0.03201668  3.84361694	 0.01741377 -0.02539938  0.01851757	 0.01650648 -0.02456156  0.02150050	-0.00226906  0.00066599 -0.99999720	0.35000000	0.00000000	0.00000000	0.38413465	-0.08648707	-0.96324891	0.36256000	0.11094896	-0.34322757	-0.23660986	0.11240382	0.01121823	0.46114087	-0.12701903	0.42492020	0.76487976	0.19600672	0.43329808	-0.69173282	-0.26492316	-0.43151239	-0.07777542	1.99354291	-0.56597728	-0.11413511	0.29205823	0.57121617	
0.00803500	  -64.13865627    64.16509977 -1009.83712028    53.33501646   -73.42286718    -7.43890802	 0.74645227 -3.09414712  2.32162019  0.10661171  0.06767017  0.03430804	 -18.17418208  115.46485257  -44.64773531 -116.66242522  -44.93218446   84.96874237    6.18495448  -23.08536911  -22.11004476   32.13653870   -8.21267688   23.80165407	-0.00170266  0.00142361 -0.25068877  0.63448826 -0.38269713  0.00268027  0.00004465 -0.00366792 -0.26370195  0.65947271 -0.39134658  0.02413445	 0.00677300  0.03081023 -0.16269309  0.58729046 -0.41332698  0.00430191 -0.00656334 -0.11346227 -0.54861388  1.22196065 -0.43495098  0.29368250	-0.01357574  0.01789573 -0.17570265  0.59073065 -0.39611342  0.00765406  0.00023866 -0.10943802 -0.54161165  1.20331688 -0.44049201  0.30141314	 0.06695795 -0.03589117  3.84175075	 0.01634154 -0.02365688  0.01462490	 0.01673372 -0.02423300  0.01581579	-0.00246644  0.00052978 -0.99999682	0.35000000	0.00000000	0.00000000	0.41270390	-0.12121974	-0.95788002	0.40471998	0.08882777	-0.35791120	-0.25277722	0.09911791	0.01595852	0.43472949	-0.12462206	0.41224885	0.73910135	0.22819021	0.43597427	-0.68116462	-0.26694825	-0.43560803	-0.07903719	2.01787090	-0.57726222	-0.11266887	0.26590070	0.54604053	
0.00848900	  -62.48365411    62.53969256 -1035.53966954    56.97338422   -72.04386190    -9.70981147	 1.12998699 -4.45754621  2.15458159  0.13603403  0.06757498  0.06718585	 -20.96739154  117.21239424  -41.74631143 -125.76235425  -39.69909838   88.08893228    7.95632825  -23.23370504  -19.42335690   26.90594204   -6.79834655   20.55583286	-0.00185184  0.00161245 -0.25217701  0.63958735 -0.38615700  0.00275395  0.00003766 -0.00466693 -0.26856313  0.67017107 -0.39500883  0.02679496	-0.04651694  0.04634495 -0.14758574  0.58105849 -0.39768049  0.02531196 -0.02761786 -0.10480035 -0.55709642  1.19735297 -0.38530078  0.28954438	-0.01912259  0.02418071 -0.16981711  0.59730087 -0.40590455  0.01019884 -0.00134192 -0.12015835 -0.57439002  1.26098397 -0.42764950  0.30660316	 0.07312878 -0.04020257  3.84183574	 0.01646445 -0.02563935  0.01692777	 0.01637304 -0.02493833  0.01614258	-0.00267425  0.00039177 -0.99999635	0.35000000	0.00000000	0.00000000	0.41116023	-0.12501812	-0.93073636	0.42613882	0.07246437	-0.36975670	-0.24112110	0.09693827	0.01956576	0.39339149	-0.11499692	0.38394636	0.73371643	0.24012810	0.39201230	-0.71144712	-0.26414582	-0.42742911	-0.07438773	2.04660296	-0.59367663	-0.11894447	0.27081960	0.56677997	
0.00850000	  -63.41876864    63.79175311 -1016.85467342    58.89648063   -73.38062018    -5.88500407	 1.27369737 -5.35126597  2.03761316  0.16665604  0.04917607  0.06258526	 -15.82516374  119.45882559  -44.76371436 -121.93549195  -43.85762143   90.53986692    9.31369651  -26.09316468  -20.17311358   28.71377508   -9.29927462   20.51362100	-0.00196234  0.00183792 -0.25358639  0.64467496 -0.38970582  0.00282270  0.00004961 -0.00579017 -0.27362046  0.68123972 -0.39862712  0.02926234	-0.00144146  0.00896581 -0.15922126  0.54668973 -0.39380384  0.00166108 -0.00390765 -0.13003309 -0.57018568  1.21638696 -0.39828257  0.24891295	-0.01260913  0.02524658 -0.16428137  0.59747845 -0.41856694  0.00973880  0.00156272 -0.13442231 -0.59780568  1.30083354 -0.42453189  0.28487988	 0.07892000 -0.04357762  3.84053719	 0.01562783 -0.02547538  0.00987204	 0.01589096 -0.02557222  0.01221565	-0.00289271  0.00025544 -0.99999578	0.35000000	0.00000000	0.00000000	0.42651698	-0.12781842	-0.94660854	0.45413181	0.05605143	-0.40109560	-0.26529333	0.09707209	0.00886560	0.36459377	-0.11902133	0.37730303	0.71743846	0.26740524	0.36804885	-0.69620228	-0.24874756	-0.41381213	-0.08066792	2.08655334	-0.59841269	-0.13100244	0.26470035	0.54137534	
0.00848800	  -65.02069442    65.45353035 -1028.43934878    61.15527853   -75.74172789    -9.22612741	 0.99764875 -5.36622131  2.57736237  0.15998989  0.03928713  0.07873720	 -20.65521798  123.91150331  -45.38872910 -127.64321584  -44.89118439   89.03483415    5.90566095  -23.80580854  -17.98478407   29.45357335  -10.07770859   19.66836962	-0.00204834  0.00217276 -0.25493968  0.64984544 -0.39339108  0.00287722  0.00004261 -0.00701366 -0.27888739  0.69275926 -0.40231086  0.03149630	-0.02057677  0.04956744 -0.13871328  0.58724498 -0.41938297  0.01070269 -0.00933737 -0.13139190 -0.59668100  1.30012896 -0.41246540  0.25431247	-0.01156903  0.04134328 -0.15670032  0.60612939 -0.43381960  0.00461845 -0.00042723 -0.14477440 -0.62038284  1.35680614 -0.43402423  0.25751468	 0.08542573 -0.04897546  3.83977635	 0.00953186 -0.02795384  0.01115956	 0.01150519 -0.02715659  0.01061995	-0.00311933  0.00014767 -0.99999512	0.35000000	0.00000000	0.00000000	0.44418162	-0.13023885	-0.92976582	0.47984254	0.03218067	-0.41249660	-0.25410151	0.08202232	0.02568419	0.33540142	-0.11105379	0.36077282	0.70402056	0.27692384	0.35091931	-0.68981665	-0.24915820	-0.41604766	-0.07409081	2.12710261	-0.60147935	-0.13624097	0.25126380	0.55896157	
0.00851800	  -64.35015468    60.28669236 -1021.45045763    63.51568711   -74.68871777    -7.39729245	 1.39549947 -6.41908709  1.84496874  0.19308944  0.04450543  0.08488504	 -17.86023086  120.25377178  -46.50898854 -127.07228583  -43.41572115   92.96167254    7.27373244  -27.39961541  -20.01250098   26.75290424   -8.28764988   19.00804156	-0.00212745  0.00259596 -0.25621280  0.65503113 -0.39718496  0.00290511  0.00004980 -0.00831640 -0.28435416  0.70464537 -0.40602224  0.03332755	 0.00462666  0.06667933 -0.10764623  0.53830075 -0.38961562  0.01131185  0.02863049 -0.14079961 -0.59452854  1.31510032 -0.38483290  0.19181321	-0.00713984  0.05098522 -0.14689497  0.60473969 -0.44297420  0.00203869  0.00245656 -0.15683023 -0.64158109  1.39397822 -0.43071446  0.20725502	 0.09119044 -0.05232641  3.83915073	 0.00974895 -0.02499983  0.00796898	 0.00957595 -0.02598887  0.00905764	-0.00334631  0.00006938 -0.99999440	0.35000000	0.00000000	0.00000000	0.44149429	-0.15250781	-0.92810875	0.51332623	-0.00585826	-0.44757190	-0.27931046	0.09480239	0.01844306	0.30126074	-0.11081110	0.38306776	0.68850029	0.28944570	0.31327921	-0.69185001	-0.22547770	-0.38932440	-0.08333194	2.17209339	-0.59852904	-0.15499577	0.24221186	0.57265097	
0.00847400	 -68.05764160   60.67594116 -997.18596888   63.96822278  -75.64643675  -10.49000430	 2.35961391 -5.19739064  1.19729978  0.16780339  0.03717753  0.07965478	 -22.10329009  120.84134912  -46.66181016 -120.63593027  -46.55311954   94.75151479    3.31245957  -27.16818017  -20.32921932   24.29172032  -11.10482745   21.76832619	-0.00222748  0.00305806 -0.25752700  0.66037105 -0.40110562  0.00294844  0.00005062 -0.00977870 -0.29002187  0.71680892 -0.40980649  0.03492100	-0.04381186  0.06501874 -0.15682091  0.67752142 -0.46923506  0.01742472  0.02251412 -0.18772843 -0.71746649  1.47318184 -0.49132366  0.18114337	-0.01407270  0.05655146 -0.15528934  0.63468690 -0.46352442  0.00729051  0.00252624 -0.17636179 -0.67282575  1.43515202 -0.44971002  0.18866862	 0.09682326 -0.05667201  3.83629457	 0.00704739 -0.02326270  0.01247057	 0.00797120 -0.02375815  0.01094625	-0.00355007 -0.00000307 -0.99999370	0.35000000	0.00000000	0.00000000	0.49889556	-0.16856913	-0.91719759	0.53210771	-0.01700393	-0.44997582	-0.29196948	0.09478348	0.01618695	0.28813246	-0.09682313	0.36619455	0.65833765	0.32982826	0.31854185	-0.68492770	-0.23181012	-0.40412721	-0.09077065	2.21355557	-0.63886559	-0.16363367	0.22969191	0.57496893	
0.00802300	  -67.41387111    57.26704370 -1041.24680386    67.47273091   -74.73411797    -6.94005756	 2.30322067 -4.48739060  0.98714409  0.13654930  0.06688402  0.05143620	 -15.22669143  121.20735598  -43.01878504 -134.96926376  -40.05947489   95.33303666    5.45236813  -23.49080038  -19.09814411   18.21240702   -3.86906717   20.79384938	-0.00229325  0.00355420 -0.25872856  0.66543431 -0.40490474  0.00296638  0.00004209 -0.01125047 -0.29543451  0.72835668 -0.41329964  0.03641663	 0.00039752  0.06449751 -0.11669458  0.57347223 -0.44845852  0.00773837  0.00912890 -0.16921767 -0.63735160  1.32258428 -0.36466139  0.14334899	-0.00634846  0.06234834 -0.14342393  0.62200134 -0.46862461  0.00319118  0.00063271 -0.18456272 -0.67262410  1.42805792 -0.42651804  0.18085569	 0.10295374 -0.06000524  3.83745387	 0.00546571 -0.02318067  0.00640716	 0.00595663 -0.02317901  0.00825398	-0.00373512 -0.00005166 -0.99999302	0.35000000	0.00000000	0.00000000	0.44846293	-0.16478391	-0.89057374	0.57222646	-0.06508203	-0.48663834	-0.28997672	0.09530242	0.03718354	0.24004525	-0.08469988	0.38019291	0.66925830	0.31544694	0.27084541	-0.70825678	-0.22733143	-0.38559666	-0.06664935	2.25197363	-0.63452452	-0.17865489	0.23470192	0.59228289	
0.00845800	  -66.71880238    61.60663293 -1001.96060912    65.16434266   -73.47384165    -9.40187293	 2.11847731 -4.31039799  1.43201618  0.14615220  0.03196393  0.06026183	 -20.85774679  119.98412037  -47.78350788 -121.74374360  -43.83184174   96.47059250    3.79783228  -27.40224105  -20.25706259   26.14748830  -11.03165983   23.21390370	-0.00235964  0.00412575 -0.25995604  0.67081381 -0.40895397  0.00305469  0.00003386 -0.01295904 -0.30126077  0.74065507 -0.41689481  0.03806633	-0.01819950  0.06864930 -0.16715245  0.68022575 -0.48399371  0.02164636 -0.00199642 -0.21130162 -0.74227277  1.53593899 -0.43511806  0.23892728	-0.00804400  0.06677088 -0.14731994  0.64228473 -0.48140569  0.01326511 -0.00311250 -0.20467165 -0.69345622  1.46153786 -0.42673038  0.20204585	 0.10836837 -0.06407464  3.83500817	 0.00373302 -0.02147690  0.00883501	 0.00431935 -0.02204793  0.00798691	-0.00392581 -0.00009059 -0.99999229	0.35000000	0.00000000	0.00000000	0.49760011	-0.19108598	-0.87985516	0.57040006	-0.07589641	-0.48812866	-0.30910230	0.09405230	0.03451146	0.22934884	-0.08924424	0.38144165	0.65404618	0.36074290	0.27748060	-0.69027209	-0.22517169	-0.40821901	-0.06552859	2.28958559	-0.66397071	-0.18267964	0.22190966	0.58699286	
0.00854400	  -69.19680887    56.90182214 -1039.72555004    67.59822600   -73.63111923    -7.75915538	 3.66186293 -5.98569953  0.42490752  0.16822945  0.04914404  0.08002777	 -18.05021551  120.62026262  -42.04003696 -134.59064195  -39.14131683   96.54638338    6.38250260  -22.90207529  -18.88652370   14.12337215   -8.35363984   17.17256276	-0.00242710  0.00476996 -0.26114092  0.67625714 -0.41310335  0.00317985  0.00005359 -0.01477996 -0.30717298  0.75299352 -0.42056075  0.03956598	 0.00692937  0.06869787 -0.09462094  0.54945300 -0.44467442  0.02475458  0.01777953 -0.17596575 -0.64276014  1.28793345 -0.37174039  0.13914406	-0.00642700  0.07672987 -0.13347945  0.62703486 -0.48234595  0.01244903  0.00306173 -0.21152083 -0.68644025  1.42797718 -0.42406423  0.15756173	 0.11510071 -0.06810364  3.83619473	 0.00174891 -0.02277033  0.00483825	 0.00237133 -0.02229019  0.00613854	-0.00411210 -0.00011323 -0.99999154	0.35000000	0.00000000	0.00000000	0.44962516	-0.19277950	-0.84600204	0.60652012	-0.12169787	-0.52120763	-0.29208124	0.09935616	0.04157691	0.18148184	-0.08818328	0.38572994	0.66448611	0.32866389	0.21843538	-0.71167964	-0.20473343	-0.38023108	-0.07057717	2.33622384	-0.63797534	-0.19988342	0.23400459	0.61654341	
0.00847200	 -68.98116789   64.74221992 -993.08064983   64.63292606  -71.87422141   -9.78187272	 2.47356147 -5.00900565  0.78607332  0.17265321  0.05687531  0.06778781	 -21.27058496  118.53790379  -47.30047871 -118.21392199  -42.96914658   97.15949798    2.58075399  -30.41196394  -23.39432634   24.58220232   -6.99545552   23.43431070	-0.00247119  0.00543868 -0.26227291  0.68174175 -0.41730424  0.00338117  0.00003371 -0.01672142 -0.31310143  0.76523163 -0.42414365  0.04068335	-0.01694181  0.09106208 -0.12636592  0.69144671 -0.54788709  0.04426283 -0.01576411 -0.25064340 -0.75466048  1.53075981 -0.44788080  0.14235034	-0.00572853  0.07781787 -0.13572489  0.65428443 -0.50179905  0.03115151 -0.00299600 -0.23206918 -0.70621695  1.44809523 -0.42049921  0.14080038	 0.12009525 -0.07169962  3.83328758	 0.00222624 -0.01922826  0.00678051	 0.00199134 -0.02048988  0.00600542	-0.00429409 -0.00012810 -0.99999077	0.35000000	0.00000000	0.00000000	0.49061659	-0.22370552	-0.83704424	0.59549075	-0.14609738	-0.52376729	-0.32077137	0.10557381	0.03795881	0.16896571	-0.07087407	0.40296403	0.64075518	0.38975763	0.22562334	-0.69724053	-0.22196165	-0.38466224	-0.06460218	2.36367941	-0.67195761	-0.21289486	0.21171863	0.60755795	
0.00804000	  -64.80586917    58.56460896 -1035.82659120    67.37767741   -65.70156554    -7.78994181	 4.09824021 -3.24520194 -0.44261659  0.10633967  0.07497188  0.03706990	 -17.92060085  117.29634571  -41.07609488 -130.28020999  -30.62501317   97.97542739    6.77097072  -22.39704585  -21.71034344    9.80442206   -3.83119652   22.49211180	-0.00250800  0.00605986 -0.26341777  0.68703135 -0.42134296  0.00383580  0.00004591 -0.01874029 -0.31878907  0.77669544 -0.42731706  0.04201218	 0.00705058  0.10099276 -0.12103085  0.64374366 -0.51258462  0.08740512 -0.00882490 -0.28275927 -0.73172071  1.42381421 -0.39526125  0.19179877	-0.00176706  0.07886454 -0.13924855  0.65605234 -0.50364339  0.05924633  0.00122420 -0.25372678 -0.71003684  1.42181265 -0.39243915  0.16724017	 0.12469601 -0.07492014  3.83455827	 0.00200807 -0.01560615  0.00370037	 0.00209146 -0.01674171  0.00471800	-0.00443149 -0.00014528 -0.99999017	0.35000000	0.00000000	0.00000000	0.48788711	-0.21823980	-0.79006743	0.63076687	-0.18543059	-0.54351294	-0.33183172	0.10156330	0.04762765	0.14531487	-0.06070933	0.41765863	0.65785241	0.38336000	0.21791007	-0.72680265	-0.20679757	-0.37173924	-0.04576991	2.40218139	-0.69948053	-0.21815948	0.23326457	0.62941706	
0.00849200	  -68.62950428    59.21438225 -1010.41938565    65.79563439   -66.67333722   -10.23209171	 3.56764201 -3.50471321 -0.55785513  0.10963955  0.08026017  0.05014227	 -21.61356439  112.46524334  -42.56350635 -119.55802944  -37.11648443   97.44799805    3.84921283  -22.63648248  -23.18135779   15.14323299   -2.94381044   21.60991237	-0.00255640  0.00668656 -0.26461698  0.69270742 -0.42565529  0.00456490  0.00003724 -0.02098013 -0.32481541  0.78852497 -0.43031287  0.04349258	 0.00884538  0.06930375 -0.14910843  0.63650927 -0.47502896  0.08870478 -0.00356737 -0.26758828 -0.65785591  1.29854469 -0.32649400  0.16397686	-0.00421483  0.07160289 -0.14304842  0.66784400 -0.50622022  0.09418446 -0.00161725 -0.26578101 -0.70477563  1.37605167 -0.34332327  0.17125835	 0.12973100 -0.07868639  3.83324999	 0.00304660 -0.01463166  0.00638279	 0.00272882 -0.01483917  0.00549378	-0.00455803 -0.00016639 -0.99998960	0.35000000	0.00000000	0.00000000	0.45134002	-0.24734239	-0.76347530	0.64011288	-0.23664910	-0.54981476	-0.31491989	0.11246949	0.06004865	0.12263335	-0.07694356	0.42885649	0.67498523	0.39615613	0.17383590	-0.73511386	-0.20969060	-0.37252963	-0.04845669	2.42542934	-0.67297071	-0.23007895	0.23926465	0.61868858	
0.00846000	  -73.80572020    56.50537842 -1003.01100388    65.24907379   -68.70559083    -9.52909405	 4.98744241 -2.86234811 -0.50365853  0.09931730  0.08351809  0.03219876	 -20.18537412  113.84672976  -39.03756936 -123.01683792  -37.78135112   94.14075506    3.51122277  -23.73643899  -25.61232076   13.88871017   -7.88867082   23.46476805	-0.00262097  0.00730941 -0.26585256  0.69857610 -0.43017056  0.00556487  0.00004606 -0.02334858 -0.33086277  0.80013604 -0.43302433  0.04512849	-0.01606663  0.07017374 -0.16474121  0.75774468 -0.55427180  0.12063680  0.01256932 -0.33754858 -0.76979429  1.45064477 -0.32538711  0.21378600	-0.00824469  0.07315389 -0.14740202  0.69317712 -0.53210217  0.11733536  0.00075023 -0.28468990 -0.71297595  1.36642105 -0.31801932  0.19820146	 0.13531191 -0.08220969  3.83121858	 0.00388442 -0.01423176  0.00440772	 0.00365413 -0.01433325  0.00512510	-0.00467999 -0.00019620 -0.99998903	0.35000000	0.00000000	0.00000000	0.49828997	-0.23164900	-0.73227495	0.64785081	-0.23737812	-0.54456443	-0.33428133	0.10535330	0.08558168	0.10834660	-0.05050200	0.43366656	0.67404461	0.42281497	0.21337195	-0.71673584	-0.20061675	-0.38274643	-0.04105351	2.45285702	-0.71668142	-0.23698243	0.23168074	0.59027535	
0.00803800	  -67.60371437    49.74997222 -1030.54223236    66.98575382   -63.51891932    -9.06202107	 5.76084362 -1.93300745 -1.16904661  0.05064436  0.07416755  0.02556139	 -18.99662190  111.87748623  -38.62938535 -131.86725208  -28.34650236   93.50425017    3.09079540  -16.14960289  -24.08774928    6.86192399   -7.24610954   21.12642640	-0.00263766  0.00794499 -0.26694183  0.70408612 -0.43448519  0.00643267  0.00004338 -0.02565576 -0.33657742  0.81072465 -0.43547681  0.04681252	 0.01799517  0.08850303 -0.12174526  0.64010569 -0.49796155  0.10988042 -0.01734750 -0.26572345 -0.63346286  1.17051537 -0.27603434  0.18479773	-0.00131054  0.07984764 -0.13392331  0.67961153 -0.53318202  0.10578577 -0.00059975 -0.28816603 -0.70618969  1.30443628 -0.30068552  0.20575417	 0.14028579 -0.08633261  3.83269905	 0.00275314 -0.00977248  0.00202590	 0.00315800 -0.01120033  0.00270910	-0.00477620 -0.00022330 -0.99998857	0.35000000	0.00000000	0.00000000	0.42774647	-0.25971314	-0.67724103	0.68308985	-0.28991589	-0.56876504	-0.30412394	0.08974768	0.09178895	0.06411371	-0.05253249	0.44110724	0.69455969	0.39654359	0.15227856	-0.74530113	-0.19908828	-0.37713313	-0.03672635	2.47009802	-0.67820132	-0.24913627	0.25694937	0.63230914	
0.00848400	 -73.86109715   59.21705307 -993.66821254   64.70361966  -63.25177266  -10.31573240	 4.20194334 -3.21746552 -0.92486093  0.11645826  0.11378095  0.03539079	 -21.34022536  109.84703183  -37.45179477 -114.89707947  -33.70229092   95.51958513    3.42303471  -27.09709591  -28.08643197   15.66150390   -0.52476496   23.94313616	-0.00264802  0.00862970 -0.26806171  0.70990620 -0.43907467  0.00739204  0.00004247 -0.02819980 -0.34264711  0.82160365 -0.43777293  0.04869180	 0.02372454  0.04819571 -0.11301675  0.64788519 -0.53460883  0.13786881  0.01677678 -0.31517941 -0.67608762  1.22316429 -0.23143670  0.23036992	 0.00106375  0.07451861 -0.13160803  0.68782806 -0.54171512  0.12306822 -0.00001231 -0.30481932 -0.71212810  1.27258737 -0.25865531  0.22918010	 0.14523988 -0.08877886  3.82984810	 0.00849384 -0.00880225  0.00162420	 0.00663397 -0.00905611  0.00175389	-0.00485279 -0.00026915 -0.99998819	0.35000000	0.00000000	0.00000000	0.43500680	-0.27544773	-0.67742962	0.67460495	-0.32564807	-0.55708724	-0.33989254	0.11466738	0.09194525	0.05583810	-0.06514935	0.47154677	0.69970804	0.43472055	0.15285325	-0.73748642	-0.18671697	-0.34786543	-0.01741150	2.50322485	-0.69970536	-0.25746274	0.23844729	0.58459896	
0.00846100	  -67.69920675    51.64267695 -1001.30433889    65.06736870   -57.49966253   -10.89209666	 6.38216486 -2.89450718 -1.50544398  0.08146171  0.08255431  0.04742229	 -22.22927995  113.43657613  -35.79824491 -122.08514059  -24.55962637   90.01883924    0.94941008  -17.63112307  -27.15699673    7.96639337   -9.09985663   20.11881581	-0.00269045  0.00934134 -0.26923933  0.71590384 -0.44380916  0.00839721  0.00004447 -0.03087422 -0.34881362  0.83220788 -0.43970393  0.05071194	-0.03201676  0.09520285 -0.13735726  0.70873396 -0.59550502  0.12922611 -0.01522550 -0.31614397 -0.79292156  1.28778458 -0.22577011  0.20299281	-0.00620692  0.08672331 -0.13750093  0.70825803 -0.56092670  0.11140006  0.00109046 -0.31583598 -0.73375433  1.24965378 -0.23172126  0.22986859	 0.14972192 -0.09416434  3.82843309	 0.00452491 -0.00504206  0.00409913	 0.00593934 -0.00629066  0.00329469	-0.00491238 -0.00032856 -0.99998788	0.35000000	0.00000000	0.00000000	0.46552929	-0.26469097	-0.61665899	0.70287681	-0.31978816	-0.54971230	-0.31945217	0.08417608	0.11225347	0.01744123	-0.03498222	0.45481920	0.70518559	0.44053042	0.16874097	-0.71865690	-0.18145433	-0.36405355	-0.02077597	2.53441882	-0.71652162	-0.25813350	0.25171590	0.62573552	
0.00800500	  -64.93567036    55.16423949 -1021.23865372    66.44691111   -52.44747122    -8.89437640	 5.94166114 -2.59083094 -2.35907496  0.08528525  0.08332507  0.03033009	 -15.87737730  108.49078894  -32.88750555 -122.80222240  -18.99700150   95.40410793    4.44669768  -22.30058151  -24.40347611    3.71325100   -3.31760381   22.59648505	-0.00271212  0.01009067 -0.27026989  0.72146956 -0.44824757  0.00915147  0.00005158 -0.03344692 -0.35452266  0.84168158 -0.44134641  0.05250555	-0.01069973  0.07552802 -0.12313935  0.68002995 -0.58121428  0.08750014  0.03546553 -0.33883969 -0.69501310  1.17579992 -0.17382004  0.23230360	-0.00274447  0.09022198 -0.12632622  0.69432787 -0.55721664  0.09935261  0.00266478 -0.32621558 -0.71231525  1.17739187 -0.19890295  0.22709301	 0.15455928 -0.09689185  3.82897214	 0.00893593 -0.00520926  0.00199439	 0.00733626 -0.00511590  0.00266453	-0.00495166 -0.00037879 -0.99998767	0.35000000	0.00000000	0.00000000	0.43816286	-0.29015929	-0.59407890	0.73132581	-0.36480033	-0.55916870	-0.34085220	0.09485145	0.11295155	-0.00620780	-0.02071129	0.47527370	0.71424925	0.46229929	0.14264634	-0.74593544	-0.16080779	-0.34750390	0.00112903	2.56028390	-0.72822171	-0.28201991	0.26239926	0.60728598	
0.00803500	  -66.37408167    58.08093637 -1019.52163979    66.36077326   -50.92932271    -9.75306036	 6.67760143 -1.88256404 -1.94996813  0.05259155  0.10555509  0.02626076	 -20.28503019  110.77002096  -33.10807893 -118.86633837  -19.15266381   95.24518454    0.04814356  -16.69273096  -28.94378299    5.57233170   -5.11564010   21.27381295	-0.00273182  0.01082588 -0.27122558  0.72697754 -0.45268182  0.01011944  0.00003954 -0.03607674 -0.36015568  0.85055813 -0.44267069  0.05436023	-0.01069632  0.07383285 -0.10445270  0.70942164 -0.57031171  0.14310003 -0.01485714 -0.34943302 -0.70256493  1.11647829 -0.12957210  0.24961432	-0.00306952  0.09080045 -0.11940989  0.68562293 -0.55424150  0.12230093 -0.00184563 -0.32667325 -0.69791211  1.09777149 -0.15987702  0.22922608	 0.15861360 -0.10124885  3.82939202	 0.00703127 -0.00267490  0.00076842	 0.00779844 -0.00357513  0.00112234	-0.00498424 -0.00044608 -0.99998748	0.35000000	0.00000000	0.00000000	0.44119871	-0.29453918	-0.55351114	0.72885358	-0.38767651	-0.54826128	-0.33437485	0.08952162	0.12581892	-0.04658565	-0.03088641	0.47073162	0.73187816	0.47085154	0.13625005	-0.75560927	-0.17254415	-0.35333461	0.01060206	2.58236361	-0.73219526	-0.28279996	0.27354044	0.60485476	
0.00846500	  -65.54542457    52.38758105 -1015.22877153    66.01094999   -47.87219278   -10.24885026	 6.87429489 -2.45041248 -2.16398803  0.06700876  0.11333538  0.03544829	 -18.41183006  108.63763142  -29.77071860 -120.52120683  -15.05220214   91.59880209    3.47298773  -17.82510442  -29.59096754    5.02071822   -4.43250922   20.32106170	-0.00273945  0.01167677 -0.27217307  0.73277196 -0.45741190  0.01117576  0.00003863 -0.03886769 -0.36611751  0.85940603 -0.44377319  0.05612948	-0.01074851  0.13729947 -0.09699138  0.68085933 -0.58781221  0.09310511  0.00802382 -0.34036455 -0.72283219  1.05566192 -0.14754665  0.20805637	-0.00195896  0.10335196 -0.10929777  0.68324368 -0.56076121  0.11857215 -0.00146017 -0.33048091 -0.70463683  1.03900209 -0.12510017  0.20615759	 0.16296272 -0.10562378  3.82956417	 0.00747438 -0.00087838 -0.00008047	 0.00728645 -0.00141693  0.00015657	-0.00499823 -0.00050616 -0.99998738	0.35000000	0.00000000	0.00000000	0.42770413	-0.31822059	-0.51770014	0.76406479	-0.42152551	-0.55592406	-0.33415648	0.08024363	0.13329118	-0.07971653	0.01489899	0.48904699	0.73212796	0.48596194	0.13000455	-0.74314862	-0.15762815	-0.33857715	0.00157886	2.61264038	-0.71197563	-0.29848292	0.27771923	0.62981564	
0.00802900	  -65.48481388    62.52159241 -1022.10500141    66.63945655   -44.36106858   -10.02698835	 7.20576333 -1.33737874 -3.16780105  0.05191085  0.11384317  0.01646505	 -19.82777638  104.82946897  -30.51787502 -113.33437735  -13.52183506   99.13521588    0.69042350  -20.88188493  -28.75045061   -0.15709231    1.99897042   24.13142356	-0.00273067  0.01242431 -0.27301452  0.73821294 -0.46190950  0.01240661  0.00004476 -0.04156077 -0.37167695  0.86711601 -0.44437802  0.05779352	-0.00394748  0.08264764 -0.07639808  0.70972322 -0.59536941  0.19951356  0.02034008 -0.35807187 -0.70314035  0.95132551 -0.04905143  0.21284371	 0.00155458  0.09037473 -0.10410654  0.68294951 -0.56357983  0.16940810  0.00087083 -0.33656367 -0.69115896  0.94915260 -0.06805143  0.21527831	 0.16689130 -0.10822497  3.83023391	 0.01273932  0.00017950 -0.00031607	 0.01095847 -0.00016776 -0.00024251	-0.00500055 -0.00058624 -0.99998733	0.35000000	0.00000000	0.00000000	0.41769168	-0.34731486	-0.49040771	0.78312021	-0.46149099	-0.54097229	-0.35567844	0.09561467	0.14196287	-0.10180952	-0.00805050	0.50529003	0.74615604	0.50159919	0.11053719	-0.78581172	-0.14100820	-0.31452405	0.02634424	2.62606621	-0.73928106	-0.30435416	0.27154484	0.59119642	
0.00800900	  -59.52592108    52.51612660 -1006.53793338    65.41357397   -39.77679099    -9.69791680	 7.84159147 -1.00976400 -3.07478768  0.03297716  0.09813278  0.01758858	 -19.08265332  110.14310217  -29.19121527 -117.66791764   -7.50641730   88.54679430   -0.52565307  -16.34163791  -29.86228224    0.88765219   -3.32110146   22.51378295	-0.00274349  0.01315230 -0.27385383  0.74365816 -0.46643840  0.01388331  0.00004911 -0.04431725 -0.37712739  0.87409667 -0.44462782  0.05973947	-0.00355016  0.08205580 -0.09287107  0.69849980 -0.54634758  0.16730948  0.00133615 -0.34191884 -0.70412538  0.84386899 -0.01738396  0.25849482	-0.00114601  0.09466311 -0.10184182  0.67796873 -0.56269046  0.17258545  0.00108571 -0.34008427 -0.68026784  0.85995029 -0.02886113  0.24182527	 0.17005992 -0.11307336  3.83025386	 0.01020772  0.00393141 -0.00053835	 0.01119296  0.00265595 -0.00047053	-0.00498449 -0.00068179 -0.99998734	0.35000000	0.00000000	0.00000000	0.39528894	-0.33383247	-0.43357494	0.79728454	-0.46494377	-0.54185814	-0.33903468	0.05670359	0.16257210	-0.12371405	0.00157041	0.49412173	0.77191418	0.50752878	0.11460466	-0.75642210	-0.14055538	-0.31500143	0.03367665	2.63759017	-0.73154360	-0.30063155	0.29925257	0.59280676	
0.00847600	  -65.38878953    54.18933380 -1003.89704114    65.27645486   -41.90873304   -10.39763899	 7.62701247 -2.38615684 -2.81545661  0.06842882  0.08466495  0.03799569	 -18.48672656  107.11982584  -26.10322125 -117.22780854  -10.90057638   90.36145163    0.93793238  -18.26971465  -28.09159722    2.96636650    0.25870397   20.36098301	-0.00273055  0.01406483 -0.27459013  0.74927701 -0.47125956  0.01510877  0.00003537 -0.04725021 -0.38281222  0.88080191 -0.44475095  0.06174935	 0.01200519  0.08791711 -0.04990640  0.61188011 -0.53045186  0.12880277 -0.01606777 -0.35548261 -0.61780536  0.68234673 -0.02747617  0.18415620	 0.00183562  0.10689928 -0.08227127  0.65975863 -0.56850588  0.14040073 -0.00232521 -0.34737487 -0.66630151  0.77523396 -0.01520637  0.22897699	 0.17505728 -0.11763246  3.82943553	 0.01059044  0.00167446 -0.00084298	 0.01041367  0.00251143 -0.00074759	-0.00495758 -0.00076828 -0.99998742	0.35000000	0.00000000	0.00000000	0.36711794	-0.34647414	-0.41832504	0.80428857	-0.49533433	-0.54327327	-0.33086139	0.06920796	0.15606371	-0.15267053	0.01300781	0.49187383	0.77897137	0.52642190	0.08492453	-0.77270257	-0.13277116	-0.29160061	0.03358574	2.66545725	-0.70116907	-0.32811531	0.31307676	0.58302546	
0.00802100	 -63.45561625   55.92803776 -992.17301181   64.56243797  -38.83017472  -10.29772900	 7.84802806  0.25588555 -2.55282821 -0.00443413  0.09319723  0.00208556	 -20.08440186  104.84046245  -29.48556393 -110.36168793   -9.14103947   90.64731979    0.92290936  -14.78298533  -31.68419062    5.22731085    4.46992459   24.17041233	-0.00274476  0.01500504 -0.27521318  0.75454917 -0.47585360  0.01618174  0.00004217 -0.04998572 -0.38808680  0.88655522 -0.44479014  0.06364895	-0.00775509  0.13859670 -0.05557801  0.67472218 -0.59492227  0.13587644  0.01452918 -0.34396055 -0.65004193  0.67928805 -0.00653106  0.25291468	-0.00075818  0.11873711 -0.07542625  0.65879034 -0.57485825  0.13474011 -0.00046695 -0.34243823 -0.65604975  0.70769522 -0.00560819  0.24289509	 0.17834320 -0.12249788  3.82764708	 0.00864445  0.00419348 -0.00077882	 0.00935298  0.00327901 -0.00078910	-0.00493626 -0.00084633 -0.99998746	0.35000000	0.00000000	0.00000000	0.37713251	-0.37116295	-0.38692632	0.83391213	-0.53928035	-0.51624078	-0.34233198	0.05520547	0.17738891	-0.17839089	0.03142954	0.51969820	0.78799629	0.54763126	0.10802588	-0.76770520	-0.13814923	-0.29776007	0.05366260	2.66862249	-0.70131713	-0.33014688	0.30344695	0.58561128	
0.00801000	  -58.21309268    56.43599157 -1011.31951658    65.83467240   -31.77360167    -9.69783897	 8.68971743 -1.77691068 -3.64413671  0.05171686  0.07886953  0.03385265	 -18.64043215  101.86575794  -26.62631246 -113.33751243    0.21961286   92.85484302   -1.03029372  -18.30542272  -29.11111080   -2.37023469    6.26217902   20.96358484	-0.00273477  0.01595145 -0.27583908  0.75985059 -0.48050030  0.01736071  0.00004208 -0.05271572 -0.39331648  0.89168792 -0.44479681  0.06569334	 0.00675013  0.11485814 -0.08091651  0.63037766 -0.54865484  0.16874198  0.01304288 -0.32767675 -0.60914065  0.56534831 -0.00439520  0.24606327	 0.00058932  0.11621105 -0.07639763  0.65821226 -0.57824216  0.15268730  0.00038290 -0.34142919 -0.64549755  0.62400230 -0.00045793  0.25092735	 0.18160318 -0.12573871  3.82788094	 0.01363449  0.00558109 -0.00087689	 0.01189106  0.00516021 -0.00084554	-0.00489587 -0.00093307 -0.99998758	0.35000000	0.00000000	0.00000000	0.36903626	-0.38133284	-0.35282254	0.85525078	-0.54918557	-0.50312579	-0.34269813	0.05892402	0.16240096	-0.19739026	0.03624178	0.51482284	0.79698914	0.56121063	0.07504946	-0.78492254	-0.10221253	-0.26920408	0.05577347	2.66888499	-0.71430421	-0.33654076	0.32394460	0.58548945	
0.00845300	 -64.50736313   59.31964584 -986.36151495   64.18017726  -35.38565611  -10.30888014	 8.83124674 -2.46856414 -4.18223667  0.07498693  0.07626508  0.04417008	 -19.52731459  106.50866437  -25.23815960 -110.38176453   -6.38126001   89.49341846   -1.16536497  -18.64491731  -28.96611152   -2.81750271    9.13288511   20.54563671	-0.00273463  0.01695438 -0.27642601  0.76543349 -0.48546434  0.01872377  0.00004020 -0.05567318 -0.39867479  0.89627038 -0.44481925  0.06765933	 0.02720297  0.10772547 -0.08413127  0.64103508 -0.60325548  0.15773253 -0.01041892 -0.38661247 -0.62179000  0.50258972 -0.01138615  0.20882802	 0.00126800  0.12158973 -0.06971281  0.66109000 -0.59259305  0.15921282 -0.00076744 -0.35248502 -0.63104525  0.52777500 -0.00314819  0.22749162	 0.18610046 -0.13052859  3.82606483	 0.01292551  0.00424212 -0.00092969	 0.01330204  0.00471765 -0.00090853	-0.00485301 -0.00104966 -0.99998767	0.35000000	0.00000000	0.00000000	0.39088696	-0.36329439	-0.33705780	0.86917776	-0.56495106	-0.48735753	-0.33648875	0.05948853	0.17530899	-0.21667421	0.04955249	0.50771248	0.80521113	0.59210759	0.09201247	-0.76879245	-0.09437271	-0.24435061	0.05773173	2.68436098	-0.72113848	-0.34672031	0.32622558	0.54387182	
0.00801600	  -56.77157540    52.67115799 -1002.22728052    65.16347174   -29.92492537    -9.89197546	 8.14656252 -0.11002761 -4.13363960 -0.00561423  0.06388516  0.01608052	 -21.05039732  101.85385180  -27.79049220 -115.93844450    1.88154181   88.29398322   -0.32747617  -11.75816283  -27.30009530   -2.96013185   11.35125956   21.62540200	-0.00273658  0.01798309 -0.27686442  0.77065772 -0.49019856  0.01990397  0.00005025 -0.05839390 -0.40350626  0.89971738 -0.44478074  0.06935054	 0.01423314  0.13459548 -0.04961490  0.66328735 -0.64836489  0.16120757  0.01999199 -0.35010609 -0.63161181  0.39319973  0.02693244  0.20194556	 0.00098665  0.12926609 -0.05269660  0.64881899 -0.59328413  0.14420365  0.00241578 -0.34029048 -0.60056764  0.41846330  0.00692433  0.20873373	 0.18972630 -0.13567657  3.82578510	 0.01155653  0.00525427 -0.00001401	 0.01199280  0.00482251 -0.00033875	-0.00481683 -0.00114699 -0.99998774	0.35000000	0.00000000	0.00000000	0.37535271	-0.37543997	-0.30126041	0.91455948	-0.59766030	-0.47432485	-0.33902827	0.02838431	0.20725803	-0.23761445	0.07277968	0.53454846	0.82435375	0.58830398	0.08548678	-0.77164525	-0.08007231	-0.24785107	0.08048388	2.69274998	-0.70541221	-0.35521534	0.32770863	0.55622160	
0.00848500	  -47.06614683    54.51161174 -1004.23649238    65.32671666   -21.32604172    -7.73964357	 6.77049479 -0.21442756 -4.67100381  0.00568755  0.05251848  0.01031935	 -18.59758950  100.30199409  -29.15782142 -112.28613064    9.15612752   89.44363987   -2.27140510  -15.15150893  -24.76090704   -3.77170333   16.59940226   22.49929512	-0.00274603  0.01916642 -0.27726584  0.77606436 -0.49515258  0.02101101  0.00003397 -0.06122803 -0.40842417  0.90240356 -0.44449397  0.07113492	 0.01127605  0.14314418 -0.04333055  0.63856351 -0.58064808  0.12818928 -0.02881868 -0.31483869 -0.58365765  0.28332780  0.08968146  0.21315703	-0.00012812  0.13998247 -0.04470308  0.63859489 -0.58695939  0.13085533 -0.00372060 -0.33533625 -0.57951593  0.30004281  0.04516688  0.21186224	 0.19255870 -0.14006658  3.82608427	 0.01433442  0.00774631 -0.00020551	 0.01341279  0.00695209 -0.00013663	-0.00476139 -0.00125577 -0.99998788	0.35000000	0.00000000	0.00000000	0.33926979	-0.40025949	-0.25925821	0.92864066	-0.61925465	-0.46570259	-0.33270112	0.02361700	0.19347660	-0.27014500	0.08486597	0.52754664	0.83679515	0.61619776	0.05375676	-0.80003631	-0.08297143	-0.22358370	0.09525358	2.69218087	-0.69743979	-0.36490503	0.34707689	0.57155764	
0.00805000	 -52.92432238   61.23748763 -994.04726540   64.71579168  -23.19393815   -8.24689309	 6.77504864 -1.37683309 -4.99207404  0.04358311  0.05700001  0.02541589	 -18.20649395  102.87070036  -26.28722835 -109.21521142    4.71073300   90.41945243    1.12351520  -17.29551595  -24.19480475   -4.93760832   16.89127716   21.44614568	-0.00275524  0.02030326 -0.27756795  0.78107174 -0.49982722  0.02209778  0.00004961 -0.06390781 -0.41274467  0.90393922 -0.44383318  0.07284772	-0.02880904  0.12921061 -0.03373506  0.59685608 -0.62089165  0.14344033 -0.00060969 -0.36341909 -0.50111421  0.11569334  0.12997446  0.23150467	-0.00236893  0.14097247 -0.03730701  0.62043109 -0.58343429  0.13829876  0.00150649 -0.33423290 -0.53155113  0.17394468  0.09113918  0.21294422	 0.19635159 -0.14446971  3.82521851	 0.01522598  0.00584677 -0.00040041	 0.01498734  0.00655298 -0.00034616	-0.00470514 -0.00137550 -0.99998798	0.35000000	0.00000000	0.00000000	0.33598357	-0.39359713	-0.23110673	0.92608035	-0.65127355	-0.45271680	-0.32921356	0.03739882	0.19467925	-0.30076763	0.08144180	0.51499891	0.86032820	0.64382583	0.05314535	-0.81550664	-0.07001225	-0.21055916	0.10467994	2.70005584	-0.69810158	-0.37632546	0.36269975	0.52591908	
0.00846300	 -44.32173528   55.88767054 -991.54946160   64.48358303  -16.91480284   -7.09473742	 4.64831773 -0.32140909 -2.93210986 -0.00372643  0.05049645  0.01055625	 -15.60836273  100.77924943  -29.88576100 -108.71226281   11.33824897   86.94933820   -1.38719072  -11.44726858  -25.31715499   -1.03197377   17.26555082   20.36177704	-0.00274552  0.02156488 -0.27780908  0.78639863 -0.50484584  0.02325526  0.00003965 -0.06666305 -0.41710745  0.90467012 -0.44267930  0.07447462	 0.02791584  0.16692767 -0.02374169  0.62776659 -0.62205196  0.12189549 -0.00576680 -0.30880691 -0.51911988  0.06746408  0.16206046  0.17011894	 0.00253223  0.15204453 -0.02894570  0.62713903 -0.59502908  0.13231739 -0.00147470 -0.32256214 -0.51447173  0.07591028  0.14425350  0.18519216	 0.19911551 -0.15018078  3.82350241	 0.01372566  0.00700747 -0.00074139	 0.01423554  0.00660011 -0.00064238	-0.00465249 -0.00149952 -0.99998805	0.35000000	0.00000000	0.00000000	0.32307893	-0.40143928	-0.20470142	0.97040910	-0.67457545	-0.43822604	-0.33277610	0.00831193	0.20833610	-0.33102793	0.11192575	0.53953701	0.87100744	0.63963556	0.05101988	-0.79793847	-0.05427480	-0.20632528	0.11347044	2.70651674	-0.66663557	-0.38053572	0.36641791	0.54667324	
0.00853900	 -41.86583889   60.77757180 -998.90016985   65.03373205  -12.92238594   -7.76589766	 2.29674734  0.43993415 -2.05411504 -0.00639000  0.04081271 -0.00435203	 -19.86425640   98.80246949  -28.50263426 -107.52213627   14.25293072   90.31286037   -1.11600911  -16.88356638  -21.24658990   -6.91613501   21.57059768   24.24676719	-0.00276214  0.02289712 -0.27799169  0.79172642 -0.50990160  0.02433621  0.00004652 -0.06936282 -0.42136443  0.90492666 -0.44097635  0.07606265	 0.00910844  0.14931543  0.00117595  0.58522202 -0.53387215  0.12664384  0.02020420 -0.28688272 -0.47117291  0.02113439  0.21784016  0.20851872	-0.00037598  0.15233673 -0.01831282  0.62100307 -0.59009444  0.13122732  0.00084002 -0.31463193 -0.49561508  0.02438000  0.21270188  0.19506328	 0.20272560 -0.15483389  3.82125942	0.01840072 0.00271990 0.00304112	0.01677047 0.00420554 0.00175635	-0.00460839 -0.00163261 -0.99998805	0.35000000	0.00000000	0.00000000	0.30402219	-0.41989720	-0.17698434	0.98619628	-0.68504089	-0.42561123	-0.34973639	0.01346627	0.18934818	-0.33568889	0.09463271	0.52840835	0.87708300	0.66940135	0.05079126	-0.82113582	-0.03004885	-0.16773754	0.12781419	2.70615196	-0.66381913	-0.38845912	0.36845970	0.53390306	
0.00848100	 -50.44257357   63.23057542 -975.86102907   63.50291592  -18.93987513   -7.04762024	 3.89793509 -1.18196528 -2.45878157  0.02926590  0.04759016  0.01623888	 -17.87295613  103.29334784  -28.31077936 -106.45459673    6.23433179   86.87491274   -1.96140618  -14.74328607  -24.90932369   -9.51896890   16.62573275   20.05287972	-0.00280192  0.02425880 -0.27810367  0.79710014 -0.51506654  0.02548582  0.00005042 -0.07204322 -0.42549845  0.90474868 -0.43871210  0.07773330	-0.01947502  0.17673500  0.01311359  0.64453352 -0.60958652  0.12736423  0.00035000 -0.33633581 -0.47065882 -0.07032482  0.29891536  0.17372312	-0.00406970  0.16140863 -0.01032175  0.63349828 -0.61062250  0.13188841  0.00184311 -0.31262008 -0.48378071 -0.02914229  0.27575020  0.18889321	 0.20681201 -0.16078173  3.81734705	 0.01578390 -0.00037582  0.00138701	0.01677854 0.00057810 0.00191144	-0.00460009 -0.00178176 -0.99998783	0.35000000	0.00000000	0.00000000	0.32221937	-0.39768198	-0.13101932	0.98455161	-0.70018458	-0.40817606	-0.33180165	0.01574511	0.21791930	-0.39110270	0.11160956	0.51963913	0.90027881	0.68655181	0.06600462	-0.81624246	-0.02788053	-0.17466532	0.11742412	2.71536851	-0.65512449	-0.39763632	0.37654436	0.50220221	
0.00848300	 -38.49179698   57.55541107 -996.17224109   64.78266382   -9.79376261   -5.75260652	 3.43759747  1.21717537 -2.27859010 -0.03909781  0.03050565 -0.01679529	 -16.20176007   97.43648458  -31.42893992 -110.92634776   18.84397405   86.68073571   -0.71246571  -12.29683474  -23.57217277   -9.40309456   17.13127510   23.41956067	-0.00282084  0.02574111 -0.27817348  0.80252301 -0.52035118  0.02645535  0.00004045 -0.07461138 -0.42957790  0.90414397 -0.43605314  0.07925065	-0.01064590  0.17562789 -0.02659397  0.64400612 -0.61751445  0.10589092 -0.01804452 -0.29756795 -0.49454200 -0.10574156  0.33700383  0.18209830	-0.00427428  0.17443282 -0.00783299  0.63759686 -0.62069114  0.11132455 -0.00253553 -0.30181197 -0.48104055 -0.08141957  0.32190831  0.18339758	 0.20947641 -0.16615851  3.81546796	0.01739005 0.00132213 0.00023570	0.01670520 0.00056279 0.00054423	-0.00459982 -0.00191902 -0.99998758	0.35000000	0.00000000	0.00000000	0.30805710	-0.40164691	-0.09504297	1.01424694	-0.70463622	-0.39750776	-0.34533310	-0.01423522	0.22072570	-0.40409705	0.13550848	0.53339761	0.91043442	0.70567954	0.06637732	-0.82313663	-0.01420941	-0.17971845	0.14246671	2.70333099	-0.65665191	-0.40405956	0.39009380	0.50973749	
0.00803000	 -32.73246710   61.75557034 -994.06690981   64.67545510   -8.08024162   -4.09637703	 2.53268269  0.52481153 -3.40036856 -0.02072495 -0.01898241 -0.00489739	 -16.09401704   99.75655842  -30.06785171 -111.98253554   18.02594595   87.25964546    1.39576071  -12.29967299  -17.40861778  -13.60638779   18.37715086   21.84991023	-0.00282053  0.02721755 -0.27820372  0.80756415 -0.52530684  0.02723838  0.00005072 -0.07694094 -0.43326741  0.90304154 -0.43312675  0.08080551	-0.01274784  0.14543335 -0.00749707  0.57596997 -0.57774494  0.08691950  0.03106413 -0.23450917 -0.41748986 -0.15772042  0.36303652  0.17791767	-0.00210872  0.18168209 -0.00577524  0.62536707 -0.61442854  0.09349885  0.00239288 -0.28453413 -0.45426062 -0.14767162  0.36822294  0.19185318	 0.21171080 -0.17185266  3.81438537	0.01654485 0.00436533 0.00000668	0.01690526 0.00334102 0.00006924	-0.00457664 -0.00205646 -0.99998741	0.35000000	0.00000000	0.00000000	0.29292083	-0.39369330	-0.08307190	1.03816438	-0.70608437	-0.37263969	-0.33549953	-0.01958851	0.20268480	-0.42233735	0.12379144	0.50746167	0.91314757	0.71937829	0.06713540	-0.81690007	0.01344123	-0.15610248	0.15465347	2.70447898	-0.63483912	-0.41302082	0.39168176	0.49813846	
0.00848000	 -35.18860271   64.89804311 -984.92762610   64.07833847   -8.95953817   -4.25242403	 2.83679241 -1.02619052 -3.22974629  0.02290174 -0.02335200  0.01978912	 -16.06230807  102.33604383  -29.22658429 -110.92240307   16.18072620   86.03101194   -0.77555120  -14.10204637  -18.65992485  -12.34568415   15.60616618   19.80309880	-0.00282856  0.02893211 -0.27820653  0.81291519 -0.53059975  0.02791437  0.00004567 -0.07929905 -0.43696094  0.90116038 -0.42957938  0.08226705	-0.02684261  0.21966502 -0.01856922  0.58740372 -0.56423098  0.05960737  0.00967704 -0.24236165 -0.40387921 -0.22917324  0.40998319  0.15120820	-0.00339586  0.20438694 -0.00161831  0.62616808 -0.61895379  0.07162412  0.00088555 -0.27145742 -0.42834956 -0.23083282  0.41990627  0.16504286	 0.21413775 -0.17861979  3.81239068	 0.01337960  0.00775389 -0.00013714	 0.01441634  0.00673068 -0.00009836	-0.00452395 -0.00218406 -0.99998738	0.35000000	0.00000000	0.00000000	0.29658651	-0.39240092	-0.04146648	1.04755247	-0.71810591	-0.35868397	-0.31287855	-0.02096530	0.20794322	-0.47013870	0.15658490	0.49409592	0.92390072	0.73607671	0.06792562	-0.82285523	0.02018966	-0.16494170	0.15199883	2.70068359	-0.61385417	-0.42293066	0.40023834	0.50155640	
0.00854000	 -37.34492900   69.36986219 -982.30644413   64.00352955   -9.40737515   -4.18142077	 3.04639349 -0.62396424 -4.28620021  0.02396236 -0.03605965  0.01202601	 -15.26962465   96.71532607  -28.45433056 -110.13851121   15.31172258   89.45375192    0.81472796  -17.18986446  -16.13304129  -17.50057152   16.55396774   22.33049962	-0.00283018  0.03070972 -0.27820505  0.81831794 -0.53600837  0.02856465  0.00004885 -0.08156043 -0.44038307  0.89850769 -0.42568661  0.08348457	 0.00790932  0.17219743  0.00945506  0.56396432 -0.59199929  0.07438264  0.00322535 -0.21792363 -0.33908614 -0.32964867  0.40106268  0.14363956	-0.00115054  0.20538644  0.00097711  0.62860932 -0.63074122  0.08241808  0.00072469 -0.26072431 -0.38826286 -0.32588514  0.45687943  0.14450610	 0.21711302 -0.18385838  3.81030816	 0.01616303  0.00959298 -0.00010197	 0.01511938  0.00908663 -0.00011411	-0.00444860 -0.00230570 -0.99998745	0.35000000	0.00000000	0.00000000	0.29239732	-0.40255097	-0.02207641	1.06711185	-0.72704637	-0.33737934	-0.32281286	-0.01439928	0.19529979	-0.47392222	0.15572605	0.49043930	0.92123204	0.76229542	0.06710898	-0.83882338	0.04521415	-0.15464294	0.15899688	2.69185281	-0.60968179	-0.43453822	0.40425789	0.46646547	
0.00844200	 -30.97679648   64.23196445 -985.80474383   64.11217742   -3.85600196   -5.10747528	 2.08220164 -0.33139064 -3.97681409  0.00079597 -0.03456176  0.01723640	 -18.26474637  100.52566648  -28.77652963 -112.07190269   22.25220975   84.17072177    1.63915028  -11.72604665  -15.92114067  -15.22537071   19.29186854   20.12880170	-0.00285437  0.03256558 -0.27821041  0.82373050 -0.54145188  0.02922352  0.00005220 -0.08373355 -0.44345755  0.89498369 -0.42132619  0.08459656	-0.01762634  0.20335411 -0.00055237  0.59270038 -0.60168332  0.08219459  0.02669749 -0.22083647 -0.33796355 -0.45853363  0.49603646  0.12933218	-0.00558395  0.22183666  0.00012811  0.63661310 -0.64017350  0.07051588  0.00279227 -0.24999746 -0.35513475 -0.43416289  0.52288024  0.12452120	 0.21922668 -0.19149816  3.80869544	0.01265397 0.01373131 0.00502083	0.01388403 0.01240691 0.00336530	-0.00434970 -0.00243100 -0.99998759	0.35000000	0.00000000	0.00000000	0.28282794	-0.37707958	0.02194621	1.08050191	-0.74816418	-0.30989847	-0.31112549	-0.04223862	0.22183369	-0.50130457	0.18003862	0.49577141	0.95475423	0.76015723	0.07159583	-0.83767790	0.05871958	-0.15786433	0.19034165	2.68366051	-0.59928608	-0.43349174	0.41621464	0.46784052	
0.00802600	 -24.29880765   63.24763313 -981.00495787   63.81169692   -0.27357462   -1.91060847	 1.34122684  0.41980470 -4.36265450 -0.01462326 -0.08372180 -0.00080194	 -14.36822687   95.20254016  -28.58997518 -112.02118149   24.47745918   84.58221877    0.95400078  -13.18796697  -11.37765940  -15.58581076   17.24277981   22.07312971	-0.00291149  0.03447788 -0.27820232  0.82882143 -0.54658812  0.02951191  0.00004579 -0.08565439 -0.44603936  0.89086072 -0.41674866  0.08544671	-0.02374958  0.26688978  0.01618470  0.65089126 -0.64548561  0.03153552  0.01214445 -0.26518652 -0.30703120 -0.60146056  0.59276988  0.12234405	-0.00871232  0.24083219  0.00348785  0.63340884 -0.63745361  0.03294426  0.00099136 -0.23737775 -0.31452706 -0.53014280  0.57545533  0.10906254	 0.22088137 -0.19747389  3.80709738	0.01370851 0.01813367 0.00620341	0.01329404 0.01666884 0.00587754	-0.00422148 -0.00253399 -0.99998788	0.35000000	0.00000000	0.00000000	0.27102083	-0.39802372	0.07847206	1.10452044	-0.78254282	-0.30494145	-0.30500123	-0.04221430	0.24523808	-0.53311926	0.23244870	0.51034027	0.98025578	0.78317273	0.07148354	-0.87634605	0.06762488	-0.17464170	0.20466478	2.68359447	-0.58397800	-0.45276996	0.43084928	0.45915410	
0.00845600	 -16.51476060   64.10414049 -987.98346047   64.31590160    7.77148988   -1.52699922	 0.50242427  3.01823603 -4.86139884 -0.09259221 -0.09537986 -0.03760481	 -14.53252776   89.05607820  -30.36676797 -110.16397947   32.53561834   87.20949090    2.26599333   -8.38370442   -8.83290713  -17.47796166   20.82895593   24.54341280	-0.00297894  0.03654787 -0.27821222  0.83418981 -0.55204454  0.02980057  0.00003891 -0.08759230 -0.44834281  0.88553399 -0.41140037  0.08648171	-0.02532101  0.23424413  0.00097294  0.67903390 -0.69176574  0.03440958 -0.00326092 -0.26527334 -0.24351547 -0.71132478  0.67578015  0.14067684	-0.01000959  0.24605704  0.00022763  0.63788972 -0.64715040  0.03897577 -0.00145155 -0.23110588 -0.26303649 -0.65588224  0.64683704  0.13329899	 0.22215261 -0.20356131  3.80610901	0.01660224 0.02237199 0.00910823	0.01565624 0.02105598 0.00811140	-0.00404803 -0.00266233 -0.99998826	0.35000000	0.00000000	0.00000000	0.26042488	-0.40038228	0.11920118	1.11719382	-0.80970889	-0.27082482	-0.31795678	-0.05030418	0.24670808	-0.54250109	0.24681172	0.51868916	1.00401270	0.80887854	0.07466701	-0.91027373	0.07636479	-0.18222377	0.24439804	2.66489220	-0.58846974	-0.46090952	0.45004350	0.43998343	
0.00803400	   -5.04302620    59.45735728 -1005.42901950    65.38240347    16.21818628     0.20429676	-0.30087507  3.92776501 -4.43815257 -0.13623369 -0.12793038 -0.04593415	 -13.16379818   90.00390291  -28.24083687 -113.07281306   40.95557150   83.25482953    4.77550881   -2.54393464   -6.13028263  -15.87311784   19.25074607   22.76855558	-0.00306588  0.03856397 -0.27822216  0.83915509 -0.55708579  0.03008891  0.00004520 -0.08923080 -0.45006422  0.87956777 -0.40580768  0.08768931	 0.01783811  0.29649503 -0.00166667  0.64797442 -0.64758945  0.02230819 -0.01352418 -0.20016970 -0.19189709 -0.85441918  0.77302397  0.15451915	-0.00956044  0.25803055 -0.00235306  0.62040320 -0.62985364  0.02988994 -0.00003386 -0.20266948 -0.20661936 -0.76600044  0.70902593  0.14975607	 0.22222974 -0.21068063  3.80700605	0.01577471 0.02865278 0.01246616	0.01614215 0.02649719 0.01133942	-0.00384412 -0.00279352 -0.99998871	0.35000000	0.00000000	0.00000000	0.22789460	-0.40387139	0.16982517	1.14933884	-0.83596802	-0.25043917	-0.29701406	-0.07218870	0.25401425	-0.57716519	0.28660381	0.52561963	1.03201377	0.79622948	0.08165123	-0.92003477	0.09644900	-0.19574666	0.27050456	2.64992404	-0.54991388	-0.45602357	0.46553999	0.46374202	
0.00852300	 -23.01455178   82.65656152 -795.69852200   52.24330951    3.02209837   -8.64526634	 376.32797282 -216.61458252 -708.34520078   31.60446392  106.09567476   -8.35553782	 -16.25187715   85.01698351  -26.82200799 -105.33693889   35.31934565   86.31431746    4.88768360  -10.99568889   -1.70158364  -19.00234942   20.23579967   23.27401447	-0.00320744  0.04076118 -0.27824896  0.84423136 -0.56230822  0.03057222  0.00006635 -0.09057518 -0.45127917  0.87265061 -0.39976895  0.08912901	 0.00552178  0.25410630 -0.01460173  0.48286512 -0.51664271  0.14754135  0.01381988 -0.03420001 -0.06021435 -0.59677248  0.49117137  0.18149582	-0.01387468  0.25840690 -0.00776543  0.57345106 -0.59570109  0.08198724  0.00469222 -0.12742580 -0.12054688 -0.76484530  0.65836550  0.17629382	 0.21241586 -0.21327586  3.83388385	-0.00379212  0.07589865  0.01535779	0.00942164 0.05019557 0.01644512	-0.00350847 -0.00290993 -0.99998961	0.35000000	0.00000000	0.00000000	0.25105101	-0.43210825	0.15503293	1.12285852	-0.78037691	-0.18772849	-0.29194406	-0.05189990	0.12587629	-0.53373086	0.24511662	0.44082680	0.95895422	0.86322594	0.09847385	-0.87473041	0.12707502	-0.15871194	0.24873514	2.57390022	-0.51089507	-0.44950262	0.44362277	0.49004900	
0.00850700	 -40.65644633   84.81814352 -688.81550520   45.14551362   -8.54458903  -13.31268593	 372.99082555 -247.70911714 -821.02831806   47.16775763  123.57561863  -10.04949694	 -17.65782362   91.64551306   -1.21467747 -102.27452919   26.04461186   75.60616410    5.59959076  -21.78666395   -3.37214077  -23.45047966   22.17814068   15.20425451	-0.00329917  0.04310625 -0.27842493  0.84757256 -0.56644583  0.03240122  0.00012775 -0.08978274 -0.45155496  0.86909170 -0.39773362  0.09041102	-0.02681184  0.26827708 -0.01069380  0.26989105 -0.37675875  0.21240720  0.01539442  0.17796618  0.00377912 -0.23363349  0.02357191  0.07665789	-0.01003847  0.27895334 -0.01406764  0.35329140 -0.46017390  0.22548125  0.00655356  0.12756890 -0.01663468 -0.35820809  0.15665871  0.12663538	 0.18688599 -0.21029457  3.89062149	-0.04923477  0.14090239  0.00993175	-0.03849514  0.12299782  0.01092452	-0.00253793 -0.00263579 -0.99999331	0.35000000	0.00000000	0.00000000	0.29764962	-0.42239341	0.14081305	1.07972550	-0.66271955	-0.09916852	-0.23311450	-0.02615424	-0.02817138	-0.47994128	0.27463880	0.29496023	0.83987731	0.90941632	0.13020988	-0.73812568	0.15635276	-0.12836187	0.19963299	2.51571298	-0.46415943	-0.42142922	0.41382033	0.56722629	
0.00846200	 -63.30599275   81.18816323 -649.56558136   42.47135268   -8.79619285  -12.30291870	 249.11438117 -187.91064524 -620.65787809   39.68532562   93.23271886  -12.06337189	-20.44964617  86.41110897  30.22092218 -93.13554940  22.10383178  70.63716149   5.46659444 -44.35619855  -4.24886171 -24.91531372  28.16727510  13.45856836	-0.00331234  0.04537971 -0.27818163  0.84916935 -0.56957022  0.03479446  0.00042289 -0.08789111 -0.45097444  0.86766973 -0.39914331  0.09094239	 0.02464657  0.25878546  0.04208474  0.13708561 -0.35428820  0.32662352  0.04986630  0.25721857  0.14451722 -0.11305081 -0.31293622  0.04784255	-0.00098765  0.26240106  0.04487944  0.16563397 -0.35804451  0.28988378  0.04215448  0.22881858  0.08797037 -0.14760620 -0.21048805  0.05726996	 0.17278340 -0.20305799  3.91469097	-0.03780481  0.12506230  0.00739247	-0.04130575  0.13192266  0.00819040	-0.00136785 -0.00225672 -0.99999652	0.35000000	0.00000000	0.00000000	0.31351268	-0.46152231	0.14059898	1.04611409	-0.62139523	-0.03235105	-0.20842101	0.04882529	-0.09857113	-0.39480942	0.33277163	0.25406179	0.77735049	0.93915552	0.12374017	-0.67139626	0.23210719	-0.11409344	0.18868284	2.51191711	-0.47678894	-0.39870876	0.39977947	0.55817246	
0.00801300	 -73.06596269   72.52875843 -620.22531760   40.32748095   -8.16474552  -15.22229478	 191.36872392 -156.23290926 -511.04119129   32.82040504   76.62944544  -11.18305647	-28.13047130  90.58412361  32.27698917 -83.05783555  21.49125060  61.48720336   1.50785207 -48.61456478 -18.60251338 -38.54525986  33.64621603   9.54626665	-0.00337410  0.04735106 -0.27733244  0.84962069 -0.57189545  0.03696729  0.00085039 -0.08594786 -0.44974936  0.86713287 -0.40225189  0.09113282	-0.02298690  0.23686503  0.14123705  0.00702167 -0.29158812  0.24484105  0.05603627  0.24054431  0.17792233 -0.01342163 -0.48420229 -0.00300784	-0.00992543  0.24615499  0.11082877  0.04510384 -0.28364307  0.25544007  0.05376491  0.24190856  0.15794348 -0.05913992 -0.40728704  0.02244254	 0.16240321 -0.19798433  3.92393159	-0.02745191  0.11265599  0.01580454	-0.03095345  0.11635933  0.01272900	-0.00042850 -0.00199828 -0.99999791	0.35000000	0.00000000	0.00000000	0.34592152	-0.44186646	0.16780698	1.01149940	-0.57706803	-0.00356920	-0.22364180	0.06552880	-0.15447624	-0.34803772	0.33136451	0.22369391	0.73332268	0.98084849	0.11869840	-0.58362341	0.25009915	-0.05799469	0.14386097	2.49975920	-0.45647502	-0.39785063	0.40786448	0.57546586	
0.00850500	 -85.20913173   69.12637181 -642.09277091   41.68474666   -7.78758787  -13.33808750	 154.99554218 -130.26373849 -424.46484180   27.18846952   63.61530684   -9.73146479	-24.18055107  89.38424397  39.12390505 -78.56258860  22.27898186  61.31081146   1.57355367 -44.95044804 -25.26059982 -37.25026301  34.29256091   7.19375131	-0.00347152  0.04943552 -0.27602743  0.84926079 -0.57384786  0.03850531  0.00126151 -0.08385401 -0.44810176  0.86689288 -0.40652063  0.09121634	-0.04292776  0.23461486  0.18778883 -0.08743778 -0.16679841  0.11792480  0.03083157  0.24486049  0.20250570 -0.01265613 -0.51287880  0.01071427	-0.01445784  0.24351904  0.16137536 -0.05456952 -0.21897601  0.16146608  0.04574504  0.24447560  0.19606566 -0.02396952 -0.51126620  0.00749211	 0.15506138 -0.19281483  3.92790934	-0.01540075  0.10111010  0.01549098	-0.01934969  0.10482827  0.01571017	 0.00047823 -0.00181713 -0.99999823	0.35000000	0.00000000	0.00000000	0.34761426	-0.43813264	0.18426985	1.00551581	-0.55287808	0.00327187	-0.23155464	0.08061846	-0.16842645	-0.34331927	0.36259091	0.21031865	0.72472572	0.99832189	0.11552615	-0.56240106	0.25032273	-0.06217678	0.13948365	2.53231454	-0.43260172	-0.41124472	0.43563771	0.59721559	
0.00800300	 -99.29895333   79.71518543 -650.29480898   42.38094460  -14.84316023  -13.87479659	 136.41397255 -117.18349180 -376.18449852   24.02170192   56.33126748   -9.00565891	-24.16501477  90.63930535  39.81615816 -74.45366338  12.58585236  66.80201423   1.63317391 -43.00384486 -27.26685429 -36.70974505  33.42982274   4.50704926	-0.00352934  0.05136241 -0.27446028  0.84841529 -0.57541757  0.03938843  0.00160813 -0.08196612 -0.44637772  0.86679526 -0.41094098  0.09125407	 0.01766622  0.22943208  0.19991316 -0.09183883 -0.19296409  0.10326343  0.06473266  0.24066032  0.23153045 -0.00105692 -0.58379562  0.00925142	-0.00594838  0.23794260  0.20017441 -0.10774181 -0.19364827  0.10921834  0.04223988  0.23478420  0.21872755 -0.01066950 -0.55537618  0.00377397	 0.15146217 -0.18873146  3.92770023	-0.00642533  0.08740961  0.01206125	-0.00939995  0.09202006  0.01318739	 0.00123022 -0.00173350 -0.99999774	0.35000000	0.00000000	0.00000000	0.38312989	-0.44684991	0.16267547	1.01988530	-0.55704141	0.03625092	-0.23949908	0.10506107	-0.15236923	-0.35491347	0.37438136	0.22004822	0.70270580	0.98369342	0.12890664	-0.53776348	0.28202114	-0.07084726	0.13197713	2.54880571	-0.42028829	-0.41835770	0.41673779	0.57194132	
0.00800400	-100.75159787   78.83907893 -681.01230241   44.36227956  -13.03786110  -18.51950564	 126.61851497 -111.24749179 -355.61063871   22.69908683   53.35376524   -8.74150748	-30.35641873  90.79326940  38.10432485 -78.22549805  17.85678510  66.66230077  -2.55424001 -43.02625704 -29.73236917 -40.05293435  37.25123155   1.52726682	-0.00361904  0.05321956 -0.27263373  0.84722025 -0.57682001  0.03996069  0.00181605 -0.08014524 -0.44451235  0.86675279 -0.41546229  0.09127587	 0.00082981  0.25224978  0.24644597 -0.19271667 -0.17667512  0.05114176  0.00898917  0.20200316  0.27372693 -0.02014907 -0.57160677  0.01616630	-0.01129066  0.23118631  0.22910014 -0.15507591 -0.17130319  0.06548766  0.02360121  0.22189608  0.23440060 -0.00648858 -0.55870267  0.00314353	 0.14840126 -0.18560262  3.92814233	0.00490108 0.07624563 0.02159463	0.00106646 0.07992858 0.01845045	 0.00188068 -0.00172866 -0.99999674	0.35000000	0.00000000	0.00000000	0.38206118	-0.44326541	0.18504280	1.00259268	-0.55387795	0.04603792	-0.25330490	0.11479330	-0.15109952	-0.35332578	0.37245807	0.22294992	0.70303154	0.99253142	0.10526174	-0.52919519	0.29648697	-0.04866890	0.13967505	2.54893279	-0.40316731	-0.42869198	0.42722622	0.59177715	
0.00849900	-100.98499246   83.96716847 -668.23835303   43.63652513  -10.64320778  -16.58946475	 125.74390132 -104.39238508 -347.36946845   22.13456356   52.06898197   -7.75971239	-26.86319903  89.93697405  37.88281091 -67.95848621  17.58891678  68.83429331   0.86773328 -38.75196409 -33.25912131 -39.53844018  36.98229969   0.01581136	-0.00379546  0.05508939 -0.27051421  0.84573041 -0.57811700  0.04033643  0.00189743 -0.07829410 -0.44249772  0.86674577 -0.42013314  0.09127950	-0.02619722  0.19984642  0.25469903 -0.20565967 -0.13302758  0.04701867 -0.00163024  0.20458532  0.22229064  0.01401018 -0.49869852 -0.00863147	-0.02045560  0.21597408  0.24810255 -0.17795468 -0.15070481  0.04444074  0.00775780  0.21427348  0.23591484 -0.00047853 -0.54120786  0.00142743	 0.14450636 -0.18256577  3.92696533	0.01149442 0.06831959 0.02274645	0.00953242 0.07073392 0.02261474	 0.00249093 -0.00180337 -0.99999527	0.35000000	0.00000000	0.00000000	0.39531600	-0.43068451	0.18409771	0.99090910	-0.54523396	0.06188450	-0.27933770	0.13143682	-0.15832771	-0.36433992	0.35749325	0.21893325	0.70790851	1.00651765	0.11976797	-0.51714987	0.30410552	-0.03565083	0.14357245	2.57183528	-0.39936915	-0.43304387	0.43859211	0.58630162	
0.00850700	-103.88321574   87.67225904 -695.79589312   45.43130986  -10.92268969  -15.77800437	 116.85792223  -96.69253209 -315.88230717   20.11665752   47.36481953   -7.15244238	-26.05895890  94.50986791  38.87468766 -72.96239641  17.87454276  66.31012052   0.13246523 -36.85491109 -30.88784088 -40.82379062  31.66164932  -1.19740905	-0.00393695  0.05692880 -0.26828077  0.84417654 -0.57932282  0.04060783  0.00193758 -0.07648828 -0.44044199  0.86674155 -0.42464037  0.09127117	-0.03013244  0.19564110  0.27958561 -0.18096167 -0.10411410  0.03675161  0.00813536  0.19103245  0.21186145  0.00257416 -0.47727767 -0.01905417	-0.01777245  0.21199245  0.26552883 -0.18280655 -0.13749310  0.02845462  0.00347932  0.20892462  0.24014510  0.00073907 -0.52189857 -0.00203378	 0.14279192 -0.18070755  3.92504426	0.01522562 0.05598863 0.02023913	0.01412523 0.05999709 0.02107508	 0.00301968 -0.00191992 -0.99999360	0.35000000	0.00000000	0.00000000	0.39813587	-0.41476804	0.19699121	0.98837525	-0.53289568	0.06322600	-0.28122124	0.12691319	-0.14170688	-0.37165320	0.35559499	0.20584455	0.71265310	0.99776095	0.13779458	-0.50034654	0.32356703	-0.03211021	0.14674379	2.58845901	-0.39120537	-0.43880552	0.44319195	0.58048111	
0.00850600	 -94.78877067   89.41714373 -658.96026913   43.10264371  -10.34756069  -19.86198093	  90.90165890 -113.02468526 -430.08505934   27.77405784   33.39683659    4.55431579	-26.31745881  94.41923738  35.61528614 -73.89761642  17.05270211  66.92836535  -1.05952444 -35.83191931 -33.70475534 -40.89332664  34.83588624  -2.24477785	-0.00404783  0.05879312 -0.26587368  0.84245707 -0.58048954  0.04069970  0.00196194 -0.07466769 -0.43833888  0.86676128 -0.42887179  0.09127071	-0.01150389  0.22668725  0.26740115 -0.22415947 -0.14824480 -0.02530763  0.00665648  0.23446794  0.23281909  0.01367562 -0.44074909 -0.02975492	-0.01027462  0.21821356  0.28493715 -0.20546711 -0.13442981  0.00751113  0.00302052  0.21449466  0.24170514  0.00536083 -0.47711428 -0.00352789	 0.14193021 -0.17881197  3.92729971	0.01056704 0.04351235 0.01099614	0.01322403 0.04793525 0.01470305	 0.00344471 -0.00204446 -0.99999198	0.35000000	0.00000000	0.00000000	0.38732600	-0.41753921	0.19901660	0.99654192	-0.54753423	0.08243567	-0.28412107	0.13368012	-0.13307482	-0.39429310	0.36348021	0.22521028	0.70325387	0.98187339	0.13989510	-0.47879091	0.32933512	-0.03024226	0.15488875	2.57110238	-0.35651061	-0.44043186	0.42642888	0.59345078	
0.00847600	 -87.10771581   92.76975716 -648.76657654   42.49868857   -5.80559782  -20.16850179	  91.31648154 -119.29861247 -449.41013797   28.99795645   31.04371622    4.39050303	-27.78451958  91.01391339  33.81778729 -72.38301718  21.54394796  70.41912419  -1.83228276 -41.15708530 -32.85689615 -43.98438275  31.44767752  -2.28282016	-0.00410063  0.06067784 -0.26313703  0.84039624 -0.58142818  0.04089101  0.00195113 -0.07276815 -0.43639943  0.86696616 -0.43235363  0.09128513	 0.00721079  0.21319882  0.34345001 -0.26914161 -0.08016743  0.06855906  0.01252096  0.21535948  0.22534674  0.02209470 -0.38573442  0.01072136	-0.00464691  0.21775610  0.32492899 -0.25056057 -0.10431009  0.02948420 -0.00102283  0.22192206  0.22722002  0.02353617 -0.39493170  0.00160389	 0.14127692 -0.17561953  3.93310560	0.00629857 0.03247371 0.00352301	0.00725321 0.03562291 0.00542992	 0.00376059 -0.00210892 -0.99999071	0.35000000	0.00000000	0.00000000	0.39158812	-0.43542057	0.21061125	0.98415017	-0.54104155	0.07671948	-0.32212314	0.15270126	-0.13878480	-0.38704571	0.32094195	0.24197689	0.71114767	0.97211182	0.13031781	-0.47975674	0.36464679	-0.00455560	0.16404285	2.57911611	-0.35273749	-0.43436018	0.42125252	0.58543384	
0.00850100	 -89.88691889   89.17474607 -642.51924449   42.01839829   -6.54688789  -21.50337385	 103.28733000 -112.61322587 -426.21530364   27.40476703   34.78206981    2.29452717	-30.37967107  92.87230945  32.92001370 -68.99970913  19.21323931  62.62027210  -4.36527666 -38.66334558 -37.35544211 -43.53363675  30.16876915  -6.81964762	-0.00411849  0.06257028 -0.26019511  0.83801827 -0.58219208  0.04112530  0.00194485 -0.07080709 -0.43455374  0.86720194 -0.43521573  0.09128391	-0.01035297  0.19616283  0.34717183 -0.27866723 -0.07103077 -0.00486140 -0.01113433  0.23566051  0.22774106  0.02141482 -0.28326232  0.01452744	-0.00244634  0.22129334  0.34741632 -0.28252658 -0.08534300  0.02091399 -0.00277811  0.23128994  0.21529258  0.02865864 -0.32551863  0.00019140	 0.13889768 -0.17410835  3.93698588	0.00024178 0.03006433 0.00138689	0.00217452 0.03061899 0.00193964	 0.00402138 -0.00213708 -0.99998963	0.35000000	0.00000000	0.00000000	0.38079396	-0.41630968	0.23742053	0.97022146	-0.54153979	0.09164618	-0.31596580	0.15130430	-0.11615948	-0.38579598	0.30966699	0.24917588	0.72097373	0.95768869	0.13302544	-0.43909097	0.36078566	0.00092445	0.16252875	2.57977748	-0.31995720	-0.43027803	0.42060304	0.59401166	
0.00851300	 -92.04631561   89.37608517 -670.80163002   43.84111808   -3.62762813  -20.35339422	 102.14817966 -105.83338794 -379.10979110   24.31743768   31.71271012    0.41564754	-28.53086208  90.27750921  35.69489290 -70.61160797  23.78714691  64.81540757  -2.98844337 -40.06063426 -37.13676552 -39.82514544  21.66511551  -7.49729763	-0.00410777  0.06450846 -0.25713385  0.83536744 -0.58280135  0.04123754  0.00193818 -0.06885972 -0.43276561  0.86739581 -0.43767310  0.09127134	 0.00247666  0.22274439  0.34922399 -0.31510878 -0.04555702  0.01728649 -0.01557677  0.20416150  0.22352735  0.00039250 -0.26324692 -0.01326295	 0.00067969  0.22624610  0.36251633 -0.31560491 -0.06526328  0.01229953 -0.00262654  0.22655783  0.21124564  0.02200402 -0.28385867 -0.00271912	 0.13757787 -0.17209710  3.93913691	0.00272546 0.02584091 0.00081535	0.00177003 0.02716626 0.00095520	 0.00425917 -0.00214542 -0.99998863	0.35000000	0.00000000	0.00000000	0.37715489	-0.42792404	0.25014696	0.96522945	-0.54599261	0.07816042	-0.33382365	0.15975153	-0.11244279	-0.39512283	0.31314129	0.26750365	0.72848070	0.93730694	0.13112704	-0.44032156	0.39257908	-0.01330041	0.16631083	2.59630442	-0.31138125	-0.43480203	0.43090454	0.59582579	
0.00800300	 -92.96888103   88.81933937 -659.87398533   43.14812296   -3.39264523  -21.21926518	 108.56907387 -102.16237132 -376.70945654   24.09334927   35.03358325    0.26714960	-30.62371641  88.73860168  34.97083314 -65.55239452  22.25372981  64.44390857  -4.65744433 -37.40793157 -38.07448162 -42.99187854  24.04384723  -6.95422529	-0.00411348  0.06629490 -0.25414324  0.83268838 -0.58327501  0.04126167  0.00193283 -0.06703820 -0.43107064  0.86754063 -0.43975920  0.09127151	-0.02273335  0.21452020  0.35612920 -0.33775475 -0.05857348  0.00060943 -0.01397478  0.24001785  0.22894492  0.01695715 -0.23862370 -0.01528520	-0.00064157  0.22328319  0.37198112 -0.33561823 -0.05700371  0.00167080 -0.00281395  0.22677292  0.21387579  0.01492720 -0.25489468 -0.00322460	 0.13566693 -0.17067053  3.94033670	0.00321617 0.02431285 0.00086197	0.00304379 0.02478623 0.00083819	 0.00445815 -0.00217033 -0.99998771	0.35000000	0.00000000	0.00000000	0.37102073	-0.43660611	0.25937203	0.96519768	-0.55785376	0.09393817	-0.34076849	0.17077738	-0.11800618	-0.38999483	0.30043638	0.27239415	0.72155619	0.93614930	0.14012279	-0.43023914	0.39223355	-0.00431931	0.16747685	2.58668542	-0.28468785	-0.43569857	0.42325217	0.60648048	
0.00819700	 -91.66998416   90.00829803 -670.17818592   43.81602900   -0.17397680  -19.36061073	 106.86407286 -102.07289608 -357.63242699   22.83609147   34.08708912   -1.02947074	-28.14912379  88.17794108  36.08269808 -65.29784542  26.37846270  63.49105591  -4.92472279 -40.79840052 -37.41572425 -42.70777006  20.66362417  -8.45590202	-0.00411807  0.06802814 -0.25108719  0.82988846 -0.58366121  0.04128496  0.00194781 -0.06527567 -0.42935564  0.86760108 -0.44170869  0.09127255	-0.00902298  0.12919865  0.24382442 -0.24039536 -0.01556549 -0.00077477  0.00120218  0.13905881  0.16263302  0.01855555 -0.17347455 -0.00960666	-0.00240381  0.20097632  0.35662145 -0.32895425 -0.04200926  0.00120731  0.00165904  0.20422681  0.20374140  0.00939560 -0.22726096 -0.00288556	 0.13405355 -0.16843667  3.94061097	0.00918839 0.02163013 0.00090626	0.00721846 0.02249418 0.00088879	 0.00464206 -0.00221831 -0.99998677	0.35000000	0.00000000	0.00000000	0.40461633	-0.38782939	0.26399761	0.95017731	-0.53773272	0.11049092	-0.36386245	0.17196730	-0.09612772	-0.36452195	0.29202616	0.27910513	0.73526210	0.93825066	0.15292217	-0.41764095	0.42996365	-0.00084150	0.17925072	2.59208918	-0.33822808	-0.44083533	0.44428828	0.55169636	
0.00829100	-110.78582182   96.77834076 -750.46344584   49.03788266   -9.24685297  -20.66573370	  98.73230984  -74.90146208 -274.40429736   17.52072016   29.35676309   -2.96862577	-30.42048919  93.83713603  39.82225613 -82.54222602  20.16177526  60.46831071  -4.49880332 -25.55257410 -35.21208319 -40.86716074  12.12642351 -13.45822330	-0.00410483  0.06986109 -0.24765162  0.82669833 -0.58404397  0.04129726  0.00194046 -0.06342791 -0.42743689  0.86761215 -0.44374228  0.09127717	 0.02120380  0.24455704  0.43433306 -0.37428752 -0.05240158 -0.00617503 -0.00208388  0.20312400  0.26447289  0.00593813 -0.25461772  0.00388341	 0.00100999  0.21728116  0.40975434 -0.37821865 -0.04615421  0.00192754  0.00081055  0.21675380  0.23238708  0.00170588 -0.24255532 -0.00163488	 0.13712840 -0.17026123  3.93998968	0.00725911 0.00815753 0.00106125	0.00805630 0.01277936 0.00100561	 0.00477378 -0.00229375 -0.99998597	0.35000000	0.00000000	0.00000000	0.38469002	-0.39742151	0.26258829	0.95923066	-0.55207753	0.09519747	-0.34658566	0.16440755	-0.08719581	-0.39806336	0.29479423	0.27494764	0.73861831	0.89664465	0.17579603	-0.39266741	0.43963087	-0.02086960	0.17990579	2.62008691	-0.24363594	-0.44687727	0.43349174	0.60270649	
0.00803600	 -86.59873675   86.57028589 -661.58054200   43.27405123    4.06571191  -21.81079276	 116.89275460  -98.50896795 -357.10654173   22.70827454   40.49994971   -0.49041788	-33.38095446  82.76484108  27.58144853 -54.92213054  29.82211116  65.69539315  -8.92516141 -39.96530557 -44.19431815 -42.44754939  28.55468175 -11.10246137	-0.00412081  0.07154945 -0.24434675  0.82362335 -0.58433930  0.04128990  0.00192857 -0.06169826 -0.42561236  0.86761845 -0.44559074  0.09128487	-0.01993186  0.16180088  0.37069943 -0.34365381 -0.01057035 -0.02042008  0.01443849  0.17610253  0.19650203 -0.01599891 -0.23199424  0.00462998	-0.00349376  0.20457303  0.39910645 -0.37198864 -0.03338574 -0.00202118 -0.00075649  0.20849854  0.22017505 -0.00170778 -0.22589304  0.00031851	 0.13186557 -0.16819416  3.94010062	0.01490593 0.01927416 0.00562642	0.01235016 0.01517217 0.00407542	 0.00487216 -0.00238015 -0.99998530	0.35000000	0.00000000	0.00000000	0.39091089	-0.41692057	0.26062173	0.91845447	-0.58106077	0.11300854	-0.41290960	0.18529886	-0.12517062	-0.36066481	0.24939528	0.33117926	0.73186672	0.92869705	0.12817636	-0.39792323	0.44443047	0.04191426	0.17544776	2.59087658	-0.26339015	-0.45091605	0.43290043	0.59083664	
0.00848400	-101.96798179   97.87427180 -721.34152026   47.18539505    0.21682390  -18.09502270	 106.52252018  -80.19738948 -295.60757783   18.80300594   36.16960335   -3.79047235	-28.25628997  93.17078590  40.60602194 -68.92521210  28.00735036  59.91027313  -7.69531939 -28.86565137 -35.09940395 -41.94058718  19.00678343 -16.86475630	-0.00414234  0.07333353 -0.24095009  0.82041684 -0.58462580  0.04130646  0.00188302 -0.05987832 -0.42374585  0.86763570 -0.44742541  0.09127497	 0.00637473  0.21371713  0.38036529 -0.33995777 -0.01183326  0.02546238 -0.00839219  0.22881879  0.20603469  0.01509486 -0.19207040 -0.01030981	-0.00238159  0.21071227  0.40207461 -0.37330341 -0.03152121  0.00333661 -0.00428937  0.21486340  0.22095921  0.00245805 -0.21449216 -0.00183108	 0.13235020 -0.16952424  3.93878359	0.01207557 0.00960016 0.00375804	0.01306316 0.01306580 0.00432575	 0.00500584 -0.00249947 -0.99998435	0.35000000	0.00000000	0.00000000	0.38927484	-0.39189139	0.27284640	0.93446219	-0.56921065	0.13079306	-0.36700726	0.18454987	-0.10310990	-0.38700753	0.27768755	0.29975915	0.74784786	0.88584548	0.17003961	-0.38369644	0.47500116	0.01861326	0.19477269	2.60949302	-0.23946883	-0.43603623	0.43372908	0.61378533	
0.00804600	 -91.46102095   92.49341552 -674.75497408   44.15124034    2.93773948  -20.55604899	 111.32477030  -98.31119393 -337.40352561   21.41494509   37.90693404   -0.67164360	-32.10226938  85.84768271  32.20986445 -59.70127925  28.08396828  61.81073445  -9.20402261 -42.72306168 -39.26375476 -47.91061606  21.97554199 -13.40667115	-0.00416681  0.07497310 -0.23767809  0.81734770 -0.58488492  0.04129702  0.00186397 -0.05821867 -0.42192294  0.86762220 -0.44918628  0.09127998	 0.02458237  0.16863288  0.39173412 -0.35775176 -0.02068038  0.00317914  0.01701560  0.17526546  0.19520636 -0.02039815 -0.21935296 -0.00372261	-0.00047711  0.19845833  0.40042086 -0.37407308 -0.03092647  0.00089611 -0.00289257  0.19932333  0.22204596 -0.00282237 -0.21557773  0.00000042	 0.13004283 -0.16730975  3.93781046	0.02151210 0.01090920 0.00574761	0.01831474 0.01023901 0.00505211	 0.00508096 -0.00263033 -0.99998363	0.35000000	0.00000000	0.00000000	0.39510334	-0.40616933	0.27768561	0.91562909	-0.58060604	0.12290360	-0.41727167	0.20079055	-0.12145369	-0.35520190	0.24033242	0.33857429	0.73312289	0.90543687	0.15427829	-0.36830020	0.50594229	0.06581152	0.17292850	2.58793926	-0.23902589	-0.44629443	0.42453539	0.57057679	
0.00849100	 -96.20790276   98.73312225 -712.44332703   46.62167219    4.60628998  -21.61043380	 108.76206415  -85.38929572 -303.93443790   19.26061924   37.83816136   -1.70850690	-33.27014610  91.85913229  36.44472796 -64.52705374  31.73679847  58.41955751 -10.62376059 -29.40848732 -37.29193071 -45.49494255  21.45145632 -19.30675633	-0.00423481  0.07665464 -0.23424894  0.81412473 -0.58511803  0.04129606  0.00180390 -0.05647020 -0.42000928  0.86763753 -0.45103871  0.09117004	-0.01108631  0.16631620  0.36848861 -0.33345363  0.00443384 -0.00012695  0.01036077  0.17504547  0.20355577 -0.00379507 -0.19983995 -0.03051828	-0.00708813  0.19421861  0.39856433 -0.37106468 -0.02341135 -0.00055338 -0.00600979  0.20200279  0.22219204  0.00180750 -0.21242647 -0.01877350	 0.12890230 -0.16871127  3.93685414	0.02020635 0.00735346 0.01162015	0.02098165 0.00871122 0.00975909	 0.00516305 -0.00281679 -0.99998270	0.35000000	0.00000000	0.00000000	0.40491953	-0.36014390	0.27774966	0.90212429	-0.57285565	0.14937674	-0.40515333	0.19026318	-0.11675472	-0.35792506	0.23689705	0.31872436	0.75268912	0.89036918	0.17529492	-0.35499385	0.51538056	0.06120656	0.19538397	2.59715915	-0.22820044	-0.44336513	0.44165528	0.59197462	
0.00846900	 -97.65705855   97.94492553 -712.47426786   46.62076030    3.18560708  -19.38347243	 109.43725520  -84.05331750 -301.02010152   19.06989316   37.21869942   -1.48908355	-29.74018711  89.20966196  35.18166387 -64.64182456  29.68865749  59.28459269  -9.62253245 -32.71550608 -38.91335648 -45.31187166  20.01124375 -18.25023663	-0.00431837  0.07838884 -0.23079899  0.81087767 -0.58535403  0.04130109  0.00170834 -0.05464828 -0.41806544  0.86764099 -0.45289555  0.09081795	-0.00432481  0.18256440  0.35539165 -0.32682450 -0.01842421  0.00280833 -0.01859983  0.17545822  0.21091488  0.01367385 -0.21636986 -0.04202268	-0.00804221  0.20233267  0.40123566 -0.37528445 -0.02546675  0.00091503 -0.01206472  0.20982669  0.22718405  0.00268219 -0.21814293 -0.04322751	 0.12798841 -0.16922176  3.93574347	0.02152489 0.00491477 0.00947674	0.02093936 0.00558049 0.01043237	 0.00521234 -0.00299131 -0.99998194	0.35000000	0.00000000	0.00000000	0.40655586	-0.35760561	0.28440773	0.88770217	-0.57465386	0.15372571	-0.40921998	0.20094863	-0.12377751	-0.36535403	0.24119872	0.32386401	0.74399328	0.89639711	0.18358058	-0.35098127	0.52318573	0.05811066	0.19106038	2.58023262	-0.21765053	-0.44916615	0.44151524	0.58252764	
0.00846900	 -94.75462122   98.08594631 -713.69418705   46.70205615    5.76125951  -20.24654639	 109.54008675  -86.07444936 -305.79632265   19.32394589   38.42113989   -0.62271210	-31.42468156  88.46245790  34.28264011 -64.14366901  32.88875350  58.53609341  -8.92442888 -32.49913502 -37.18469888 -49.45230277  22.70355454 -19.25502361	-0.00438975  0.08008734 -0.22731396  0.80760056 -0.58556993  0.04128903  0.00166685 -0.05280987 -0.41610157  0.86758715 -0.45471874  0.09033860	-0.02837554  0.21733856  0.42621210 -0.38168321 -0.02582311 -0.02485247 -0.00240607  0.22033850  0.22991550 -0.01850573 -0.21324573 -0.08840881	-0.00826178  0.20040897  0.40866651 -0.38361596 -0.02237925 -0.00284361 -0.00511707  0.21487527  0.23212002 -0.00996111 -0.21348261 -0.06364406	 0.12683117 -0.16946507  3.93526305	0.02412453 0.00308948 0.00804943	0.02332267 0.00365331 0.00839539	 0.00524551 -0.00318627 -0.99998117	0.35000000	0.00000000	0.00000000	0.38275039	-0.37221617	0.29359445	0.89224654	-0.59036291	0.15188570	-0.41524404	0.20457235	-0.14315790	-0.37226197	0.23870251	0.33437422	0.73911911	0.88958549	0.17660423	-0.34571940	0.53699768	0.08444002	0.18825625	2.57410216	-0.17102940	-0.45487854	0.43836820	0.61110914	
0.00804400	 -83.12436088   96.42994524 -681.00133668   44.58947453   11.81916970  -17.22212214	 110.50561654  -89.71608990 -333.06950000   21.09196910   40.76799155   -2.41073727	-29.16550800  86.39080906  30.36907038 -54.83272463  36.43547443  60.24707258 -11.68297505 -37.48093796 -37.10529199 -49.49410965  25.27710772 -16.33417931	-0.00445393  0.08167710 -0.22408627  0.80454298 -0.58573941  0.04129325  0.00159685 -0.05108476 -0.41424873  0.86751355 -0.45640358  0.08979702	-0.01389582  0.18745476  0.37705965 -0.36392785  0.00739778  0.00541873  0.00148828  0.19612745  0.21555326 -0.01182399 -0.21838788 -0.05204008	-0.00739166  0.19578984  0.39419460 -0.37525670 -0.01756046 -0.00008991 -0.00874143  0.20905154  0.22818445 -0.00979430 -0.20958772 -0.06454584	 0.12338606 -0.16877497  3.93463316	0.02834908 0.00685818 0.01105890	0.02698266 0.00553251 0.01001705	 0.00528309 -0.00339711 -0.99998027	0.35000000	0.00000000	0.00000000	0.38995671	-0.37556052	0.29412284	0.87512332	-0.59550256	0.16032416	-0.44241476	0.21100101	-0.16263373	-0.35096568	0.21169953	0.34690270	0.73846197	0.90396398	0.18059975	-0.34515035	0.55397969	0.10696635	0.19738860	2.55370593	-0.18254116	-0.45115536	0.44008869	0.58909696	
0.00848400	 -90.50714648  100.86607969 -693.51543626   45.41776772    8.65722313  -18.28338044	 108.57502964  -93.06767335 -318.63800120   20.04198648   39.43677307   -2.40007358	-30.16334394  89.73467326  35.38970427 -60.16926391  33.38444942  55.98656136 -11.27602192 -32.47643590 -33.93594922 -51.37814076  24.24975233 -22.13901386	-0.00455111  0.08332549 -0.22073450  0.80134828 -0.58590141  0.04129237  0.00150944 -0.04921816 -0.41229705  0.86734878 -0.45813978  0.08903887	-0.01101396  0.17719554  0.36659933 -0.35846007 -0.00297328  0.01044737  0.01503315  0.23658927  0.21379577 -0.02766315 -0.16734806 -0.09934250	-0.01044985  0.19122296  0.39189469 -0.37483081 -0.01746486 -0.00147954 -0.00939873  0.22231603  0.22972976 -0.02151018 -0.19944229 -0.10237155	 0.12204322 -0.16970559  3.93361533	0.02793451 0.00353758 0.01407520	0.02821649 0.00486109 0.01319567	 0.00533245 -0.00364034 -0.99997916	0.35000000	0.00000000	0.00000000	0.38881117	-0.34387448	0.29792699	0.87831205	-0.59072053	0.18737814	-0.41890439	0.21571982	-0.14961334	-0.35500455	0.21523632	0.33503714	0.74526697	0.88430566	0.19537196	-0.32499486	0.58056659	0.11495403	0.19931628	2.54761124	-0.15853950	-0.44755736	0.43649548	0.59119159	
0.00847100	 -88.64710985  101.75924456 -693.42830520   45.41530453    9.22963262  -17.67958861	 109.79715656  -90.38412009 -311.99604405   19.64482868   38.63332774   -3.73015844	-30.06496064  88.72232580  32.08627077 -59.63033503  34.23220870  55.79461551 -12.84734110 -37.94200039 -34.08468331 -51.45896825  19.92340323 -19.19233659	-0.00471166  0.08500903 -0.21734809  0.79814020 -0.58605556  0.04128631  0.00137385 -0.04728850 -0.41019089  0.86699459 -0.45988267  0.08782309	-0.03817593  0.23628012  0.42311399 -0.39536290 -0.01841041 -0.03769190 -0.01117313  0.21824698  0.25348672 -0.05842788 -0.22050344 -0.15921254	-0.02118225  0.19873172  0.40050891 -0.37854931 -0.01646999 -0.00357424 -0.01485914  0.22605883  0.24923687 -0.04427616 -0.20724811 -0.14530202	 0.12070929 -0.17004486  3.93247293	0.03184565 0.00211568 0.02148404	0.03043428 0.00233998 0.01913353	 0.00535227 -0.00389259 -0.99997810	0.35000000	0.00000000	0.00000000	0.36365357	-0.36774984	0.31489995	0.86453998	-0.59785038	0.16134726	-0.42525339	0.21548063	-0.17671560	-0.36261556	0.21714884	0.33478138	0.73407143	0.89770520	0.18906239	-0.32689545	0.58462137	0.12148111	0.18359151	2.53496671	-0.11897533	-0.46341047	0.44265395	0.60215622	
0.00800400	 -78.46171522   97.20303874 -661.89192225   43.36097002   15.14302715  -14.56620856	 108.93881165  -92.90104641 -359.16191415   22.71678993   41.74581402   -2.59701315	-26.53311606  84.85880876  30.03547288 -51.18067347  39.49748880  58.51768494 -11.39303537 -34.91620731 -35.57920386 -52.91524112  29.28686410 -16.81115849	-0.00487465  0.08654146 -0.21424148  0.79515337 -0.58616619  0.04130290  0.00120094 -0.04543668 -0.40819089  0.86656267 -0.46150943  0.08654893	-0.01120848  0.19863360  0.39907835 -0.36242494 -0.00909125  0.02717861 -0.03660669  0.24210017  0.24554774 -0.04573993 -0.17954303 -0.15398238	-0.02074113  0.19187597  0.38730795 -0.37134375 -0.01130795  0.00294699 -0.02107335  0.23186072  0.24816383 -0.05546862 -0.19958578 -0.16059115	 0.11704327 -0.16963070  3.93257336	0.03195379 0.00562254 0.02129453	0.03199760 0.00432225 0.02147619	 0.00538023 -0.00415090 -0.99997691	0.35000000	0.00000000	0.00000000	0.36512572	-0.36260623	0.31347448	0.84863824	-0.61203825	0.18985030	-0.45038667	0.22416255	-0.19522101	-0.35233694	0.20007408	0.34765235	0.73392320	0.90548790	0.19888903	-0.33861363	0.57921994	0.14038542	0.20824666	2.51020312	-0.12906024	-0.45544198	0.44455051	0.59985167	
0.00802600	 -79.89995142  101.15778830 -664.74267329   43.56369219   14.44590768  -16.27427006	 104.18478453  -96.46423114 -355.21474214   22.43621843   39.41641404   -1.44554094	-29.15549947  87.74555850  32.91363747 -54.81121829  40.68083730  52.00885600 -10.61130575 -36.48222518 -31.57610053 -53.37949641  25.67369753 -19.08600302	-0.00504979  0.08810286 -0.21120488  0.79219339 -0.58621141  0.04130171  0.00103532 -0.04353034 -0.40616772  0.86603639 -0.46304581  0.08504047	-0.02969000  0.17059192  0.33825054 -0.31615645  0.00007442  0.01995751  0.00163610  0.23500751  0.25012262 -0.06885674 -0.16510564 -0.18234535	-0.02343537  0.19252508  0.37574219 -0.36463474 -0.00432283  0.00302907 -0.02006104  0.23878613  0.25171581 -0.06714660 -0.18737558 -0.19204583	 0.11512823 -0.16988734  3.93231194	0.03109583 0.00303482 0.02354967	0.03137764 0.00401091 0.02274646	 0.00541720 -0.00440398 -0.99997563	0.35000000	0.00000000	0.00000000	0.35946813	-0.33317515	0.32874879	0.83865827	-0.59883201	0.20598678	-0.43306732	0.21684277	-0.18751287	-0.33360642	0.20093799	0.33432108	0.73750156	0.89899826	0.21351993	-0.31427610	0.60869408	0.14753047	0.21143137	2.49012804	-0.12779081	-0.45317635	0.45188540	0.58316511	
0.00845100	 -86.04614051  103.28154302 -685.54993155   44.91619158   10.58854529  -15.19868068	 100.90537574  -91.82480860 -337.79495120   21.34241845   36.28555814   -2.51695401	-27.05362406  87.91852260  33.02391437 -60.78163044  37.79264814  51.12784141 -11.57893994 -34.12821674 -32.46751162 -52.57467958  22.26328844 -19.28903180	-0.00524542  0.08979540 -0.20788969  0.78894863 -0.58622857  0.04129728  0.00084697 -0.04142221 -0.40393808  0.86532227 -0.46462659  0.08308653	-0.03124023  0.21992438  0.41470022 -0.39646652  0.01828237  0.02369711  0.01520465  0.27409224  0.27819632 -0.09709116 -0.16504693 -0.24515145	-0.02594621  0.20209626  0.39620619 -0.38576067 -0.00055209  0.00150501 -0.01855609  0.25234776  0.26713970 -0.08700200 -0.18415566 -0.23838752	 0.11470001 -0.17062625  3.93229280	 0.03028229 -0.00162084  0.02305703	 0.03052540 -0.00010886  0.02329269	 0.00542195 -0.00466551 -0.99997442	0.35000000	0.00000000	0.00000000	0.33130279	-0.33859161	0.33278030	0.83923155	-0.60094422	0.19013552	-0.43239835	0.21757397	-0.19810428	-0.34976739	0.19959147	0.33249924	0.73246509	0.88739836	0.21773568	-0.30607843	0.61784846	0.15299407	0.20186332	2.48280215	-0.06929983	-0.45944420	0.44798055	0.60151124	
0.00803600	 -75.51857084   98.41338350 -637.91006738   41.82726529   13.73107478  -13.46827881	 100.79451332  -94.65558482 -380.60604272   24.16001450   38.30791373   -4.25427053	-26.47416647  83.73759127  27.16290072 -49.35544242  37.98317572  51.64137411 -14.14885177 -39.08208656 -33.35525060 -53.88581266  26.14448377 -14.54251526	-0.00543558  0.09138539 -0.20477129  0.78585788 -0.58624775  0.04129737  0.00062797 -0.03937660 -0.40178490  0.86458268 -0.46607978  0.08108009	-0.02425028  0.19385717  0.32977681 -0.36167031 -0.00750389  0.02177574 -0.02840894  0.23969754  0.26742062 -0.07716072 -0.17726540 -0.21313075	-0.02542803  0.19976246  0.38372824 -0.38056126 -0.00234366  0.00156281 -0.02764595  0.25316159  0.26671707 -0.08990548 -0.17957982 -0.24518558	 0.11182907 -0.17040998  3.93202222	0.03064501 0.00088263 0.02896416	 0.03056229 -0.00004732  0.02690858	 0.00541493 -0.00491037 -0.99997328	0.35000000	0.00000000	0.00000000	0.33969393	-0.33725908	0.33997419	0.81297481	-0.60295957	0.20837745	-0.44328046	0.22554842	-0.21764165	-0.32145050	0.18147768	0.33408248	0.72429192	0.92055786	0.22883119	-0.30896807	0.60572129	0.15880939	0.20863563	2.44255733	-0.08382741	-0.45843512	0.45300153	0.57613057	
0.00845600	 -82.70719491  100.23165972 -664.90679261   43.56393896   11.46611767  -13.78703641	  96.49003408  -94.21534534 -355.41550514   22.44857700   35.05912289   -0.93178342	-25.26521856  84.13082600  32.69404384 -57.86454572  40.75585082  47.65311641  -9.18758818 -32.61457348 -29.66812100 -55.49531712  22.82715020 -20.15570450	-0.00565494  0.09306782 -0.20146521  0.78257937 -0.58624070  0.04129179  0.00040958 -0.03717596 -0.39947599  0.86369357 -0.46757032  0.07874964	-0.00540288  0.16914452  0.40357710 -0.42023452  0.00294841 -0.00753112 -0.04324285  0.24175195  0.28371130 -0.10744691 -0.16950480 -0.28776493	-0.02348526  0.19827870  0.39547835 -0.39329730 -0.00016324  0.00027754 -0.02666634  0.26219065  0.27948894 -0.10917416 -0.17595763 -0.28822001	 0.11177456 -0.17044330  3.93168188	 0.02968528 -0.00515304  0.02258143	 0.02999803 -0.00304962  0.02482813	 0.00539951 -0.00516824 -0.99997207	0.35000000	0.00000000	0.00000000	0.32975146	-0.30173433	0.33864617	0.80091769	-0.58374196	0.20505187	-0.44397002	0.22376072	-0.22753654	-0.31763715	0.18418171	0.32063615	0.73182797	0.91091681	0.23511279	-0.29094124	0.62649107	0.17465186	0.21373568	2.46037555	-0.05603684	-0.46695817	0.47652975	0.58497965	
0.00805800	 -76.53527393  101.54788448 -664.88261639   43.58412972   15.53525802  -14.62795566	  95.34586263  -84.78374341 -346.84295103   21.99966429   35.74993148   -0.86877810	-27.61249892  84.70637965  26.04265106 -52.43469028  44.68096724  48.22026175 -10.16144359 -30.95912814 -32.78100462 -48.90233219  23.04105583 -16.19461426	-0.00582756  0.09471020 -0.19832459  0.77947309 -0.58625152  0.04128997  0.00024297 -0.03495315 -0.39724622  0.86275686 -0.46888382  0.07616032	-0.01089642  0.17559676  0.33466450 -0.35489824 -0.01908801 -0.00529144 -0.00698965  0.24428686  0.24897505 -0.10815169 -0.11720100 -0.28562392	-0.02146077  0.20204074  0.38341381 -0.38315710 -0.00231975 -0.00147830 -0.02181790  0.27475196  0.27467091 -0.11548482 -0.16092723 -0.31952896	 0.10982000 -0.17197362  3.93074980	 0.02563898 -0.00399963  0.02256634	 0.02699801 -0.00451345  0.02243920	 0.00535800 -0.00539092 -0.99997111	0.35000000	0.00000000	0.00000000	0.32523996	-0.29924205	0.33889034	0.80257332	-0.59974778	0.21831308	-0.45348033	0.20371130	-0.21176918	-0.31275254	0.17846744	0.34397644	0.73476803	0.89352220	0.25150502	-0.28244361	0.63070267	0.15285569	0.23740305	2.42833567	-0.05799545	-0.45934910	0.47079369	0.57445091	
0.00849800	 -80.28532667  101.06780735 -673.52310056   44.12926251   12.26788243  -13.45268478	  86.98021409  -86.53023795 -348.58594660   22.11557261   30.15958493   -1.59927156	-25.62554544  82.69303775  29.45082194 -59.37948947  46.31629568  47.60423821 -10.91654603 -31.86680245 -27.40271249 -54.25526607  18.00345446 -17.31557353	-0.00601304  0.09651881 -0.19496779  0.77615992 -0.58624987  0.04130059  0.00005714 -0.03252505 -0.39483063  0.86171655 -0.47029124  0.07321989	-0.03786308  0.21252489  0.38086452 -0.41805707 -0.00643077 -0.00304328 -0.04369818  0.26913822  0.27744415 -0.14193752 -0.15626487 -0.34808499	-0.02124025  0.21059565  0.39264951 -0.39192455 -0.00174809  0.00270492 -0.02313903  0.28380454  0.28539786 -0.12627626 -0.16578048 -0.34856823	 0.11079439 -0.17312918  3.93037892	 0.02452978 -0.01100311  0.02191736	 0.02482856 -0.00862120  0.02217254	 0.00529681 -0.00560321 -0.99997027	0.35000000	0.00000000	0.00000000	0.29940531	-0.30870825	0.35653085	0.79154098	-0.58392698	0.20694007	-0.43656901	0.21232927	-0.24036260	-0.31672719	0.18879493	0.31607893	0.72566593	0.89979631	0.24364513	-0.29486999	0.63568491	0.15412033	0.22619493	2.41384101	-0.01894636	-0.46948251	0.48589978	0.60202909	
0.00846100	 -69.64633029   96.34529148 -630.28857826   41.31968610   15.39113952  -10.03356906	  88.33089064  -86.40567425 -386.60179538   24.64221828   33.06162706   -0.42034127	-21.96110149  79.01031160  22.87753298 -49.02704656  45.38423717  47.07210410  -8.79216012 -34.76440048 -31.12535612 -53.61035150  23.07466239 -12.29341342	-0.00615233  0.09833195 -0.19156584  0.77283486 -0.58625285  0.04128492 -0.00008414 -0.03004817 -0.39236277  0.86059300 -0.47163248  0.07022851	-0.00612003  0.23495244  0.41326573 -0.40849716 -0.03426425 -0.01047322 -0.01753907  0.30499746  0.26297078 -0.13217946 -0.14868292 -0.35414529	-0.01352805  0.21508920  0.39829948 -0.39297401 -0.00248109 -0.00244371 -0.01737696  0.29249311  0.28724182 -0.13241789 -0.15682571 -0.34689699	 0.10863759 -0.17235892  3.92986442	 0.02376684 -0.00829416  0.01219612	 0.02406254 -0.00934328  0.01531813	 0.00520879 -0.00580955 -0.99996956	0.35000000	0.00000000	0.00000000	0.28098676	-0.33976433	0.35503614	0.79544461	-0.61011267	0.20419963	-0.46038336	0.21201503	-0.25290725	-0.31430331	0.19074593	0.35133526	0.70828992	0.89900577	0.25263184	-0.28035772	0.62774795	0.16772217	0.22694878	2.38468289	0.01418861	-0.46931779	0.46968013	0.59838223	
0.00801900	 -60.78335295   91.64564762 -592.88369010   38.86912283   17.20384553  -11.05115852	  82.60039754  -93.06955891 -428.29215828   27.33160481   32.13676170   -2.16941362	-25.15352695  75.43264580  21.83851255 -45.88818471  52.48290905  45.58409458 -12.53018188 -37.94336593 -25.31758804 -58.71928705  23.63405496 -10.99000195	-0.00627423  0.10004593 -0.18845891  0.76980939 -0.58624262  0.04128516 -0.00019004 -0.02777645 -0.39011080  0.85956824 -0.47288288  0.06760596	-0.03238345  0.19803856  0.40017464 -0.38851619 -0.00283482 -0.00952178 -0.02466622  0.27053278  0.24811749 -0.12864295 -0.15014267 -0.31209640	-0.01674568  0.21110162  0.38748387 -0.37794052 -0.00014583 -0.00263942 -0.01731594  0.28129590  0.27909104 -0.12828728 -0.15472617 -0.32326410	 0.10662244 -0.17172210  3.92964117	 0.02368464 -0.00781863  0.01847574	 0.02377383 -0.00789288  0.01621330	 0.00514571 -0.00600015 -0.99996876	0.35000000	0.00000000	0.00000000	0.27735952	-0.33941090	0.37000558	0.77147490	-0.59438699	0.21448192	-0.47513533	0.21203473	-0.27503461	-0.26638973	0.16713299	0.34256011	0.71106070	0.91699708	0.24956003	-0.28373280	0.63832790	0.18588683	0.24147747	2.36345339	0.00979369	-0.46772462	0.48220953	0.59216762	
0.00846300	 -64.77285739   94.75973447 -611.96397145   40.10565472   17.73267937   -8.60178555	  81.08707431  -90.80199605 -395.40806267   25.14711804   29.80214804   -0.78534693	-20.92492600  77.05235195  24.31668190 -47.84936132  51.24427298  41.85156184  -9.31484090 -31.25929165 -27.16279686 -56.16047193  20.67435551 -16.04233000	-0.00639654  0.10190272 -0.18522952  0.76665193 -0.58624996  0.04128377 -0.00031062 -0.02531963 -0.38770169  0.85843659 -0.47416099  0.06478692	 0.00546503  0.24080942  0.38460236 -0.37338596  0.00816365 -0.02533938 -0.03228383  0.29473326  0.29246523 -0.10764116 -0.13265586 -0.34101547	-0.01177966  0.22286759  0.38430786 -0.37345264 -0.00213056 -0.00298705 -0.01399747  0.29197970  0.28599352 -0.13239876 -0.15062580 -0.34312318	 0.10535553 -0.17173462  3.92820721	 0.02027932 -0.00892811  0.01109623	 0.02137867 -0.00856144  0.01365310	 0.00507402 -0.00618808 -0.99996798	0.35000000	0.00000000	0.00000000	0.27081764	-0.32689708	0.37596458	0.76255584	-0.59828460	0.22984512	-0.46067715	0.20916811	-0.27116725	-0.27973628	0.18946117	0.34777749	0.70889974	0.89117563	0.26434633	-0.26035482	0.64288831	0.16771358	0.24328269	2.35128689	0.04257998	-0.46334866	0.48737252	0.60993248	
0.00805500	 -58.41486864   86.15133737 -572.29411133   37.47966234   19.07910459  -10.86494310	  79.74365328  -94.10166874 -436.72170343   27.87079448   29.80338945   -1.42087994	-24.64361300  69.39391303  22.43006682 -41.23206656  51.18581629  43.12684238 -11.51273827 -37.41087353 -27.47514159 -59.88336827  21.70343108 -11.40266401	-0.00649435  0.10364183 -0.18222879  0.76373254 -0.58624671  0.04128813 -0.00039462 -0.02295898 -0.38548204  0.85734629 -0.47533639  0.06193406	-0.01461637  0.21028156  0.36726463 -0.34975305 -0.01177824 -0.01821350 -0.01512388  0.27674674  0.25461517 -0.14038521 -0.14999085 -0.35552991	-0.01193989  0.21679245  0.37063998 -0.35936082 -0.00114775 -0.00122514 -0.01212238  0.28896664  0.27410125 -0.13345150 -0.14515505 -0.35191385	 0.10327415 -0.17031485  3.92695435	 0.02305826 -0.00804021  0.01550185	 0.02210449 -0.00835908  0.01388055	 0.00500472 -0.00635998 -0.99996725	0.35000000	0.00000000	0.00000000	0.26709902	-0.34250489	0.38352481	0.75030416	-0.59923732	0.23487209	-0.47903544	0.22308075	-0.28867441	-0.24504241	0.17566775	0.35807526	0.69805682	0.90712410	0.26564786	-0.26302952	0.64974552	0.17828315	0.23747985	2.31983900	0.04871164	-0.46718591	0.48438939	0.58673948	
0.00847600	 -58.58890021   88.57978671 -584.34261007   38.26657373   19.45682287   -8.14533670	  74.39772796  -90.44691470 -425.61313145   27.15302249   26.25897924   -1.45019782	-20.91525737  71.28918219  23.46193115 -44.88545702  54.27332917  38.49752590 -10.81467935 -31.11553633 -25.36058149 -60.88321064  18.71829432 -13.38460299	-0.00662408  0.10548390 -0.17910514  0.76068750 -0.58624881  0.04128500 -0.00052347 -0.02043936 -0.38312044  0.85621452 -0.47658396  0.05882381	-0.01455989  0.22065860  0.33470878 -0.32651660 -0.00323260 -0.01195862 -0.01304080  0.29598447  0.27040628 -0.10118689 -0.15400078 -0.35268344	-0.01297071  0.21867716  0.36646348 -0.35713721 -0.00085872 -0.00219353 -0.01426505  0.29745096  0.27851122 -0.13255565 -0.14691996 -0.37005369	 0.10227523 -0.16989144  3.92568390	 0.02089805 -0.00996220  0.01380661	 0.02166328 -0.00928440  0.01448053	 0.00492877 -0.00654970 -0.99996640	0.35000000	0.00000000	0.00000000	0.26375079	-0.32485765	0.39325762	0.74175417	-0.58567053	0.25026214	-0.46771762	0.21126646	-0.29536301	-0.23574701	0.18354949	0.34491050	0.69693381	0.89916962	0.28617126	-0.24319139	0.65375954	0.16717932	0.24939929	2.29416394	0.06503882	-0.46240246	0.49501634	0.59680533	
0.00848000	 -54.75836437   83.40717722 -556.89577678   36.45613293   19.51170326   -7.89029906	  72.43823098  -94.97519638 -454.02003986   29.00052428   25.77510471   -1.52870837	-20.99520899  66.50734997  22.17486315 -40.97564846  52.41373426  37.88117585 -11.09020666 -35.60938430 -25.48267614 -64.05397026  19.78133042 -11.67563981	-0.00674048  0.10731357 -0.17597647  0.75766013 -0.58624927  0.04128525 -0.00062441 -0.01788896 -0.38074990  0.85502363 -0.47778376  0.05548496	 0.00972896  0.21936212  0.35702869 -0.36117009 -0.02233020  0.00165338 -0.00478727  0.31118900  0.27598480 -0.12863737 -0.16225766 -0.43771735	-0.01264938  0.21586469  0.36847578 -0.35950644 -0.00193809 -0.00171354 -0.01176282  0.30134887  0.28143060 -0.14088332 -0.14214255 -0.39896187	 0.10096145 -0.16798027  3.92456789	 0.02287387 -0.01085761  0.01324952	 0.02220940 -0.01059022  0.01337310	 0.00483863 -0.00673470 -0.99996562	0.35000000	0.00000000	0.00000000	0.24535567	-0.34258628	0.39408892	0.73776686	-0.59028167	0.24934606	-0.47597200	0.22350967	-0.31468785	-0.22179231	0.18007036	0.35550776	0.68055564	0.89870793	0.27962622	-0.23228928	0.66693467	0.18633464	0.23836441	2.26787758	0.09744714	-0.46582776	0.48675865	0.58795679	
0.00849200	 -47.52527959   80.34150174 -533.62958654   34.93154185   22.26062562   -7.21486873	  67.20387358  -90.00688638 -482.12821879   30.93307060   23.55033448   -2.23269101	-21.32281836  64.69007230  19.70885252 -36.94482906  56.88260275  34.10542202 -12.39973855 -34.32677698 -24.99016690 -65.84627430  18.30746332  -6.80623642	-0.00687997  0.10913287 -0.17291587  0.75470489 -0.58623264  0.04129285 -0.00076200 -0.01535108 -0.37841571  0.85384238 -0.47896956  0.05219863	-0.02826838  0.18534732  0.34299259 -0.34378842 -0.00633724  0.00697334 -0.02620297  0.31801947  0.27392068 -0.14594623 -0.12814798 -0.36733500	-0.01689972  0.21338676  0.36154255 -0.34940745  0.00161146  0.00109341 -0.01931617  0.30002677  0.27552738 -0.14007492 -0.14005429 -0.38422641	 0.09892588 -0.16661401  3.92381408	 0.02128498 -0.00994155  0.01919168	 0.02188568 -0.01024723  0.01720651	 0.00474875 -0.00692495 -0.99996475	0.35000000	0.00000000	0.00000000	0.22344843	-0.34386805	0.42080328	0.71385163	-0.58114761	0.25457418	-0.48261297	0.21434039	-0.32826048	-0.18797740	0.15675446	0.33843783	0.68583554	0.91797137	0.29365441	-0.23161483	0.64861542	0.18034062	0.25772786	2.22721910	0.10508695	-0.45747465	0.50333667	0.57924139	
0.00800600	 -43.84324426   81.98543178 -536.86076728   35.15217658   25.49424571   -3.29514493	  60.67082378  -92.15199233 -466.85044200   29.91774898   19.56188552   -0.41885785	-16.37129845  65.24100471  20.98690876 -35.65661484  56.28971940  31.17171875  -8.92579469 -33.69801903 -23.57519824 -64.73770735  14.61613230 -10.47493933	-0.00701300  0.11087204 -0.17011672  0.75199617 -0.58620106  0.04129359 -0.00087844 -0.01300533 -0.37626907  0.85280897 -0.48011052  0.04920680	-0.00421376  0.26432177  0.38290032 -0.36676799 -0.02419764 -0.00127335 -0.00873174  0.32483878  0.30054046 -0.14211687 -0.15608655 -0.45669397	-0.01352266  0.22040617  0.35165279 -0.34010535 -0.00008735  0.00070177 -0.01385577  0.29525273  0.26879220 -0.12980940 -0.14139839 -0.38157581	 0.09766398 -0.16462888  3.92198727	 0.02026030 -0.01123805  0.01156593	 0.02056131 -0.01076647  0.01424325	 0.00466402 -0.00709071 -0.99996398	0.35000000	0.00000000	0.00000000	0.20686743	-0.35764679	0.42312354	0.71001804	-0.58969188	0.25327241	-0.47362503	0.21649835	-0.34423292	-0.20119089	0.18222687	0.34773356	0.67357451	0.89595157	0.29657537	-0.21044654	0.66049159	0.17735928	0.24887155	2.22246909	0.15506203	-0.46079639	0.50282174	0.60034478	
0.00853500	 -26.44798082   66.49216776 -471.84001888   30.83592386   31.51358406   -3.07823298	  59.02921203  -92.55322437 -542.47035756   34.88937267   21.34563029   -2.85237440	-18.31881326  53.72694814  15.58493801 -23.48830308  61.14969957  31.54081094 -13.41043373 -36.48069715 -24.25571001 -71.31398331  20.00809282  -2.45668220	-0.00714713  0.11266725 -0.16727873  0.74929854 -0.58614773  0.04128686 -0.00099971 -0.01053706 -0.37408460  0.85178630 -0.48133566  0.04617934	-0.02027195  0.19146588  0.28990489 -0.26729645  0.02816499 -0.00420000 -0.04784897  0.26476420  0.23798361 -0.11632005 -0.15824166 -0.32864544	-0.01593393  0.21098500  0.32414514 -0.30930331  0.00752729 -0.00101211 -0.01799846  0.28627358  0.25139414 -0.11586681 -0.14406715 -0.34583926	 0.09312442 -0.16114495  3.92123897	 0.02209072 -0.00517884  0.01959028	 0.02157290 -0.00721623  0.01680361	 0.00459061 -0.00727129 -0.99996303	0.35000000	0.00000000	0.00000000	0.22404560	-0.35239738	0.44304821	0.67426646	-0.57678610	0.27823898	-0.51051635	0.22518402	-0.37204432	-0.12453855	0.14677057	0.34468853	0.66887367	0.95036918	0.31611511	-0.22118226	0.63828319	0.18454152	0.26610655	2.17198801	0.12503819	-0.45747107	0.52280283	0.56776565	
0.00851200	 -38.16345397   73.68973557 -523.60199545   34.19761628   29.69581074   -1.89817620	  53.48142660  -94.20911516 -476.65802598   30.45529093   14.70437431   -0.75203555	-14.77207125  57.90821135  24.64892538 -34.62215734  54.21271563  24.84058529  -6.50392610 -25.59876227 -20.17974062 -72.24337670  12.48908588 -15.00542217	-0.00729681  0.11445519 -0.16453244  0.74668879 -0.58611812  0.04128757 -0.00111089 -0.00808270 -0.37197985  0.85078327 -0.48251377  0.04299919	-0.02118151  0.21220103  0.32122473 -0.28945043 -0.00948840  0.00559262 -0.01413439  0.28606503  0.20590566 -0.10774461 -0.15268021 -0.39304479	-0.01529883  0.21065296  0.32293211 -0.30474278  0.00226175 -0.00022513 -0.01099562  0.29291454  0.24609718 -0.12098221 -0.13662757 -0.39263886	 0.09297432 -0.15917837  3.91908323	 0.02010660 -0.01125389  0.01025264	 0.02070487 -0.00914409  0.01299551	 0.00452526 -0.00745182 -0.99996200	0.35000000	0.00000000	0.00000000	0.23908556	-0.29936323	0.43458226	0.66791821	-0.55216134	0.30033112	-0.47226638	0.23019284	-0.35918826	-0.13779312	0.17171179	0.31874025	0.67503887	0.92319524	0.33856538	-0.18222758	0.66300583	0.17218521	0.25757036	2.18722463	0.16712455	-0.45578149	0.53100765	0.57767761	
0.00846000	 -19.89869377   64.55408490 -478.37074385   31.22193981   35.39476296   -0.64902748	  43.98123663  -96.18389097 -527.70729177   33.87626518   11.37308109   -1.85747558	-16.06593784  50.78241348  15.35169449 -24.97600647  58.10113907  25.82466954 -11.90290466 -33.34295726 -19.71076304 -75.67202291  12.03756411  -7.73300072	-0.00741751  0.11620323 -0.16178991  0.74412619 -0.58610531  0.04129839 -0.00120460 -0.00551075 -0.36977579  0.84965413 -0.48361110  0.03911568	-0.03712158  0.19897375  0.32120764 -0.26244236 -0.00996899  0.00982552 -0.00604159  0.32501248  0.25197030 -0.12548820 -0.13517970 -0.50849998	-0.01741681  0.20488499  0.31988405 -0.29567995  0.00073268  0.00323930 -0.01164896  0.30398239  0.25571831 -0.13216840 -0.12981107 -0.46308787	 0.09071448 -0.15578613  3.91768077	 0.02378560 -0.01044082  0.01521740	 0.02258543 -0.01085637  0.01344241	 0.00442798 -0.00763729 -0.99996103	0.35000000	0.00000000	0.00000000	0.19568123	-0.34322387	0.45367557	0.66623878	-0.56156647	0.29557383	-0.48533136	0.22866297	-0.39205652	-0.11843311	0.15364066	0.32425648	0.65164846	0.93819147	0.31617898	-0.18766579	0.67033178	0.18061149	0.25289893	2.12793088	0.20271927	-0.46152458	0.52849400	0.56910700	
0.00801300	 -13.40329123   63.15441205 -456.82351463   29.82651193   37.72183273    3.18919858	  38.54659583  -86.59939860 -563.74909249   36.39899187    8.54234220   -1.13134827	-11.46021954  51.18814552  16.29036584 -22.78789578  58.99819171  20.59626250 -10.08092629 -30.95949459 -20.60475087 -78.49254012  10.58938739  -0.08490221	-0.00754554  0.11781615 -0.15931939  0.74181709 -0.58609138  0.04129138 -0.00130393 -0.00313434 -0.36775279  0.84859365 -0.48462921  0.03550859	-0.04758380  0.18291964  0.32582072 -0.30667638  0.00865821  0.00829895  0.01335134  0.29702290  0.26426102 -0.13321654 -0.13047387 -0.45271532	-0.01892613  0.20082994  0.30743097 -0.28679139  0.00222755  0.00060498 -0.01074685  0.29461910  0.25047509 -0.13103074 -0.12746176 -0.44139939	 0.08807216 -0.15246587  3.91742856	 0.02050796 -0.00868279  0.01154957	 0.02172913 -0.00924108  0.01289410	 0.00435123 -0.00781799 -0.99995997	0.35000000	0.00000000	0.00000000	0.16771123	-0.33342308	0.47211316	0.64371157	-0.55364996	0.29216084	-0.51225847	0.22407418	-0.41715300	-0.08448171	0.12933844	0.30554357	0.64719206	0.95543200	0.35951322	-0.17231390	0.65169799	0.18826151	0.27520257	2.09356213	0.22114164	-0.45320743	0.54542506	0.54041392	
0.00802000	  -6.75953453   60.39430693 -456.91448530   29.79537096   43.72990960    5.01840741	  33.42808898  -87.42867035 -546.95328368   35.24596678    5.60712302   -1.83823009	-10.67951459  48.06761146  15.32139078 -18.17584969  59.83284777  17.17994644 -11.13767894 -26.45728916 -19.42019818 -77.46078706   8.40369654  -5.16727343	-0.00762757  0.11946146 -0.15697161  0.73963890 -0.58609488  0.04128998 -0.00136985 -0.00076243 -0.36583419  0.84761200 -0.48562657  0.03205056	-0.01555751  0.20583436  0.25481031 -0.25424374 -0.01040628  0.00089263  0.02270229  0.31025627  0.24520822 -0.09250352 -0.11812870 -0.40792020	-0.01249797  0.20344905  0.28813104 -0.26892736  0.00009782 -0.00003188 -0.00512653  0.29693826  0.23798091 -0.12095623 -0.12336155 -0.43310285	 0.08505041 -0.14991207  3.91590241	 0.01691866 -0.00649597  0.00927702	 0.01804810 -0.00724865  0.00993090	 0.00428994 -0.00796645 -0.99995907	0.35000000	0.00000000	0.00000000	0.17890002	-0.31421950	0.47996643	0.63468003	-0.55169934	0.33939540	-0.50299042	0.22452995	-0.41307056	-0.06448665	0.13453662	0.30986959	0.64504391	0.94469607	0.37763000	-0.14655367	0.66829360	0.16392699	0.29047239	2.05190802	0.24576616	-0.43712276	0.55100501	0.53949648	
0.00848200	   2.70969416   49.88088770 -418.42739101   27.21839593   48.06708586    5.38529692	  23.95450098  -96.04918094 -587.81894724   37.87011807   -0.49451171   -1.95710782	-11.06031629  40.13710463  17.66457782 -12.01705898  58.86109257  15.30281976 -11.49656682 -30.29055166 -16.04339404 -87.98890239   5.19614252  -4.80406344	-0.00774051  0.12117479 -0.15459362  0.73750693 -0.58608897  0.04130130 -0.00145862  0.00177790 -0.36382023  0.84653284 -0.48662434  0.02808755	-0.00735690  0.18209855  0.23915687 -0.23308614 -0.01094482  0.00929881  0.00384216  0.28288133  0.23679258 -0.12723245 -0.08260182 -0.44937079	-0.01494562  0.19842482  0.27433900 -0.24826068  0.00086409  0.00268219 -0.00852819  0.29805889  0.23919576 -0.12938860 -0.11468263 -0.46957375	 0.08285163 -0.14542860  3.91431626	 0.01923261 -0.00896961  0.01339002	 0.01845553 -0.00814448  0.01197176	 0.00422519 -0.00811843 -0.99995812	0.35000000	0.00000000	0.00000000	0.17164120	-0.30669603	0.50599545	0.62528270	-0.54390001	0.36711621	-0.50447571	0.25315499	-0.43695039	-0.02720419	0.12318805	0.28967133	0.62914121	0.97281891	0.38781852	-0.14878801	0.69133824	0.16920507	0.28859478	2.00204158	0.27007028	-0.43143895	0.57206881	0.50759453	
0.00847300	  10.12848629   46.85579778 -414.44290984   26.92331488   54.34315788    6.94705348	  13.69398772  -89.80272822 -585.41538236   37.80553618  -10.00241028   -0.13093807	 -9.56796128  38.05849326  18.00385199  -8.16399524  57.50547695   8.86212037  -8.99422311 -24.51460111 -18.28589106 -91.44571269  -3.69385010  -3.95355011	-0.00789017  0.12285061 -0.15230406  0.73553421 -0.58610327  0.04128657 -0.00156533  0.00435433 -0.36177090  0.84537563 -0.48760220  0.02368104	-0.02345043  0.23796366  0.26813594 -0.24151930 -0.03237695 -0.02707570 -0.01232245  0.31607962  0.27507784 -0.15505346 -0.14454953 -0.57229892	-0.01848530  0.19991289  0.27004879 -0.23115566 -0.00408910 -0.00169070 -0.01112712  0.30711496  0.24564718 -0.14018014 -0.11658604 -0.53016787	 0.08093089 -0.14134877  3.91222118	 0.01846695 -0.01089722  0.01386597	 0.01873394 -0.01033482  0.01371995	 0.00413860 -0.00828044 -0.99995715	0.35000000	0.00000000	0.00000000	0.11987241	-0.29817039	0.53514010	0.61080199	-0.54608315	0.38704237	-0.49173748	0.25633556	-0.47101444	-0.02192814	0.13863058	0.25687280	0.58528119	0.97046137	0.42296624	-0.12118343	0.69851857	0.13685679	0.28843224	1.90472639	0.36287439	-0.42435211	0.59826171	0.50663215	
0.00805000	  14.09054469   29.09553118 -346.03175269   22.46229763   51.37311876    5.33475526	   6.95269390  -85.96008306 -675.34196627   43.78408437  -11.44143651    0.44591459	  -5.31474652   24.87792528   13.11779773    6.70468526   58.61076522    5.80091637   -8.69176594  -26.47904968  -17.34988365 -100.47288880   -0.39322046    6.89025014	-0.00798305  0.12436096 -0.15036677  0.73400346 -0.58609376  0.04129361 -0.00167852  0.00675832 -0.35985033  0.84426601 -0.48847473  0.01944891	-0.00978463  0.17935378  0.19496465 -0.14601918  0.02167571  0.00624051 -0.01247542  0.29547469  0.21778670 -0.13457772 -0.09516260 -0.50296031	-0.00906261  0.18665962  0.23238914 -0.17728552  0.00248963  0.00050438 -0.01261026  0.29524052  0.23621354 -0.13808707 -0.10696974 -0.51572046	 0.07839857 -0.13503624  3.91150818	 0.01927533 -0.01232255  0.01719805	 0.01907327 -0.01180607  0.01597149	 0.00404476 -0.00843207 -0.99995627	0.35000000	0.00000000	0.00000000	-0.12170467	-0.18006442	0.52990234	0.46029392	-0.50899738	0.53914022	-0.57806349	0.31831145	-0.57454222	0.16317520	0.13571396	0.18821642	0.47119385	0.84666538	0.53191787	-0.10080771	0.76772261	0.08610148	0.35989651	1.50011897	0.46463776	-0.36367971	0.59238660	0.42605329	
0.00844800	   7.00879828   -9.77669632 -219.20469304   13.87110106   33.27748026   -1.09534978	 -24.55162710 -111.18747436 -768.03409352   49.62375140  -34.08266965    9.42995106	  -1.53823571    9.83024943   10.89953682   38.28459562   39.10702220  -20.22702931    2.10846413  -24.61881965   -6.34629674 -130.62981504  -16.57566695   -0.92455229	-0.00803981  0.12595500 -0.14867870  0.73314360 -0.58610919  0.04091259 -0.00182055  0.00926073 -0.35761468  0.84289091 -0.48938674  0.01458782	 0.00008477  0.18577228  0.18957696 -0.05896056  0.00717442 -0.08827102 -0.01304904  0.30723821  0.28384881 -0.24152798 -0.07659565 -0.72678390	-0.00530429  0.18872175  0.19114553 -0.08294190 -0.00133617 -0.06304927 -0.01635451  0.29957629  0.27292766 -0.17658631 -0.10446917 -0.60773769	 0.08199834 -0.12528035  3.90706009	 0.02144218 -0.02924118  0.01769882	 0.02094628 -0.02359412  0.01758412	 0.00387114 -0.00860742 -0.99995546	0.35000000	0.00000000	0.00000000	-0.58920044	0.02539873	0.56677157	0.18022834	-0.44022590	0.74922460	-0.59835893	0.42397687	-0.75567460	0.44185126	0.19077791	0.01997715	0.25692016	0.61046004	0.68981117	-0.00737706	0.88951951	-0.02436489	0.33926558	0.94266391	0.71684027	-0.23947032	0.59757245	0.41636816	
0.00802900	-25.06707165 -73.47323223 -82.76521667   4.86149108  14.52109254 -11.97931284	 -43.36203993 -119.92313388 -923.07774538   59.90453589  -49.76877510   17.01469448	  -0.00589558  -14.67600632   -7.93214971   99.29432935   19.66283910  -52.39549834   10.35337090  -34.42804837   -9.89911076 -153.00438344  -27.36454511   12.61578563	-0.00805644  0.12757827 -0.14774294  0.73413962 -0.58610025  0.03857066 -0.00194676  0.01161126 -0.35499866  0.84129849 -0.49030541  0.00910973	-0.01681266  0.22880066  0.06554207  0.27754155  0.00566265 -0.49062992 -0.00555882  0.23144019  0.34233713 -0.18528018 -0.11273337 -0.64047946	-0.00343592  0.20784478  0.09451202  0.18203574  0.00284423 -0.36436925 -0.01637078  0.28476091  0.33550580 -0.20036214 -0.11699216 -0.68707428	 0.09076488 -0.10840336  3.89948382	 0.03649641 -0.06559818  0.01650497	 0.03136466 -0.05326344  0.01690951	 0.00349143 -0.00883667 -0.99995486	0.35000000	0.00000000	0.00000000	-0.87745100	0.06514794	0.69195539	-0.02858663	-0.45013085	0.81414646	-0.61267662	0.47251245	-0.89992338	0.66730732	0.20278603	-0.01153691	0.08137468	0.62996799	0.87330431	0.11496090	0.86910838	-0.11095903	0.32758170	0.65718508	0.84970492	-0.16177817	0.60231459	0.40160435	
0.00851100	-18.01278193 -80.07695375 -61.67293691   3.78002124  11.69670669 -11.66401363	 -46.43745998 -131.89655662 -956.02352626   61.93468172  -59.84585739   20.27591967	   1.65927930  -20.01285374  -24.17651671  108.32536402   -1.18379964  -55.99297786   14.27001601  -26.48555934  -22.25906494 -171.95533556  -29.68772131    4.85435776	-0.00806828  0.12946344 -0.14827141  0.73867790 -0.58632041  0.03187397 -0.00204187  0.01398807 -0.35176278  0.83933793 -0.49129896  0.00223399	-0.00917058  0.22055354 -0.17374429  0.69119876 -0.05026152 -0.96404144  0.00110424  0.25093314  0.35895526 -0.23963955 -0.08650042 -0.84652683	-0.00240642  0.22321507 -0.10049677  0.60648013 -0.03654273 -0.87081220 -0.01018975  0.27716105  0.38260958 -0.23704349 -0.10964500 -0.84017024	 0.09658123 -0.08905717  3.89410786	 0.05081639 -0.08135130  0.00979790	 0.04656089 -0.07735109  0.01199107	 0.00284237 -0.00921455 -0.99995351	0.35000000	0.00000000	0.00000000	-0.95822507	0.13664247	0.71599144	-0.08406228	-0.48709527	0.84065014	-0.57817787	0.50427723	-0.93431842	0.61694509	0.21525955	0.02129475	-0.01122116	0.64358515	0.96329218	0.18979958	0.84687811	-0.13303638	0.27237031	0.54702818	0.93605840	-0.17784566	0.59180427	0.39006978	
0.00852100	 -6.66793976 -27.62196732   2.95764577   0.78580717   1.38652302  -0.93830796	  -55.37179934  -122.52537802 -1017.05314811    66.26656807   -65.63930547     9.79328792	  -1.32401343  -15.47267067  -24.48571252  100.32956201   -7.36038557  -39.19225422   11.96647395  -31.09732795  -28.52060486 -172.97210222  -34.20155293   19.70482048	-0.00806635  0.13133051 -0.15063049  0.74711995 -0.58692860  0.02122423 -0.00209575  0.01638821 -0.34827177  0.83706531 -0.49213569 -0.00593994	-0.01952747  0.20305362 -0.33768695  1.11917816 -0.08266287 -1.29780460 -0.02009090  0.27828261  0.38712558 -0.27700799 -0.07960849 -0.92091288	-0.00082424  0.20967034 -0.30588958  1.04956445 -0.07377326 -1.28603946 -0.00751447  0.27877580  0.40428900 -0.26503290 -0.09469697 -0.95540582	 0.10113412 -0.07073447  3.89018502	 0.04765802 -0.08478950  0.00497964	 0.04920411 -0.08385415  0.00628480	 0.00213056 -0.00964488 -0.99995122	0.35000000	0.00000000	0.00000000	-1.02271354	0.10697916	0.70673853	-0.07306346	-0.53489232	0.81359887	-0.60450226	0.54435033	-0.96476746	0.51171571	0.21903355	0.04960845	-0.06538112	0.65588492	1.04344070	0.16974816	0.81722951	-0.16398828	0.29514894	0.47457957	0.94554538	-0.21432884	0.55375528	0.33289066	
0.00849100	 -1.62425164 -13.12340577   9.72062369   0.26220430   0.24826541   0.12969921	  -52.09377532  -111.74136913 -1038.08561119    67.86296938   -61.46930538     8.81664321	   0.50879717   -6.70122394  -26.73777485   85.01358604  -16.07723692  -25.10468090   15.40588727  -30.89306355  -32.07135112 -168.94982249  -29.40746596   28.29630074	-0.00807180  0.13282040 -0.15464674  0.75896189 -0.58783621  0.00869894 -0.00211090  0.01875694 -0.34486233  0.83488843 -0.49290351 -0.01410809	-0.02148042  0.12686977 -0.50712935  1.41229675 -0.11721978 -1.34036753  0.00057110  0.24247002  0.33730762 -0.22288984 -0.07301130 -0.83626583	-0.00170715  0.16828926 -0.49777360  1.43459555 -0.11830559 -1.46090934 -0.00235400  0.27460311  0.39222503 -0.24862620 -0.08547816 -0.94062838	 0.10369268 -0.05581734  3.88843180	 0.02233966 -0.07847609  0.00269695	 0.03030295 -0.08055997  0.00333077	 0.00143353 -0.00994421 -0.99994953	0.35000000	0.00000000	0.00000000	-1.04426813	0.14978378	0.65545374	-0.12336022	-0.54435301	0.81941062	-0.63509595	0.58403152	-0.97062677	0.44398737	0.17813569	0.03668834	-0.10290398	0.63581598	1.10624790	0.15286952	0.78721088	-0.17022520	0.34574881	0.38294092	0.89835775	-0.22515534	0.50530678	0.26043069	
0.00846700	 2.06349230 -7.09392392  7.39282777  0.09829511  0.18383693  0.11667324	 -55.68225029 -128.40896093 -993.74691064   64.86498042  -61.82058589   10.31065678	   2.18408478    2.34362081  -28.82292282   65.47749269  -17.49793857  -21.35206753   14.25392644  -37.18994951  -27.62054845 -163.84085679  -30.88501328   17.28220353	-0.00806208  0.13410559 -0.16007551  0.77348884 -0.58933216 -0.00396318 -0.00212295  0.02121064 -0.34161948  0.83278969 -0.49361934 -0.02221794	 0.01739955  0.15513657 -0.73439955  1.92373105 -0.24654153 -1.58842559 -0.02369071  0.31376611  0.36143582 -0.27757294 -0.05928014 -1.03774021	 0.00180212  0.14743861 -0.66317865  1.75261598 -0.18935397 -1.49027208 -0.00355043  0.29116528  0.37760198 -0.24748868 -0.08083590 -0.97186346	 0.10594716 -0.04270578  3.88464567	 0.00464977 -0.06846388  0.00183249	 0.00994790 -0.07163975  0.00207212	 0.00081000 -0.01004900 -0.99994918	0.35000000	0.00000000	0.00000000	-1.03040016	0.16055229	0.65700370	-0.09884644	-0.57417339	0.85068804	-0.55094242	0.56833053	-0.92262775	0.30990434	0.29855463	0.08596964	-0.13932794	0.59581310	1.09057832	0.16118488	0.78971350	-0.24303144	0.36552325	0.32995209	0.91373020	-0.29713002	0.45567337	0.26104110	
0.00847300	 4.84024243  0.89695989  6.51024749 -0.06329784  0.17602591 -0.00925319	  -65.31786022   -61.87640891 -1122.43557433    49.00217757   -58.29675937    10.57138781	  -1.54530373    3.05205881  -20.74556269   42.37739755  -16.83959372   -5.37128794   17.93422426  -48.55156660  -27.42441007 -157.10109562  -25.66097143   35.20024902	-0.00806810  0.13518702 -0.16648147  0.78969234 -0.59139619 -0.01516041 -0.00211187  0.02354286 -0.33863269  0.83113657 -0.49440125 -0.02890971	-0.00438593  0.10845277 -0.79646540  1.98135980 -0.29440670 -1.20064926  0.01919320  0.27246219  0.31370764 -0.17179963 -0.11612629 -0.57293983	-0.00079372  0.12539623 -0.76721736  1.93590007 -0.25481418 -1.26401380  0.00240313  0.26761371  0.34352979 -0.17878891 -0.09885770 -0.70768539	 0.11084793 -0.03286646  3.89076765	-0.03653614 -0.07111776 -0.00004621	-0.02400195 -0.07037847  0.00049612	 0.00021969 -0.00990739 -0.99995090	0.35000000	0.00000000	0.00000000	-1.05928397	0.14707445	0.64043260	-0.18482858	-0.53820986	0.86593342	-0.60687828	0.62556440	-0.91687322	0.32256684	0.21595526	0.03682164	-0.14719298	0.57096553	1.11308968	0.08310907	0.76321584	-0.26758122	0.46193689	0.21875186	0.79094994	-0.22993104	0.39645457	0.19311418	
0.00803800	 7.51305326 -4.13776001  3.65996973  0.04260206  0.17983273  0.07472630	  -57.49755748   -62.02080496 -1087.95785684    28.31626096   -53.38305739    10.75871521	   2.71773115    7.89688942  -29.33687098   33.72775373  -17.38032223  -21.26052481   15.53467823  -53.90865517  -28.28760628 -155.34231287  -22.30021298    3.42500889	-0.00806250  0.13614793 -0.17307727  0.80574755 -0.59381933 -0.02387184 -0.00212265  0.02538137 -0.33623307  0.83033382 -0.49536226 -0.03230429	 0.01738578  0.10976330 -0.85541170  2.07625648 -0.33667818 -1.10337540  0.00364754  0.25600566  0.27906716 -0.08126877 -0.13221843 -0.32573802	 0.00164499  0.11961570 -0.83433560  2.01594680 -0.31129104 -1.09534406 -0.00007062  0.22969250  0.29111223 -0.09160890 -0.12462138 -0.39765033	 0.11239396 -0.02695895  3.89575699	-0.06330898 -0.06070036 -0.00080559	-0.05517350 -0.06444064 -0.00057923	-0.00031215 -0.00949080 -0.99995491	0.35000000	0.00000000	0.00000000	-1.01954305	0.22387785	0.66306585	-0.29145676	-0.48657161	0.91971278	-0.53750920	0.60230267	-0.88362181	0.31334725	0.23110202	0.04232060	-0.14290151	0.53428543	1.02612531	0.15840051	0.77551788	-0.27795875	0.46440169	0.17631122	0.79206425	-0.22101152	0.36270696	0.22895713	
0.00801700	 7.53401905 -3.83891385  4.08640987  0.03512409  0.18401235  0.06768401	  -54.36308274   -76.92500840 -1087.66042194    15.13855238   -51.29632992    10.18281446	   0.12684210    4.62724504  -27.11755978   32.93561935  -15.77588443  -19.70430227   18.80050783  -73.04794550  -24.95556012 -154.95506096  -19.31679641  -17.15790054	-0.00806012  0.13691098 -0.18029135  0.82236438 -0.59665532 -0.03228675 -0.00211713  0.02694145 -0.33416980  0.82998587 -0.49647331 -0.03429050	 0.00767225  0.06331794 -0.96272899  2.08818379 -0.36658765 -1.04282300  0.01692799  0.17082973  0.26600729  0.00096994 -0.14499331 -0.20367784	 0.00232711  0.08809271 -0.91254678  2.08770685 -0.36138382 -1.04690338  0.00200874  0.19001326  0.25453834 -0.03818226 -0.14148072 -0.23986731	 0.11393722 -0.01911226  3.90018979	-0.05647977 -0.05106013 -0.00113995	-0.05914285 -0.05418543 -0.00104496	-0.00075460 -0.00899658 -0.99995925	0.35000000	0.00000000	0.00000000	-1.00713050	0.26898444	0.66992712	-0.40151733	-0.42310098	0.96390808	-0.51235074	0.64683902	-0.89852625	0.32446575	0.23721924	0.05423154	-0.15632810	0.50896573	0.94046587	0.16161987	0.82101560	-0.27944753	0.47897884	0.15051192	0.74493462	-0.22420815	0.33654600	0.22000159	
0.00848200	 6.30734203 -1.04851706  3.87162986 -0.05896212  0.16625268  0.03112300	  -47.45194836   -72.89899044 -1055.72803673    -2.71473703   -48.65166624     9.97488783	   0.48100825   17.02943224  -26.54037847   35.20570520  -12.69706678  -20.13408159   18.55676517  -75.25556087  -26.93610983 -156.22887015  -17.81031185  -37.42016742	-0.00805620  0.13739277 -0.18857481  0.84064743 -0.60000990 -0.04080687 -0.00213816  0.02831940 -0.33220241  0.82982406 -0.49772930 -0.03577708	 0.01767093  0.04454583 -0.99617166  2.19195704 -0.42469645 -0.96741477 -0.00653751  0.14141091  0.23153597 -0.02210752 -0.15852239 -0.19326906	 0.00167577  0.05548651 -0.98747770  2.16446303 -0.39980967 -0.99692258 -0.00263008  0.16112681  0.22932924 -0.01562330 -0.15001190 -0.17728832	 0.11459507 -0.01339030  3.90288943	-0.05960483 -0.03794429 -0.00106343	-0.05799311 -0.04218301 -0.00110204	-0.00113210 -0.00851402 -0.99996311	0.35000000	0.00000000	0.00000000	-0.97039980	0.32779360	0.66828430	-0.47450367	-0.38390011	1.00316238	-0.46738809	0.65897584	-0.91219705	0.27801546	0.24795929	0.04407711	-0.15506226	0.46677840	0.88880879	0.17970249	0.83917511	-0.29421160	0.49360347	0.12798347	0.71318281	-0.21111162	0.30954921	0.23872843	
0.00801300	 6.37448644  0.62295528  2.06009783 -0.10208818  0.15674670  0.01035108	  -49.40808774   -76.37057555 -1038.89033341   -10.57197496   -48.02901029    10.26624719	   0.32334135   18.79443383  -24.14513136   25.56867751   -7.77367777  -19.19089325   23.04696981  -85.94897485  -22.66760754 -150.36431450  -17.78717199  -45.30102652	-0.00806840  0.13776010 -0.19694630  0.85829975 -0.60326804 -0.04846115 -0.00213708  0.02955204 -0.33051938  0.82975595 -0.49893683 -0.03703190	 0.00777348  0.05129383 -0.99923068  2.02571584 -0.33855296 -0.86802851  0.00141955  0.13538904  0.20749465 -0.02266175 -0.14437710 -0.16558561	-0.00038074  0.04527352 -1.04456108  2.19414274 -0.39994597 -0.94240684 -0.00160908  0.14950510  0.20923626 -0.00890781 -0.15198531 -0.15778711	 0.11591080 -0.00787819  3.90413495	-0.05977421 -0.02882558 -0.00108038	-0.05993018 -0.03168887 -0.00108032	-0.00139372 -0.00803181 -0.99996677	0.35000000	0.00000000	0.00000000	-0.99301040	0.34872937	0.66824985	-0.53511250	-0.32093683	0.98795402	-0.45057324	0.67853796	-0.94051504	0.27045894	0.24117798	0.02108475	-0.16594547	0.44454277	0.83212805	0.16769767	0.85856152	-0.29091591	0.51949400	0.11693272	0.69780779	-0.20634499	0.27961719	0.26745838	
0.00848900	 6.35471491  0.15695735  3.67011983 -0.09853182  0.15089808  0.01596159	  -50.72754944   -74.99696122 -1034.62633953   -15.91156637   -47.54750168    10.46498300	   2.51137037   21.86904418  -24.99512248   34.39987205  -13.35259482  -21.62954527   21.63865270  -89.39225745  -21.32398438 -151.16708577  -17.26754723  -49.82206148	-0.00806498  0.13803338 -0.20631119  0.87739818 -0.60679205 -0.05630250 -0.00213002  0.03076715 -0.32879285  0.82974392 -0.50027674 -0.03825186	-0.01246893  0.05113932 -1.15716414  2.30472535 -0.43556418 -0.95807599  0.01171069  0.13895112  0.22713862  0.02304070 -0.16419484 -0.16979053	-0.00041957  0.03378052 -1.11167274  2.25628310 -0.41799709 -0.92388660 -0.00013806  0.13958820  0.20497706  0.00014103 -0.15852473 -0.14424830	 0.11760549 -0.00233680  3.90428522	-0.06031147 -0.02212637 -0.00083962	-0.06006213 -0.02419798 -0.00091523	-0.00160755 -0.00752259 -0.99997041	0.35000000	0.00000000	0.00000000	-0.96511376	0.35874128	0.70371938	-0.54478276	-0.31370336	1.02738249	-0.39654672	0.68825090	-0.92135596	0.23619822	0.30549958	0.01963620	-0.18457441	0.44383350	0.83444124	0.16456127	0.83995521	-0.34422496	0.52496761	0.08526360	0.68674785	-0.22745331	0.25516802	0.26245275	
0.00847900	 6.55416350  5.94734638  0.40234132 -0.23976593  0.09429607 -0.07070832	  -42.85176242   -78.89921626 -1022.10787322   -16.53817426   -40.73405134     9.35690990	   3.14734365   21.70124841  -19.06272218   16.63871380   -8.58817287  -12.88477276   22.39860123  -94.62092280  -21.60850025 -149.60148972  -11.29487785  -50.12711978	-0.00806203  0.13819580 -0.21606689  0.89673495 -0.61046557 -0.06344071 -0.00213368  0.03184962 -0.32714403  0.82971819 -0.50165040 -0.03930429	 0.00145699  0.02522949 -1.17023106  2.34858923 -0.46785422 -0.78585814 -0.01412015  0.10196823  0.17957699 -0.00642888 -0.17523542 -0.13362873	 0.00029187  0.01850226 -1.15447604  2.28055165 -0.43368002 -0.81179042  0.00072554  0.12291491  0.19296956 -0.00319698 -0.16306498 -0.12114810	0.11934186 0.00382272 3.90467721	-0.05716012 -0.01590992 -0.00089271	-0.05796613 -0.01787619 -0.00089611	-0.00176761 -0.00702456 -0.99997377	0.35000000	0.00000000	0.00000000	-0.95856196	0.39350972	0.69595075	-0.58722460	-0.27094603	1.03925157	-0.39719853	0.71919930	-0.91457868	0.22260374	0.31636778	-0.00577884	-0.19339772	0.42399001	0.80603403	0.11376622	0.84084237	-0.36382702	0.56599551	0.04044170	0.61523587	-0.21712752	0.22422525	0.24743773	
0.00854400	 7.25633110  4.57223688 -2.04903960 -0.21236941  0.08311997 -0.05204127	  -46.61626345   -70.81301487 -1004.30233402   -23.87569964   -41.30921051    11.38315205	   4.42047492   28.18131065  -19.35991016    8.55846582   -6.10859913  -18.81322263   25.13401850  -92.81314516  -18.66732589 -144.08386052  -12.69306155  -57.32782251	-0.00807353  0.13830599 -0.22592663  0.91564039 -0.61397567 -0.06943076 -0.00212633  0.03283124 -0.32549545  0.82972541 -0.50306517 -0.04020318	-0.02881654  0.02052176 -1.02989991  2.00384708 -0.37588729 -0.61175663 -0.00644671  0.10678937  0.18241027 -0.00580353 -0.15315851 -0.07041842	-0.00393911  0.01612254 -1.14585643  2.19224347 -0.40623966 -0.68955256  0.00033488  0.11472097  0.19236847 -0.00022427 -0.16368857 -0.10203820	0.12164787 0.00803857 3.90406477	-0.05886376 -0.01114977 -0.00496861	-0.05827862 -0.01258603 -0.00364358	-0.00188038 -0.00653297 -0.99997689	0.35000000	0.00000000	0.00000000	-0.98708254	0.43258056	0.69019598	-0.66110915	-0.19668728	1.00208640	-0.39352569	0.71872878	-0.94701815	0.23489121	0.26212546	-0.06857007	-0.17829771	0.41583219	0.77024400	0.12478981	0.83583331	-0.33621940	0.59513396	0.03849273	0.62497234	-0.18914278	0.21267945	0.28470963	
0.00849500	 7.78756592  0.38534800  0.98189692 -0.10486726  0.15344503  0.04973104	  -53.42749101   -69.89992450 -1022.13333704   -29.25202230   -41.43744998    10.56337635	   9.10179805   27.36271811  -28.32325551   23.74082816   -8.64964154  -25.45674735   24.06249558  -99.15622449  -14.57240516 -142.27048078  -10.95478304  -62.25663912	-0.00799191  0.13845011 -0.23598812  0.93420000 -0.61732358 -0.07544385 -0.00207202  0.03372446 -0.32389875  0.82971561 -0.50454745 -0.04105814	-0.00072168  0.02746629 -1.11443310  2.01331531 -0.37178944 -0.68486588  0.01057060  0.10096463  0.15840245  0.00103858 -0.15692935 -0.10337463	 0.01121892  0.01941075 -1.18385125  2.16977182 -0.39152616 -0.71715295  0.00551708  0.10448168  0.18530517 -0.00109910 -0.17250835 -0.09816167	0.12336851 0.01275784 3.90365507	-0.05687221 -0.00681577 -0.00668879	-0.05750855 -0.00813836 -0.00621620	-0.00195508 -0.00604004 -0.99997985	0.35000000	0.00000000	0.00000000	-0.97769350	0.43810701	0.70106703	-0.67969346	-0.17189154	1.00744879	-0.35488424	0.70814192	-0.95948350	0.24322602	0.28981230	-0.06338964	-0.19414853	0.42243728	0.75586772	0.15476009	0.83470750	-0.34866360	0.60429084	0.01958571	0.64033133	-0.20917259	0.18180211	0.29603934	
0.00849800	 7.20677924  3.86053364  0.19023272 -0.18683402  0.11627545 -0.01350292	  -53.76106476   -70.06462782 -1022.71092231   -30.84101144   -40.54285979     9.63469908	   7.56772925   27.68157744  -22.24604209   17.76356339   -7.25304819  -18.74880162   23.07695074 -103.33996296  -13.70366650 -144.12819958  -10.30931812  -62.50755048	-0.00777395  0.13860686 -0.24634133  0.95276164 -0.62056863 -0.08162341 -0.00202048  0.03446731 -0.32225534  0.82972832 -0.50608476 -0.04174161	 0.00979101  0.01481685 -1.20926757  2.12250640 -0.35048383 -0.67289755  0.00762967  0.06054364  0.19064974  0.02866103 -0.18041100 -0.04330442	 0.02421560  0.01758697 -1.21522639  2.16669900 -0.37750425 -0.71101281  0.00658323  0.08324832  0.19324076  0.00279057 -0.18021766 -0.07332763	0.12651811 0.01814943 3.90337862	-0.05118981 -0.00800420 -0.00610502	-0.05293414 -0.00754174 -0.00630548	-0.00201523 -0.00558118 -0.99998239	0.35000000	0.00000000	0.00000000	-0.97134322	0.45382243	0.72209972	-0.70997286	-0.13484238	1.02647388	-0.34609109	0.73128706	-0.96720964	0.24092957	0.31257254	-0.08732191	-0.21122991	0.40706322	0.76058358	0.11506291	0.83236706	-0.38008216	0.62849700	-0.00395447	0.59048152	-0.21292479	0.15696461	0.29270318	
0.00800600	 8.21337270  6.03885646 -1.71670608 -0.24675324  0.06623733 -0.03801337	  -45.84828304   -64.37958675 -1013.86689415   -38.17642968   -35.46679846    10.92845920	   8.97802128   32.48808277  -21.66013511    9.43419672  -10.76570439  -17.57255261   24.88602830 -101.56713629  -17.39978238 -140.14807123   -5.24968757  -71.11474794	-0.00743033  0.13876578 -0.25620560  0.96988124 -0.62356060 -0.08691446 -0.00193598  0.03507241 -0.32071266  0.82971102 -0.50757739 -0.04227265	 0.04464784  0.00839968 -1.22286032  2.10952346 -0.39203068 -0.58794747  0.03003418  0.08637721  0.18527046 -0.01109515 -0.19230091 -0.06091020	 0.04538380  0.01999930 -1.23112812  2.12622065 -0.37418093 -0.64685749  0.01358207  0.07498780  0.19119361 -0.00293648 -0.18598568 -0.06619339	0.12828948 0.02159753 3.90347444	-0.05137970 -0.00387278 -0.01338100	-0.05121558 -0.00532439 -0.01086252	-0.00206427 -0.00517397 -0.99998448	0.35000000	0.00000000	0.00000000	-0.95514905	0.49069980	0.70809054	-0.73736596	-0.11036766	1.03899539	-0.33083346	0.74827576	-0.94445002	0.20057505	0.32738647	-0.09736445	-0.21123837	0.37648550	0.73937315	0.11410464	0.83203202	-0.38435417	0.63928646	-0.02461012	0.57797086	-0.20349178	0.12556341	0.30507246	
0.00849900	 7.53237395  6.23628985 -2.47128384 -0.25354576  0.07237572 -0.05684569	  -44.81007073   -64.78129915 -1016.95881824   -39.39206534   -30.82831472     8.77584879	   5.96000263   31.52164173  -20.57963984    7.57704853   -4.86596692  -17.90405980   21.78376396 -107.89476252  -13.25685678 -137.10995844   -1.26053521  -68.14724302	-0.00691488  0.13902852 -0.26670697  0.98742801 -0.62662531 -0.09188513 -0.00182510  0.03559950 -0.31907813  0.82970823 -0.50915223 -0.04269489	 0.05598862  0.04624448 -1.18342331  1.88496542 -0.30821353 -0.50806924  0.03361779  0.01550823  0.16224597 -0.02429221 -0.15489016 -0.02957615	 0.05909209  0.03046383 -1.22416708  2.03059073 -0.35023170 -0.56691099  0.01465948  0.05536358  0.18930946 -0.00294551 -0.18409790 -0.04068307	0.13065670 0.02575784 3.90381676	-0.04641737 -0.00332919 -0.01255274	-0.04804564 -0.00341244 -0.01295098	-0.00209177 -0.00475680 -0.99998650	0.35000000	0.00000000	0.00000000	-0.98776114	0.50221980	0.69912893	-0.77292633	-0.05826897	1.02376175	-0.34392506	0.75486290	-0.97564703	0.25213662	0.29744282	-0.10716783	-0.21491821	0.36799103	0.73176944	0.11596035	0.83247310	-0.37325716	0.68366653	-0.02924015	0.55317771	-0.19423881	0.09337610	0.32248232	
0.00845600	 7.88677040  3.41725147 -1.89907430 -0.17360875  0.07514192  0.00904116	  -51.99151628   -54.37862907 -1008.11194410   -47.43274059   -36.88324510     9.09963514	   9.51974965   31.99761796  -23.57825311   12.46971596   -8.29885592  -22.76571342   22.40695987 -100.36046696  -14.32035825 -134.21421641   -7.76612878  -79.37687922	-0.00630744  0.13937090 -0.27722785  1.00437161 -0.62946560 -0.09657616 -0.00173002  0.03606339 -0.31740220  0.82970933 -0.51078826 -0.04305818	 0.08090428  0.04927070 -1.23606076  1.94040089 -0.30184262 -0.52757164  0.00632966  0.05737543  0.19858758 -0.03046743 -0.20937261 -0.03926053	 0.07519057  0.04540795 -1.24743568  1.99416324 -0.33310567 -0.55914047  0.01140298  0.05497836  0.19780000 -0.00332345 -0.19420408 -0.04677276	0.13329514 0.02750102 3.90310341	-0.04883257 -0.00184313 -0.01408180	-0.04787563 -0.00231291 -0.01354312	-0.00211341 -0.00435638 -0.99998828	0.35000000	0.00000000	0.00000000	-0.96484244	0.52570564	0.72200847	-0.81264549	-0.02585758	1.03509343	-0.30358729	0.74862832	-0.97193885	0.22416893	0.31715041	-0.12869492	-0.20788459	0.35365230	0.72588509	0.14274788	0.82292336	-0.41443694	0.68263298	-0.03523009	0.57261378	-0.19612999	0.08248515	0.35947379	
0.00803400	 7.62025495  4.85302582 -2.61642896 -0.20242889  0.04907916 -0.04374979	  -41.91997398   -55.07827548 -1022.46939981   -48.17662113   -26.64682968    10.97497254	   7.47811149   28.37648296  -20.21991042    7.71648014   -7.25222448  -18.67348567   24.92260880 -108.74859643  -14.26021817 -134.25702238    4.18202763  -75.12621784	-0.00555807  0.13978238 -0.28719308  1.01980549 -0.63201370 -0.10092985 -0.00156624  0.03644431 -0.31581885  0.82972587 -0.51234094 -0.04339650	 0.10097086  0.04842847 -1.13955061  1.75175273 -0.26562892 -0.45038531  0.02195538  0.03640498  0.17100086  0.02546472 -0.17214589 -0.02172715	 0.09546874  0.04923828 -1.23868336  1.90910717 -0.31258313 -0.52875656  0.02310034  0.04248874  0.19720350  0.00249775 -0.19033680 -0.03629802	0.13516351 0.03174965 3.90399443	-0.04309368 -0.00053482 -0.02260430	-0.04513496 -0.00096967 -0.01968983	-0.00212200 -0.00398564 -0.99998981	0.35000000	0.00000000	0.00000000	-0.98447019	0.52602589	0.69891888	-0.83854759	0.01189665	1.02626693	-0.35025334	0.78051454	-0.99280995	0.25572067	0.30500713	-0.13469946	-0.22078292	0.35290718	0.71355110	0.13006830	0.82066274	-0.37291703	0.71568483	-0.04497724	0.55014551	-0.18723112	0.04433964	0.36462307	
0.00800000	 8.70998465  3.08990333 -1.34042020 -0.16157181  0.11926912 -0.00241021	  -50.47211042   -50.70999018 -1020.93475954   -51.00107245   -28.41473159     9.62737631	   7.29987581   31.46274710  -29.57948093   14.66125026   -7.32947590  -23.32378811   22.47752074 -105.17700815   -9.32414466 -135.07411686    1.85070037  -79.13618380	-0.00472562  0.14024940 -0.29720927  1.03474257 -0.63441330 -0.10515270 -0.00140126  0.03671857 -0.31425325  0.82971425 -0.51389728 -0.04354176	 0.09021697  0.05463691 -1.23331047  1.79743688 -0.26843816 -0.53638148 -0.00905668  0.02343235  0.17369254  0.00819334 -0.18927173 -0.03071830	 0.10477204  0.06080983 -1.25179825  1.85760892 -0.29454847 -0.53212300  0.01992465  0.03232025  0.19482802 -0.00043223 -0.19205076 -0.01858975	0.13663426 0.03386324 3.90424651	-0.04284458  0.00150914 -0.02187767	-0.04280921  0.00083158 -0.02226876	-0.00211719 -0.00364582 -0.99999111	0.35000000	0.00000000	0.00000000	-0.97177881	0.54327947	0.71620870	-0.85184991	0.04096250	1.03953564	-0.30856377	0.75451297	-0.99816275	0.25454995	0.32027248	-0.14917955	-0.22076042	0.35271606	0.71579069	0.14867100	0.80397493	-0.40641972	0.73355657	-0.06316191	0.55863851	-0.20781159	0.02792427	0.37884936	
0.00800600	 8.23014840  6.14326689 -3.14186234 -0.22823855  0.07410516 -0.03851644	  -47.92039692   -51.26743714 -1017.46848838   -53.65774448   -26.75373375    12.49148718	   9.68922848   29.62864733  -23.81450251    6.04593626   -5.44114472  -16.48845729   26.98370826 -108.28784513  -10.84666650 -132.50443229    3.63392711  -80.80748159	-0.00372325  0.14079923 -0.30737966  1.04925417 -0.63662559 -0.10920812 -0.00117248  0.03691452 -0.31267790  0.82971508 -0.51547320 -0.04360333	 0.15788065  0.07062659 -1.17966545  1.68891085 -0.24458721 -0.46086265  0.03532959 -0.01334144  0.18247030 -0.02032328 -0.19542904 -0.01986750	 0.13066613  0.06965872 -1.25697238  1.78796481 -0.26795179 -0.48689097  0.03008236  0.02061378  0.19357416 -0.00109716 -0.19484458 -0.00998877	0.13870953 0.03766302 3.90477888	-0.03851830  0.00200122 -0.03411535	-0.04001389  0.00186744 -0.02987246	-0.00210141 -0.00331945 -0.99999228	0.35000000	0.00000000	0.00000000	-0.97310793	0.55749911	0.68699110	-0.87568206	0.07606701	1.03301215	-0.34690490	0.78559339	-1.00410414	0.26271337	0.31649441	-0.13593569	-0.23013727	0.30864102	0.71470225	0.14676887	0.82310647	-0.40933976	0.75993073	-0.05371222	0.52928448	-0.19835311	-0.00311435	0.38845804	
0.00849300	 8.94787582  5.00764209 -2.85618852 -0.20561409  0.11003678 -0.05118746	  -47.77870311   -44.34167322 -1011.65856586   -57.26799690   -23.16159896     9.19602794	   4.75339496   31.15744984  -30.05252252    9.40536729   -5.54397735  -20.13299568   21.29392909 -103.75488734   -8.35617384 -128.47259226    6.92745260  -86.25682127	-0.00253459  0.14143486 -0.31826029  1.06401367 -0.63868245 -0.11290484 -0.00088189  0.03708161 -0.31099557  0.82972068 -0.51715343 -0.04368821	 0.14215473  0.05888322 -1.19309617  1.56661904 -0.18960781 -0.38962550  0.05420751 -0.01048568  0.17198752 -0.00867032 -0.16184488 -0.01063907	 0.13857787  0.07618392 -1.27598235  1.71895913 -0.23508121 -0.43077185  0.03509283  0.01676617  0.19546979  0.00029445 -0.19484861 -0.01375607	0.13979582 0.03847702 3.90479885	-0.04028066  0.00537453 -0.02999633	-0.03957419  0.00428334 -0.03158003	-0.00206985 -0.00298868 -0.99999339	0.35000000	0.00000000	0.00000000	-0.97422379	0.58349264	0.68163991	-0.90900093	0.11736098	1.04273474	-0.33440247	0.77996778	-1.00841510	0.28731129	0.27779618	-0.15385020	-0.20966910	0.29571575	0.69630605	0.16771081	0.82123560	-0.39715260	0.78734648	-0.07288599	0.53453535	-0.18322438	-0.03058558	0.41248754	
0.00800100	 8.89550757  3.35246506 -2.86663004 -0.15794593  0.09839709 -0.00380581	  -51.78495296   -43.30008258 -1013.24036217   -60.28977243   -24.68383144     8.59234995	   8.23484211   30.17407954  -28.22472779    8.83518983   -6.16652901  -22.68743411   21.41853453 -107.96074414   -6.74752010 -127.15862986    5.06369119  -88.58785594	-0.00140235  0.14215829 -0.32866814  1.07741628 -0.64037109 -0.11633100 -0.00065650  0.03723512 -0.30940083  0.82972530 -0.51877193 -0.04379330	 0.13533618  0.09395582 -1.27174007  1.59411992 -0.19801672 -0.43318202  0.02152650  0.01463943  0.20038879  0.00818503 -0.20230014 -0.01538207	 0.14209957  0.08954873 -1.29642790  1.65804347 -0.20716787 -0.43223888  0.02918878  0.01688621  0.20087525  0.00282133 -0.20252061 -0.01439867	0.14184218 0.03992171 3.90465817	-0.03841339  0.00498852 -0.02760317	-0.03907161  0.00518571 -0.02830990	-0.00202579 -0.00267279 -0.99999438	0.35000000	0.00000000	0.00000000	-0.97430384	0.57499403	0.71226889	-0.92537934	0.14482024	1.05247474	-0.30656776	0.78185719	-1.00221038	0.27262330	0.31832519	-0.15961581	-0.21532385	0.29106283	0.69701129	0.17050320	0.81244612	-0.42752078	0.79423153	-0.07561110	0.53286654	-0.19789219	-0.05373285	0.43941966	
0.00845600	 7.52728453  4.32449650 -3.35531235 -0.16779401  0.06607622 -0.04148870	  -40.11689010   -38.01241062 -1018.47001152   -62.22525300   -15.83616848    10.22396416	   7.36599686   26.15638411  -24.84463855    8.09896376   -3.23438672  -18.60519719   23.36173233 -108.00189710  -10.01607348 -130.37119636   14.43600856  -85.49088812	-0.00007830  0.14299635 -0.33978951  1.09104626 -0.64184545 -0.11985682 -0.00039694  0.03730788 -0.30771319  0.82970949 -0.52049920 -0.04385521	 0.17781766  0.11618754 -1.40130142  1.69722552 -0.16192940 -0.44115562  0.03331746 -0.00134556  0.18946252 -0.01300635 -0.21112610 -0.02093711	 0.15883653  0.09810079 -1.32221474  1.60564793 -0.16651002 -0.40816535  0.03428595  0.00710670  0.19914693 -0.00257862 -0.20370891 -0.00894859	0.14301120 0.04243875 3.90543435	-0.03552089  0.00658810 -0.03366963	-0.03622810  0.00601644 -0.03161933	-0.00197709 -0.00236162 -0.99999526	0.35000000	0.00000000	0.00000000	-0.96586674	0.57577711	0.72692454	-0.92884946	0.15287003	1.07860172	-0.31635836	0.80203277	-0.99880606	0.27726853	0.35232276	-0.13358334	-0.23271744	0.26347858	0.71958107	0.15752092	0.79785377	-0.44004041	0.81600887	-0.09441634	0.49578238	-0.20238997	-0.08800781	0.45832488	
0.00802000	 7.55062290  5.08820813 -5.49858986 -0.18499030 -0.00062262 -0.09456586	  -35.01631801   -32.11322672 -1003.51546854   -63.64207398   -12.23174290     8.61882273	   4.03118619   24.79475856  -19.48550057    0.09163557   -6.23056640  -17.36004873   20.65492398 -104.39421701  -10.09454274 -128.48062807   15.62209448  -86.17140317	 0.00114637  0.14378157 -0.35020783  1.10309666 -0.64290372 -0.12257506 -0.00012578  0.03734799 -0.30610428  0.82971013 -0.52210874 -0.04388109	 0.12345997  0.09046099 -1.27789437  1.41384293 -0.11640388 -0.28150104  0.03524209  0.02518493  0.19455316 -0.01416840 -0.19159333 -0.03808636	 0.14905631  0.09832925 -1.30154961  1.49067520 -0.12919143 -0.32697370  0.03393602  0.00584065  0.20153843 -0.00324027 -0.20201972 -0.00642088	0.14456002 0.04352471 3.90564209	-0.03523414  0.00644998 -0.03477710	-0.03526626  0.00652211 -0.03449185	-0.00192337 -0.00208031 -0.99999599	0.35000000	0.00000000	0.00000000	-0.98530078	0.58770388	0.71457809	-0.97100466	0.20941392	1.05655265	-0.33726057	0.83148575	-1.01519728	0.29579747	0.29609743	-0.17652035	-0.20793106	0.26177141	0.70605409	0.14856002	0.79031223	-0.40681905	0.83503789	-0.09357524	0.50283229	-0.17655134	-0.10597098	0.48195741	
0.00851300	 7.12801720  0.48131950 -3.47989393 -0.06366634  0.05996335  0.01423043	  -37.52530969   -31.06965813 -1009.33073968   -64.40030682   -11.72994062     7.73745081	   8.25098998   25.10319829  -26.25079924   10.47823389   -2.24242011  -25.81289771   19.99139871 -105.45340776   -8.88449496 -126.83669797   16.38308837  -83.22320712	 0.00240270  0.14465272 -0.36117852  1.11505869 -0.64369529 -0.12528455  0.00018131  0.03735870 -0.30439333  0.82970776 -0.52381963 -0.04388364	 0.14776530  0.12677488 -1.19809437  1.30548888 -0.06229966 -0.33482512  0.03715726  0.00997029  0.16678994 -0.00323418 -0.16419909 -0.00968786	 0.14768476  0.10548963 -1.28797998  1.39347022 -0.08404183 -0.33555466  0.03665613  0.00310509  0.19917324 -0.00268851 -0.19994229 -0.00071901	0.14546762 0.04443698 3.90549386	-0.03632535  0.00828158 -0.03568071	-0.03595068  0.00764609 -0.03537390	-0.00186131 -0.00177715 -0.99999669	0.35000000	0.00000000	0.00000000	-0.98884559	0.56900638	0.71572739	-0.97085369	0.23373181	1.03338552	-0.36058465	0.80431700	-1.03363144	0.33634147	0.29741153	-0.16108888	-0.20469950	0.26181960	0.71507335	0.20507172	0.77804667	-0.39969754	0.86215252	-0.08322322	0.52687764	-0.18313845	-0.13566992	0.50611693	
0.00850800	 8.51104389  0.68815414 -3.48134359 -0.05084056  0.08305033 -0.00203671	  -45.84650933   -26.24098453 -1009.62267079   -65.20875868   -14.15708405     8.47091078	   7.24684848   20.89725852  -29.26849022    8.89264737   -5.58305047  -22.28782025   20.65883162 -104.67377639   -4.60074822 -128.34736973   14.33485973  -86.12780857	 0.00371373  0.14557840 -0.37226229  1.12640694 -0.64408143 -0.12845674  0.00048632  0.03736366 -0.30266763  0.82971903 -0.52559120 -0.04388044	 0.16213714  0.12213373 -1.19947590  1.18738335 -0.04265161 -0.33803081  0.02691667  0.00631083  0.16770606 -0.00360624 -0.20828968  0.00569245	 0.15492060  0.10974154 -1.29915055  1.31819626 -0.04187004 -0.37294887  0.03670695  0.00214901  0.20086880  0.00098928 -0.20913730  0.00153573	0.14700418 0.04504972 3.90526600	-0.03807424  0.00816540 -0.03414471	-0.03751606  0.00829183 -0.03471032	-0.00178911 -0.00146136 -0.99999733	0.35000000	0.00000000	0.00000000	-0.97403502	0.57532924	0.70433390	-0.98842698	0.27995470	1.03421867	-0.35561189	0.81425792	-1.04675627	0.35335609	0.28503549	-0.17887855	-0.20481001	0.25413811	0.70794010	0.20455527	0.77824152	-0.41374096	0.87232029	-0.08941405	0.52897704	-0.19157931	-0.16266559	0.52190846	
0.00801400	 8.43937753  0.88664409 -3.21221732 -0.05229719  0.06439803 -0.02220667	  -41.09088586   -25.28480340 -1013.89966533   -65.84082040    -9.64109852     9.40979439	   6.66385725   20.41551244  -28.09687220    9.85540165   -2.47134639  -21.80208331   21.74716857 -105.60154319   -6.41461529 -126.83983305   19.85066566  -88.89430439	 0.00492938  0.14645045 -0.38280196  1.13657678 -0.64422501 -0.13148693  0.00077427  0.03735759 -0.30100774  0.82971082 -0.52727812 -0.04389128	 0.12526323  0.10460685 -1.21564001  1.12495656 -0.01408691 -0.33195335  0.05887124 -0.00549794  0.19245459 -0.01177977 -0.17848946 -0.00707376	 0.14915247  0.10937062 -1.30341233  1.24819582 -0.01667439 -0.37221089  0.03796959 -0.00080058  0.20439076 -0.00226349 -0.20766440 -0.00046897	0.14797596 0.04581441 3.90543625	-0.03991419  0.00918065 -0.03585894	-0.03930877  0.00881828 -0.03523957	-0.00171996 -0.00114949 -0.99999786	0.35000000	0.00000000	0.00000000	-0.97477776	0.58664989	0.70656437	-1.01060081	0.31048316	1.03987956	-0.36232021	0.82807171	-1.05205750	0.36554858	0.28769636	-0.17462856	-0.19580592	0.23863021	0.69160205	0.20225441	0.76738620	-0.40786183	0.89306277	-0.09413065	0.51684576	-0.19214882	-0.17730467	0.54626447	
0.00850300	 8.87140348  1.59433977 -3.54652124 -0.06751191  0.05639915 -0.00938928	  -42.21313285   -26.55911318 -1008.96270842   -65.54149499    -9.30615157     6.52180418	   8.69055271   21.51843166  -29.09775679    8.32014013   -1.84516248  -20.78901350   18.16796087 -106.44543457   -5.68489649 -122.36883995   19.18757375  -90.18754816	 0.00627112  0.14737371 -0.39409539  1.14681154 -0.64430008 -0.13462777  0.00106074  0.03735189 -0.29926430  0.82971597 -0.52910189 -0.04389340	 0.14669968  0.10417301 -1.32267776  1.18752339  0.00640362 -0.37730047  0.02413214  0.00300335  0.19670342 -0.00564216 -0.20953226 -0.00090233	 0.15741267  0.10847911 -1.33410010  1.19828761 -0.00755432 -0.36694974  0.03361785 -0.00184353  0.20569858 -0.00086989 -0.21537723 -0.00064807	0.14905358 0.04607443 3.90534135	-0.04202970  0.01052351 -0.03231232	-0.04136302  0.01011456 -0.03352296	-0.00163551 -0.00080129 -0.99999834	0.35000000	0.00000000	0.00000000	-0.96063584	0.58024001	0.72032118	-1.02096081	0.33558080	1.04852986	-0.34466884	0.82533509	-1.04208577	0.35519040	0.31847873	-0.17231113	-0.19983210	0.21995626	0.69171840	0.19906259	0.76264328	-0.43696555	0.90659267	-0.10202520	0.50389820	-0.20787069	-0.20953470	0.56789631	
0.00848100	 8.06315764  3.81958421 -5.20693909 -0.11942027 -0.00879552 -0.06958935	  -34.01189297   -24.87924250 -1004.59323580   -65.30420949    -3.02701852     8.74357570	   7.42471819   19.72993755  -22.08695398    2.06911957   -1.04416611  -16.15672006   21.33494322 -109.19066572   -7.35283302 -124.03905654   25.57775559  -90.14308286	 0.00769781  0.14828996 -0.40538761  1.15627229 -0.64432450 -0.13723513  0.00135835  0.03736604 -0.29748576  0.82971074 -0.53092796 -0.04389879	 0.18037540  0.09009239 -1.32358453  1.05311718 -0.01972809 -0.24959754  0.02758763  0.02842792  0.23330929 -0.00426854 -0.22189575  0.00608115	 0.17050971  0.10542203 -1.33417002  1.10374977 -0.00255919 -0.28774736  0.03560759  0.00281563  0.21282783 -0.00190918 -0.21764724 -0.00074779	0.15040311 0.04694367 3.90549407	-0.04393478  0.01016700 -0.03745079	-0.04334525  0.01031414 -0.03549648	-0.00154646 -0.00043572 -0.99999871	0.35000000	0.00000000	0.00000000	-0.95667702	0.56959194	0.72045881	-1.04427981	0.36294082	1.06096399	-0.36566105	0.86448932	-1.03512228	0.35730839	0.31694397	-0.17503470	-0.19518144	0.19588150	0.68473065	0.17516351	0.76396531	-0.42180824	0.91786152	-0.10785677	0.47064430	-0.18926793	-0.24145013	0.59164727	
0.00804300	 7.46421981  0.83393618 -4.16913354 -0.04414869 -0.00388695 -0.07457994	  -25.74107571   -22.93313928 -1007.28274162   -65.52000037     4.24918049     7.11561529	   2.72080516   17.65704590  -23.38942563    7.56372118    5.96257816  -21.74302381   18.24054627 -110.44080424   -8.45627994 -122.27185902   31.85479358  -88.46045601	 0.00893225  0.14910091 -0.41591727  1.16439984 -0.64434158 -0.13910113  0.00165174  0.03734832 -0.29583878  0.82971472 -0.53259815 -0.04389409	 0.15539778  0.09528052 -1.31961184  0.98454553 -0.02559232 -0.23854887  0.00870216 -0.02804882  0.21458092 -0.01041248 -0.21033654  0.01735388	 0.14994126  0.09947644 -1.30864586  0.99866245 -0.00347799 -0.23570107  0.03368239 -0.00366774  0.20609413 -0.00011763 -0.20859399 -0.00004377	0.15037391 0.04717592 3.90570293	-0.04603919  0.01260966 -0.03497874	-0.04533589  0.01174317 -0.03593084	-0.00145631 -0.00007596 -0.99999894	0.35000000	0.00000000	0.00000000	-0.95986700	0.57249284	0.73460037	-1.06992579	0.39076003	1.06849611	-0.37282825	0.85429299	-1.03517067	0.40474522	0.31611267	-0.15909979	-0.18351172	0.19488578	0.67463404	0.19825324	0.73852706	-0.42244092	0.95017630	-0.10972664	0.44803825	-0.18803936	-0.25770211	0.61074150	
0.00841700	 7.96943555  0.49365652 -5.22961880 -0.03638106 -0.01812112 -0.03905014	  -30.39194727   -36.95806634 -1017.24112740   -66.20862434     0.92728693     8.07667572	   7.10770474   17.99657679  -21.37288769    0.53659479    9.75429549  -22.43620613   20.80212676 -107.17573357   -8.01357782 -117.32431576   27.38748318  -95.82666683	 0.01008340  0.14985613 -0.42698388  1.17218600 -0.64434406 -0.14109444  0.00198150  0.03735593 -0.29408355  0.82972577 -0.53437443 -0.04413169	 0.14993344  0.10295800 -1.32468994  0.88131580 -0.00627352 -0.24952653  0.03846676  0.00133613  0.19888482  0.03265362 -0.22887588 -0.07732067	 0.13804804  0.08901959 -1.31162361  0.90496675 -0.00239507 -0.24035552  0.04006525 -0.00012706  0.20867771  0.00343311 -0.21204807 -0.04066855	0.15140237 0.04985487 3.90697637	-0.03980051  0.01315938 -0.04070909	-0.04182572  0.01307020 -0.03876959	-0.00134500  0.00029040 -0.99999905	0.35000000	0.00000000	0.00000000	-0.94184363	0.58747691	0.72477049	-1.07540143	0.44171861	1.06083119	-0.36769122	0.85413849	-1.03212404	0.39591435	0.33928016	-0.14966184	-0.17779927	0.16274783	0.66158307	0.22320247	0.75769120	-0.43174648	0.95601141	-0.08947553	0.45265383	-0.19893695	-0.26790667	0.64819402	
0.00802800	 6.86266270  0.99303496 -5.54583201 -0.03546111 -0.02792963 -0.05724868	  -26.00935521   -18.05566876 -1003.90185521   -65.28279450     5.62737626     4.89387798	   4.95372742   15.76618624  -20.12365377    2.44308935   12.67449260  -19.60271800   15.46298848 -109.78642249   -6.48631595 -125.72228718   32.52671304  -86.88973451	 0.01110962  0.15045238 -0.43718434  1.17855897 -0.64428037 -0.14288497  0.00230075  0.03733876 -0.29239350  0.82967858 -0.53607333 -0.04456714	 0.13802357  0.09147360 -1.32770097  0.75297171 -0.00406137 -0.23718319  0.03603049 -0.00992231  0.23483502 -0.02580364 -0.20928528 -0.01735436	 0.12484720  0.07408017 -1.27390160  0.78140510  0.00953887 -0.21781445  0.03853312 -0.00374076  0.21430332 -0.00787283 -0.21148157 -0.04647475	0.15253421 0.05019016 3.90741919	-0.04181649  0.01222270 -0.03661409	-0.04084703  0.01255976 -0.03833280	-0.00124318  0.00061057 -0.99999904	0.35000000	0.00000000	0.00000000	-0.94560885	0.55851960	0.73941857	-1.06193304	0.46435264	1.06258821	-0.38862461	0.86261857	-1.04086506	0.43915984	0.32454893	-0.15209585	-0.17200451	0.16859047	0.67549384	0.20112133	0.73663437	-0.42534724	0.97798216	-0.09611568	0.42847285	-0.19587086	-0.29205665	0.66108674	
0.00801500	 4.83607271  0.79527763 -5.76860936 -0.02817604 -0.04257002 -0.04463826	 -22.71261619  -24.92179390 -999.45727992  -65.05273617    5.74485280    4.62836520	   6.08953045   14.93599522  -17.04140697    3.35753511   18.66593273  -19.86366472   16.06441820 -107.50367117  -11.75865629 -117.75719866   30.29083979  -90.93118930	 0.01197517  0.15095670 -0.44716039  1.18403683 -0.64391353 -0.14428563  0.00259335  0.03732264 -0.29067869  0.82961420 -0.53777298 -0.04496432	 0.09147161  0.04558799 -1.22552431  0.62516802  0.10026988 -0.17609265  0.03424510  0.01217726  0.18837544 -0.02778039 -0.21436308 -0.02988114	 0.10406228  0.05917761 -1.23694947  0.66592015  0.05586987 -0.17080633  0.03633019 -0.00242632  0.21182620 -0.00969299 -0.21208305 -0.05183229	0.15333627 0.05099185 3.90728772	-0.04205052  0.01295487 -0.03493722	-0.04205944  0.01269231 -0.03541619	-0.00114339  0.00094778 -0.99999890	0.35000000	0.00000000	0.00000000	-0.93760139	0.55539727	0.73865199	-1.10462725	0.51860553	1.03026009	-0.41542596	0.86641014	-1.06600463	0.44735968	0.31510267	-0.16806284	-0.14937931	0.16544239	0.64073700	0.20978123	0.73059493	-0.41530445	0.99554658	-0.08122352	0.43255669	-0.19005840	-0.29677749	0.69744593	
0.00849800	 5.97212795  0.55253286 -5.81110706 -0.02482891 -0.04349077 -0.01792912	 -26.76743773  -23.43568440 -991.17017258  -64.48437797    5.99104989    4.10905033	   8.63943453   17.25665158  -18.49892819    2.01860508   13.37965970  -21.25124389   15.70470661 -111.53970981   -7.57447972 -121.89261708   31.05717453  -88.27965617	 0.01283932  0.15139661 -0.45750119  1.18885487 -0.64312562 -0.14547562  0.00289164  0.03729899 -0.28883132  0.82959780 -0.53963809 -0.04551431	 0.11445175  0.03141928 -1.11681257  0.49797849  0.10796412 -0.14511168  0.05162976 -0.02048695  0.18346217  0.00286439 -0.22026342 -0.04402496	 0.10252735  0.04968845 -1.20666559  0.54671648  0.09520969 -0.13938055  0.03717147 -0.00344766  0.21515428 -0.00206598 -0.21862250 -0.06086597	0.15491340 0.05179874 3.90644442	-0.04287788  0.01120932 -0.03421250	-0.04255991  0.01184731 -0.03443523	-0.00103939  0.00130755 -0.99999860	0.35000000	0.00000000	0.00000000	-0.91077125	0.54937166	0.71381205	-1.09431863	0.56104290	1.01371419	-0.43126851	0.86793107	-1.06821430	0.49031487	0.30385658	-0.18280247	-0.15260901	0.16094530	0.63892496	0.23221731	0.72835284	-0.39679563	1.00093484	-0.06712876	0.42265210	-0.19276184	-0.33407110	0.68639344	
0.00801300	 6.44093688  0.80608228 -5.92199990 -0.03934152 -0.00180820 -0.01295737	  -30.10179458   -29.29082123 -1002.56360498   -65.25767108     5.79170986     2.97072141	   7.78101214   19.07034945  -22.18381612   -0.11753285   17.49451308  -21.86058131   14.27395094 -112.07922697   -7.03260276 -118.82317927   31.60371199  -91.36353374	 0.01362977  0.15175038 -0.46698605  1.19242542 -0.64206578 -0.14651089  0.00314213  0.03727545 -0.28705046  0.82958473 -0.54144949 -0.04607424	 0.08556565  0.04619527 -1.09652033  0.36340290  0.12385469 -0.13280882  0.01448392 -0.00870843  0.22069255 -0.00844355 -0.21806495 -0.04664984	 0.09747202  0.04366402 -1.16920849  0.42682255  0.13700733 -0.13002339  0.03105186 -0.00250506  0.22174146 -0.00224729 -0.22399985 -0.07142698	0.15620084 0.05201213 3.90660525	-0.04364903  0.01125875 -0.02803846	-0.04344655  0.01122044 -0.03015083	-0.00095089  0.00165419 -0.99999818	0.35000000	0.00000000	0.00000000	-0.90519911	0.54797590	0.71901113	-1.11329150	0.60293978	1.01384985	-0.41039184	0.85335821	-1.06841850	0.49793285	0.30403781	-0.19626051	-0.14015785	0.16017011	0.60401797	0.22632873	0.70570308	-0.41197076	1.01228058	-0.06761420	0.41594148	-0.19658051	-0.34647849	0.72635126	
0.00847400	 4.95299007 -0.28261248 -5.62000763  0.00473563 -0.00303852  0.01804971	  -27.80794260   -26.85612846 -1005.57691968   -65.44815856     7.80933164     5.14336307	  10.52060377   14.31400967  -19.63211448    2.45633164   21.37739222  -21.30722129   17.63800505 -113.82819986   -8.58268452 -116.75494468   34.19772220  -90.03288925	 0.01452138  0.15205291 -0.47685509  1.19515229 -0.64036187 -0.14754627  0.00338774  0.03724635 -0.28515541  0.82958056 -0.54341588 -0.04680779	 0.10556308  0.04675784 -1.08782030  0.24189575  0.23060666 -0.10933878  0.03620476 -0.00132043  0.19597122  0.00788921 -0.19003890 -0.08707804	 0.10627635  0.03291695 -1.15316410  0.30141563  0.21429303 -0.12018693  0.03018951 -0.00472543  0.22232027 -0.00040989 -0.22809110 -0.08480449	0.15762249 0.05412993 3.90699882	-0.04102267  0.01098918 -0.03197432	-0.04192650  0.01109881 -0.03037072	-0.00085642  0.00201531 -0.99999760	0.35000000	0.00000000	0.00000000	-0.90093344	0.52737153	0.71827286	-1.12539530	0.64395005	1.00040340	-0.42950287	0.86458308	-1.08496773	0.52842790	0.31390938	-0.18094036	-0.14206947	0.14840427	0.59984446	0.23217109	0.70190096	-0.39875776	1.01998603	-0.05147462	0.40524179	-0.19911982	-0.36687866	0.76523465	
0.00851600	 4.82104695  0.06215230 -5.61723787 -0.01065491 -0.02800302 -0.00512832	 -29.10796311  -22.79600259 -989.58886106  -64.35276894    7.01459009    1.88482609	   7.86124288   13.86946857  -17.58706773    2.68423468   17.73306374  -21.77832693   12.89818016 -113.44142985   -7.80851684 -121.52775002   31.99054635  -85.90222681	 0.01546842  0.15219789 -0.48643325  1.19684944 -0.63803609 -0.14847222  0.00363774  0.03712230 -0.28320269  0.82957351 -0.54542192 -0.04742508	 0.11121917  0.00871208 -1.05397566  0.14569335  0.31158230 -0.10930630  0.01447353  0.00343631  0.21255376 -0.01510741 -0.19478998 -0.06569228	 0.11009128  0.01604768 -1.11517289  0.17916073  0.28268639 -0.10871734  0.02634085 -0.01549962  0.22856631 -0.00082553 -0.23390589 -0.06408309	0.15991520 0.05556492 3.90594861	-0.03871354  0.00811031 -0.02554037	-0.03920155  0.00904946 -0.02775268	-0.00077518  0.00235082 -0.99999694	0.35000000	0.00000000	0.00000000	-0.88848388	0.50410485	0.73400408	-1.13295436	0.68392998	0.97962582	-0.43517879	0.86417514	-1.09549248	0.56404316	0.29977825	-0.20676476	-0.13573954	0.15740424	0.60764855	0.22577369	0.68514150	-0.38958898	1.01610875	-0.03571745	0.40080988	-0.20217997	-0.39059162	0.77837086	
0.00848200	 2.61025784  1.37596840 -2.79909850 -0.04871824 -0.03706527 -0.02476498	 -25.43851409  -26.69242474 -996.38805006  -64.80723542    8.26089710    3.91413328	   8.45971768   15.24537873  -15.58666433    3.60742142   17.16986029  -20.13535425   16.26275280 -115.20475650  -11.52080695 -120.24261490   33.56774560  -85.72973824	 0.01635929  0.15226230 -0.49570308  1.19761679 -0.63524767 -0.14922578  0.00386184  0.03689159 -0.28118021  0.82958289 -0.54749402 -0.04769840	 0.07708968  0.00870458 -1.11149768  0.04463663  0.35781764 -0.06075924  0.00003015 -0.01599184  0.24500506 -0.00408414 -0.25408249 -0.04761925	 0.10333550  0.00752293 -1.08969520  0.07926082  0.33827220 -0.08224042  0.02511643 -0.02636688  0.23951438  0.00219233 -0.24500280 -0.02970452	0.16214848 0.05715408 3.90446795	-0.03926623  0.00567586 -0.02720743	-0.03896887  0.00658599 -0.02652875	-0.00071651  0.00268044 -0.99999615	0.35000000	0.00000000	0.00000000	-0.88293231	0.50105852	0.74979115	-1.17528176	0.72622687	0.98086584	-0.42841202	0.87429768	-1.10501850	0.57260025	0.29519162	-0.21845055	-0.14218688	0.14530262	0.60451615	0.20750231	0.65459222	-0.39676282	1.01451838	-0.02775491	0.37065649	-0.20034756	-0.40587702	0.80768055	
0.00847000	-0.31038901  0.31583576 -1.33332970 -0.02083931 -0.06117498  0.00679725	  -14.17192201   -28.22484690 -1006.91440645   -65.55890555    16.30392762     2.57606104	  10.14309814   13.24847779  -11.03992833    1.94831543   21.36808665  -21.90799761   14.65803382 -115.27051687  -14.78765262 -118.90996256   41.43228579  -88.99785888	 0.01727759  0.15227259 -0.50477138  1.19787362 -0.63194207 -0.14977763  0.00411826  0.03661155 -0.27911811  0.82958055 -0.54954939 -0.04779452	 0.12357786 -0.00171750 -1.10518645 -0.01977132  0.43773981 -0.04531571  0.01763941 -0.03960286  0.25139271  0.00204133 -0.26678932 -0.01200514	 0.11001426  0.00077820 -1.07572340  0.02132030  0.40730986 -0.06499098  0.02893017 -0.03290305  0.24520552  0.00166818 -0.24460962 -0.00907947	0.16405233 0.05894903 3.90309672	-0.04126160  0.00231617 -0.03354635	-0.04062312  0.00334395 -0.03150153	-0.00068444  0.00302270 -0.99999520	0.35000000	0.00000000	0.00000000	-0.86896002	0.50515676	0.74980921	-1.20163119	0.75527024	0.98817289	-0.44799078	0.87777787	-1.10318172	0.61042535	0.30344683	-0.19245616	-0.14016873	0.11295670	0.59485245	0.22463495	0.64878988	-0.37561932	1.02646005	0.00330089	0.34777731	-0.19491957	-0.42996687	0.84375411	
0.00800600	-0.47532911  0.77771670 -1.40292066 -0.03702979 -0.07975319 -0.02677315	   -9.25551111   -35.85574020 -1016.76238240   -66.29481924    20.56255403     0.10913819	   7.01472392   12.70504808   -9.73702168    0.31696012   19.60075016  -21.67260063   11.36498345 -116.05874252  -15.81520015 -117.18307328   44.48818025  -93.86675024	 0.01809461  0.15229513 -0.51309513  1.19773959 -0.62827970 -0.15028662  0.00439614  0.03637867 -0.27713943  0.82958070 -0.55147741 -0.04803126	 0.08523031  0.03428887 -1.05379639 -0.03882730  0.50629332 -0.07251171  0.06099892  0.00781819  0.24085004  0.02881803 -0.23296226 -0.04458959	 0.09892630  0.00394415 -1.04295207 -0.02586399  0.47043890 -0.06475310  0.03553597 -0.02517523  0.24787540  0.00286367 -0.24255613 -0.03862587	0.16558452 0.05977304 3.90269657	-0.04325787  0.00004579 -0.03166310	-0.04256069  0.00080746 -0.03241740	-0.00067667  0.00336080 -0.99999412	0.35000000	0.00000000	0.00000000	-0.83831674	0.47899374	0.75050610	-1.18285537	0.78278720	0.99187529	-0.43527842	0.87740570	-1.09488738	0.61081296	0.32815301	-0.17864051	-0.13628541	0.09962653	0.56020296	0.23039186	0.63443136	-0.37556896	1.02634752	0.03410392	0.37267467	-0.20461802	-0.45895097	0.88311660	
0.00802400	 0.17436718  1.96753965 -0.94907478 -0.07059816 -0.08215000 -0.02974491	  -10.37895792   -32.70075441 -1009.88971986   -65.77792022    21.23618486    -1.92719531	   8.86505565    4.66701517  -11.43932005    1.57876082   15.39559011  -19.27027455    9.48005357 -119.87289953  -14.04733878 -122.58832175   44.35760790  -87.35825276	 0.01880414  0.15228657 -0.52121366  1.19721365 -0.62422774 -0.15061480  0.00461165  0.03612823 -0.27509527  0.82955424 -0.55341914 -0.04834917	 0.08922341  0.00928115 -1.01648073 -0.10379720  0.53469238 -0.02627567 -0.00747918 -0.05661547  0.27512396 -0.03508106 -0.24695438 -0.01466249	 0.08832586 -0.00060370 -1.01148814 -0.07249497  0.51102684 -0.03603994  0.02549810 -0.03359621  0.25577933 -0.00425532 -0.24325860 -0.03305500	0.16735703 0.06067690 3.90179425	-0.04423439 -0.00254502 -0.02582144	-0.04396302 -0.00166893 -0.02778183	-0.00068788  0.00371181 -0.99999287	0.35000000	0.00000000	0.00000000	-0.82696068	0.46150905	0.75940841	-1.21563601	0.81679189	0.98296690	-0.44206420	0.89207858	-1.10176563	0.66708457	0.30568352	-0.19546866	-0.13640597	0.11557392	0.55366278	0.20999545	0.59455061	-0.39272121	1.03138709	0.04397056	0.34375140	-0.21121001	-0.47949955	0.87462342	
0.00802100	-0.26074180  0.36984727 -2.45548504 -0.02304555 -0.09940472 -0.00164232	   -8.80245075   -37.33368852 -1020.36237210   -66.55814950    20.12825859     1.91457657	  10.58746665    9.34167737   -8.74036374   -4.58345244   19.34205012  -22.31023595   14.89571281 -114.07733011  -19.73767877 -110.15611592   43.18712443  -94.95409214	 0.01948611  0.15230022 -0.52911349  1.19622739 -0.61983860 -0.15083944  0.00485524  0.03591410 -0.27301367  0.82953012 -0.55539654 -0.04877642	 0.10759125  0.01363684 -0.89879265 -0.17547700  0.52463372 -0.02627521  0.02421829 -0.03544036  0.25464311 -0.00402784 -0.24085360 -0.05929694	 0.08815304  0.00287548 -0.97163869 -0.13568670  0.55286778 -0.02913713  0.03235538 -0.02546372  0.25809428 -0.00393960 -0.24784267 -0.06271451	0.16874041 0.06210883 3.90238228	-0.04650016 -0.00141207 -0.03401642	-0.04568696 -0.00180698 -0.03115379	-0.00070599  0.00407391 -0.99999145	0.35000000	0.00000000	0.00000000	-0.79756796	0.47680202	0.72793233	-1.22243679	0.84934145	0.96846801	-0.45593873	0.88812274	-1.07859290	0.65782750	0.32819894	-0.17859492	-0.11601007	0.08093849	0.52234179	0.25074551	0.58527625	-0.40311047	1.04035199	0.07908748	0.34902319	-0.20798330	-0.48345688	0.90773964	
0.00848200	 0.83968082  1.94921344 -2.69668245 -0.07393679 -0.06355525 -0.03846551	  -14.00108124   -35.89893459 -1004.04715067   -65.43373548    21.86724712    -0.69777304	   7.39237779    3.68749388  -12.87292553   -6.01084850   18.79261315  -19.60389419   10.81449328 -118.84627438  -12.64899651 -115.39480007   45.33866867  -89.48073387	 0.02020735  0.15228638 -0.53717285  1.19452546 -0.61467568 -0.15105843  0.00512944  0.03573189 -0.27080464  0.82951654 -0.55753318 -0.04958805	 0.10573173 -0.02707229 -0.86098845 -0.21180500  0.59951215 -0.04068080  0.02796864 -0.03102288  0.24667282 -0.02309222 -0.25100877 -0.09812605	 0.08325844 -0.00247158 -0.93881219 -0.21105642  0.61417576 -0.02257753  0.03032753 -0.02337651  0.26131783 -0.00369905 -0.25340973 -0.09211808	0.17067335 0.06313348 3.90177305	-0.04713695 -0.00275894 -0.03046314	-0.04704570 -0.00223955 -0.03205767	-0.00072313  0.00447383 -0.99998973	0.35000000	0.00000000	0.00000000	-0.76976800	0.44210717	0.72648662	-1.19960737	0.88366252	0.95151186	-0.45033675	0.88548642	-1.08839083	0.70395774	0.32989904	-0.19098619	-0.11612760	0.09827723	0.49857607	0.23292398	0.57021624	-0.39333791	1.04724193	0.08476195	0.34311527	-0.23142874	-0.51425171	0.90456975	
0.00848100	 1.23507959  2.34256619 -3.60582528 -0.08949461 -0.10493906 -0.04575076	 -10.91913251  -34.68099104 -994.86966335  -64.79938045   22.95402700   -0.71275669	   8.96997649    7.41613725   -9.72585153   -9.99148609   14.70319211  -17.83027747   11.79020823 -120.67954445  -15.91579318 -111.94132295   45.71564171  -86.60818028	 0.02080752  0.15229625 -0.54488505  1.19206508 -0.60907968 -0.15113425  0.00538439  0.03547095 -0.26854683  0.82952474 -0.55970166 -0.05015705	 0.08222265 -0.01042494 -0.88455015 -0.36050133  0.66648073 -0.01050359  0.04316761 -0.06850258  0.29421753  0.00552030 -0.24312282 -0.02063179	 0.07199254  0.00036034 -0.90352172 -0.30721991  0.66459080 -0.00918642  0.03016414 -0.03624857  0.26911051  0.00091436 -0.25814421 -0.05678386	0.17251893 0.06497779 3.90078837	-0.04544811 -0.00279717 -0.02980513	-0.04603210 -0.00284389 -0.02980289	-0.00074929  0.00486794 -0.99998787	0.35000000	0.00000000	0.00000000	-0.77267498	0.43540105	0.72964418	-1.22386706	0.92541558	0.94415563	-0.45341060	0.89503586	-1.07924151	0.73243260	0.31518328	-0.19907340	-0.12461610	0.07769760	0.50511694	0.21719298	0.53991538	-0.40128699	1.04165113	0.10703078	0.31560481	-0.22721256	-0.53561449	0.92540497	
0.00803900	 0.06030507  1.54914575 -3.43250503 -0.06200061 -0.11943829 -0.02227205	   -7.98425464   -41.11587167 -1010.27512353   -65.91305735    24.95743149    -2.84811301	   9.86742817    2.84494686   -7.41232646   -8.52837621   17.39444433  -18.77626345    8.91190147 -117.39748573  -18.24132217 -109.52724713   47.74026239  -93.26856625	 0.02131990  0.15229437 -0.55175738  1.18897038 -0.60351796 -0.15116442  0.00561790  0.03516888 -0.26642319  0.82951791 -0.56178683 -0.05063042	 0.05754765 -0.01109923 -0.78623529 -0.38962890  0.64590801 -0.00359818  0.03449782 -0.03905443  0.24289543 -0.01754268 -0.24221213 -0.04001717	 0.06267881  0.00032053 -0.84644006 -0.39607557  0.69511777 -0.00359789  0.02947863 -0.03751697  0.26355647 -0.00114228 -0.25958293 -0.06436126	0.17430301 0.06608536 3.90104984	-0.04546391 -0.00259767 -0.02712857	-0.04541012 -0.00264021 -0.02807426	-0.00077176  0.00523024 -0.99998602	0.35000000	0.00000000	0.00000000	-0.72849828	0.42381024	0.71961540	-1.22061610	0.95583767	0.95095623	-0.44811225	0.89738697	-1.06760466	0.73941076	0.34035900	-0.18615702	-0.09933466	0.08393896	0.46620402	0.23270258	0.52071226	-0.41450530	1.04669976	0.13439564	0.32216686	-0.23440348	-0.53921139	0.95848739	
0.00850300	-0.29679186  0.46718892 -4.18471192 -0.02502856 -0.13224540 -0.00421951	 -10.02848714  -39.23185251 -999.03820823  -65.11689421   23.89296577   -2.45312838	  10.43338889   -2.24193154   -5.25222703  -10.77892860   18.15035042  -17.67928690   10.09265357 -120.45805693  -17.56895213 -113.73975074   46.13380668  -89.06255817	 0.02186696  0.15221915 -0.55854916  1.18479383 -0.59717271 -0.15117446  0.00584613  0.03481607 -0.26409732  0.82951821 -0.56403534 -0.05131592	 0.06323541 -0.03191798 -0.71286147 -0.51253022  0.72973126  0.01973140  0.03617773 -0.04912855  0.26267317 -0.01528517 -0.26083412 -0.07242727	 0.06451457 -0.01307961 -0.78487418 -0.50755236  0.75078909  0.00004933  0.02844534 -0.04644207  0.27270059 -0.00006856 -0.26514844 -0.07515790	0.17702230 0.06963450 3.90073872	-0.03754947 -0.00461545 -0.02704052	-0.04013186 -0.00394900 -0.02703053	-0.00080302  0.00558511 -0.99998408	0.35000000	0.00000000	0.00000000	-0.71294832	0.39365706	0.72195411	-1.22432637	0.99885529	0.92337787	-0.46754074	0.90697825	-1.08444095	0.78502876	0.33763534	-0.19480675	-0.10201350	0.09275028	0.45604122	0.22593161	0.50486398	-0.40362570	1.03976214	0.16544940	0.31211776	-0.24581341	-0.55313432	0.97000253	
0.00800200	-0.43409604  0.66874088 -3.86829563 -0.03056241 -0.15486969 -0.01819547	  -5.02017920  -34.17807822 -997.24650628  -64.99069483   27.00218866   -3.42226800	   9.85460366   -0.66737904   -4.74472073   -9.13536992   14.73392066  -17.73612882    8.67490167 -117.77607632  -20.76825374 -113.72497106   49.29891667  -86.21716464	 0.02233825  0.15203726 -0.56443061  1.18000730 -0.59086958 -0.15118213  0.00604516  0.03434201 -0.26188410  0.82952310 -0.56619440 -0.05174630	 0.05855096 -0.03118247 -0.66051112 -0.58767845  0.75728644 -0.00428726  0.02118347 -0.04205265  0.26238831  0.00089884 -0.26746000 -0.01552822	 0.05807237 -0.02343942 -0.72276385 -0.60803426  0.78668147 -0.00052302  0.02474763 -0.05928904  0.27389502  0.00152302 -0.26964207 -0.04477073	0.17885355 0.07246608 3.90042144	-0.03342490 -0.00354124 -0.02573068	-0.03472543 -0.00393820 -0.02619259	-0.00083821  0.00586575 -0.99998245	0.35000000	0.00000000	0.00000000	-0.68893349	0.37235230	0.71847934	-1.21821833	1.02250969	0.91857976	-0.47842962	0.90531820	-1.07732666	0.80702418	0.34182036	-0.20142996	-0.10009325	0.10014524	0.45615730	0.22266281	0.46612066	-0.40472668	1.03437257	0.18769525	0.31284583	-0.25253102	-0.56863832	0.98985660	
0.00849000	-0.96684867 -1.22843006 -3.45794885  0.03711608 -0.15856715  0.00437248	   -4.34526193   -36.28061175 -1007.54152458   -65.70310074    29.81929693    -2.28410694	   9.79313953   -7.35358503   -3.26702055   -7.63378904   14.85328200  -14.72444554   10.30837160 -118.48983669  -19.80465653 -116.58474573   52.31637481  -87.03356898	 0.02280598  0.15168141 -0.57012505  1.17405277 -0.58392789 -0.15117816  0.00626572  0.03363983 -0.25950263  0.82951415 -0.56847561 -0.05194761	 0.03208425 -0.05217583 -0.58566432 -0.70893029  0.79740102  0.02965504  0.02032683 -0.10222595  0.28952267 -0.00190696 -0.25273336 -0.03020566	 0.05227923 -0.04586865 -0.65351322 -0.71453990  0.81734070  0.00387798  0.02465013 -0.08649243  0.28089532 -0.00153716 -0.26738899 -0.02057427	0.18116503 0.07755002 3.90082933	-0.02313649 -0.00439885 -0.02783586	-0.02645737 -0.00409088 -0.02713166	-0.00087230  0.00610683 -0.99998097	0.35000000	0.00000000	0.00000000	-0.66950095	0.37145936	0.70574743	-1.24636126	1.06407976	0.91965157	-0.49597126	0.92740238	-1.09051216	0.86138719	0.32615322	-0.20017290	-0.09592381	0.10458345	0.43917114	0.21070579	0.44299451	-0.39962763	1.03896105	0.21938205	0.29231691	-0.26314980	-0.57062125	1.00007319	
0.00800300	-1.14257522 -0.30144166 -4.21443959  0.00500603 -0.16577584  0.01586942	  -3.55011391  -37.43228611 -995.57153967  -64.94963064   28.73117024   -3.70477379	  12.13221881   -2.95423390   -3.42452293   -9.89409712   16.44235057  -16.23059762    8.40308972 -112.19839215  -22.36091597 -111.06280148   49.88630202  -89.90161073	 0.02326117  0.15116571 -0.57497426  1.16763867 -0.57713956 -0.15118249  0.00650171  0.03289487 -0.25725096  0.82952122 -0.57067019 -0.05214409	 0.07774077 -0.04056572 -0.52995274 -0.75530902  0.78312184 -0.00809751  0.01802152 -0.06710339  0.26098166  0.02119836 -0.25951705 -0.04262801	 0.05848096 -0.06152469 -0.59073527 -0.80796030  0.84743928  0.00162607  0.02870006 -0.09162440  0.28010393  0.00103578 -0.27232191 -0.03033908	0.18298224 0.08065768 3.90058155	-0.02056190 -0.00255220 -0.02933368	-0.02127038 -0.00318197 -0.02887920	-0.00090237  0.00627657 -0.99997989	0.35000000	0.00000000	0.00000000	-0.62605667	0.35972786	0.68088251	-1.21825409	1.08662891	0.91581970	-0.50296187	0.90859634	-1.06933856	0.85764176	0.34837711	-0.18500391	-0.08272161	0.08812963	0.43533233	0.23884574	0.43678457	-0.41120884	1.03454351	0.25483912	0.30083209	-0.27130130	-0.58102298	1.02655900	
0.00844800	-1.85881259 -2.33880185 -3.82938492  0.07742114 -0.16922975  0.01397882	   -4.90943814   -35.48222380 -1007.87838335   -65.73097454    30.80905133    -3.78415991	   8.24730191  -11.10904446   -0.63987107   -8.38487232   16.65997611  -11.03101288    8.25317764 -116.70579529  -19.82393412 -120.94400406   53.00780520  -84.51809335	 0.02371551  0.15040926 -0.57951814  1.15989019 -0.56958520 -0.15119072  0.00673816  0.03198119 -0.25479962  0.82949126 -0.57302823 -0.05236531	 0.07889337 -0.11760905 -0.49756373 -0.95105787  0.89870486 -0.01721369  0.03411894 -0.13383585  0.31540346 -0.03362293 -0.29978348 -0.01025754	 0.05260116 -0.09571839 -0.52532271 -0.93472189  0.90321056 -0.00113669  0.02759914 -0.11284903  0.29540145 -0.00544067 -0.28191602 -0.02025171	0.18606301 0.08634230 3.90111205	-0.00860011 -0.00538884 -0.02608024	-0.01256459 -0.00439823 -0.02718773	-0.00093564  0.00640285 -0.99997906	0.35000000	0.00000000	0.00000000	-0.62823409	0.34670100	0.68158841	-1.24973297	1.12943769	0.89596164	-0.54251069	0.93513644	-1.10989058	0.93695974	0.30709511	-0.19739088	-0.08856206	0.10223344	0.43845913	0.20635459	0.42463031	-0.37433487	1.03231502	0.28921250	0.27290279	-0.28868809	-0.58674419	1.02361321	
0.00801900	-3.68325544  0.51465854 -3.72865904 -0.02102966 -0.22922640 -0.02401808	   7.46929874  -38.76941879 -999.80293056  -65.29978886   35.18937077   -6.64306053	   9.76597955    0.75337861    3.74882112   -5.56655624   15.91250557   -9.99033716    4.89812507 -109.81822753  -28.86577126 -111.52545908   55.56450713  -90.87793779	 0.02398620  0.14952397 -0.58316052  1.15175800 -0.56217165 -0.15119540  0.00693744  0.03103176 -0.25247159  0.82946843 -0.57527431 -0.05264686	 0.01060281 -0.14561344 -0.40789216 -1.13266688  0.98162155 -0.01111791  0.05135639 -0.11020378  0.28212992 -0.01186187 -0.32081389 -0.06427334	 0.03242511 -0.11108664 -0.44586637 -1.03410418  0.93570593 -0.00278093  0.02568283 -0.11644897  0.29106300 -0.00222936 -0.28448270 -0.04163175	0.18763158 0.08838823 3.90109831	-0.01102596 -0.00289769 -0.02305538	-0.00995940 -0.00380596 -0.02405828	-0.00097228  0.00647389 -0.99997857	0.35000000	0.00000000	0.00000000	-0.61238801	0.36131874	0.64593250	-1.28006017	1.17506456	0.87835634	-0.55210030	0.93326360	-1.13376641	0.92053455	0.28289294	-0.21864057	-0.07855690	0.08325855	0.41880295	0.21318132	0.39986455	-0.34687206	1.02735436	0.33295479	0.28469712	-0.28431895	-0.58910382	1.07054031	
0.00851800	-5.10413761 -0.06997012 -3.23426551 -0.00300873 -0.26407085  0.02673325	   9.38280964  -39.88612554 -999.17911045  -65.21850044   38.07623107  -10.39303233	  14.07476410   -2.65927847    8.06488299   -2.43370563   15.39003423   -7.11698027    1.75875006 -118.69103813  -26.90646648 -118.68031758   57.62959528  -86.30975616	 0.02424762  0.14855704 -0.58636940  1.14229535 -0.55403299 -0.15119621  0.00710494  0.02998985 -0.24994633  0.82945551 -0.57767058 -0.05302264	 0.00858058 -0.11501665 -0.29780928 -1.08914550  0.91087173 -0.01430888  0.01789477 -0.14511829  0.30402977  0.01586388 -0.27269346 -0.02198767	 0.02990846 -0.11762999 -0.36062566 -1.12518820  0.95848112 -0.00164504  0.01787830 -0.12687323  0.29905515 -0.00050341 -0.28234521 -0.03590179	0.19051182 0.09288876 3.90061774	-0.00479987 -0.00585207 -0.01979091	-0.00697556 -0.00483179 -0.02081317	-0.00100823  0.00654551 -0.99997807	0.35000000	0.00000000	0.00000000	-0.56268412	0.32218724	0.63639182	-1.24310243	1.19000113	0.89586151	-0.56624091	0.94121736	-1.11954904	0.95372856	0.31265485	-0.20916674	-0.07573494	0.10865644	0.41130912	0.20041937	0.37473366	-0.36694178	1.02440345	0.37121147	0.25551796	-0.30015686	-0.59539604	1.05760217	
0.00800800	-4.33353909 -0.99282759 -4.11416870  0.03010288 -0.22906648  0.04965045	    4.98444612   -40.95693363 -1000.28153377   -65.31251689    34.55565933    -7.64044303	  14.29187524   -5.65925199    3.96023137   -7.07392927   18.93408886   -6.64616528    5.23329697 -112.14338326  -28.79240356 -118.71350297   54.04613176  -90.11477506	 0.02460426  0.14748941 -0.58870369  1.13261231 -0.54606908 -0.15118538  0.00726568  0.02889140 -0.24756059  0.82944121 -0.57995559 -0.05331911	 0.05738320 -0.12799315 -0.21154393 -1.16003205  0.94663624  0.01285283 -0.00677236 -0.15873893  0.26298822 -0.01714206 -0.23387998 -0.03434795	 0.04730823 -0.13393096 -0.27912394 -1.22084540  1.00025140  0.00146022  0.01756763 -0.13960307  0.29708344 -0.00339562 -0.28302722 -0.04244315	0.19271386 0.09738448 3.90075508	-0.00001956 -0.00418963 -0.02114722	-0.00151493 -0.00478970 -0.02066837	-0.00105138  0.00656179 -0.99997792	0.35000000	0.00000000	0.00000000	-0.51957345	0.33464622	0.60893458	-1.24454415	1.22728395	0.88992625	-0.58289772	0.93286091	-1.11546409	0.97847784	0.30553043	-0.20625812	-0.05775879	0.10336882	0.39455038	0.21631664	0.36200279	-0.37974107	1.02187228	0.39703423	0.24490970	-0.30916625	-0.58981180	1.06986380	
0.00800600	-3.98795023 -1.06748944 -4.25889002  0.03593559 -0.24979510  0.01854352	  -4.82118168  -39.59672949 -990.06366572  -64.59064372   26.53594358   -6.57391572	  11.26335743   -5.91448396    6.71153874   -7.24887014   13.97908804   -5.89041281    5.91032345 -110.30250072  -27.80705979 -122.27795693   45.60699186  -88.37391984	 0.02502218  0.14625863 -0.59038761  1.12207776 -0.53780882 -0.15117823  0.00743016  0.02776193 -0.24510149  0.82945371 -0.58234730 -0.05380315	 0.05913516 -0.14676727 -0.15176923 -1.28069085  0.96131665  0.02759425  0.01167106 -0.12547495  0.31342381  0.02235369 -0.27628676 -0.04731535	 0.05259137 -0.15407543 -0.19585330 -1.32504403  1.02790024  0.00360176  0.01880385 -0.14317670  0.30751010  0.00124187 -0.29774100 -0.06138429	0.19665787 0.10168806 3.89997514	 0.00409296 -0.00644865 -0.01952429	 0.00273898 -0.00559179 -0.02015212	-0.00109296  0.00654418 -0.99997799	0.35000000	0.00000000	0.00000000	-0.48878065	0.30477676	0.60671240	-1.23021328	1.26066041	0.87587857	-0.59087324	0.94041431	-1.11917365	0.99757767	0.28862196	-0.22636482	-0.05012093	0.10673499	0.40700981	0.21228465	0.35685953	-0.37589008	0.99517477	0.43911341	0.25042695	-0.31426886	-0.59091043	1.07560086	
0.00845000	-5.57353654 -2.16666999 -2.42528022  0.07625971 -0.24400047  0.03138081	    0.92304597   -33.44961471 -1014.33617032   -66.12555786    31.94699620    -7.33920730	  10.55154858   -8.61175865    6.08115594    0.51025932   15.59752388   -4.13879252    4.74395428 -111.82112908  -30.81767501 -129.08929107   54.84462413  -83.78273380	 0.02538126  0.14478816 -0.59143357  1.11007823 -0.52883136 -0.15117823  0.00758585  0.02645547 -0.24239090  0.82937137 -0.58494982 -0.05423856	 0.02633706 -0.18827631 -0.08945107 -1.56190812  1.13324269  0.02632916  0.02892514 -0.16168515  0.35803091 -0.03346440 -0.31968734 -0.01620983	 0.04046674 -0.17931778 -0.11323898 -1.43715344  1.06865418  0.00267684  0.01818855 -0.15743123  0.32654626 -0.01294869 -0.30701234 -0.04090343	0.20018804 0.10678167 3.90082332	 0.00843410 -0.00628262 -0.01546507	 0.00704552 -0.00636035 -0.01678833	-0.00114943  0.00648991 -0.99997828	0.35000000	0.00000000	0.00000000	-0.51144862	0.29021746	0.60434735	-1.27687621	1.29515767	0.85359192	-0.63248253	0.95070517	-1.17993534	1.06231630	0.23055905	-0.23568699	-0.06149530	0.11655651	0.40968308	0.19076246	0.32251278	-0.31141311	0.99162805	0.47787687	0.24709591	-0.32268319	-0.59655976	1.10939324	
0.00805500	-6.50654782 -1.37537082 -1.09742282  0.04916237 -0.25288015  0.05296345	   11.21480901   -37.01627921 -1002.83763300   -65.47310908    38.31383593   -11.37263276	  14.12855312   -4.35142189   13.12850641    7.79908511   13.97701885   -2.86207576    0.17800703 -108.09863281  -37.65671565 -121.78852192   58.73809898  -87.85751283	 0.02571699  0.14325528 -0.59186730  1.09829413 -0.52018830 -0.15118122  0.00768550  0.02512301 -0.23983276  0.82925504 -0.58735696 -0.05450287	 0.03885010 -0.20011675 -0.03636976 -1.39096950  1.02113451 -0.00396162  0.02401221 -0.15179349  0.26811662  0.01522558 -0.27288955 -0.00356897	 0.04357605 -0.19275201 -0.04979209 -1.46633447  1.07392558  0.00134517  0.01309042 -0.16258248  0.31289924 -0.01105967 -0.29785954 -0.03267446	0.20104611 0.11016548 3.90042431	 0.00702159  0.00136922 -0.00992655	 0.00764553 -0.00167219 -0.01198645	-0.00117536  0.00642479 -0.99997867	0.35000000	0.00000000	0.00000000	-0.42868710	0.28581321	0.56547958	-1.24082518	1.29149330	0.88825309	-0.64433068	0.94906825	-1.13614178	1.04670334	0.27372563	-0.21176738	-0.03837041	0.11503834	0.40012965	0.20741603	0.30736813	-0.33230922	0.98827243	0.51237363	0.22764850	-0.32576495	-0.59415281	1.10174072	
0.00849200	-3.64248048 -2.03300647 -1.25528460  0.07278636 -0.15669587  0.05718246	   -8.83107999   -38.44928743 -1036.16990779   -67.54704704    28.96669147    -6.38730756	  12.36408224   -7.80879205   15.11952673   -0.98612692   15.82653080    1.41921751    1.80148944 -113.83506560  -30.06031546 -133.98973054   53.08657005  -87.58151925	 0.02612776  0.14152696 -0.59196335  1.08536470 -0.51083939 -0.15118732  0.00773120  0.02365005 -0.23712508  0.82907032 -0.58989187 -0.05473900	 0.05859592 -0.18444834  0.00442409 -1.43945954  1.05377300 -0.00124447 -0.01924412 -0.13745838  0.30650553 -0.03357782 -0.25172768 -0.03792177	 0.05109939 -0.20460979 -0.00264118 -1.52503673  1.10126576  0.00025663  0.00362510 -0.17264834  0.31966387 -0.02435260 -0.29459956 -0.02461202	0.20277481 0.11500268 3.90335577	 0.00946602  0.01029280 -0.00396618	 0.00857958  0.00771813 -0.00551751	-0.00112095  0.00635712 -0.99997917	0.35000000	0.00000000	0.00000000	-0.38406178	0.25311953	0.56947339	-1.20063353	1.32151580	0.88585603	-0.63012099	0.95270222	-1.14444685	1.06504810	0.29083791	-0.22933310	-0.04020732	0.12741803	0.38804251	0.17839980	0.30471241	-0.33913258	0.96265042	0.54704541	0.20926493	-0.34982982	-0.59751356	1.10711920	
0.00846800	-4.55191234 -2.79182825 -0.12151411  0.10331871 -0.18645067  0.05312920	   -7.83189666   -38.48137486 -1032.21542975   -67.30393688    29.31269254    -5.46801619	  11.48987793   -9.69173416   17.25022922    6.05859073   11.16215444    2.92905570    5.34838637 -110.98013473  -33.71334971 -131.78082192   53.55011496  -83.34567964	 0.02655594  0.13957863 -0.59168296  1.07199348 -0.50136371 -0.15118358  0.00776396  0.02205791 -0.23439118  0.82869535 -0.59240253 -0.05482655	 0.04357065 -0.24128577  0.03938835 -1.65045623  1.16839763  0.02837556  0.00098825 -0.17342842  0.36511812 -0.04556885 -0.29593418 -0.01491192	 0.05157532 -0.23251966  0.03990560 -1.58886418  1.12156870  0.00169311  0.00410709 -0.18883500  0.32611917 -0.04395203 -0.29514733 -0.01002201	0.20444665 0.12062010 3.90564969	 0.01272255  0.01879232 -0.00150071	 0.01169465  0.01614096 -0.00218641	-0.00099535  0.00626207 -0.99997990	0.35000000	0.00000000	0.00000000	-0.39691553	0.24615569	0.56106722	-1.25386369	1.35024679	0.86297321	-0.66594756	0.97738916	-1.17736828	1.11599112	0.23502278	-0.24751881	-0.04342221	0.12643300	0.40979099	0.16071343	0.27374205	-0.30625287	0.95149779	0.59216404	0.20085962	-0.34998754	-0.59245694	1.11832511	
0.00848100	-6.91111676 -1.62989707  0.09013110  0.06394423 -0.23838323  0.04889888	    1.83519376   -37.30287177 -1022.85047169   -66.75198947    37.16954302    -8.01145950	  13.19660997   -4.71574256   23.08330820   10.59018506   12.36026184    3.13335560    0.89597484 -107.01126695  -34.61681370 -126.55550495   60.57909930  -85.97749329	 0.02701113  0.13747421 -0.59099725  1.05836262 -0.49188778 -0.15118919  0.00776282  0.02039937 -0.23165509  0.82821765 -0.59486227 -0.05486082	 0.06514339 -0.27190050  0.10323746 -1.69793178  1.16306504 -0.01873820 -0.03332825 -0.19992021  0.34197648 -0.03708662 -0.29537999  0.01025296	 0.05408223 -0.25081719  0.08938905 -1.62665313  1.12819808 -0.00057958 -0.00123174 -0.19681246  0.32523105 -0.05676294 -0.29283928 -0.00328838	0.20612188 0.12456485 3.90654621	 0.00835515  0.02350489 -0.00060694	 0.00982743  0.02206740 -0.00085774	-0.00081271  0.00616996 -0.99998064	0.35000000	0.00000000	0.00000000	-0.36309847	0.25494331	0.52584952	-1.26178145	1.36356497	0.87990505	-0.67558461	0.97523314	-1.17424476	1.14019668	0.23804036	-0.24527097	-0.03045030	0.11525270	0.41333255	0.16087243	0.25315577	-0.29084781	0.95716953	0.64273441	0.18145388	-0.35693365	-0.58996248	1.13685119	
0.00801400	-7.78957282 -1.16271309 -0.77801510  0.04676231 -0.25920975  0.04774508	    1.53666523   -43.66466165 -1020.07210765   -66.60550764    37.54485731    -8.99042424	  13.56786089   -4.31095603   27.05781259    7.67142191   15.12097335    7.58792388    2.63700048 -109.74562907  -33.77765667 -126.66414770   59.68437552  -89.36534572	 0.02749743  0.13545976 -0.58992226  1.04532120 -0.48291159 -0.15118871  0.00777184  0.01884792 -0.22901400  0.82769921 -0.59711870 -0.05492658	 0.05121062 -0.25818844  0.15693266 -1.71993976  1.19433526  0.01482760 -0.00502440 -0.21877995  0.34711652 -0.05985920 -0.26043630  0.00105003	 0.06026619 -0.25376376  0.14542027 -1.65232791  1.13598716 -0.00041172 -0.00041996 -0.19664986  0.33471993 -0.06433538 -0.28301833 -0.01009677	0.20873118 0.12872658 3.90715335	 0.00676887  0.02374582 -0.00034036	 0.00722213  0.02371876 -0.00042046	-0.00062173  0.00611169 -0.99998113	0.35000000	0.00000000	0.00000000	-0.32459959	0.24992244	0.50466490	-1.24959648	1.39038229	0.89033663	-0.67155176	0.98096293	-1.17019486	1.15318024	0.24362338	-0.24339789	-0.02310581	0.10134800	0.39366469	0.14401549	0.24583590	-0.30050004	0.95435303	0.68759382	0.15521072	-0.36481872	-0.58436620	1.14568484	
0.00804000	-7.29987135 -1.20857370 -1.18537450  0.05028151 -0.27757898  0.04742676	   -2.13152826   -45.88890068 -1008.63165025   -65.86554562    34.03154486    -8.89184590	  13.86143779   -4.89158726   27.33989868    6.48518623   11.57412589    7.21213258    0.14257223 -107.47066307  -35.05974753 -125.90452692   54.80411366  -89.41312563	 0.02806021  0.13336062 -0.58831573  1.03197881 -0.47385196 -0.15117967  0.00778227  0.01730609 -0.22630992  0.82709310 -0.59941725 -0.05517650	 0.08191995 -0.24419939  0.22877145 -1.72437517  1.14719604  0.03612423  0.00582899 -0.17787745  0.34888403 -0.09099316 -0.29627228 -0.02980456	 0.07288181 -0.25917413  0.20861466 -1.66656328  1.12617403  0.00351934  0.00133118 -0.19063330  0.33922547 -0.07581399 -0.28699751 -0.03478525	0.21178264 0.13298136 3.90690071	 0.00583388  0.02386455 -0.00024408	 0.00615411  0.02384954 -0.00026976	-0.00043116  0.00606148 -0.99998154	0.35000000	0.00000000	0.00000000	-0.27651086	0.22355086	0.48197457	-1.20923567	1.39703739	0.88828498	-0.66815615	0.97841483	-1.14407897	1.15338862	0.24824181	-0.23540419	-0.00923096	0.10407373	0.38799816	0.15591240	0.23420456	-0.31247553	0.93440998	0.72990048	0.16086663	-0.37198851	-0.58488894	1.14547420	
0.00847500	-8.69328151 -2.86195111 -0.06363121  0.11117983 -0.28384303  0.05790518	   -1.00305993   -41.00726004 -1032.65568741   -67.36954154    36.79458349    -7.87734294	  11.57835938  -10.40760508   29.26311922   11.64816432   12.49935327    9.22117225    0.18595032 -110.13131356  -35.47480547 -131.84976795   60.64012635  -84.24318814	 0.02866339  0.13099670 -0.58601964  1.01748111 -0.46424522 -0.15118981  0.00777741  0.01560347 -0.22333312  0.82639156 -0.60186245 -0.05550086	 0.07536534 -0.27096608  0.31082763 -1.80928253  1.20809200  0.00182493 -0.00974842 -0.23018701  0.36877682 -0.08752573 -0.29231835 -0.02593788	 0.07102348 -0.27999125  0.28219273 -1.71123504  1.13365053 -0.00037146 -0.00118554 -0.20377425  0.35412309 -0.08699303 -0.28591324 -0.03219643	0.21565545 0.13906256 3.90825552	 0.00898355  0.02212055 -0.00026124	 0.00783774  0.02273953 -0.00025418	-0.00023478  0.00600106 -0.99998197	0.35000000	0.00000000	0.00000000	-0.26708359	0.21465471	0.46785387	-1.21863174	1.41460943	0.88336778	-0.69570190	0.99611175	-1.17104769	1.21418464	0.22667992	-0.23469311	-0.01365023	0.12501517	0.39473623	0.13853312	0.20144394	-0.28381002	0.92799193	0.77076292	0.13960938	-0.39009106	-0.57460344	1.14689648	
0.00801700	-8.86219271 -1.28863635 -0.89491884  0.05755387 -0.31215323  0.04529706	    1.17539847   -42.13045076 -1007.47069590   -65.76301975    36.44933750    -9.51110036	  13.58615859   -4.18646091   30.39102269   10.09785182   11.58750451   11.11381516    0.42300983 -103.71421838  -38.34087993 -126.57471165   57.57734120  -87.03534007	 0.02924210  0.12862733 -0.58330496  1.00365448 -0.45524592 -0.15118958  0.00778635  0.01393509 -0.22039641  0.82556633 -0.60415663 -0.05569609	 0.06394242 -0.28967532  0.34966710 -1.64300510  1.02797879 -0.00179474 -0.00691531 -0.20775109  0.32063251 -0.11901599 -0.26778306 -0.02451271	 0.07190269 -0.29416401  0.34959619 -1.72540759  1.11819555  0.00036220  0.00018613 -0.20757837  0.36422090 -0.10480318 -0.28677650 -0.02598649	0.21895525 0.14292049 3.90787972	 0.00471401  0.02216109 -0.00030623	 0.00622444  0.02212481 -0.00029010	-0.00005866  0.00594341 -0.99998234	0.35000000	0.00000000	0.00000000	-0.18919836	0.22344296	0.42735401	-1.15975809	1.40713310	0.90766162	-0.68290365	0.98884946	-1.11453199	1.18167830	0.25363922	-0.22473121	0.02213250	0.12629053	0.38794917	0.14408469	0.18488601	-0.32574588	0.92468029	0.79135251	0.11613639	-0.39696795	-0.55310273	1.11929059	
0.00846000	-8.10499118 -1.53079437 -1.53140916  0.06634577 -0.28633665  0.03921777	  -11.69726853   -46.42439469 -1017.65146880   -66.36943768    29.82267542    -7.47340147	  11.96935196   -6.81491831   30.54235704    4.66977171   13.76742940   14.88291502    1.36762257 -110.23956823  -34.13454482 -132.42926776   52.81468740  -84.83325875	 0.02987931  0.12606321 -0.57979245  0.98861595 -0.44564888 -0.15118271  0.00778746  0.01212673 -0.21711017  0.82458776 -0.60661153 -0.05587929	 0.08833921 -0.30955156  0.42959834 -1.83263645  1.13259419  0.03125954  0.01501794 -0.22949771  0.39816227 -0.13757955 -0.31307654  0.00031726	 0.07656976 -0.30645999  0.43085776 -1.79321335  1.13843048  0.00178194  0.00078553 -0.21901919  0.39561625 -0.12255487 -0.29211883 -0.01576927	0.22462453 0.14879005 3.90831169	 0.00725862  0.01720455 -0.00037555	 0.00629404  0.01889619 -0.00034995	 0.00011049  0.00589624 -0.99998261	0.35000000	0.00000000	0.00000000	-0.18998048	0.20056291	0.41611215	-1.16032600	1.43953609	0.88021660	-0.70437324	1.00215483	-1.14523029	1.22876298	0.20924632	-0.23065099	0.01396033	0.12115752	0.38687596	0.12571228	0.19469938	-0.29061517	0.90548331	0.84383988	0.10184415	-0.40871808	-0.55206621	1.12227881	
0.00802100	-9.64067862 -0.87479431 -0.08972080  0.05030397 -0.31457486  0.00794044	   -0.24169965   -45.66451540 -1011.33712389   -66.01798594    36.60743606    -8.44071458	  10.42866499   -2.99470408   29.73034500   14.69093021   10.82975335   13.99656613   -0.95519781 -104.15641212  -41.84453738 -127.74096331   59.44836545  -87.26343501	 0.03040110  0.12354712 -0.57586050  0.97418625 -0.43661241 -0.15119373  0.00778244  0.01037933 -0.21387750  0.82352624 -0.60894111 -0.05600715	 0.06277466 -0.34229096  0.51875052 -1.85968755  1.13689690 -0.02994852 -0.00569817 -0.21110343  0.43313318 -0.14377978 -0.27690160 -0.02213847	 0.06372977 -0.31563733  0.49846425 -1.81375855  1.13211287 -0.00218391 -0.00185715 -0.21759316  0.40799702 -0.13514515 -0.29144834 -0.01579998	0.22793851 0.15276026 3.90796156	 0.00244827  0.01925063 -0.00043974	 0.00416254  0.01845577 -0.00042125	 0.00025297  0.00585457 -0.99998283	0.35000000	0.00000000	0.00000000	-0.17400807	0.19433910	0.39076719	-1.17090249	1.43322980	0.88314152	-0.71711922	1.00403202	-1.14145935	1.22858822	0.19146076	-0.21759349	0.03021147	0.12570554	0.37787646	0.12422223	0.15285200	-0.26843506	0.88944829	0.88897401	0.11871794	-0.41433480	-0.53815901	1.14944470	
0.00848300	-10.46553342  -1.05819800   0.75400812   0.05625279  -0.29915809   0.03200998	   -3.96448643   -50.69689226 -1014.22854586   -66.20838995    37.15364490    -9.23634654	  12.02879528   -4.38322002   28.98292405   18.18151696   12.76269534   20.02419841    1.14376780 -110.20312381  -38.60367668 -126.78252301   59.52390826  -84.43159676	 0.03086723  0.12086806 -0.57121046  0.95889101 -0.42707342 -0.15118813  0.00778376  0.00848366 -0.21038820  0.82236613 -0.61140994 -0.05614818	 0.05768381 -0.34195324  0.62870969 -1.88691219  1.16899024  0.00733800  0.00000782 -0.24047208  0.41268369 -0.12315360 -0.30010771  0.00514170	 0.05543794 -0.32039698  0.56142382 -1.81405965  1.13179465  0.00058534 -0.00254078 -0.22613373  0.41630043 -0.13763023 -0.29197980 -0.01308285	0.23210601 0.15834193 3.90708963	 0.00259427  0.01841942 -0.00051624	 0.00230063  0.01884813 -0.00049101	 0.00041606  0.00583807 -0.99998287	0.35000000	0.00000000	0.00000000	-0.14817786	0.16289312	0.35709047	-1.16572583	1.44664490	0.87610412	-0.73926061	1.01081073	-1.15778935	1.25392509	0.17068896	-0.20539397	0.02607805	0.12562667	0.36903062	0.10555045	0.14785713	-0.25584593	0.88994992	0.93538171	0.09863855	-0.42853516	-0.53726459	1.14192581	
0.00805200	-9.31536364 -0.73536816  0.95893451  0.04952955 -0.28985730  0.02015408	   -5.52232552   -50.40049319 -1019.72316538   -66.57844385    38.62276572    -8.43571592	  11.61637269   -2.80293828   26.21501676   16.64223647    9.13253445   18.55939615    0.63779840 -106.32593060  -38.07741696 -127.34782881   62.18080795  -87.72203910	 0.03124267  0.11831004 -0.56645978  0.94462362 -0.41820533 -0.15118334  0.00778807  0.00665833 -0.20699709  0.82116138 -0.61374004 -0.05623694	 0.03073822 -0.28356130  0.56911833 -1.61265793  1.00143937 -0.00455293 -0.02962675 -0.22606215  0.40584148 -0.13861085 -0.25133170 -0.00319171	 0.04477293 -0.31502772  0.59476572 -1.76585174  1.09444666  0.00164666 -0.00216680 -0.22741958  0.42167986 -0.15057040 -0.28575223 -0.01071406	0.23588341 0.16272180 3.90680654	-0.00133389  0.01880796 -0.00058387	 0.00003028  0.01865941 -0.00056092	 0.00056412  0.00583139 -0.99998284	0.35000000	0.00000000	0.00000000	-0.07437858	0.16054329	0.34663761	-1.10302877	1.42003667	0.93097770	-0.68442518	0.99285191	-1.08289468	1.22375190	0.21984038	-0.17817369	0.04762977	0.13590394	0.35580674	0.10145693	0.10578970	-0.31088874	0.87439579	0.94385833	0.07931879	-0.44241488	-0.52542031	1.12995100	
0.00847300	-7.56567680 -2.51116197 -0.67834713  0.11328254 -0.26817332  0.06266830	  -14.72358132   -52.41161762 -1021.71753475   -66.68909716    35.25749574    -7.17843903	  12.29360076  -12.06363812   26.38714731    6.37669097   11.40716077   22.17607322    6.01060537 -108.94922400  -34.91456014 -127.82698005   59.26373613  -83.97789037	 0.03165597  0.11544767 -0.56091271  0.92939434 -0.40891767 -0.15113473  0.00780244  0.00464255 -0.20325971  0.81976454 -0.61624249 -0.05632387	 0.05801373 -0.37222022  0.72795019 -1.83630569  1.07380928  0.01438391  0.01564218 -0.26556053  0.46388224 -0.18698843 -0.31108160 -0.02235026	 0.04958767 -0.34408404  0.66686506 -1.80251455  1.09054522  0.00931121  0.00246961 -0.24191741  0.44425322 -0.16971547 -0.29633224 -0.00979168	0.24104339 0.17016082 3.90736267	 0.00570682  0.01693945 -0.00065775	 0.00329923  0.01760131 -0.00063437	 0.00071715  0.00581719 -0.99998282	0.35000000	0.00000000	0.00000000	-0.09672944	0.15981981	0.30918428	-1.13283336	1.44634163	0.87766117	-0.74102974	1.02349567	-1.11016607	1.28335953	0.15363941	-0.17000103	0.04916533	0.13578010	0.35709029	0.08948878	0.11297943	-0.25773153	0.86848176	1.00432718	0.06985557	-0.46195543	-0.50483918	1.11391008	
0.00801400	-9.28233814  0.21254082  1.19372823  0.02156131 -0.26686763 -0.00884410	   -4.53181930   -48.03665296 -1003.42727051   -65.52316330    42.46356813    -7.60940042	   9.98045458    2.29894488   21.90369737   20.13012308   10.36018860   21.35785821   -0.87826128 -100.06336641  -39.39587227 -120.30965748   65.75926638  -84.28259742	 0.03199977  0.11268895 -0.55529995  0.91504038 -0.40025528 -0.15105260  0.00780937  0.00269878 -0.19965119  0.81836615 -0.61858504 -0.05634138	 0.06570849 -0.37493300  0.75076833 -1.81005006  1.06961303  0.00849035  0.03865849 -0.23246996  0.48285675 -0.20515389 -0.30203526  0.00561423	 0.04206229 -0.34112829  0.70257308 -1.77964024  1.07191945  0.00893009  0.00396753 -0.23902048  0.44840233 -0.17564544 -0.29323401 -0.00132552	0.24358646 0.17289680 3.90564946	-0.00607943  0.02149114 -0.00067512	-0.00192006  0.01988903 -0.00066375	 0.00086851  0.00581180 -0.99998273	0.35000000	0.00000000	0.00000000	-0.07367551	0.14248079	0.27667028	-1.11657047	1.41831458	0.89484876	-0.73618305	0.99904329	-1.09729481	1.26955569	0.11810763	-0.15189719	0.06884859	0.11244685	0.36359349	0.09281784	0.08273645	-0.23792693	0.86746126	1.03940845	0.08005543	-0.45103866	-0.50733495	1.13822651	
0.00846200	 -33.04870769   71.05731215 -377.72777624  -23.62808613  -60.56245825  -10.68200558	  28.30891623  -66.92482102 -892.67472321  -58.57090571   50.38185774  -15.19502312	   9.68438424   -6.11641312   25.59977602   18.38015991   11.01227874   25.22790045    0.37162982 -110.11795545  -36.29627211 -118.89260763   69.23521471  -84.05287981	 0.03223401  0.10966655 -0.54928816  0.90111779 -0.39037987 -0.15004673  0.00781316  0.00054015 -0.19564517  0.81668270 -0.62098530 -0.05648510	 0.03302908 -0.40803267  0.66296896 -1.44763093  1.31958674  0.29789009  0.00406279 -0.28941299  0.49613494 -0.24286054 -0.27260428 -0.03611526	 0.02688660 -0.37393280  0.70198361 -1.56615783  1.22626111  0.18581094  0.00196484 -0.26598864  0.48812544 -0.21598091 -0.27944700 -0.02513650	0.25119527 0.17981732 3.91671970	 0.03242148  0.00412642 -0.00675642	 0.01710526  0.01139866 -0.00436698	 0.00100213  0.00574903 -0.99998297	0.35000000	0.00000000	0.00000000	-0.05270084	0.13447855	0.31772861	-1.17992413	1.41710031	0.91646892	-0.70326585	1.00587928	-1.07874262	1.29890418	0.10821137	-0.17599949	0.07885145	0.10915242	0.29522675	0.00997259	0.06865157	-0.23726538	0.87194180	1.05662012	0.00005640	-0.45644695	-0.49349013	1.09536695	
0.00804100	 -46.99028526   58.06421333 -357.12527790  -22.39361230  -56.78812861   -7.11099732	  25.69747669  -52.78193435 -869.50386367  -56.91981723   48.84515917   -8.85099045	   9.26276938    5.62466574   13.64255157    8.31850800  -16.10943921   11.83818454    8.62098673  -93.05502248  -35.35632610 -119.53590298   68.78852105  -78.69595850	 0.03238389  0.10648028 -0.54416769  0.89149349 -0.37933456 -0.14713758  0.00795886 -0.00174244 -0.19125955  0.81434238 -0.62288984 -0.05693091	 0.02305857 -0.33772362  0.53115363 -0.94357900  1.27336660  0.36626858  0.02540258 -0.27708726  0.53266071 -0.33208480 -0.17056663 -0.07910408	 0.01816814 -0.39042290  0.62188630 -1.14719767  1.37480851  0.36315226  0.02171292 -0.28166517  0.55432561 -0.30631036 -0.22839010 -0.05845427	0.25718205 0.18324257 3.93009778	 0.03826274 -0.00781423 -0.02580860	 0.03712050 -0.00447419 -0.01956938	 0.00097399  0.00544289 -0.99998471	0.35000000	0.00000000	0.00000000	-0.00160190	0.17124774	0.32758051	-1.10516715	1.34716296	0.94586360	-0.62324065	0.96145594	-0.95160490	1.25242412	0.11902381	-0.18752655	0.10774660	0.10467747	0.33381364	0.03071078	-0.01967143	-0.28112015	0.84430730	1.05640507	0.01558229	-0.45813289	-0.49718943	1.01922917	
0.00800300	 -26.45631524   36.04431832 -262.75740123  -16.41304280  -41.67576476   -4.52211364	  -1.27363907  -43.19235763 -881.80737781  -57.54665943   41.26544763   -3.38930842	   5.60772052   -6.27962741    0.23152902   -7.50539913  -25.53789349   13.70979139   12.45827132  -91.01461172  -26.95010068 -114.35802570   62.83143675  -65.13175040	 0.03243032  0.10334943 -0.53967877  0.88425520 -0.36823189 -0.14382274  0.00820873 -0.00405998 -0.18646697  0.81128381 -0.62449988 -0.05728998	-0.02135370 -0.36260477  0.47393289 -0.71197505  1.23475881  0.39834690  0.02668539 -0.25997989  0.56806427 -0.35831347 -0.16386044 -0.01847602	 0.00461145 -0.38911766  0.54726487 -0.86998391  1.36366424  0.41529290  0.03224861 -0.28905567  0.60026641 -0.38753588 -0.19589886 -0.03744661	0.26126658 0.18806002 3.93905905	 0.04452256 -0.00669175 -0.03881833	 0.04245459 -0.00732040 -0.03482693	 0.00090885  0.00511267 -0.99998652	0.35000000	0.00000000	0.00000000	-0.00833797	0.16092905	0.33415499	-1.07811880	1.30959165	0.92787343	-0.62371296	0.95350993	-0.89746392	1.24589062	0.08139850	-0.19126156	0.13723290	0.14059982	0.34536311	-0.00912517	-0.06424657	-0.30592969	0.84878278	1.04389846	0.02590692	-0.48571429	-0.48139700	0.93851948	
0.00800500	  -7.06684764   19.94447422 -186.32042803  -11.71645130  -29.83218131   -3.01829562	 -16.60918731  -33.80840309 -910.52054967  -59.36684755   42.94302890    1.59488274	   6.36743026   -2.75215869   -8.45074532   -6.97599231  -33.52551824   11.74731092   16.15179310  -79.60941482  -20.71614468 -110.35043952   69.16061139  -62.84538388	 0.03246090  0.10029280 -0.53563581  0.87856761 -0.35799420 -0.14046365  0.00858251 -0.00642544 -0.18142091  0.80763304 -0.62586181 -0.05745445	 0.02032381 -0.32789635  0.45245198 -0.57628032  1.07769522  0.34429112  0.06185466 -0.25192373  0.60382938 -0.45166074 -0.13475367 -0.00913571	 0.00357471 -0.37265796  0.49311874 -0.68080629  1.23978255  0.40744168  0.04848851 -0.28691654  0.62967323 -0.46066759 -0.16396464 -0.01854179	0.26391182 0.18977044 3.94494146	 0.03336774  0.00136306 -0.04981790	 0.03740735 -0.00142511 -0.04631350	 0.00088457  0.00479437 -0.99998812	0.35000000	0.00000000	0.00000000	0.00124139	0.16869821	0.28357595	-1.02910101	1.23630464	0.94923311	-0.62980390	0.95155591	-0.85610926	1.21868587	0.05901144	-0.15213040	0.17657202	0.14721267	0.37855384	0.01231140	-0.09674221	-0.29954523	0.86050224	1.05210435	0.06607851	-0.48827636	-0.48115841	0.90731847	
0.00848000	  37.32157613   29.74608441 -206.34163570  -13.58183216   -6.94851198   -1.58265399	 -22.87395229  -35.74766717 -898.60236413  -58.65887004   47.08769356   -0.28688728	  3.28497891  -8.42312798 -11.98921137 -11.19721700 -30.90715411  16.11163512  12.43448556 -79.99559712 -15.26076768 -99.24226454  74.14987707 -59.39224839	 0.03247386  0.09723201 -0.53173008  0.87379405 -0.34863344 -0.13709988  0.00899562 -0.00883965 -0.17591646  0.80327505 -0.62708863 -0.05753054	 0.01958506 -0.34123814  0.44222789 -0.49624450  1.01435566  0.40890959  0.04836203 -0.28786165  0.69069010 -0.56418243 -0.15535841 -0.02090990	 0.00247963 -0.35644034  0.45241331 -0.54195049  1.06461146  0.39799303  0.04787398 -0.28000948  0.64896628 -0.51894482 -0.14172347 -0.01006234	0.26424621 0.19109698 3.94993839	 0.02456014  0.01544989 -0.04720814	 0.02591060  0.00943101 -0.04867370	 0.00094463  0.00456233 -0.99998915	0.35000000	0.00000000	0.00000000	-0.02694952	0.16626371	0.25969473	-1.05466259	1.19194150	0.95308131	-0.64264846	0.95585936	-0.83790940	1.21623206	0.01140270	-0.13627642	0.21541519	0.16091508	0.35639656	-0.01848280	-0.11999056	-0.29746678	0.88953626	1.05181527	0.06145458	-0.48460478	-0.47114840	0.88097799	
0.00851900	 169.18685985   90.22700496 -478.96384605  -33.52599955   62.02495365   -2.95553776	 -16.25874357  -35.09559182 -745.84028691  -48.76180922   42.19522232    3.34963437	  6.35146474  -3.08619024 -11.57831150 -13.13845480 -30.92144161  11.58476743  14.35364453 -72.27928686 -13.66026744 -81.77185637  84.96285939 -58.86914289	 0.03247456  0.09390197 -0.52844934  0.87076444 -0.34345718 -0.13279510  0.00929833 -0.01133644 -0.17061337  0.79828888 -0.62777938 -0.05755464	 0.00570673 -0.34656759  0.34313817 -0.22446313  0.29589307  0.54796368  0.03586087 -0.29322412  0.56748929 -0.59348827 -0.06664949 -0.01915593	 0.00023641 -0.39387570  0.36930541 -0.31558479  0.50069784  0.52724091  0.03172807 -0.29387190  0.61256594 -0.59773996 -0.07238109 -0.00546036	0.24401875 0.18797299 3.97541797	 0.04074886  0.06675657 -0.02411740	 0.03726015  0.05274104 -0.03113651	 0.00131939  0.00426747 -0.99999002	0.35000000	0.00000000	0.00000000	0.05621764	0.23022813	0.18730789	-0.97156471	1.09015882	1.03569090	-0.63957363	0.96021205	-0.68068069	1.14509332	0.05230170	-0.08738411	0.31941220	0.22710003	0.35612613	0.01820161	-0.13614711	-0.35747579	0.93421745	0.98592561	-0.00647727	-0.45645642	-0.44059497	0.74883252	
0.00844200	 129.27924041   54.24089014 -355.08226205  -24.91705937   51.41443024   -0.96012828	 -46.20482983  -31.07777633 -808.20930973  -52.69264739   38.77484239    9.29439749	  9.85753501  -5.92825693  -0.13056760 -19.93694499  -8.60706022   9.30796877  14.08627242 -69.34857011  11.80974248 -91.67172304  89.66034114 -54.77446628	 0.03248901  0.09035623 -0.52553284  0.86912912 -0.34252477 -0.12780615  0.00942093 -0.01388482 -0.16530219  0.79250371 -0.62791672 -0.05756424	 0.01139471 -0.40957119  0.38669314 -0.13712664 -0.02473312  0.61441882  0.00988561 -0.29241333  0.66695935 -0.72998904 -0.00213803  0.00744577	 0.00316737 -0.41850092  0.35499999 -0.18289221  0.06231950  0.59521370  0.01342783 -0.30175456  0.64482646 -0.70714669 -0.00828904 -0.00234970	0.23687984 0.18607971 3.98869282	 0.04232182  0.06147893 -0.01049999	 0.04243141  0.06392468 -0.01418395	 0.00188641  0.00390577 -0.99999059	0.35000000	0.00000000	0.00000000	0.06067525	0.24587084	0.18641266	-0.91314453	1.04118836	1.07639182	-0.62884003	0.97975516	-0.68125904	1.16351366	0.05825765	-0.12551731	0.42184323	0.30966407	0.37498504	-0.01230571	-0.13145754	-0.34931821	1.00649273	0.98281354	-0.06520897	-0.44721773	-0.37489516	0.69209844	
0.00806200	  92.87500613   30.69480207 -262.53127069  -18.39295688   36.02217437    0.92296973	 -41.71393637  -27.55620815 -812.31185213  -52.97902509   45.37043304    6.63046088	 13.11975842   0.86985527  -9.64850310 -15.24520615  -4.20415027   5.42064354  16.10801261 -63.74829054   3.52678203 -77.96383902  93.46477962 -52.47275853	 0.03256683  0.08715074 -0.52271412  0.86817533 -0.34382083 -0.12342849  0.00947673 -0.01617337 -0.15995253  0.78631848 -0.62760390 -0.05756340	 0.03122328 -0.34430608  0.32571162 -0.08653146 -0.21917444  0.42645584  0.02626914 -0.22458593  0.61573423 -0.72669300  0.05130596  0.00616419	 0.01316172 -0.38869497  0.34600776 -0.10853014 -0.18059063  0.52080457  0.00836117 -0.27758111  0.66207645 -0.76827227  0.04271963 -0.00054026	0.23097995 0.18279091 3.99326598	 0.02710852  0.06395291 -0.00558397	 0.03243172  0.06298243 -0.00704734	 0.00238235  0.00362394 -0.99999060	0.35000000	0.00000000	0.00000000	0.06791568	0.26148856	0.14731422	-0.84339422	0.98405296	1.07206249	-0.63542712	0.94296777	-0.66607028	1.09133792	0.09277246	-0.09624325	0.45315576	0.36574149	0.40079144	0.03278890	-0.16308138	-0.36279580	1.00373256	0.96629488	-0.02932083	-0.45199251	-0.35501960	0.68712634	
0.00843900	  59.83852567   23.19798773 -167.95420951  -11.57278436   23.97337720    0.07779708	 -56.98209391  -33.20247280 -863.28880952  -56.26865180   41.23602777    8.56607521	 10.83237788  -8.50366560  -1.64088009 -15.89632414  -0.64535597  17.22800216  13.95444466 -70.07035780   9.38006495 -86.32189840  90.09108996 -46.74392760	 0.03277880  0.08400441 -0.51968958  0.86751881 -0.34643100 -0.11921642  0.00949341 -0.01845206 -0.15404378  0.77925394 -0.62699346 -0.05757509	 0.03698262 -0.38673437  0.41293965 -0.09082727 -0.35776549  0.53655230  0.00412235 -0.30455644  0.76254407 -0.94459348  0.07101409 -0.00821200	 0.02835129 -0.37322640  0.36496926 -0.07863679 -0.32235385  0.50638421  0.00303031 -0.26828374  0.71133853 -0.84921008  0.07460126 -0.00275601	0.23189082 0.18245707 3.99357296	 0.01417942  0.05103306 -0.00284650	 0.01832177  0.05554085 -0.00362004	 0.00287767  0.00345320 -0.99998990	0.35000000	0.00000000	0.00000000	0.05438879	0.24875641	0.13575599	-0.85380834	0.96154803	1.06932831	-0.66023666	0.99377418	-0.68201560	1.10494828	0.04129031	-0.11932515	0.50441486	0.40284202	0.39368510	-0.02790295	-0.16995400	-0.38163286	1.02909803	0.96651793	-0.07808749	-0.43121740	-0.33182085	0.63299525	
0.00801000	  62.91273704   23.02964894 -212.08011877  -14.57799876   26.24924404    3.77831260	 -36.22210380  -27.24986997 -778.01160971  -50.79367165   46.87332485    3.13546084	 13.86153455   1.93010453  -6.67269600 -19.16854554   9.20184736   7.39395402  14.26879781 -59.27510548  -4.30417210 -61.27188368  88.11652350 -48.08433288	 0.03303459  0.08121445 -0.51671610  0.86695639 -0.34943811 -0.11547402  0.00949014 -0.02042092 -0.14831873  0.77240038 -0.62629314 -0.05757516	 0.06012782 -0.35055812  0.38207167 -0.05781291 -0.42654929  0.44417387 -0.02851325 -0.25026667  0.74776229 -0.88295526  0.10991963 -0.01750086	 0.03505641 -0.34367531  0.37058215 -0.06860115 -0.38410880  0.45194624 -0.00181634 -0.24422460  0.71589129 -0.85680896  0.08944038 -0.00267871	0.22697230 0.17893623 3.99091342	-0.00453650  0.05728418 -0.00249643	 0.00178024  0.05485415 -0.00259107	 0.00330144  0.00341651 -0.99998871	0.35000000	0.00000000	0.00000000	0.03896568	0.27616525	0.12348505	-0.84083128	0.93634826	1.04431915	-0.66340369	0.92768592	-0.64211911	1.04399431	0.06704666	-0.09201110	0.54660934	0.40042198	0.39257193	0.02458737	-0.20696265	-0.41023895	1.03022099	0.97153378	-0.06150752	-0.41698620	-0.30940297	0.66012686	
0.00801300	  47.91922453   19.62727702 -166.77336762  -11.34810761   21.33535517    2.53052036	 -44.25487481  -34.11347850 -810.87962390  -52.93133786   46.82428328    4.76274238	 11.39153558  -8.16887522  -0.29653130 -16.71862402   7.96040357  15.75957732  17.38023705 -67.14122438   2.72629774 -68.31811234  89.61408126 -41.17050260	 0.03327315  0.07870713 -0.51376621  0.86643925 -0.35268846 -0.11222011  0.00949661 -0.02224298 -0.14271067  0.76561180 -0.62557360 -0.05756790	 0.02216579 -0.33343798  0.43888482 -0.07653982 -0.45519654  0.46957812 -0.01497790 -0.26069283  0.72900820 -0.93976199  0.08423745  0.01182383	 0.02959633 -0.31621341  0.37698944 -0.06764476 -0.41144961  0.41560418 -0.00221714 -0.23061553  0.70752642 -0.85688371  0.08908021 -0.00001307	0.22586043 0.17836968 3.98662291	-0.01411424  0.05197326 -0.00241718	-0.01102332  0.05404461 -0.00244830	 0.00374487  0.00349814 -0.99998687	0.35000000	0.00000000	0.00000000	0.03465302	0.23768392	0.11601830	-0.82464623	0.93069410	1.03670704	-0.66422355	0.95759356	-0.66453016	1.05695558	0.06180864	-0.10502102	0.55669600	0.44053656	0.38729730	-0.01881315	-0.22778672	-0.42068458	1.03406549	0.97726911	-0.08186938	-0.41604805	-0.30725142	0.64143717	
0.00802100	  46.01483221   15.24445718 -177.77855141  -12.06273620   19.57511260    5.31419139	 -37.16090077  -31.19065111 -796.53668949  -52.01632201   50.31821953    2.59268840	 14.17041824  -7.83747536  -2.86778118 -18.06345818   8.57557165  11.80800794  15.25194349 -62.27578640  -2.63460183 -61.71668680  91.25940335 -42.80790228	 0.03351758  0.07630391 -0.51074826  0.86587390 -0.35604249 -0.10906277  0.00951787 -0.02396333 -0.13708869  0.75889726 -0.62485641 -0.05757078	 0.01197517 -0.28884346  0.34550296 -0.06424821 -0.44286940  0.36216533  0.00357731 -0.21926264  0.67862758 -0.78465096  0.08713327 -0.00860383	 0.02823740 -0.29566192  0.37456735 -0.06999408 -0.41888886  0.38683722  0.00142927 -0.21269652  0.69435194 -0.83049639  0.08663827 -0.00202256	0.22332879 0.17759257 3.98229576	-0.02400582  0.05249272 -0.00603506	-0.02072733  0.05218232 -0.00472822	 0.00415861  0.00365272 -0.99998468	0.35000000	0.00000000	0.00000000	0.04541704	0.24171872	0.10528813	-0.79317421	0.93090391	1.03545940	-0.65251356	0.92487174	-0.65128410	1.03963709	0.09666541	-0.08191656	0.55717564	0.44848359	0.39014974	0.01093648	-0.24711573	-0.42827648	1.01186180	0.98295552	-0.06615013	-0.42027092	-0.30832618	0.66986609	
0.00800500	  37.63919011   18.72458732 -169.63835912  -11.31015823   16.37768937    4.67921414	 -40.98868833  -35.17554028 -820.82393849  -53.58436618   48.15690860    1.53289361	 12.56089224 -14.51837432   4.37600110 -22.12173972   8.82774737  18.07902691  14.00762583 -66.50621605  -1.25749861 -71.63644920  90.54880607 -38.46591091	 0.03371123  0.07398033 -0.50760354  0.86518588 -0.35938633 -0.10589901  0.00955377 -0.02563439 -0.13145884  0.75219986 -0.62414924 -0.05757016	-0.00378119 -0.28128774  0.41860070 -0.08052870 -0.43341885  0.42117806 -0.01441301 -0.20209768  0.72320776 -0.84376909  0.09197063 -0.01686457	 0.02069568 -0.29083932  0.39937967 -0.09014194 -0.41753280  0.40404964  0.00196015 -0.20904274  0.70731603 -0.83800074  0.08792051 -0.00091284	0.22335378 0.17825425 3.97930589	-0.02772967  0.04675286 -0.00572162	-0.02669358  0.04898292 -0.00604864	 0.00456005  0.00386536 -0.99998213	0.35000000	0.00000000	0.00000000	0.04386943	0.19742948	0.11570027	-0.77583659	0.92883962	1.02335763	-0.65553194	0.94183308	-0.65519571	1.04146004	0.09766970	-0.08755300	0.56768280	0.46458659	0.37347066	-0.02959847	-0.26473680	-0.43757483	0.99990141	0.99904597	-0.08570333	-0.41341481	-0.30867746	0.66914082	
0.00845600	  33.19450677   11.16614189 -170.09841415  -11.40309849   15.23916099    4.10249117	 -33.19965479  -33.62799277 -816.02913030  -53.30002489   53.07955794    2.57992490	 13.08988169 -16.35198665   0.80077154 -17.08182019   8.90347791  14.09827408  15.88587487 -63.56536317  -7.66934708 -64.52636041  94.16426182 -35.30282396	 0.03388625  0.07144253 -0.50411591  0.86422276 -0.36281004 -0.10213766  0.00960283 -0.02740106 -0.12545055  0.74507941 -0.62340906 -0.05757325	 0.04475896 -0.30664886  0.42803287 -0.11694688 -0.38975626  0.46166582  0.00888953 -0.23560519  0.70218300 -0.86555098  0.05481537 -0.00683820	 0.02169396 -0.30194539  0.41462197 -0.11345314 -0.40399890  0.44651755  0.00563245 -0.21135784  0.71209743 -0.84358486  0.08463163 -0.00171634	0.22161183 0.17986980 3.97597256	-0.02977400  0.04732992 -0.01093145	-0.02912723  0.04702068 -0.00919508	 0.00495551  0.00411086 -0.99997927	0.35000000	0.00000000	0.00000000	0.03480468	0.19694099	0.09987947	-0.79300368	0.91866487	1.00475180	-0.68391061	0.93263263	-0.64559150	1.06859982	0.07973825	-0.05965032	0.57890338	0.45614520	0.36775041	-0.00789094	-0.28649285	-0.42763647	1.00007141	1.00516486	-0.09536326	-0.40059561	-0.31292272	0.65754282	
0.00804200	  27.64796451   13.75019629 -196.17578978  -13.03861136   12.22509883    1.35284354	 -25.84365720  -32.96740492 -799.29578549  -52.24591339   57.49444568    0.20560306	 10.16385703 -14.21670958   4.71469037 -20.78664780   7.23176993  12.01372181  11.82738418 -61.43574619  -6.25950302 -61.16962737  97.23248541 -35.31378940	 0.03402655  0.06906285 -0.50078133  0.86321685 -0.36592726 -0.09854855  0.00966024 -0.02905801 -0.11983668  0.73845649 -0.62269718 -0.05757263	 0.00337009 -0.28167147  0.40255738 -0.11457306 -0.34830923  0.43062970 -0.00136654 -0.18308712  0.65279129 -0.78490579  0.10745017  0.00590831	 0.01696544 -0.29496795  0.41662231 -0.12406193 -0.38524372  0.44512160  0.00437191 -0.20691920  0.69874345 -0.82505136  0.08958688 -0.00136772	0.22035316 0.17989820 3.97325273	-0.03243613  0.04457040 -0.00696256	-0.03158223  0.04556607 -0.00822796	 0.00532436  0.00436066 -0.99997632	0.35000000	0.00000000	0.00000000	0.03529875	0.18911071	0.09912979	-0.76068002	0.92073923	1.00780344	-0.65078801	0.91541189	-0.62683237	1.06280184	0.10286216	-0.06947479	0.59108537	0.46277043	0.35553503	-0.01573311	-0.30677837	-0.43238670	0.98832488	1.01247704	-0.08852996	-0.39873719	-0.31846645	0.67837065	
0.00850200	  20.57266114    8.87652901 -176.63722269  -11.64220644    8.38589235    2.19446731	 -32.39224812  -36.89053071 -815.14960248  -53.25320933   53.68644260    1.48298967	 11.62392994 -20.43979144   5.54820648 -18.64153472   3.23232456  14.24167815  14.81204706 -64.83916879  -6.59889182 -66.23552009  93.28732216 -31.31398743	 0.03413484  0.06648267 -0.49715231  0.86203303 -0.36911279 -0.09464988  0.00970786 -0.03083255 -0.11381018  0.73145065 -0.62200010 -0.05756821	 0.00355939 -0.29075203  0.38125864 -0.14529414 -0.32866043  0.43580198  0.02119874 -0.17987351  0.67238043 -0.76822269  0.07252512  0.01496856	 0.01269701 -0.30467537  0.42565760 -0.13959768 -0.36937097  0.46203412  0.00604547 -0.20743468  0.70728923 -0.81909063  0.08062625  0.00062442	0.22120798 0.18271392 3.96991742	-0.02829902  0.03804502 -0.00858372	-0.02967449  0.04014789 -0.00803920	 0.00567542  0.00462141 -0.99997322	0.35000000	0.00000000	0.00000000	0.03995625	0.15885814	0.10105453	-0.74373281	0.92154032	0.99230361	-0.66144145	0.92674631	-0.63135821	1.07711136	0.10352459	-0.06086422	0.58905053	0.47631770	0.35788876	-0.02456182	-0.31049526	-0.43505326	0.96610647	1.02586949	-0.09506355	-0.39911351	-0.32048622	0.66103262	
0.00847400	  17.17661338    9.85700196 -189.00910495  -12.43076040    7.14667030    0.55799277	 -25.11888934  -34.45801549 -816.79554636  -53.36225841   56.90772278    0.31116606	  9.72888919 -18.56952381   6.71593635 -20.04461449   3.65630034  12.85209413  11.28355437 -60.80284667 -11.86219445 -67.04465628  97.34526372 -29.87076974	 0.03422754  0.06380479 -0.49338587  0.86075186 -0.37222130 -0.09052371  0.00974687 -0.03269407 -0.10770626  0.72441305 -0.62132334 -0.05755875	-0.01763284 -0.35565555  0.45303724 -0.15976431 -0.39251802  0.51292694 -0.02220387 -0.22799421  0.74215197 -0.84973280  0.10990357  0.03440903	 0.00774481 -0.32002156  0.44567922 -0.15431727 -0.36636004  0.49139931  0.00266574 -0.21972127  0.72384162 -0.83451574  0.08236670  0.00359792	0.22138274 0.18430932 3.96800465	-0.02804922  0.03548390 -0.00573909	-0.02797508  0.03614154 -0.00664552	 0.00598358  0.00485776 -0.99997030	0.35000000	0.00000000	0.00000000	0.03070373	0.17650206	0.09933714	-0.77438056	0.90955514	0.98924243	-0.67717820	0.93038243	-0.60892767	1.09316707	0.06845193	-0.06460321	0.62677002	0.47752017	0.34103099	-0.04314182	-0.34983638	-0.43487301	0.97387648	1.02716136	-0.12723063	-0.37861943	-0.30690828	0.63558376	
0.00853400	  23.81652767   14.91441847 -235.86381394  -15.70182185   12.24054296    2.13581543	 -14.24600951  -33.83734410 -759.36874720  -49.67745471   60.73840495    0.40097894	 13.14309015 -13.86891630   5.32877745 -19.62025402   9.96671581   8.07028560  14.77430791 -58.16546917 -14.35832753 -51.33682051  96.22606838 -29.43659484	 0.03434667  0.06110857 -0.48964014  0.85942740 -0.37516153 -0.08642550  0.00980590 -0.03456996 -0.10163894  0.71743132 -0.62066581 -0.05756314	 0.03638827 -0.31487742  0.39244168 -0.12315737 -0.30839051  0.42613465  0.01038695 -0.19220863  0.64770484 -0.73093420  0.08691246  0.02321434	 0.01625004 -0.31618782  0.43301254 -0.15138729 -0.33996121  0.46968981  0.00846555 -0.21871098  0.70190802 -0.80705731  0.07864016  0.00261047	0.21821060 0.18576257 3.96530824	-0.02690722  0.03904555 -0.01391015	-0.02739069  0.03773419 -0.01106785	 0.00629642  0.00509345 -0.99996721	0.35000000	0.00000000	0.00000000	0.03706559	0.16976845	0.07984370	-0.74067545	0.90259176	0.97101134	-0.67903364	0.88335168	-0.59877795	1.07812846	0.11416881	-0.02911655	0.62414581	0.45646971	0.34413454	-0.00248781	-0.34422719	-0.44037196	0.97410840	1.05033112	-0.11850116	-0.38324061	-0.31180835	0.65089941	
0.00846300	  12.60252202   16.42585450 -210.10827762  -13.68564859    3.92532694   -2.84670379	 -19.02593686  -36.12184084 -793.64121036  -51.88060292   61.73761747    0.66238934	  6.32372296 -17.70155048   9.72179438 -23.15754514  -0.89055355  14.15345499  11.51405818 -59.71415329  -9.13425611 -62.43021150 100.48686004 -24.28715849	 0.03444689  0.05839745 -0.48589396  0.85809448 -0.37805520 -0.08235998  0.00989036 -0.03647958 -0.09564208  0.71056355 -0.62004536 -0.05756092	 0.00091364 -0.32991683  0.47254283 -0.18045619 -0.36764680  0.52137226  0.02768845 -0.22913007  0.72214650 -0.84737688  0.04463217 -0.00456768	 0.00986176 -0.32468011  0.44736574 -0.16033704 -0.34185428  0.48953252  0.01003468 -0.22830466  0.71261885 -0.81673491  0.07286531  0.00124654	0.21872190 0.18690386 3.96306596	-0.02628572  0.03310618 -0.00820341	-0.02644526  0.03520645 -0.00995369	 0.00660713  0.00531919 -0.99996403	0.35000000	0.00000000	0.00000000	0.03115555	0.15668246	0.06251749	-0.73793948	0.88890964	0.97243655	-0.67318153	0.91699249	-0.58873123	1.10462844	0.07049090	-0.04883618	0.63356251	0.46794942	0.33401108	-0.04596518	-0.37228766	-0.43737733	0.97308379	1.06087399	-0.13500959	-0.37101525	-0.32455465	0.61537987	
0.00854000	  18.60030829   14.40505455 -256.53414324  -16.99038865    9.33024927    0.78114134	   1.22971026  -32.15107665 -745.05305627  -48.79239835   71.43623881   -3.67847524	 11.58945088 -15.43901265   6.33619354 -21.33546856   7.95819544   6.29264621  10.15891231 -54.14274716 -17.65946156 -45.04819722 105.37316573 -22.83940917	 0.03454134  0.05564678 -0.48217172  0.85675917 -0.38087348 -0.07821459  0.00993831 -0.03840223 -0.08965623  0.70373497 -0.61939200 -0.05756272	 0.00417447 -0.30819109  0.38424112 -0.11637379 -0.27248394  0.42371635  0.01920478 -0.19839752  0.62107427 -0.72132682  0.04737773  0.02499396	 0.01191415 -0.31964319  0.42919210 -0.15115182 -0.32407934  0.47250565  0.00732268 -0.22342468  0.68769435 -0.78616011  0.07311283  0.00246943	0.21385327 0.18761072 3.96105992	-0.02473504  0.04055334 -0.00900436	-0.02529878  0.03794971 -0.00866033	 0.00691341  0.00553734 -0.99996077	0.35000000	0.00000000	0.00000000	0.02479803	0.17132500	0.05795913	-0.72708112	0.87888747	0.95897692	-0.67845583	0.86044675	-0.57474875	1.09699678	0.11189467	-0.01923437	0.63921839	0.47041687	0.33117622	-0.01105681	-0.39823562	-0.44318765	0.97835261	1.06632924	-0.13011687	-0.37386057	-0.31184039	0.64072806	
0.00847600	   3.97624879   17.89169928 -238.97863281  -15.44429601   -0.41895252   -1.50278840	  -3.03085702  -31.05041668 -763.85581261  -49.95168477   70.90424205   -3.05619642	  8.66420775 -18.32926440  14.55548094 -25.77412894  -4.28157453  12.50903650  10.89157061 -54.67899740 -10.58413037 -54.61118867 105.93627656 -19.42519814	 0.03462415  0.05287245 -0.47853633  0.85545104 -0.38369248 -0.07420293  0.00998598 -0.04038120 -0.08379859  0.69700691 -0.61872138 -0.05751556	 0.02200989 -0.32186292  0.39596018 -0.17282172 -0.31447644  0.46254971 -0.00729865 -0.22056777  0.63909934 -0.76493301  0.08877534 -0.00547324	 0.01156105 -0.32827804  0.42894847 -0.15603116 -0.33251350  0.47803833  0.00659114 -0.23120289  0.68955352 -0.79399606  0.07950413  0.00824520	0.21339539 0.18881447 3.95873321	-0.02357533  0.03468214 -0.00773691	-0.02389074  0.03710218 -0.00823088	 0.00724358  0.00574200 -0.99995728	0.35000000	0.00000000	0.00000000	0.03172993	0.16537742	0.03228958	-0.70675695	0.87462837	0.96235210	-0.66924584	0.89530152	-0.56007832	1.11352396	0.09856293	-0.04239111	0.64708066	0.47986078	0.34211186	-0.04524036	-0.40672463	-0.44641867	0.96677989	1.08014131	-0.14811313	-0.36525428	-0.32339936	0.60680419	
0.00805000	   4.98679392   19.25471842 -278.87053268  -18.14738290    1.18251592   -2.70346120	   5.52451021  -27.46137124 -714.04668960  -46.70457451   69.58307700   -3.29873427	  7.86490490 -15.81877863  12.38072295 -26.22203700   0.73602911   7.23781157  10.49802503 -49.60830975 -17.05716138 -45.54325645  99.82597625 -15.94212475	 0.03468696  0.05022240 -0.47503377  0.85421227 -0.38636129 -0.07023493  0.01002180 -0.04232254 -0.07821678  0.69068439 -0.61814425 -0.05728385	 0.03055728 -0.34433714  0.42508707 -0.16453409 -0.30903330  0.50834915  0.00161741 -0.24907632  0.66509372 -0.76741518  0.05996184  0.05390764	 0.01015673 -0.32919918  0.43026013 -0.15329802 -0.32979459  0.48895936  0.00574886 -0.24141119  0.68566005 -0.78013435  0.06948137  0.03123995	0.21127783 0.18908377 3.95578586	-0.02214971  0.03429900 -0.00575766	-0.02268093  0.03427031 -0.00640090	 0.00751473  0.00592572 -0.99995421	0.35000000	0.00000000	0.00000000	0.02109281	0.17233635	0.03539275	-0.72347641	0.86828011	0.93678576	-0.69289732	0.86103159	-0.53946626	1.12745953	0.07688660	-0.03145073	0.67280132	0.47084808	0.34434870	-0.02521470	-0.42686328	-0.46757466	0.97755545	1.09625912	-0.16631761	-0.34514180	-0.30534536	0.58688647	
0.00843500	  -0.20828014   18.90442414 -302.66615811  -19.67068151   -1.14766269   -3.73072255	  15.58767012  -26.45288064 -690.30988162  -45.21139759   75.09549565   -3.17040384	  7.34810482 -15.06574941  14.61448450 -26.93500187  -1.33284853   4.66091663  11.07317802 -44.43842149 -17.62314022 -40.05030312 104.45221567 -15.93071531	 0.03473298  0.04742435 -0.47141754  0.85301688 -0.38923179 -0.06624250  0.01005271 -0.04438361 -0.07237768  0.68410969 -0.61758780 -0.05699390	 0.02970292 -0.32993217  0.42940813 -0.12066172 -0.35619222  0.47797696  0.01956159 -0.24773706  0.69712766 -0.79388292  0.04278194  0.00477370	 0.00808943 -0.32921497  0.42488542 -0.13872556 -0.33885746  0.46613700  0.00702073 -0.24390478  0.68652683 -0.77417799  0.06299290  0.03161714	0.20822802 0.18864137 3.95244310	-0.02217788  0.03403315 -0.00702571	-0.02214178  0.03416075 -0.00650960	 0.00780554  0.00611335 -0.99995085	0.35000000	0.00000000	0.00000000	0.01925357	0.17346075	0.01850414	-0.71465546	0.83962989	0.94255233	-0.68440378	0.84858996	-0.50923741	1.12285316	0.09225197	-0.01599759	0.68666273	0.46876907	0.33568159	-0.01793369	-0.45476824	-0.48040101	0.98409665	1.11858416	-0.16091958	-0.33841538	-0.30287042	0.58387196	
0.00803200	   0.42259588   23.64582167 -324.84943851  -21.09760254   -0.06061594   -4.05981496	  28.83240202  -18.30999982 -659.98982592  -43.17567625   83.02568653   -5.38099885	  6.97324212 -16.43652582  14.73710430 -29.69272263   2.16356945   5.73806795   9.07387514 -43.09341061 -18.71712469 -31.65120341 110.23603714  -9.88751485	 0.03479190  0.04482677 -0.46812248  0.85203422 -0.39195079 -0.06266785  0.01008877 -0.04636884 -0.06702705  0.67810963 -0.61706211 -0.05658490	 0.02871470 -0.32414513  0.39869307 -0.13700613 -0.33268970  0.41475341  0.00666683 -0.25803609  0.65775561 -0.75025591  0.06039206  0.08173022	 0.00765483 -0.32258049  0.40642207 -0.12196617 -0.33527103  0.44247525  0.00667173 -0.24899685  0.66003105 -0.74141736  0.06550886  0.05968778	0.20320882 0.18838431 3.94897818	-0.01994838  0.03756800 -0.00716760	-0.02078598  0.03630265 -0.00712518	 0.00809004  0.00628356 -0.99994753	0.35000000	0.00000000	0.00000000	0.00433099	0.17592081	-0.00130801	-0.71145070	0.82673609	0.93483353	-0.70389909	0.82759678	-0.49718231	1.13838220	0.09639744	-0.00245729	0.69257271	0.47677398	0.33885550	-0.02780027	-0.48229802	-0.48897108	1.00687480	1.12512863	-0.17286566	-0.33580559	-0.29778162	0.57681888	
0.00847300	  -7.03232472   27.83100125 -333.75773947  -21.51110873   -3.81757677   -4.58185337	  33.10756324  -17.02894495 -640.08697137  -41.91703794   84.43214375   -5.05327935	  6.74669619 -16.02943170  18.86238655 -30.82660712  -1.87678337   7.36129084   9.42085898 -36.72923970 -16.80458932 -28.79021862 108.44584858 -10.64801043	 0.03485058  0.04203688 -0.46477249  0.85113550 -0.39484457 -0.05876367  0.01012168 -0.04855051 -0.06151801  0.67198395 -0.61655435 -0.05584566	 0.01805712 -0.34044941  0.39097265 -0.07400968 -0.35892086  0.50164667 -0.01705844 -0.25586137  0.69082935 -0.72261361  0.05409013  0.09872958	 0.00780150 -0.32827461  0.39297552 -0.10247627 -0.34220672  0.46580866  0.00347178 -0.25571173  0.64983297 -0.71714312  0.05907841  0.08685709	0.19909922 0.18722135 3.94397773	-0.02138952  0.03552097 -0.00965354	-0.02090565  0.03626790 -0.00881746	 0.00840303  0.00645825 -0.99994384	0.35000000	0.00000000	0.00000000	0.01872634	0.17929623	-0.01302100	-0.73376119	0.82174391	0.95021290	-0.69362801	0.82820958	-0.47515780	1.14052773	0.08393737	-0.01948355	0.71052116	0.46883041	0.33647615	-0.04750875	-0.50754333	-0.51979291	1.01593649	1.14628363	-0.19382979	-0.31115526	-0.29376850	0.56395608	
0.00801900	  -4.02694643   26.46202566 -378.37166123  -24.52594159   -2.64459613   -5.34127545	  42.25075172  -13.01655425 -610.84468474  -40.01540362   89.54238256   -4.20955022	  6.53336182 -15.87370455  17.36661388 -35.86761296   1.73851421   1.36099207  11.55460339 -34.49695468 -18.13489570 -21.33181024 112.75610232  -7.67864475	 0.03494945  0.03942367 -0.46171606  0.85041631 -0.39756979 -0.05503825  0.01022064 -0.05062266 -0.05651655  0.66645636 -0.61612745 -0.05498512	-0.00145940 -0.36489151  0.41077146 -0.09479859 -0.39180897  0.52663489 -0.00243661 -0.30069310  0.70268045 -0.75505338  0.06434346  0.13224192	 0.01275764 -0.32712471  0.38046789 -0.08686816 -0.34206742  0.46478636  0.01318434 -0.26097785  0.62519663 -0.68813164  0.05472536  0.11178194	0.19332381 0.18637271 3.94057627	-0.01949857  0.03709631 -0.01751622	-0.02024018  0.03647889 -0.01487368	 0.00869080  0.00662453 -0.99994029	0.35000000	0.00000000	0.00000000	0.00468051	0.20588815	-0.02909849	-0.76782596	0.81786978	0.94507211	-0.71295774	0.80598432	-0.44590324	1.17658710	0.06779093	-0.00332362	0.72983277	0.46285057	0.32976314	-0.03880135	-0.54283166	-0.52993679	1.04435527	1.16269839	-0.21266313	-0.29286212	-0.28276220	0.53996217	
0.00848500	  -0.21079100   28.72372137 -411.05500752  -26.76434232   -0.25767401   -4.14471838	  35.94862439   -9.91996907 -589.96622203  -38.74308669   88.12401521   -3.89127618	  7.73261567 -13.09199700  17.48655308 -37.44975863   4.32939251  -1.24975012   8.43434777 -27.51415330 -16.01895512 -10.32520362 112.08120561  -7.03730585	 0.03512962  0.03673336 -0.45862685  0.84982900 -0.40044320 -0.05142232  0.01036801 -0.05283042 -0.05153001  0.66104948 -0.61564452 -0.05390400	 0.02986462 -0.30577570  0.37974927 -0.05698186 -0.31851923  0.42020068  0.03216090 -0.22329788  0.54088121 -0.58035180  0.06847102  0.14506390	 0.02268815 -0.31234578  0.36333861 -0.06599724 -0.33761216  0.42028508  0.01729398 -0.25624691  0.57746122 -0.62298114  0.05924334  0.13044406	0.18716144 0.18320486 3.93724427	-0.02264140  0.03465500 -0.02412884	-0.02158855  0.03551098 -0.02210663	 0.00899647  0.00680322 -0.99993639	0.35000000	0.00000000	0.00000000	0.03360639	0.20291519	-0.08034937	-0.73744655	0.83649766	0.95592719	-0.71454847	0.75889283	-0.43979478	1.19300818	0.09799691	0.02387090	0.71326256	0.43912375	0.34991831	-0.00102526	-0.54105037	-0.55489159	1.05761230	1.20359194	-0.18175884	-0.27569035	-0.30809370	0.57484013	
0.00802200	  -8.37809460   32.74422061 -392.92799653  -25.26068239   -6.55483749   -8.62578431	  38.12237593   -6.37310309 -586.75209540  -38.33937753   87.39907138   -3.38833503	  1.75072559 -18.41741276  20.28800314 -41.30068961  -2.97997723   5.69332313   7.23238957 -31.20014119 -11.42509602 -21.53065345 110.33320141  -3.41912112	 0.03529801  0.03424909 -0.45581428  0.84945263 -0.40317698 -0.04811060  0.01043213 -0.05494369 -0.04705457  0.65637488 -0.61517998 -0.05262227	 0.04128706 -0.30617685  0.36280474 -0.02323349 -0.32878156  0.41677018 -0.01899154 -0.26459411  0.53241412 -0.55899897  0.07134707  0.17995223	 0.02215787 -0.31044254  0.35261916 -0.04524454 -0.33931220  0.42090753  0.00470546 -0.26344146  0.55456959 -0.58029645  0.05970506  0.17033137	0.18399545 0.18140313 3.93276047	-0.02063131  0.02732171 -0.02106082	-0.02138913  0.02981072 -0.02210765	 0.00924369  0.00698036 -0.99993291	0.35000000	0.00000000	0.00000000	0.09013817	0.18410343	-0.11750817	-0.75123882	0.85766220	0.97448444	-0.72919601	0.76860309	-0.42497420	1.24574769	0.08444323	0.01754935	0.68345422	0.44996604	0.34278953	-0.04911789	-0.57577950	-0.59374487	1.04836476	1.26971662	-0.21445744	-0.24130510	-0.32176128	0.56728446	
0.00845400	  -6.91902058   41.48688511 -445.09100143  -28.63191544   -5.67059213   -9.48339128	  36.05595947   -1.46378712 -557.95015686  -36.52255735   83.43784727   -2.47032791	  1.77244868 -15.16485322  22.43167362 -50.78131616   2.58615067   3.61055926  11.66076103 -20.64432377 -16.92041356 -11.26101899 106.11492491  -3.91667812	 0.03544203  0.03153317 -0.45277622  0.84900982 -0.40605069 -0.04407749  0.01052202 -0.05723728 -0.04244281  0.65175083 -0.61464608 -0.05087738	 0.02087942 -0.36001835  0.39082128 -0.06341978 -0.36776152  0.55000112  0.01052777 -0.28149762  0.56299690 -0.55757363  0.07804250  0.24210380	 0.01741179 -0.32390135  0.36139586 -0.05472344 -0.33795170  0.48844826  0.01072111 -0.26885953  0.53934124 -0.53609999  0.06245147  0.20947451	0.18015509 0.17729339 3.92984618	-0.02406052  0.02029688 -0.02041475	-0.02290660  0.02249851 -0.02056260	 0.00944248  0.00716987 -0.99992971	0.35000000	0.00000000	0.00000000	0.21043831	0.11522897	-0.15434098	-0.62204278	0.73370975	0.86205870	-0.79813564	0.70786005	-0.24397324	1.22957683	0.09145883	-0.00196582	0.71666235	0.49708158	0.23133391	-0.14163280	-0.68942189	-0.61577421	0.94562554	1.57601488	-0.31800419	-0.11633801	-0.17460579	0.63824499	
0.00805600	 -12.19880675   65.99427295 -564.41601895  -36.18424214   -8.84507995  -18.06068645	  19.05879590   34.37470667 -413.96155663  -26.98325514   62.85155074    4.11351105	 -8.47609690  -5.14054811  29.07225974 -65.10382758   2.46800566   1.24566977   6.26437206   1.89547485 -25.51086163  32.80962597  84.52624869  14.47832553	 0.03554646  0.02902816 -0.44979301  0.84849726 -0.40867427 -0.03974313  0.01059853 -0.05933898 -0.03873705  0.64860951 -0.61404847 -0.04880120	-0.01200581 -0.32696627  0.41644352 -0.03604181 -0.35654005  0.64202271  0.00263970 -0.25025007  0.42365863 -0.29810096  0.06154134  0.30435848	 0.00935278 -0.31294363  0.37517087 -0.06242690 -0.32802356  0.55690121  0.00663411 -0.25955771  0.44157378 -0.35035825  0.07530931  0.27863544	0.17701479 0.16635875 3.92308784	-0.04073177  0.00420610 -0.01236334	-0.03509291  0.00959633 -0.01484161	 0.00953985  0.00742862 -0.99992690	0.35000000	0.00000000	0.00000000	0.19445506	-0.04601491	-0.28780499	-0.25673860	0.43699360	0.60674196	-0.99853325	0.59237695	0.13013439	1.23828864	0.20002526	-0.10973037	0.70924211	0.44803542	0.09447638	-0.32167190	-0.82559907	-0.73669773	0.65461278	1.94495749	-0.39079806	0.15166447	0.13045503	0.74755269	
0.00848500	 -33.69505071  109.58302180 -747.31816343  -47.17613015  -29.01416511  -27.08173891	   8.77228912  100.96636710 -138.69010257   -8.37386344   22.20214868   15.03507790	-17.92292186   4.29511747  34.11564346 -95.89644831 -13.38812006   3.30985047   6.21519716  40.42432141 -46.67904595  81.84678835  35.50838792  46.89919996	 0.03559708  0.02655245 -0.44648809  0.84790312 -0.41150522 -0.03387192  0.01064755 -0.06150662 -0.03637203  0.64821679 -0.61321055 -0.04486280	-0.00229541 -0.26165304  0.38752639 -0.05234583 -0.32223871  0.76247278  0.00915995 -0.23571954  0.14101408  0.13956909  0.10830690  0.52944061	 0.00405434 -0.28600892  0.39287256 -0.06757478 -0.33717635  0.72977100  0.00561967 -0.25264694  0.23702446  0.02589247  0.10212999  0.51169349	0.17481417 0.14472920 3.90714545	-0.07851305 -0.01667767 -0.00832982	-0.06679642 -0.00818651 -0.00933980	 0.00950180  0.00793919 -0.99992334	0.35000000	0.00000000	0.00000000	0.16020508	-0.14426588	-0.40626508	-0.00427881	0.29697001	0.34520492	-1.14236450	0.42707288	0.41454005	1.22424924	0.27202636	-0.12207732	0.72779810	0.27677244	0.17720218	-0.39807951	-0.93216234	-0.99270308	0.54644156	2.18289399	-0.43098348	0.31087780	0.25067526	0.71709138	
0.00847500	 -55.20134798  114.31304726 -837.15691826  -52.23590919  -55.22324216  -25.15282966	 17.93484084  98.12114968 -83.85366356  -5.36359634  14.32178596  12.46241134	 -21.65520126   -3.67259952   28.42455396 -125.54692051  -32.35963297   -0.84640941   10.11521927   51.51582384  -55.40564026   89.10164228  -11.89036133   49.87169164	 0.03561838  0.02420050 -0.44290455  0.84723532 -0.41447956 -0.02584287  0.01066302 -0.06354056 -0.03589747  0.65172958 -0.61269745 -0.03797975	-0.02757839 -0.28028765  0.48614363 -0.12347262 -0.35678393  1.12590821 -0.00488208 -0.22505855 -0.05207725  0.67446351  0.02809717  1.03434800	-0.00012274 -0.27694658  0.43381869 -0.08551185 -0.35485609  0.99655676  0.00381358 -0.23529780  0.02006879  0.49588863  0.03896987  0.87976533	0.17605662 0.12086972 3.89347650	-0.10995260 -0.04051849 -0.00687116	-0.10024554 -0.03314629 -0.00723695	 0.00924836  0.00875251 -0.99991893	0.35000000	0.00000000	0.00000000	0.20738623	-0.16812682	-0.38511780	-0.00159348	0.33419749	0.21434663	-1.13811171	0.33377448	0.54057384	1.23973048	0.22886784	-0.12177471	0.76875424	0.17964891	0.20940310	-0.40401605	-0.99605346	-1.19066966	0.49699378	2.30128121	-0.48098314	0.36658114	0.25616080	0.66814619	
0.00852500	  -61.53218840    23.25017234 -1052.47952323   -35.21168570   -63.63942197   -23.26266397	 23.64705293  60.86093524 -43.10052028  -3.29209373   8.50808422   6.68942614	 -18.45040036  -14.69722581   16.98679367 -127.62400913  -27.16268907  -23.94698754   15.34208228   46.94698858  -61.61080529   84.36614791  -25.19155638   26.42591831	 0.03564469  0.02190790 -0.43920710  0.84659530 -0.41748756 -0.01673319  0.01087229 -0.06525193 -0.03749366  0.65932981 -0.61344605 -0.02934291	 0.02451526 -0.24520002  0.39801443 -0.03321585 -0.33246377  0.88111422  0.06563941 -0.19334554 -0.30655817  1.01512994 -0.17618087  0.93554968	 0.00301996 -0.26733714  0.42870057 -0.06515452 -0.34963440  1.02201032  0.03690029 -0.19772242 -0.22675928  0.96217133 -0.11726293  0.99708028	0.17405555 0.10467969 3.89068827	-0.08025979 -0.04940453 -0.00603145	-0.09641793 -0.04602516 -0.00630110	 0.00886416  0.00964083 -0.99991424	0.35000000	0.00000000	0.00000000	0.23840606	-0.16605209	-0.36190933	0.00660088	0.34854177	0.13707010	-1.10580766	0.24362370	0.58435714	1.24773383	0.35331839	-0.03067074	0.75908327	0.15154214	0.10613176	-0.27150747	-0.99216592	-1.22960496	0.37102029	2.37952757	-0.44075710	0.33444217	0.26103538	0.73931128	
0.00802600	  -63.84567811   -13.64386234 -1130.40197872    -8.60987533   -68.72828038   -19.18456725	12.82467621 27.86013376  1.05908849 -0.96169020  1.24979328  0.36944708	 -24.13555983  -11.62624797   19.05587568 -135.24375597  -33.39197195   -3.84624411   13.36575758   43.00110340  -61.07786366   64.54716480  -14.03887787   31.20108277	 0.03565067  0.01969924 -0.43590348  0.84636978 -0.42029442 -0.01090058  0.01169036 -0.06684776 -0.04078082  0.66970777 -0.61504166 -0.02097972	 0.03709536 -0.31995627  0.40046290 -0.01934628 -0.38727263  0.57633164  0.14018117 -0.19468557 -0.53638920  1.50579191 -0.20681500  1.16735664	 0.00371056 -0.28181954  0.40821892 -0.02469172 -0.35179088  0.67377435  0.11466491 -0.19740027 -0.43700736  1.32889513 -0.19995752  1.06224102	0.17315649 0.10107091 3.89770675	 0.01228608 -0.05902159 -0.00497043	-0.01645787 -0.05591270 -0.00526921	 0.00842700  0.00988367 -0.99991565	0.35000000	0.00000000	0.00000000	0.30126095	-0.16332558	-0.42334586	0.04735167	0.34856936	0.09480383	-1.18108594	0.24363831	0.56755364	1.23302090	0.35790089	-0.00074428	0.72260880	0.19210307	0.12304077	-0.30926546	-0.96788383	-1.19475138	0.35629025	2.45993662	-0.50558162	0.27877453	0.22233863	0.70141101	
0.00848200	  -55.47274533    21.41655276 -1111.40323616    -1.16350671   -64.80406617   -16.76278362	16.13991199 13.81614720  5.29318623 -0.46406608  0.54721077 -0.10006192	 -23.07632799   21.30144525   11.06883492 -135.60648704  -30.54674783   14.52572575    9.81403860   54.82227564  -60.73513488   47.73398760  -27.89871705   14.56320439	 0.03565006  0.01743736 -0.43254377  0.84647645 -0.42328535 -0.00722830  0.01321439 -0.06801258 -0.04597457  0.68319807 -0.61739460 -0.01216243	 0.01733416 -0.19901649  0.34136613  0.03901564 -0.31600486  0.31200756  0.16126814 -0.07477120 -0.65919683  1.55976746 -0.30589759  0.87482534	 0.00214440 -0.25350174  0.38644608  0.01743551 -0.34960644  0.39697016  0.18341755 -0.11569072 -0.63878031  1.60970895 -0.29673309  0.99033006	0.17043428 0.09110042 3.90440799	 0.02661011 -0.05732878 -0.00398310	 0.02139979 -0.05818850 -0.00427530	 0.00792527  0.00969644 -0.99992158	0.35000000	0.00000000	0.00000000	0.31412926	-0.19036585	-0.46751741	0.11666077	0.33023399	0.02384989	-1.13547599	0.20436496	0.49709481	1.02756774	0.38160163	-0.05285884	0.68213552	0.12565029	0.06720103	-0.33179346	-0.93834186	-1.20029426	0.24537311	2.50500607	-0.45429426	0.26083708	0.20312537	0.82473499	
0.00846100	  -66.44009198    16.91123113 -1061.95723619    23.55482865   -75.68972929   -17.42071132	13.89810660 14.44673771  3.43795295 -0.42802692  0.52087497 -0.17588693	 -22.37920692   25.29579163    9.24385502 -141.55984139  -43.49957711   46.03735077   10.02332577   32.63323128  -60.07417503   45.66151117  -12.61828621   26.54139304	 0.03565062  0.01532993 -0.42940619  0.84679035 -0.42628842 -0.00480605  0.01512633 -0.06846507 -0.05277809  0.69869425 -0.62048693 -0.00414576	 0.01872693 -0.26195074  0.37922094  0.05255688 -0.39443370  0.26766399  0.26067633 -0.05699222 -0.93157897  1.99688243 -0.40013606  1.00728975	 0.00075406 -0.25251553  0.37165855  0.03832934 -0.35813653  0.28278009  0.23190158 -0.04750092 -0.83806957  1.87146144 -0.36785151  0.96684815	0.16882976 0.08746930 3.90703774	 0.05014181 -0.05306615 -0.00346054	 0.04178713 -0.05444089 -0.00361412	 0.00745637  0.00937725 -0.99992823	0.35000000	0.00000000	0.00000000	0.38553730	-0.20501782	-0.58755374	0.15764828	0.32858288	-0.02291099	-1.21824038	0.23280677	0.45979792	0.96755403	0.33982721	-0.03426185	0.62647647	0.16054040	0.08591761	-0.38912657	-0.88372785	-1.12426257	0.24144544	2.56147861	-0.53187329	0.21549243	0.11742121	0.75465786	
0.00851500	  -48.15264479    46.16905673 -1089.33762048    20.12140174   -68.55180521   -13.83551801	14.38998215  4.70354015  3.76105278 -0.18496443  0.41205467 -0.14477425	 -22.41857363   52.35031545    0.27047300 -151.29700232  -34.48992625   44.74103975   -0.99490303   40.04814386  -46.81378919   30.28404792  -18.43631548    9.69098791	 0.03561083  0.01335838 -0.42637524  0.84708974 -0.42920326 -0.00282728  0.01697927 -0.06836246 -0.06097018  0.71566252 -0.62388784  0.00313283	 0.00373383 -0.18082508  0.34047039  0.03086023 -0.32998050  0.20825870  0.17081107  0.05699193 -0.96665143  1.91545602 -0.41545263  0.69326986	-0.00684548 -0.22083000  0.35489758  0.03258832 -0.33975327  0.22183657  0.20734071  0.02910980 -0.97999967  2.00585103 -0.41145368  0.80255610	0.16704300 0.07724385 3.91247342	 0.02873057 -0.04672380  0.00803759	 0.03612213 -0.04874628  0.00432353	 0.00703298  0.00902176 -0.99993457	0.35000000	0.00000000	0.00000000	0.36279947	-0.20712562	-0.58428562	0.21243964	0.32198119	-0.06921002	-1.11406314	0.18217355	0.43516457	0.83395422	0.32137322	-0.10760982	0.62005454	0.10295469	-0.00628162	-0.38435376	-0.86043555	-1.08232772	0.17824036	2.59742880	-0.48276618	0.22365893	0.11177965	0.87190020	
0.00804700	  -57.03538592    43.06741988 -1032.35064130    28.71872028   -75.47241221   -12.77562534	11.02719217  4.62679247  2.40166675 -0.11683803  0.40390467 -0.14305011	 -20.23296053   47.57940757   -0.12554479 -150.63617116  -44.98948663   56.04310769    5.55505728   14.22923541  -46.60494147   38.07612969   -6.41908227   22.76802376	 0.03554390  0.01167012 -0.42355201  0.84725449 -0.43184255 -0.00126489  0.01835552 -0.06784992 -0.06974575  0.73262143 -0.62728738  0.00862876	 0.00905739 -0.20765191  0.35555443  0.01311216 -0.28868584  0.18485732  0.15515679  0.03081976 -1.09284928  2.09393241 -0.40106214  0.64471961	-0.00540706 -0.21513065  0.35166831  0.01666315 -0.32499525  0.19527790  0.16885364  0.05736825 -1.10493891  2.12361032 -0.41632540  0.68792059	0.16648331 0.07555648 3.91290184	 0.04874897 -0.04217768  0.00428642	 0.04181787 -0.04360848  0.00570401	 0.00668027  0.00872567 -0.99993962	0.35000000	0.00000000	0.00000000	0.35000905	-0.24034972	-0.63072890	0.23575422	0.29565981	-0.13830906	-1.15883911	0.20837709	0.42313343	0.79707432	0.31508076	-0.09155176	0.58226585	0.16574320	-0.03545266	-0.41412583	-0.83649784	-1.00328994	0.17022425	2.63931298	-0.51021069	0.18029788	0.08051040	0.80316287	
0.00843800	  -56.04723904    57.22148654 -1043.07417211    29.33323446   -78.87470106   -13.59681123	11.55437022  5.09612727  2.39547397 -0.15299515  0.32538828 -0.16975379	 -22.52010785   67.00587320   -7.15815006 -154.29460877  -47.93937770   57.09517121   -0.07251966   25.71955574  -37.42196722   28.44553582  -13.23618923   19.35619727	 0.03543688  0.00989895 -0.42056662  0.84733453 -0.43460317  0.00032669  0.01944896 -0.06715537 -0.08011530  0.75160407 -0.63087476  0.01425033	-0.03892253 -0.19545008  0.36371080 -0.01731159 -0.32037013  0.19059790  0.07325676  0.09838470 -1.32317169  2.30425860 -0.43821232  0.62440884	-0.01544703 -0.20210646  0.35256925  0.00681174 -0.32688097  0.18465353  0.11717135  0.09112457 -1.24550908  2.26161113 -0.42859494  0.65181825	0.16710008 0.06650164 3.91405514	 0.03411377 -0.03896834  0.01368534	 0.03884443 -0.03997181  0.01052358	 0.00633725  0.00836194 -0.99994496	0.35000000	0.00000000	0.00000000	0.40423632	-0.21730922	-0.64856225	0.28490177	0.32145345	-0.16115502	-1.11254025	0.16883335	0.40692329	0.72606999	0.26145494	-0.14539096	0.57368791	0.16100395	0.00113458	-0.39666894	-0.83290082	-0.97206587	0.15297750	2.70884156	-0.51299727	0.18707357	0.05522561	0.84552467	
0.00803900	  -46.47029850    61.76061883 -1018.65389544    27.59281810   -73.65628083    -8.38520614	 8.90758306 -1.05145388  1.53077712  0.03280695  0.23119552 -0.06646742	 -15.36101140   66.16542506  -11.39894646 -157.56400299  -44.59606263   56.12531012    4.84771678   10.08093709  -26.82851746   27.35267444   -9.85826361   14.47451001	 0.03534799  0.00842245 -0.41775393  0.84736836 -0.43715093  0.00163501  0.02006882 -0.06618503 -0.09053252  0.76997263 -0.63437961  0.01867245	 0.01851964 -0.17272276  0.33409340  0.01105012 -0.27414759  0.11486006  0.06238044  0.14154489 -1.26023345  2.15701116 -0.41816468  0.44593899	-0.00871800 -0.18519984  0.35046710  0.00250857 -0.31464611  0.15892291  0.07282968  0.12180609 -1.30600288  2.29037255 -0.43570063  0.52654990	0.16848470 0.06147244 3.91307759	 0.03555979 -0.03884842  0.00824469	 0.03468570 -0.03884848  0.01028652	 0.00602821  0.00809194 -0.99994909	0.35000000	0.00000000	0.00000000	0.35448349	-0.24826334	-0.64324915	0.33643493	0.27928758	-0.20425151	-1.06860244	0.15470155	0.42269742	0.67114729	0.29073679	-0.14125052	0.56322849	0.15836425	-0.10400342	-0.39987746	-0.79497886	-0.92580348	0.13037947	2.73713946	-0.49153578	0.16359794	0.05971475	0.84739774	
0.00845800	  -51.00691682    65.90387158 -1018.83662326    33.54281375   -77.79946297   -15.35629905	 8.07255520  0.97840232  1.50169619  0.00739861  0.26044549 -0.06696461	 -24.68376124   75.08686280  -14.00528785 -159.79535675  -48.97854781   64.01147509    2.09603907    5.74779099  -29.33005975   28.77737683   -3.95416323   22.64581591	 0.03523764  0.00692340 -0.41477606  0.84739149 -0.43985253  0.00295231  0.02040148 -0.06509948 -0.10220704  0.78991131 -0.63795000  0.02261335	 0.01442344 -0.18075397  0.35387638  0.01712491 -0.31221761  0.15081574  0.04037465  0.12360727 -1.48375002  2.48196489 -0.43872054  0.48918476	-0.01155667 -0.17720418  0.35090045  0.00362887 -0.31834122  0.15460686  0.03554385  0.12902531 -1.39606002  2.36689272 -0.41680159  0.47124265	0.16978849 0.05564464 3.91187428	 0.03844030 -0.03610846  0.01533731	 0.03747116 -0.03700701  0.01314276	 0.00570969  0.00777632 -0.99995346	0.35000000	0.00000000	0.00000000	0.41887265	-0.23961912	-0.67548525	0.37140638	0.28002948	-0.21871702	-1.10737097	0.14300111	0.41608918	0.63781500	0.25767046	-0.13285401	0.53510749	0.18065998	-0.05047783	-0.39442527	-0.77229226	-0.86519241	0.14385991	2.78677654	-0.54107600	0.15373138	0.01055945	0.82249582	
0.00805800	  -42.25554159    73.33575927 -1019.24343817    31.16111532   -72.74412184   -12.88318838	 8.08925109 -3.16695213  0.16781120  0.10330574  0.15278716  0.02589301	 -20.99974682   81.63046598  -17.33863806 -163.21513170  -44.49289092   61.29993260    2.40267958    7.68438423  -18.13223273   17.58764334   -9.48489140   13.69385527	 0.03508447  0.00558901 -0.41198908  0.84738909 -0.44237567  0.00412884  0.02053484 -0.06397769 -0.11363267  0.80888225 -0.64109303  0.02585156	-0.01846949 -0.15429235  0.34844629  0.00005596 -0.32190813  0.15363068  0.01108089  0.18173449 -1.51474974  2.46742675 -0.41508177  0.33903094	-0.01649381 -0.16253373  0.34501267  0.00028563 -0.31329165  0.14162091  0.01614621  0.14385185 -1.42102212  2.34751425 -0.39071603  0.37350102	0.17199304 0.04838023 3.91123212	 0.03409775 -0.03642932  0.01884924	 0.03560565 -0.03626996  0.01782454	 0.00542219  0.00748290 -0.99995730	0.35000000	0.00000000	0.00000000	0.41991407	-0.24241437	-0.65241647	0.42047042	0.26758036	-0.23852800	-1.04405391	0.11873588	0.41622019	0.57930326	0.25287610	-0.16121155	0.53315407	0.16787584	-0.09589670	-0.38577992	-0.74013186	-0.83430797	0.11514537	2.83712530	-0.52906847	0.14523786	0.01188200	0.86725008	
0.00847300	  -38.77221237    74.86989277 -1008.53105421    33.20519787   -69.76922349   -11.26911824	 7.10491281 -3.36643849 -0.58508035  0.14536274  0.13347621  0.01930883	 -19.10582378   82.97368264  -18.90668111 -159.89574838  -42.89019316   64.61904883    3.11373916   -4.27825518  -18.18936203   17.97826504   -5.32549295   20.26281601	 0.03491823  0.00429457 -0.40901873  0.84739596 -0.44502437  0.00523152  0.02058171 -0.06269764 -0.12597959  0.82882409 -0.64431909  0.02833137	-0.01678471 -0.15874751  0.35562329  0.00105856 -0.32531127  0.12243039  0.00068435  0.11880709 -1.44494715  2.26665738 -0.35971547  0.29290159	-0.01761098 -0.15236325  0.34787959  0.00041613 -0.31130025  0.12685910  0.00417701  0.14573590 -1.45489392  2.33515284 -0.37203429  0.29128603	0.17395647 0.04378569 3.90983958	 0.03807089 -0.03501317  0.01528452	 0.03664500 -0.03548264  0.01651228	 0.00511896  0.00717951 -0.99996112	0.35000000	0.00000000	0.00000000	0.38309503	-0.27372202	-0.63130319	0.44685921	0.20157279	-0.28428864	-1.04615998	0.11970087	0.42505103	0.53951013	0.24806666	-0.14871824	0.53496408	0.19189791	-0.14105649	-0.41776794	-0.72972459	-0.79672283	0.12200364	2.85635996	-0.54682380	0.12151250	0.02782394	0.82571834	
0.00847600	  -34.71364489    76.83093748 -1027.99218576    35.36572966   -66.16371790   -11.43232783	 6.37446842 -1.47177249  1.37099038  0.08149911  0.15919734  0.00579786	 -19.78725102   88.70890546  -20.48465099 -160.95685410  -38.86179587   66.94577450    2.75603908    2.85969386  -20.51081231   26.97276931   -4.97007812   20.68732658	 0.03478761  0.00306787 -0.40608887  0.84739335 -0.44765417  0.00627223  0.02060764 -0.06141251 -0.13867535  0.84874419 -0.64726580  0.03058004	-0.04061820 -0.15213539  0.34274493  0.00332815 -0.31890548  0.12856293 -0.00022966  0.13908967 -1.57653690  2.42520821 -0.32552068  0.28457522	-0.01715966 -0.14306210  0.34402804 -0.00071046 -0.31140381  0.11973649  0.00141793  0.15246524 -1.51481925  2.36580242 -0.34337600  0.26491410	0.17466978 0.03697658 3.90957995	 0.03377469 -0.03110191  0.01363953	 0.03525160 -0.03235165  0.01411978	 0.00483878  0.00687011 -0.99996469	0.35000000	0.00000000	0.00000000	0.40320855	-0.25593454	-0.64163357	0.48438799	0.18409774	-0.29305270	-1.04993618	0.09032911	0.42614186	0.48913422	0.24363232	-0.13902330	0.53060329	0.19408467	-0.11658805	-0.40809458	-0.71726292	-0.77971458	0.14060991	2.90122700	-0.56153274	0.10942607	0.02091262	0.83997792	
0.00802700	  -32.25254251    79.57079362 -1022.83775090    35.44075429   -64.65242788    -9.30760859	 6.36240939 -3.73679641  0.40712114  0.14880732  0.07280355  0.03646044	 -17.25248317   91.61723423  -21.35859899 -161.56252843  -38.92507240   67.15226507    1.89195991   -1.80025333  -12.19273218   19.56072186  -10.23748364   18.47105797	 0.03468621  0.00206312 -0.40333905  0.84739403 -0.45012624  0.00714501  0.02062496 -0.06010938 -0.15088797  0.86749184 -0.64988858  0.03236109	-0.02490149 -0.14095149  0.28766258 -0.00764077 -0.31750391  0.07485936  0.01039786  0.14868085 -1.40812984  2.17861363 -0.30685319  0.16256302	-0.01385644 -0.12540158  0.33919827 -0.00094624 -0.30914720  0.10464671  0.00220310  0.16203512 -1.51849895  2.32809873 -0.32675224  0.21095057	0.17675087 0.03078060 3.90912191	 0.02933691 -0.03192221  0.00918668	 0.03076862 -0.03157135  0.01070904	 0.00458958  0.00661873 -0.99996756	0.35000000	0.00000000	0.00000000	0.36297169	-0.28347537	-0.61396247	0.53674382	0.12861383	-0.31475776	-0.99105823	0.08403410	0.43136948	0.44645905	0.24222684	-0.16117391	0.52570784	0.18820190	-0.17578436	-0.41935807	-0.68446243	-0.76725721	0.12401718	2.90378809	-0.54479772	0.09230337	0.04123967	0.82627469	
0.00800100	  -37.89385519    78.90609632 -1026.56020602    38.87549032   -65.67354999   -11.90094323	 6.45858680 -2.09528345  1.03585362  0.12687550  0.14404790  0.00567101	 -20.62524946   93.58349776  -19.63252989 -163.26741183  -38.98788580   71.22047424    0.44254176   -7.11819664  -20.86463775   25.02096350   -4.52828576   24.99878144	 0.03462318  0.00117891 -0.40056796  0.84740120 -0.45259707  0.00794149  0.02062538 -0.05881488 -0.16331296  0.88610854 -0.65244143  0.03409114	-0.02401584 -0.12399071  0.36728506 -0.00602922 -0.34108091  0.09944968 -0.00796398  0.15731264 -1.59809572  2.33377977 -0.32184405  0.26438684	-0.01008832 -0.11163427  0.34535467  0.00129076 -0.31218478  0.09917816  0.00055032  0.15953013 -1.55736112  2.32680933 -0.31351320  0.22908442	0.17803237 0.02579903 3.90878634	 0.02894979 -0.02958820  0.00603263	 0.02900613 -0.03040750  0.00704998	 0.00434271  0.00638754 -0.99997017	0.35000000	0.00000000	0.00000000	0.39470881	-0.28425071	-0.61772043	0.56970042	0.11381856	-0.32621521	-1.02202034	0.07560315	0.43491155	0.41936791	0.24180400	-0.12675345	0.50550824	0.20072046	-0.13343050	-0.41342607	-0.67324895	-0.72831362	0.13216245	2.93879414	-0.57747018	0.07976699	0.01344044	0.81622607	
0.00800200	  -25.65725221    82.09066581 -1025.32302279    39.33439584   -57.65637198   -11.42648020	 5.25669830 -6.81660427  0.10094404  0.24513433  0.05930130  0.08546427	 -20.32322461   98.05494046  -23.63162016 -159.96916449  -31.85163438   71.77013624    0.13129201   -7.68799341  -11.04380227   19.08801734   -5.54809381   15.96845739	 0.03456381  0.00038460 -0.39783642  0.84739832 -0.45506689  0.00867062  0.02062805 -0.05759318 -0.17596554  0.90465872 -0.65472215  0.03580439	-0.00691699 -0.09124547  0.36003776 -0.01299270 -0.31031938  0.09140103 -0.00859315  0.15341288 -1.57745840  2.29820495 -0.25179027  0.16741279	-0.00936849 -0.09607006  0.34068065 -0.00121399 -0.30822248  0.09016914  0.00099110  0.15283879 -1.57381640  2.30253935 -0.27872678  0.19419929	0.17938523 0.01982176 3.90868580	 0.02552156 -0.02834092  0.00768126	 0.02670450 -0.02871912  0.00707677	 0.00411246  0.00616850 -0.99997252	0.35000000	0.00000000	0.00000000	0.39722171	-0.29860365	-0.59983152	0.61642474	0.07427105	-0.33693001	-0.98431134	0.06419725	0.43953907	0.37566796	0.23605841	-0.12224985	0.51323694	0.18637095	-0.18262774	-0.41306901	-0.62149644	-0.68363059	0.12558849	2.98464990	-0.57562959	0.06856051	0.01251404	0.84408480	
0.00800500	  -28.26936053    77.87760139 -1018.65167275    43.86028114   -57.55155548   -12.91858112	 6.00599327 -5.64432814 -0.38979213  0.23385548  0.05420505  0.06737078	 -22.39372350   97.46173501  -22.35851166 -156.63699967  -32.69806051   76.50869894    0.05107662  -12.99110329  -13.77689704   17.91557841   -7.73700133   21.99912971	 0.03450063 -0.00034478 -0.39512328  0.84740166 -0.45751027  0.00935928  0.02062478 -0.05645375 -0.18870722  0.92289685 -0.65684214  0.03705725	 0.00425770 -0.09336883  0.29886595  0.00653785 -0.28739440  0.09022212  0.00869663  0.09780329 -1.46496267  2.08855291 -0.23384200  0.16506286	-0.00766539 -0.08913889  0.33514716  0.00196501 -0.30361665  0.08718818 -0.00052528  0.13618012 -1.58139776  2.25811195 -0.25863097  0.16201046	0.18074578 0.01539742 3.90824161	 0.02682486 -0.02636560  0.01193522	 0.02629985 -0.02701591  0.01051445	 0.00389424  0.00596126 -0.99997465	0.35000000	0.00000000	0.00000000	0.37997073	-0.33781594	-0.57000566	0.65454900	0.00487396	-0.35850713	-0.97855389	0.06693359	0.45087379	0.34723783	0.23275715	-0.11118863	0.50962073	0.19687122	-0.20303632	-0.44200012	-0.59604979	-0.68017197	0.12442222	2.97866702	-0.59342372	0.05016866	0.02847216	0.79863107	
0.00800700	  -38.86983907    76.48590467 -1028.24564389    45.91503346   -61.18802748   -14.50878382	 6.62486823 -4.65430321  0.48271198  0.19736379  0.11687254  0.05394232	 -24.16648355  100.24746227  -18.09490617 -161.59432715  -35.03903076   77.60977423   -2.16927047   -9.00219488  -19.64635614   21.52304398   -5.29139142   21.80877438	 0.03436392 -0.00101612 -0.39239704  0.84739168 -0.45998916  0.01002762  0.02062011 -0.05544504 -0.20156991  0.94087629 -0.65881432  0.03840595	-0.04633853 -0.06947891  0.33400269 -0.02689549 -0.32443273  0.04824390 -0.01969024  0.12927686 -1.52612046  2.11495554 -0.20302622  0.14636066	-0.01884956 -0.07990182  0.33666528 -0.00244643 -0.30843960  0.07947911 -0.00247246  0.12300934 -1.59610329  2.22338586 -0.23744298  0.16823292	0.18260198 0.01011904 3.90812223	 0.02449751 -0.02600812  0.01657669	 0.02532366 -0.02608196  0.01506013	 0.00368652  0.00575395 -0.99997665	0.35000000	0.00000000	0.00000000	0.37891638	-0.33561826	-0.55913073	0.69087064	-0.02342713	-0.36271578	-0.95975858	0.06215552	0.45535177	0.29844430	0.24776575	-0.10689520	0.49501300	0.20216131	-0.18901303	-0.43901321	-0.59143215	-0.66409308	0.12115113	3.00119066	-0.58438009	0.02757302	0.01937932	0.81166929	
0.00803100	  -31.20421833    73.28384394 -1021.17299298    50.70493626   -54.37680895   -10.90621749	 6.73522134 -6.22548849 -0.31811094  0.25144186  0.06836525  0.06186695	 -19.66697624  101.19170547  -20.18946759 -156.25238329  -28.50487563   82.78855234   -1.53056680  -15.18807435  -17.10262576   18.12479690   -8.48892783   21.58576268	 0.03424072 -0.00162334 -0.38969242  0.84740390 -0.46245940  0.01069000  0.02063086 -0.05458343 -0.21463073  0.95869288 -0.66061498  0.03984786	-0.02990436 -0.06435342  0.28917684  0.00807875 -0.28406908  0.06909598 -0.01075124  0.10559919 -1.50677826  2.03145447 -0.21517365  0.14056404	-0.01525171 -0.07313364  0.33448530  0.00138933 -0.30405617  0.08023802  0.00003118  0.10339836 -1.61609509  2.19705225 -0.22241333  0.17776094	0.18381446 0.00690142 3.90784798	 0.02612692 -0.02382883  0.01532505	 0.02550405 -0.02456952  0.01580136	 0.00348742  0.00555302 -0.99997850	0.35000000	0.00000000	0.00000000	0.38796392	-0.36440101	-0.54096615	0.73373508	-0.05880255	-0.37679353	-0.94831949	0.05639428	0.44648117	0.26609233	0.24901623	-0.09973007	0.48817420	0.21085878	-0.21586421	-0.45696729	-0.55007219	-0.64431816	0.11377852	3.01661730	-0.61509585	0.01143432	0.03400162	0.79822314	
0.00841700	  -39.46521826    74.59746021 -1021.26369374    52.40329326   -57.91699222   -13.04649643	 6.35345604 -6.78712832 -0.88095415  0.27009466  0.08827087  0.06992895	 -22.85177372  105.83793068  -17.32521743 -159.83747369  -32.37613025   83.79514134   -3.58893711  -15.73770517  -17.54779538   15.77520241   -2.76321653   21.52430627	 0.03409607 -0.00223138 -0.38681236  0.84740211 -0.46512117  0.01139945  0.02062758 -0.05391708 -0.22861857  0.97724163 -0.66232042  0.04146964	-0.03449234 -0.04389415  0.37200209  0.03247565 -0.35183284  0.09130899 -0.00837537  0.08283989 -1.74494102  2.32818997 -0.19577349  0.21549818	-0.01907892 -0.06705351  0.34183733  0.00236245 -0.31536593  0.08379974 -0.00031304  0.07635733 -1.65821702  2.19176744 -0.19223713  0.19239861	0.18638682 0.00291644 3.90743051	 0.02507536 -0.02505541  0.01663452	 0.02553233 -0.02452075  0.01609602	 0.00328311  0.00533252 -0.99998039	0.35000000	0.00000000	0.00000000	0.46317789	-0.34391648	-0.54898655	0.77754682	-0.05673112	-0.36783266	-0.96158946	0.05302064	0.46408325	0.24751544	0.25424126	-0.07357975	0.47144210	0.22917247	-0.15113454	-0.42803308	-0.51613182	-0.58791810	0.11802760	3.08532667	-0.65262842	-0.00462429	-0.01426343	0.79565686	
0.00804800	  -21.27123221    72.46389931 -1014.58370391    53.46229417   -45.98310649   -11.43062868	 6.27224239 -9.61658885 -3.26364409  0.33854122 -0.03585952  0.12651235	 -21.36180300  105.27617073  -23.58290301 -157.76554418  -20.91920802   84.57193851   -4.01755348  -14.92167085   -8.60650325    5.11640076   -9.19769409   14.74865088	 0.03393628 -0.00273567 -0.38407929  0.84739850 -0.46763348  0.01196823  0.02062704 -0.05346104 -0.24175558  0.99410422 -0.66367618  0.04265997	-0.03351798 -0.05597723  0.31324429  0.01962789 -0.27886053  0.04008524 -0.02363235  0.06924165 -1.47204420  1.88912744 -0.14704196  0.12050918	-0.02326429 -0.06033717  0.33783375  0.00090515 -0.31073117  0.06750703 -0.00181470  0.05625938 -1.62239765  2.07538244 -0.16651299  0.12986114	 0.18808897 -0.00149382  3.90771081	 0.02224171 -0.02359308  0.02341240	 0.02319844 -0.02413499  0.02110018	 0.00308791  0.00514274 -0.99998201	0.35000000	0.00000000	0.00000000	0.40168610	-0.38489258	-0.48559022	0.80811077	-0.12573695	-0.38942686	-0.89348459	0.03412396	0.46927959	0.20896438	0.23559785	-0.09100100	0.49069035	0.21184488	-0.26184601	-0.47069293	-0.48938447	-0.59262186	0.10993512	3.08456564	-0.64002556	-0.02419533	0.04105790	0.80388945	
0.00849000	  -38.06941911    69.49850348 -1023.95224730    56.12422248   -51.94726269   -12.19080414	 6.82849496 -5.81837668 -0.77234516  0.23736126  0.11029857  0.05542045	 -22.00403595  106.25889802  -15.66061597 -156.17100888  -26.61784865   86.58940077   -3.07626424  -19.22309315  -23.33421860   18.18236102   -2.19903451   22.89249989	 0.03374489 -0.00318839 -0.38119761  0.84738806 -0.47028003  0.01252536  0.02063768 -0.05318456 -0.25567121  1.01131357 -0.66489537  0.04353200	 0.00238065 -0.05849450  0.32743149 -0.02216801 -0.27907635  0.07957888  0.02103916  0.03782280 -1.56168557  1.87693656 -0.09700231  0.11526211	-0.02181405 -0.05219379  0.33686544 -0.00298532 -0.31032614  0.06449585  0.00158202  0.02985640 -1.63379295  2.00733970 -0.13028069  0.11151355	 0.18961879 -0.00537811  3.90758428	 0.02053637 -0.02167272  0.02425101	 0.02142676 -0.02221657  0.02400803	 0.00289757  0.00495756 -0.99998351	0.35000000	0.00000000	0.00000000	0.39865482	-0.38434520	-0.49066651	0.84601498	-0.17452483	-0.40038440	-0.93110317	0.03874457	0.48427385	0.18085450	0.25075316	-0.03896368	0.47726113	0.21454538	-0.21982759	-0.45995411	-0.46969080	-0.56111348	0.12494981	3.10893130	-0.65449673	-0.04622733	0.02384968	0.75217772	
0.00848200	  -34.76947988    67.40319999 -1024.54209075    57.26073748   -50.09997196   -14.91043688	 7.04942623 -5.99246998 -1.48839843  0.22869458  0.03120540  0.05521760	 -26.39549258  107.84957862  -18.86595480 -157.06822890  -24.22958972   83.73366761   -8.94331086  -15.99235636  -15.83173640   12.38378319   -9.65672846   20.25729743	 0.03345279 -0.00348674 -0.37831547  0.84740464 -0.47295156  0.01283966  0.02053184 -0.05307951 -0.26971759  1.02812509 -0.66584493  0.04453237	-0.07824788 -0.04354380  0.38013489  0.03077819 -0.29518476  0.00448857 -0.04687174  0.03071615 -1.72217157  2.01612618 -0.12167144  0.11872208	-0.03948281 -0.03277270  0.34236944  0.00286665 -0.31254558  0.03198053 -0.01786377  0.01297744 -1.65503413  1.96892843 -0.11062045  0.11328460	 0.19203736 -0.01224086  3.90790745	 0.01240777 -0.02192361  0.04137761	 0.01513182 -0.02179527  0.03576409	 0.00271470  0.00481550 -0.99998472	0.35000000	0.00000000	0.00000000	0.43621591	-0.38585803	-0.45571119	0.87038445	-0.14872244	-0.40645161	-0.89811540	0.00961087	0.48759305	0.17370804	0.24759093	-0.06424227	0.46759808	0.23835495	-0.19906591	-0.44932699	-0.45930415	-0.54557335	0.10718831	3.16638589	-0.66609699	-0.06792575	0.02126837	0.78896594	
0.00800400	  -25.42441107    56.36194168 -1017.86342049    59.43443779   -41.71218418    -6.72534209	 6.13589848 -5.34152995 -3.05570652  0.19223665 -0.00787745  0.07476250	 -15.41187279  105.18298197  -19.54837905 -157.42619705  -16.81508267   86.53214204   -1.70244449  -17.12219232  -13.98741915    8.54774817   -5.67304949   18.56241393	 0.03313173 -0.00360092 -0.37561774  0.84739892 -0.47547870  0.01296543  0.02038907 -0.05304394 -0.28285550  1.04327072 -0.66662996  0.04519224	-0.04664501 -0.01457779  0.36689975 -0.01185017 -0.32178821 -0.01485856 -0.01039432  0.00811484 -1.71070751  1.94821023 -0.06996099  0.06181098	-0.04054401 -0.01178712  0.33785069  0.00085629 -0.31567917  0.01093220 -0.01580623  0.00391390 -1.64196737  1.88249331 -0.09116672  0.07387740	 0.19368897 -0.01643175  3.90836690	 0.00761031 -0.02091266  0.03783864	 0.00886767 -0.02129828  0.03908665	 0.00254412  0.00474019 -0.99998553	0.35000000	0.00000000	0.00000000	0.43212625	-0.39560589	-0.43747491	0.91813904	-0.19777912	-0.42296070	-0.89137185	-0.00157071	0.49445707	0.13333750	0.27972570	-0.02604104	0.46691912	0.23960033	-0.21753277	-0.45740977	-0.43221241	-0.52431732	0.11356080	3.20730305	-0.67655802	-0.09869894	0.02652118	0.79288632	
0.00854000	  -20.80699374    50.98319806 -1010.81620612    61.53969329   -36.98660004   -10.21836274	 5.74145829 -2.24418100 -3.99378315  0.10310813 -0.03800817  0.05306850	 -21.44262050  102.42294765  -20.08645261 -153.41742229  -13.19683658   90.79377627   -6.14221479  -17.68833756  -11.88426629    5.89707786   -5.86160713   22.97659463	 0.03277213 -0.00365495 -0.37274462  0.84740306 -0.47812882  0.01312596  0.02032373 -0.05301419 -0.29668964  1.05849208 -0.66723452  0.04573487	-0.06383990 -0.00230217  0.31453651  0.02176300 -0.27237673  0.02490857  0.01839288  0.02399478 -1.47086901  1.54241562 -0.04833656  0.07911681	-0.04630176 -0.00298977  0.33514845  0.00274760 -0.30874973  0.02243563 -0.00456493  0.00497646 -1.60568705  1.75069263 -0.06526538  0.07074410	 0.19524504 -0.02151693  3.90857882	 0.00368021 -0.01942478  0.04787658	 0.00480970 -0.01988784  0.04448566	 0.00237467  0.00469276 -0.99998617	0.35000000	0.00000000	0.00000000	0.36690807	-0.46859333	-0.37400809	0.95386112	-0.28917855	-0.42219934	-0.83713204	-0.00671584	0.50793099	0.10938664	0.27070028	-0.03334291	0.47276711	0.22734393	-0.28035504	-0.52375323	-0.43517169	-0.54989332	0.12431115	3.16994882	-0.66820997	-0.11395546	0.05306871	0.78763837	
0.00848600	  -35.92792681    49.50703116 -1015.31889568    62.71091920   -41.04167017    -8.40684875	 7.60366361 -1.65487069 -2.14495568  0.09149633  0.07195172  0.00995774	 -18.13727408  102.09202313  -11.89434107 -154.77379447  -16.59927656   91.04794288   -7.81557680  -24.24023080  -24.77992597   13.66627846    1.36577859   24.79036394	 0.03236419 -0.00368375 -0.36989317  0.84739078 -0.48078874  0.01341952  0.02027045 -0.05306715 -0.31043138  1.07293200 -0.66754173  0.04664402	-0.04260374  0.00996542  0.31341705 -0.00212852 -0.29788936  0.05085915 -0.00587140 -0.02234803 -1.52127724  1.53547730  0.00371086  0.14085897	-0.04710589 -0.00172773  0.33402801 -0.00176090 -0.31347995  0.03781197 -0.00537825 -0.00968729 -1.60778888  1.67398761 -0.02986731  0.11955673	 0.19682749 -0.02495631  3.90830494	 0.00355727 -0.01838201  0.04734719	 0.00341319 -0.01867824  0.04798739	 0.00221666  0.00466408 -0.99998667	0.35000000	0.00000000	0.00000000	0.37414280	-0.46090636	-0.35237673	0.96685231	-0.32152000	-0.41212323	-0.84706688	0.01366803	0.51834559	0.07511769	0.30167347	-0.00179612	0.46047825	0.24961947	-0.26013067	-0.52131587	-0.42556044	-0.52165258	0.13463895	3.16834950	-0.69175059	-0.13686590	0.05206422	0.75217575	
0.00847900	  -32.27988570    41.26920698 -1012.82503638    64.43947615   -37.39728794   -10.86134407	 7.58277559 -2.58062701 -3.33216545  0.10028275  0.02224015  0.03709829	 -22.04663794  102.50483179  -12.95360806 -154.26082909  -12.20617086   91.15027046   -8.38829526  -20.40960777  -19.38626743    7.67947064   -4.05314818   20.90901491	 0.03191781 -0.00369348 -0.36700960  0.84737750 -0.48347639  0.01374190  0.02021219 -0.05321763 -0.32423838  1.08675998 -0.66767691  0.04784273	-0.04714746 -0.01152013  0.34416855  0.00689581 -0.35572362  0.03248708 -0.02046733 -0.03194002 -1.65532475  1.61274616 -0.02863385  0.12147335	-0.05570223 -0.00109762  0.34167486 -0.00186616 -0.31906875  0.03718088 -0.01014269 -0.01980268 -1.62645806  1.61072960 -0.01343603  0.13634875	 0.19896050 -0.02859044  3.90822525	 0.00529590 -0.01890959  0.05646401	 0.00464994 -0.01870893  0.05340877	 0.00206091  0.00462633 -0.99998717	0.35000000	0.00000000	0.00000000	0.42178273	-0.45685157	-0.34013066	1.01081085	-0.31127056	-0.40261859	-0.83573729	-0.00461733	0.51887709	0.07577177	0.30119094	0.00264190	0.44856232	0.25801212	-0.24030009	-0.50284356	-0.37769818	-0.49768403	0.12483513	3.21629310	-0.71384001	-0.15439050	0.04783847	0.75870723	
0.00852300	  -19.65949753    34.38732793 -1021.58784701    65.91470076   -27.62338795    -8.38289261	 7.21306898 -3.09430322 -4.76884008  0.11054667 -0.04046806  0.06262718	 -18.85291243  103.23943830  -14.92629135 -154.20117635   -1.93142174   89.50491571   -6.91136800  -19.84587383  -14.84469864    1.80191816    0.13141921   19.84716585	 0.03140277 -0.00369436 -0.36408974  0.84724626 -0.48609509  0.01399062  0.02014026 -0.05346360 -0.33788863  1.09967502 -0.66772583  0.04882257	-0.08303444 -0.00406672  0.30106577 -0.02084908 -0.28490292  0.02759817 -0.01999342 -0.02762290 -1.46200986  1.32704876 -0.00488916  0.10289996	-0.06347008  0.00040932  0.34184710 -0.01796956 -0.30289984  0.02301813 -0.00898777 -0.03105882 -1.58870889  1.48235748 -0.00538579  0.10762253	 0.20049967 -0.03098657  3.90978477	 0.01092319 -0.01812996  0.06369194	 0.00929667 -0.01839079  0.06151121	 0.00190531  0.00455492 -0.99998781	0.35000000	0.00000000	0.00000000	0.37000152	-0.47563216	-0.28480622	1.02984607	-0.36583760	-0.40626621	-0.77879190	-0.02378459	0.51463181	0.05497282	0.30489698	-0.01517997	0.45625919	0.27399367	-0.30324605	-0.53909260	-0.37845969	-0.48818952	0.13372211	3.20202351	-0.71425700	-0.17807278	0.09381870	0.77032590	
0.00846500	  -34.41227756    41.02841672 -1001.38791544    65.44559180   -33.59501417    -6.05643634	 8.32354479 -2.56503436 -4.02727384  0.11175013  0.01984313  0.02432370	 -15.78924444  103.53736162  -10.01467047 -148.13235784  -10.51283976   91.96734762   -7.72127854  -24.64146692  -22.47468470    6.07546657    4.80743952   23.33636880	 0.03088287 -0.00369261 -0.36109383  0.84702898 -0.48868485  0.01411126  0.02012391 -0.05382492 -0.35135827  1.11160896 -0.66774102  0.04974377	-0.05720267 -0.00515084  0.36345727 -0.02894862 -0.29120061  0.01042968  0.00820023 -0.03867321 -1.61338700  1.38393708  0.00886881  0.11963083	-0.06090795  0.00051033  0.35478679 -0.02610252 -0.30769570  0.01345533 -0.00189989 -0.04590139 -1.59586562  1.39907523 -0.00072370  0.11808350	 0.20274664 -0.03246511  3.90903790	 0.01447578 -0.01903987  0.05885198	 0.01334868 -0.01869959  0.06053841	 0.00175064  0.00444475 -0.99998859	0.35000000	0.00000000	0.00000000	0.39632410	-0.47683349	-0.29229307	1.06518829	-0.38231930	-0.40523797	-0.80071312	-0.01018161	0.51300603	0.03327709	0.32053748	0.01861366	0.43391258	0.29415736	-0.25348535	-0.52682436	-0.35900277	-0.44443175	0.12238720	3.24620175	-0.72282892	-0.20588017	0.07252958	0.74094808	
0.00802200	  -24.64831752    39.24660254 -1001.71058534    65.94547089   -28.36888158    -7.70412443	 7.33948290 -3.45716330 -5.85766032  0.12345244 -0.06052689  0.02740349	 -19.24613547  106.09862137  -15.80494510 -149.69905633   -3.88321656   92.53507674  -11.20719530  -21.94168758  -13.88411514   -1.95495596    3.18842477   19.98567715	 0.03038239 -0.00369770 -0.35824268  0.84683198 -0.49116703  0.01421234  0.02003183 -0.05431491 -0.36390293  1.12194695 -0.66774966  0.05070412	-0.07575162  0.00776356  0.33378886 -0.01683258 -0.28743317  0.00434736 -0.03755927 -0.04013383 -1.46129170  1.15948846 -0.00423395  0.09429689	-0.06295201 -0.00049175  0.35576527 -0.02621568 -0.30532951  0.01272658 -0.01642220 -0.06042688 -1.55339266  1.26586681  0.00050231  0.11363831	 0.20490575 -0.03501958  3.90903775	 0.01660622 -0.01897044  0.06780746	 0.01595119 -0.01904187  0.06436172	 0.00159977  0.00431806 -0.99998940	0.35000000	0.00000000	0.00000000	0.37390938	-0.50048274	-0.24458081	1.08384418	-0.41879982	-0.40117732	-0.73953319	-0.02871521	0.51343071	0.00925003	0.30746418	-0.00975589	0.43754137	0.30010697	-0.30682835	-0.56176895	-0.34886825	-0.43845090	0.12323937	3.23480844	-0.72094887	-0.22363475	0.09882438	0.75522584	
0.00850600	  -30.91713922    48.46281208 -1000.69406957    65.94397681   -28.05742977    -5.00460038	 7.91986752 -3.42401009 -5.07587727  0.14218631  0.00734226  0.03492957	 -14.82595827  105.00602150  -11.36194811 -146.21857786   -4.18742803   94.89912891   -7.64418384  -26.47013044  -21.70698877    1.76315593   12.81521572   23.10662645	 0.02981542 -0.00370478 -0.35520801  0.84660239 -0.49378428  0.01439855  0.01984267 -0.05497829 -0.37695849  1.13178755 -0.66766751  0.05169700	-0.07751821  0.00252357  0.36884003 -0.03605406 -0.26131880  0.02356908 -0.03116229 -0.09861647 -1.46550240  1.04880181  0.03214764  0.11542968	-0.06435163 -0.00137548  0.35831719 -0.02643363 -0.30511697  0.02598967 -0.02166288 -0.08119114 -1.53027420  1.13649419  0.01622904  0.12233998	 0.20677053 -0.03697504  3.90871284	 0.01651444 -0.01786758  0.06311596	 0.01656572 -0.01820221  0.06488922	 0.00144568  0.00417551 -0.99999024	0.35000000	0.00000000	0.00000000	0.36780575	-0.49770674	-0.22962046	1.08604729	-0.45798108	-0.40318605	-0.75932461	-0.01492345	0.50747460	-0.01504878	0.31796795	0.01849677	0.43592095	0.32784215	-0.29633650	-0.58049864	-0.34607077	-0.39675221	0.13278386	3.24944854	-0.73866087	-0.25175253	0.11219569	0.72464269	
0.00849100	 -28.59920441   40.24309443 -996.40931152   65.60212112  -25.78609713   -5.85643728	 7.25827938 -2.30496076 -5.19265773  0.08687855 -0.01481525  0.01572042	 -16.79521199  105.07847476  -13.38548735 -144.48677924   -2.15496415   92.60327864  -10.50078768  -19.62003213  -19.08354582    1.93861088   12.30640005   21.23346618	 0.02928563 -0.00369543 -0.35218340  0.84637573 -0.49643866  0.01473612  0.01963939 -0.05576174 -0.38987625  1.14062895 -0.66740927  0.05286707	-0.03579266  0.02050647  0.32490782 -0.03573345 -0.30971430  0.05137317 -0.01938849 -0.10392040 -1.44372896  0.93878234  0.03045721  0.14238283	-0.06073191  0.00145783  0.35458044 -0.02551587 -0.31205276  0.04314107 -0.02515107 -0.09248709 -1.51137460  1.01845810  0.03361132  0.13563727	 0.20861121 -0.03949818  3.90804828	 0.01707246 -0.01659472  0.06517070	 0.01687133 -0.01699187  0.06421363	 0.00130164  0.00403249 -0.99999102	0.35000000	0.00000000	0.00000000	0.37900743	-0.50164199	-0.20792001	1.12922621	-0.50020331	-0.38532060	-0.73151052	-0.03288677	0.52814537	-0.02210149	0.31709653	0.03702411	0.44742477	0.32735619	-0.29111773	-0.57294977	-0.31918052	-0.39186662	0.14427605	3.25753784	-0.73831379	-0.25953603	0.11919518	0.71664560	
0.00850300	  -26.06642390    41.58014083 -1000.70919508    65.76664860   -21.97414732    -6.81376109	 6.27098521 -3.22187762 -6.07325457  0.11491042 -0.01771036  0.01737040	 -18.27233464  101.45413852  -12.55806284 -144.06442988    2.08117172   93.06443548  -11.43553068  -22.19960225  -16.78448286   -1.78094743   17.96948732   20.66731027	 0.02867672 -0.00368937 -0.34915541  0.84616695 -0.49908796  0.01516071  0.01926418 -0.05663492 -0.40256511  1.14833698 -0.66683961  0.05390594	-0.10284177  0.03111967  0.33797919 -0.05430122 -0.29101378  0.02522119 -0.04265007 -0.09959786 -1.37629814  0.80471966  0.08309641  0.10598885	-0.07374206  0.00297599  0.35529800 -0.02601329 -0.31151951  0.04995108 -0.04805866 -0.10433108 -1.48316929  0.88311493  0.07628974  0.11881011	 0.21079854 -0.04244151  3.90791480	 0.01800055 -0.01692894  0.07403743	 0.01769866 -0.01676815  0.07113389	 0.00116263  0.00388270 -0.99999179	0.35000000	0.00000000	0.00000000	0.35056478	-0.51481718	-0.16683283	1.14050090	-0.53312099	-0.38042709	-0.69829994	-0.02831391	0.51585716	-0.04194324	0.32434177	0.02492464	0.44698066	0.35761648	-0.32313067	-0.60398173	-0.31556952	-0.36279967	0.14384554	3.24870348	-0.73077112	-0.28728497	0.13929394	0.73119313	
0.00847000	  -28.13540414    47.35504763 -1001.38862435    65.80445677   -20.37150221    -1.64357137	 6.74583102 -2.32070564 -5.90167992  0.09995565 -0.00138582  0.00794713	 -11.21179267  102.29298258  -11.66441988 -138.46616697    2.17282002   94.88168514   -9.51130727  -23.08890396  -19.55912496   -1.47682264   17.04011661   23.34960005	 0.02807900 -0.00368932 -0.34612728  0.84603741 -0.50176681  0.01577458  0.01877447 -0.05760851 -0.41493205  1.15480499 -0.66575503  0.05497796	-0.09741967  0.01474348  0.38329264  0.00066326 -0.32819037  0.12322421 -0.03313019 -0.11055822 -1.45273475  0.71249119  0.14211743  0.15122263	-0.07148938  0.00399285  0.35774744 -0.01236292 -0.31883931  0.07931553 -0.05666094 -0.11813810 -1.45479788  0.74206152  0.13588933  0.13371227	 0.21279280 -0.04442916  3.90764709	 0.01666971 -0.01693166  0.06586872	 0.01708205 -0.01695175  0.06872854	 0.00102059  0.00373425 -0.99999251	0.35000000	0.00000000	0.00000000	0.35941619	-0.51608205	-0.14223808	1.16154826	-0.55568600	-0.37581527	-0.69778764	-0.03025745	0.52620119	-0.07129236	0.32166907	0.04783748	0.45694429	0.36512461	-0.29625630	-0.61926091	-0.30467448	-0.35194021	0.15075496	3.27074718	-0.75951493	-0.29760709	0.14236523	0.69936347	
0.00805300	 -11.26205441   30.86349421 -999.50699961   65.26029371   -9.70835386   -1.48043031	 4.38019719 -3.26216172 -6.32615501  0.11115120 -0.05473337  0.00770672	 -12.29108250  104.39865589  -15.17466126 -141.87626106   13.96777944   88.11512268  -12.35759555  -22.25500005  -12.75685047   -0.70113778   20.69875409   20.10386789	 0.02756949 -0.00370563 -0.34329888  0.84590461 -0.50427858  0.01632996  0.01822371 -0.05864932 -0.42633122  1.15977956 -0.66423114  0.05606940	-0.04386381 -0.00383087  0.37942917 -0.02426924 -0.31289354  0.05087968 -0.07560413 -0.17833268 -1.51551400  0.60560010  0.26921926  0.12387633	-0.06263868 -0.00196219  0.35073935 -0.01819901 -0.30833055  0.06233373 -0.06917644 -0.13327024 -1.40893805  0.59802472  0.20211505  0.12861444	 0.21383328 -0.04513862  3.90780449	 0.02425691 -0.01517460  0.06667202	 0.02164029 -0.01577633  0.06623098	 0.00089369  0.00357261 -0.99999322	0.35000000	0.00000000	0.00000000	0.35050777	-0.48099521	-0.10899479	1.18388498	-0.56533664	-0.38948828	-0.69223368	-0.05981429	0.55407798	-0.07185829	0.32343334	0.07186380	0.48824155	0.37689540	-0.31173712	-0.61528337	-0.27187571	-0.30001312	0.17923170	3.31398058	-0.77672905	-0.31631470	0.16644339	0.68905294	
0.00843100	  -6.26865788   32.07263897 -992.54545557   64.74692304   -6.79341828   -2.69720207	 3.10001683 -0.28564751 -5.80527997  0.01104142 -0.11319173  0.01751296	 -13.88710915  103.19004369  -17.57471111 -139.15102804   13.54776196   89.84928930   -9.01707352  -11.88527840   -6.83827839    2.15428794   16.25267977   21.59049466	 0.02697645 -0.00367712 -0.34025912  0.84570168 -0.50688857  0.01665062  0.01751076 -0.05983644 -0.43802375  1.16382677 -0.66206044  0.05701260	-0.04277552 -0.01313450  0.33859749 -0.05066703 -0.31081215  0.00351749 -0.09874377 -0.15704250 -1.38578935  0.41169472  0.26917136  0.08411521	-0.06924170  0.00387285  0.35855217 -0.02541488 -0.31117963  0.03725651 -0.08390123 -0.14091681 -1.38143355  0.45908649  0.26429595  0.10845699	 0.21549184 -0.04809580  3.90721157	 0.02435614 -0.01604000  0.07203284	 0.02459670 -0.01566974  0.07027733	 0.00076504  0.00335925 -0.99999407	0.35000000	0.00000000	0.00000000	0.32004943	-0.49023351	-0.08522481	1.20743024	-0.60463053	-0.38551199	-0.64950997	-0.08040785	0.55219227	-0.09628230	0.31537756	0.05570748	0.49732429	0.39045328	-0.31653842	-0.64029205	-0.27211848	-0.32148719	0.19559133	3.32444024	-0.75491333	-0.33912802	0.19905192	0.68125218	
0.00800800	  -7.00257204   32.53576335 -989.78885145   64.56613886   -6.23218660   -1.72484695	 2.10472472  0.62094843 -5.63585706 -0.00912359 -0.08252453  0.01668233	 -12.16320580  101.04354239  -17.51789141 -138.34639639   13.37416336   90.45866382   -7.06953699  -13.38772681   -9.08211669    3.85259110   22.67184019   23.67099148	 0.02638601 -0.00363003 -0.33738319  0.84551350 -0.50932343  0.01698587  0.01689159 -0.06087658 -0.44858926  1.16652637 -0.65950536  0.05798192	-0.10975519 -0.00956084  0.37597747 -0.03947469 -0.32119463  0.06900138 -0.07194140 -0.12057735 -1.35154846  0.27384721  0.38948897  0.13814369	-0.07479373  0.00340956  0.36056686 -0.02653872 -0.30727695  0.04489286 -0.07627956 -0.13100041 -1.32370593  0.32153852  0.33604663  0.12658963	 0.21688598 -0.05006112  3.90622325	 0.02594560 -0.01595835  0.07129626	 0.02535251 -0.01600620  0.07164843	 0.00063826  0.00315883 -0.99999481	0.35000000	0.00000000	0.00000000	0.28758484	-0.48225948	-0.04649248	1.20432997	-0.64118189	-0.36297548	-0.63102365	-0.07839618	0.56288838	-0.12708014	0.30496642	0.06192983	0.51039094	0.40788475	-0.31804097	-0.66837037	-0.28044435	-0.31221801	0.22137471	3.31307912	-0.75491726	-0.35550734	0.20501527	0.66620988	
0.00803100	   0.34925115   33.30523494 -989.64450494   64.33636297    0.26121425    3.32944147	 1.91985401 -1.38012823 -5.09426042  0.04688247 -0.11458989  0.02100105	  -6.20614445  104.88159466  -18.94815594 -135.80615062   19.43665726   87.76418912   -9.15515723  -16.35497701   -7.09287511    5.74985052   17.72413529   20.75393301	 0.02586371 -0.00355413 -0.33449795  0.84535652 -0.51180270  0.01723296  0.01638631 -0.06193671 -0.45880354  1.16824974 -0.65636940  0.05904130	-0.06995382 -0.01047566  0.33209346 -0.00091392 -0.29052608  0.01291228 -0.04795703 -0.14665153 -1.21048741  0.18151432  0.42818329  0.12384461	-0.06333704  0.00810087  0.35706076 -0.01954651 -0.30662851  0.02539032 -0.06363579 -0.13205222 -1.26390982  0.19956849  0.39935795  0.12888677	 0.21769933 -0.05133714  3.90519448	 0.02771355 -0.01492751  0.06233609	 0.02715659 -0.01527847  0.06537684	 0.00051618  0.00294314 -0.99999554	0.35000000	0.00000000	0.00000000	0.27162945	-0.47141150	-0.01644643	1.21106517	-0.66195154	-0.35722631	-0.61726004	-0.08793601	0.55298322	-0.15846381	0.30703229	0.05989225	0.51974458	0.42307690	-0.32849553	-0.65601802	-0.24728227	-0.29892319	0.23477142	3.30553174	-0.75769705	-0.37130016	0.24040821	0.64123005	
0.00801300	  -8.80766214   34.61897939 -999.82460297   65.11394327   -3.12048684   -0.48052829	 1.55213994  0.45385100 -2.63461997 -0.01105188 -0.06051792 -0.00528065	 -11.71276990  104.88967729  -15.20217169 -137.44278562   16.16513863   90.66986907   -9.64635294  -12.71717203  -10.72902972    4.48536906   17.96465921   22.66100129	 0.02536894 -0.00342161 -0.33160685  0.84518375 -0.51431511  0.01737736  0.01591105 -0.06295074 -0.46867257  1.16907168 -0.65282961  0.06001245	-0.09298338  0.03599703  0.39369784 -0.01556270 -0.32826887  0.00181245 -0.07790159 -0.15080369 -1.30731862  0.06346008  0.50271402  0.14191272	-0.06298724  0.01677735  0.36133117 -0.01978214 -0.31551233  0.01380330 -0.06109367 -0.12712750 -1.22785193  0.09321246  0.45017455  0.12352457	 0.21946752 -0.05385848  3.90405956	 0.02725961 -0.01702215  0.06038762	 0.02734194 -0.01610354  0.06093124	 0.00039252  0.00272300 -0.99999622	0.35000000	0.00000000	0.00000000	0.27839613	-0.46919963	0.01183105	1.23028719	-0.68520409	-0.35283104	-0.60931736	-0.08237817	0.56388426	-0.19815832	0.31568611	0.07196162	0.53021574	0.43069506	-0.29389933	-0.68479544	-0.24267405	-0.29236379	0.23529162	3.32472253	-0.74692386	-0.38682064	0.23580924	0.63986784	
0.00849300	    4.88160664    39.52155050 -1012.35938095    65.71988142     5.98346893     2.90258868	-1.71352766 -0.13671415 -0.61529129  0.00061875 -0.09999469  0.01469357	  -7.14080992  102.75497150  -21.70502143 -133.33240482   24.96700376   94.72612584   -8.12713940  -13.34724885   -4.85896218    4.97494942   19.80111261   21.26450482	 0.02487651 -0.00329064 -0.32850091  0.84504833 -0.51703200  0.01768655  0.01548045 -0.06399433 -0.47892078  1.16941898 -0.64858292  0.06108327	-0.06413751  0.02005414  0.35807269 -0.02305107 -0.33134493  0.02674616 -0.04519707 -0.13243874 -1.16536485  0.00930829  0.50509203  0.09288071	-0.05759938  0.01249154  0.36275796 -0.01388543 -0.31976214  0.04353325 -0.04820279 -0.12310887 -1.19603644  0.03376257  0.50711009  0.12138306	 0.22064206 -0.05554448  3.90260986	 0.03009709 -0.01916424  0.05452858	 0.02909709 -0.01859343  0.05653267	 0.00023779  0.00248087 -0.99999689	0.35000000	0.00000000	0.00000000	0.25992659	-0.48266980	0.01613079	1.24744689	-0.71643960	-0.34251732	-0.60462219	-0.09098806	0.53737432	-0.22225863	0.30228654	0.08364078	0.53159845	0.44437781	-0.32603914	-0.69625127	-0.20406556	-0.27014694	0.25635383	3.31302047	-0.74389523	-0.40467283	0.25085127	0.63181508	
0.00800000	    2.19757977    39.28812958 -1009.29419480    65.50045351     5.54140904     0.88882487	-1.25685424  0.60639249 -1.36337185 -0.01189825 -0.08235906 -0.00796943	 -10.49171822  105.70087862  -20.16482684 -131.35141000   23.87518425   92.55974340   -9.68958761  -14.41461384   -7.11082513    0.31862671   21.39726041   23.63076097	 0.02445555 -0.00321029 -0.32560588  0.84501222 -0.51963104  0.01829781  0.01514065 -0.06493930 -0.48835138  1.16935574 -0.64405639  0.06211344	-0.02888546  0.01091755  0.33118775  0.00559958 -0.34699892  0.07656682 -0.04040725 -0.13564975 -1.13215864 -0.01771431  0.56012270  0.13751731	-0.05121260  0.00995967  0.35892582 -0.00369585 -0.32632648  0.07642026 -0.04194517 -0.11900126 -1.17011593 -0.01422820  0.57198539  0.13312699	 0.22174003 -0.05792996  3.90158109	 0.03106392 -0.01988730  0.05471257	 0.03073222 -0.01964667  0.05457370	 0.00008208  0.00223529 -0.99999750	0.35000000	0.00000000	0.00000000	0.27306774	-0.46638301	0.04173417	1.26363099	-0.73313951	-0.30933535	-0.59704876	-0.09029417	0.54102856	-0.23186469	0.28570652	0.08747208	0.53350061	0.45995453	-0.29394135	-0.68105453	-0.17899626	-0.25373545	0.27406114	3.29103136	-0.76210475	-0.40298888	0.25005543	0.58956969	
0.00846800	   -0.10792875    34.01695221 -1003.77106373    65.05662384     6.17590121    -1.21460974	-0.11348073 -1.10173817 -1.81902502  0.02651598 -0.09474256  0.02283735	 -13.04015042  106.60148668  -17.87762671 -135.74144211   25.23381847   88.51370752   -9.90406264  -13.79297400   -6.81518761   -2.46762796   16.13534130   19.74272582	 0.02396629 -0.00308258 -0.32248455  0.84494763 -0.52241043  0.01884859  0.01476970 -0.06590530 -0.49807140  1.16872160 -0.63873813  0.06321573	-0.06395692  0.00523986  0.35452687 -0.01190763 -0.29777293  0.01430957 -0.05264380 -0.08547866 -1.11728805 -0.07482783  0.63493965  0.11676232	-0.05788893  0.01754702  0.37013113 -0.00946808 -0.32775916  0.05553201 -0.04542666 -0.11221466 -1.14359336 -0.08480332  0.63439665  0.12001949	 0.22363131 -0.06143576  3.90035155	 0.03070130 -0.02226891  0.06072094	 0.03081678 -0.02146398  0.05879470	-0.00009551  0.00197237 -0.99999805	0.35000000	0.00000000	0.00000000	0.25598350	-0.44482329	0.07801102	1.27341580	-0.72253162	-0.29913729	-0.56611413	-0.10117722	0.53633279	-0.25608826	0.28107035	0.06913494	0.53827006	0.46838164	-0.29298684	-0.66696388	-0.15344363	-0.24442476	0.26879478	3.29094982	-0.74059373	-0.41722602	0.26534146	0.59211332	
0.00850300	  -5.28763515   40.23239723 -998.08728138   64.81441797    3.04452100    1.53229314	 0.69783011 -1.99732208 -1.68521073  0.06006295 -0.10992143  0.05353599	  -9.13666725  109.08887577  -18.82907500 -133.67275104   21.18371536   90.39398432   -7.48222320  -16.63414228   -7.06332532   -2.70643920   10.93292092   19.96004084	 0.02346347 -0.00284167 -0.31932765  0.84491330 -0.52526026  0.01916494  0.01445734 -0.06681189 -0.50742675  1.16747267 -0.63323800  0.06392192	-0.04796669  0.02329051  0.36088547  0.01995688 -0.33558003  0.02607906 -0.06034646 -0.07755833 -1.05486672 -0.17737561  0.61676771  0.07070868	-0.05766331  0.03083901  0.37500577 -0.00229634 -0.33830761  0.03592257 -0.03649421 -0.10572953 -1.10021741 -0.15733959  0.65066262  0.07599403	 0.22614824 -0.06418246  3.89860920	 0.02930351 -0.02495002  0.05546087	 0.02974137 -0.02409277  0.05732463	-0.00029582  0.00171747 -0.99999848	0.35000000	0.00000000	0.00000000	0.25199112	-0.45042798	0.09592513	1.28311419	-0.73800242	-0.29434484	-0.53815073	-0.10215081	0.52837080	-0.30223441	0.28851759	0.06338182	0.53148311	0.47894302	-0.28887892	-0.67346525	-0.13673830	-0.25115177	0.25978044	3.28471279	-0.73462653	-0.43461365	0.27154249	0.56691086	
0.00849400	   -0.43544276    41.25729402 -1000.96499829    64.86890812     7.40270994     0.37098070	-0.46013978 -1.61597744 -2.50840166  0.05698837 -0.09988891  0.04589552	 -11.31791186  108.49840832  -21.23246384 -135.19517937   26.90411143   90.82844615   -7.51526077  -18.23837459   -6.51701694   -5.07727141   18.58003405   21.79877859	 0.02299330 -0.00254179 -0.31613524  0.84488489 -0.52817858  0.01933811  0.01430045 -0.06770117 -0.51642401  1.16555648 -0.62752929  0.06442520	-0.05796806  0.03857836  0.37953313  0.01718976 -0.33777000  0.00532677 -0.03347823 -0.10733805 -1.00842668 -0.23813871  0.68906390  0.03282633	-0.05595311  0.03634081  0.38072093 -0.00085785 -0.34500540  0.02039437 -0.01854791 -0.10489334 -1.05878396 -0.23998204  0.68665949  0.05908968	 0.22785782 -0.06692689  3.89763593	 0.02961892 -0.02421630  0.05537998	 0.02950287 -0.02449202  0.05523562	-0.00050555  0.00146793 -0.99999879	0.35000000	0.00000000	0.00000000	0.23877984	-0.44601038	0.11777950	1.29740882	-0.76497233	-0.28693646	-0.54733372	-0.10907315	0.52463406	-0.31962392	0.29005197	0.08243750	0.53461421	0.49728981	-0.29192674	-0.68375671	-0.11449745	-0.21530181	0.28173530	3.27648973	-0.73028684	-0.45722836	0.27321836	0.55604613	
0.00853200	   -0.12900108    42.68328507 -1004.67932723    65.08908484     9.06596516     1.41469752	 0.00918813  0.53713913 -2.42949058 -0.01015357 -0.11313457  0.00391738	  -9.98118277  106.60505438  -21.83372157 -132.25973201   28.27448925   92.54625738   -8.51916596  -13.51872900   -6.69150429   -5.65589378   14.36064935   23.32428530	 0.02251560 -0.00218756 -0.31296595  0.84485360 -0.53109130  0.01953649  0.01424698 -0.06858651 -0.52501495  1.16290565 -0.62145189  0.06504075	-0.05772615  0.03367812  0.35585311 -0.01940520 -0.34884007  0.01942759  0.01180990 -0.10940926 -0.92942853 -0.31628817  0.69763600  0.09554120	-0.05770442  0.04110667  0.37246609 -0.00343433 -0.34444277  0.02649254 -0.00502890 -0.10219982 -0.99936591 -0.32275870  0.71793421  0.07872722	 0.22933050 -0.07034547  3.89717627	 0.02729583 -0.02230439  0.05520806	 0.02805788 -0.02289417  0.05527097	-0.00070244  0.00122555 -0.99999900	0.35000000	0.00000000	0.00000000	0.24106306	-0.44970074	0.13637757	1.31449723	-0.78849179	-0.27335426	-0.54710054	-0.11630826	0.51433295	-0.33133796	0.27057689	0.08689316	0.54713219	0.51354527	-0.27312127	-0.68388975	-0.09090675	-0.22637892	0.30102482	3.26800895	-0.72132051	-0.46768218	0.29034597	0.53069752	
0.00800000	   -0.84220989    38.86544000 -1003.09388685    64.94164655     9.97573192     1.85702053	-0.41245268 -0.66151741 -2.57186249  0.01012438 -0.11876470  0.00980176	  -9.68624750  105.26458955  -21.22066764 -132.14701536   29.04048327   90.38132942  -10.55589413  -12.48453286   -5.46679551   -5.67012386   15.27940285   18.96883759	 0.02208972 -0.00179869 -0.30998079  0.84484447 -0.53384913  0.01981263  0.01420511 -0.06931979 -0.53272635  1.15968896 -0.61551979  0.06555203	-0.02513605  0.07464604  0.36160109  0.00375266 -0.32284500  0.04376639  0.00594940 -0.07375895 -0.87010810 -0.42808509  0.66937693  0.05748737	-0.05244393  0.05083282  0.37282686 -0.00092302 -0.34528859  0.03354629 -0.00324475 -0.08758283 -0.95014461 -0.41229010  0.74052025  0.05726072	 0.23119188 -0.07371832  3.89662093	 0.02563766 -0.02211119  0.05577641	 0.02617994 -0.02214045  0.05559834	-0.00087865  0.00101490 -0.99999910	0.35000000	0.00000000	0.00000000	0.23363912	-0.45789388	0.15480125	1.33217645	-0.81017083	-0.25317472	-0.51516151	-0.11873888	0.50863314	-0.35356855	0.28735644	0.09083083	0.54948115	0.51345730	-0.28722998	-0.68330830	-0.06804212	-0.21913713	0.29587710	3.25299144	-0.69055867	-0.47958452	0.29909033	0.54435933	
0.00800500	  -5.07315441   41.64670113 -995.38458661   64.56598212    6.74991311    0.57643995	-0.85173137 -1.29856599 -3.86663180  0.04474823 -0.10574311  0.01701078	 -11.45614567  103.00589252  -22.25362340 -129.20238668   25.44390495   91.83488178  -10.33677148  -18.51263082   -5.21960522  -10.05067804   21.06895387   21.98472351	 0.02161762 -0.00140731 -0.30699689  0.84484215 -0.53663130  0.02013251  0.01413152 -0.07005393 -0.54001979  1.15574472 -0.60918150  0.06586471	-0.07930902  0.06329596  0.34827560  0.00486808 -0.34831454  0.02584518 -0.01016962 -0.09567064 -0.88225988 -0.55777186  0.84231229  0.05608379	-0.05975590  0.05024442  0.37124191 -0.00099921 -0.34826724  0.04394034 -0.00752116 -0.09329032 -0.90204728 -0.51034279  0.80270726  0.04225686	 0.23338325 -0.07569844  3.89578043	 0.02964923 -0.02118107  0.05899040	 0.02821678 -0.02147502  0.05792067	-0.00105141  0.00079627 -0.99999913	0.35000000	0.00000000	0.00000000	0.21662959	-0.44977310	0.19380227	1.34078050	-0.83220506	-0.23902594	-0.50066078	-0.10448148	0.51955873	-0.37744576	0.28363240	0.09231725	0.56140977	0.54500771	-0.28994292	-0.71654582	-0.06066632	-0.19634947	0.30737856	3.23396373	-0.69162953	-0.49864352	0.29740846	0.50817037	
0.00851200	   -0.44086703    42.06928083 -1001.72145062    64.89538080     9.47137679     5.33589175	-1.31010701 -0.33179959 -3.07489533  0.00611763 -0.18788268  0.00742370	  -5.51486127  105.22847700  -25.00102450 -134.37930793   28.22202346   91.38574660   -8.24754939  -12.70488992    1.33366644   -6.91143508   10.57266681   20.77042940	 0.02115037 -0.00102499 -0.30376435  0.84484778 -0.53965372  0.02066740  0.01405775 -0.07080180 -0.54721584  1.15065334 -0.60212337  0.06611710	-0.05047662  0.01478884  0.34810354  0.00503555 -0.35435335  0.04919327 -0.01817873 -0.04935578 -0.76216884 -0.61101079  0.75812222  0.02497681	-0.05183447  0.04402354  0.37744265  0.00158221 -0.35369948  0.06337909 -0.00810791 -0.08465955 -0.82835860 -0.61169987  0.82000823  0.02482487	 0.23656798 -0.07851625  3.89532495	 0.02820600 -0.02325343  0.05312943	 0.02876396 -0.02254763  0.05504538	-0.00123877  0.00054791 -0.99999908	0.35000000	0.00000000	0.00000000	0.20369026	-0.43725872	0.19872963	1.34581161	-0.81406033	-0.22722568	-0.47520339	-0.13125402	0.49382365	-0.39548734	0.27156278	0.06197776	0.56026125	0.55561841	-0.28566715	-0.70761043	-0.03316823	-0.21512109	0.32252291	3.21782207	-0.67619741	-0.51427960	0.32566702	0.48587462	
0.00844600	   0.87079803   40.30879026 -998.61797562   64.61251192   10.53778164    3.80850900	-2.79080720 -0.48793737 -3.28703979  0.01359401 -0.15438022  0.00733023	  -8.32003742  107.68514657  -27.30289347 -134.95941064   29.36157659   85.49686432   -7.13151035  -14.09372348   -0.44380170   -6.25380899   20.31880049   19.73318517	 0.02069867 -0.00052844 -0.30050776  0.84484229 -0.54269186  0.02107860  0.01403353 -0.07147580 -0.55377778  1.14466461 -0.59483421  0.06623401	-0.04864538  0.04663867  0.44277107 -0.01057945 -0.41631723  0.05124172 -0.02721471 -0.07292484 -0.80866031 -0.83612445  0.99448584  0.02410677	-0.05195497  0.05895374  0.38780407 -0.00002517 -0.36197437  0.04169394 -0.00402472 -0.07728733 -0.77027168 -0.72920032  0.87822775  0.01320597	 0.23905511 -0.08248815  3.89478374	 0.02476884 -0.02187502  0.05218751	 0.02589321 -0.02235531  0.05238338	-0.00143184  0.00032335 -0.99999892	0.35000000	0.00000000	0.00000000	0.16907978	-0.40522110	0.24564594	1.35097694	-0.85187185	-0.21254326	-0.46173435	-0.14163980	0.54435843	-0.42555866	0.27089673	0.10503532	0.60206628	0.54016680	-0.29067954	-0.71868628	-0.02974999	-0.18718101	0.35983595	3.22587967	-0.65623212	-0.52307951	0.31758079	0.46332535	
0.00800600	   24.27131755    37.69145475 -1008.02196834    64.76531597    25.85138987     6.05961266	-5.36182909  0.88364077 -1.74722142 -0.03399126 -0.25364926 -0.00484284	  -5.95730759  102.64180779  -34.83522379 -131.27035427   44.37753233   86.52171338   -6.85499001  -10.40988588    7.81800427    3.08550727   12.75859997   20.21430886	 0.02025799  0.00005872 -0.29748323  0.84483674 -0.54550353  0.02122681  0.01403131 -0.07201231 -0.55943356  1.13832820 -0.58762847  0.06626651	-0.06962066  0.07954621  0.35505191 -0.02708525 -0.32696750  0.01096468  0.00469372 -0.06795221 -0.70079177 -0.85786589  0.95805625  0.01918746	-0.05657081  0.07335318  0.37734835 -0.00208196 -0.34918809  0.01496746  0.00056762 -0.06729784 -0.70366851 -0.80818715  0.90764580  0.00524721	 0.23964963 -0.08638960  3.89490464	 0.02374695 -0.01769288  0.05597810	 0.02407612 -0.01914103  0.05465235	-0.00159044  0.00013123 -0.99999873	0.35000000	0.00000000	0.00000000	0.14406247	-0.42784208	0.26780230	1.35230029	-0.86139339	-0.21916741	-0.45882377	-0.17386228	0.50718242	-0.43292388	0.27773875	0.10057161	0.61932749	0.56868434	-0.31056866	-0.73496884	-0.00521668	-0.20568423	0.38681918	3.20912957	-0.62833005	-0.54326534	0.35956278	0.49239960	
0.00801000	   8.22213611   40.99214080 -989.57860232   63.96137798   14.04924120    8.17678404	-4.95990253  1.07538333 -3.38537430 -0.03883571 -0.24360477 -0.02967395	  -2.96638690  100.70268917  -30.18173996 -129.48111641   28.42617694   90.32340777   -6.51005366  -10.09496242    7.84177793   -3.82968302   16.56319392   21.55413532	 0.01984289  0.00070240 -0.29443572  0.84484316 -0.54832400  0.02140146  0.01402883 -0.07242472 -0.56452983  1.13137551 -0.58028255  0.06627622	-0.02111486  0.10535663  0.38585994  0.01472874 -0.35327430  0.02185183  0.01517325 -0.02821759 -0.59556786 -0.89242862  0.94961645 -0.01018029	-0.04939445  0.08202344  0.38404860  0.00092172 -0.35552006  0.02503775  0.00132386 -0.04882735 -0.62863658 -0.88624749  0.92823802 -0.00035708	 0.24265305 -0.08947772  3.89368955	 0.02207745 -0.01930111  0.05026750	 0.02265316 -0.01863600  0.05234191	-0.00173532 -0.00005139 -0.99999849	0.35000000	0.00000000	0.00000000	0.15005238	-0.44187355	0.27222729	1.37479782	-0.88830292	-0.17870593	-0.43813935	-0.14430740	0.49645513	-0.46325579	0.29353148	0.09527850	0.59800428	0.58416617	-0.27614513	-0.74685419	0.00244687	-0.20335385	0.37711778	3.18838048	-0.59387445	-0.56134474	0.34168717	0.46367991	
0.00802500	   8.40060790   40.18132100 -993.18610929   64.15247347   15.62414841    3.55115161	-4.04935510  0.31346948 -4.16201400 -0.01124727 -0.22115124  0.00229104	  -9.37309083   98.88223100  -32.97886148 -132.19172478   33.17483103   90.32291305   -7.77801690  -13.62191993    4.84383531   -7.84192284   17.45654815   22.34158131	 0.01941909  0.00133789 -0.29138699  0.84484392 -0.55120260  0.02172133  0.01403105 -0.07278764 -0.56895871  1.12358092 -0.57262933  0.06631355	-0.06696161  0.07887747  0.34492262  0.01132166 -0.35639064  0.04991694  0.00388588 -0.08013032 -0.49349748 -1.03032951  0.95625007 -0.01208000	-0.05286983  0.08045996  0.37740284  0.00027596 -0.35736709  0.04258991  0.00131049 -0.04669104 -0.53927338 -0.98698091  0.95756752  0.00420993	 0.24458399 -0.09231479  3.89332390	 0.02483193 -0.01556445  0.05479776	 0.02384251 -0.01687851  0.05313969	-0.00187694 -0.00023653 -0.99999821	0.35000000	0.00000000	0.00000000	0.14329365	-0.42459211	0.30835164	1.34464478	-0.88976330	-0.16078623	-0.43702397	-0.14694786	0.47976053	-0.46489272	0.27526084	0.08252428	0.60646653	0.61657578	-0.29150873	-0.76648986	0.01973917	-0.19536120	0.38648441	3.13228917	-0.59889185	-0.57457101	0.36679631	0.42826807	
0.00845700	   2.32102748   36.10102641 -992.03235317   64.11099123   13.19608393    7.76081116	-4.96322673  1.84736584 -3.08030442 -0.06680338 -0.21795063 -0.04616948	  -3.26782498  100.41536522  -30.43642241 -135.41410995   30.25147721   85.32976818   -5.10538058   -4.80892786    5.36711708   -2.08528323   17.06577721   20.74486977	 0.01898185  0.00205553 -0.28810406  0.84484235 -0.55433494  0.02204331  0.01402879 -0.07304824 -0.57302452  1.11446040 -0.56412419  0.06636970	-0.02552677  0.10106449  0.41520275 -0.01934501 -0.37311406  0.02011733  0.01100924 -0.00539591 -0.45241030 -1.09999049  1.01813272  0.02854003	-0.04786167  0.08897008  0.39097806 -0.00005259 -0.37296629  0.03000044  0.00166347 -0.02720456 -0.46929842 -1.09289728  1.01216463  0.00669764	 0.24795917 -0.09619261  3.89224111	 0.02161403 -0.01632462  0.04766828	 0.02248904 -0.01597893  0.05011766	-0.00200991 -0.00043351 -0.99999789	0.35000000	0.00000000	0.00000000	0.11669602	-0.40650222	0.31969622	1.36265421	-0.90200281	-0.13694982	-0.41521931	-0.16300440	0.48966837	-0.49137869	0.29021710	0.09817378	0.62539119	0.60551858	-0.25840452	-0.74607563	0.02839316	-0.20732906	0.41509128	3.12930250	-0.54671317	-0.58154410	0.36864853	0.42320171	
0.00803300	  13.13680989   36.30821732 -992.04490088   63.91740226   19.64298329    5.01645114	-6.14380196  0.86898854 -3.36356986 -0.03466718 -0.25485976 -0.00963071	  -7.89607921   97.71216512  -36.80919154 -130.06738594   37.44154412   87.70916653   -6.01687806  -11.29323366    8.82829152   -1.77910320   17.33285491   18.37019227	 0.01858421  0.00282373 -0.28500586  0.84484790 -0.55729434  0.02217707  0.01403076 -0.07317298 -0.57620211  1.10515503 -0.55580624  0.06638867	-0.05657282  0.07292163  0.35153784  0.02966786 -0.34737083 -0.00103732  0.02009307 -0.02657958 -0.33179960 -1.13441009  0.99498416  0.00148353	-0.04951582  0.09436753  0.38505486  0.00288742 -0.36762704  0.01394962  0.00262042 -0.01609277 -0.38377849 -1.16963774  1.04122617  0.00327786	 0.24984778 -0.09945497  3.89155331	 0.02401530 -0.01264636  0.05201194	 0.02321796 -0.01393553  0.05040016	-0.00212763 -0.00061411 -0.99999755	0.35000000	0.00000000	0.00000000	0.11454879	-0.39957991	0.33562124	1.32743406	-0.89556283	-0.10428444	-0.40850243	-0.16752344	0.45621437	-0.49083301	0.27651301	0.08224130	0.62615085	0.63751853	-0.28959942	-0.75902182	0.05732046	-0.20132446	0.42894849	3.08110952	-0.54943520	-0.59759730	0.39213765	0.40637204	
0.00847600	   1.44455579   41.67544747 -994.67776471   64.23795310   14.96695528    8.08644756	-5.22839718  0.23968996 -2.82838080 -0.01020486 -0.22952281 -0.01947675	  -3.51401364  101.47866297  -30.41021994 -137.96732670   32.66399744   85.23717666   -3.28387981   -3.73679860    6.26073506   -1.73042863   14.89044307   18.45284490	 0.01815507  0.00368363 -0.28167620  0.84480430 -0.56046932  0.02224847  0.01401813 -0.07324294 -0.57892616  1.09451863 -0.54667280  0.06638336	-0.03666758  0.10427786  0.39070704  0.00231802 -0.39344285  0.00837141  0.00208598 -0.01198240 -0.31400265 -1.32744146  1.12909197  0.00400789	-0.04782525  0.10326415  0.39864519 -0.00586530 -0.37859493  0.00797492 -0.00124760 -0.00760394 -0.31166836 -1.27640712  1.08880547 -0.00085243	 0.25360739 -0.10223755  3.89061137	 0.02554252 -0.01411884  0.04593941	 0.02497649 -0.01351536  0.04807581	-0.00223863 -0.00082376 -0.99999715	0.35000000	0.00000000	0.00000000	0.09405577	-0.36731404	0.37094140	1.34210479	-0.91153812	-0.08649649	-0.38088292	-0.17102453	0.48383141	-0.53803581	0.29980364	0.08936540	0.65624350	0.62294990	-0.25408354	-0.77547204	0.06300724	-0.22685644	0.45157334	3.07390118	-0.52080876	-0.60524428	0.40192541	0.37756890	
0.00801500	  15.99171818   39.99232739 -988.00549318   63.58969356   22.38687373    7.79282099	-7.95445124  0.32789062 -2.71667313 -0.01579699 -0.30235170 -0.00731803	  -4.97781897   97.59134746  -39.85242464 -134.60605898   39.30978298   87.04427469   -3.46868932   -6.07935506   13.56094710    3.71050995   15.18415394   18.48395775	 0.01778427  0.00449646 -0.27847263  0.84472761 -0.56346851  0.02226399  0.01402608 -0.07327860 -0.58080762  1.08390508 -0.53789850  0.06638717	-0.05812161  0.10994379  0.41563951  0.01319120 -0.40518748 -0.01869209 -0.00838218 -0.01768407 -0.20567354 -1.38329238  1.17004942 -0.00711359	-0.04727024  0.10252493  0.40329035 -0.00787141 -0.37796301  0.00095187  0.00101584 -0.00591458 -0.22613645 -1.34259881  1.10980736 -0.00097230	 0.25608260 -0.10494665  3.88923206	 0.02916333 -0.01258278  0.04782099	 0.02791490 -0.01316451  0.04705236	-0.00234741 -0.00104161 -0.99999670	0.35000000	0.00000000	0.00000000	0.06432049	-0.37655148	0.39086297	1.32108307	-0.92372537	-0.07611188	-0.37603384	-0.18141806	0.46613717	-0.54964685	0.29112706	0.09092146	0.67282367	0.64926213	-0.28217438	-0.80492651	0.07985944	-0.22414616	0.48153704	3.04504085	-0.49248999	-0.62688136	0.41769469	0.37407908	
0.00803300	  20.69731013   42.18398261 -989.74824552   63.55861295   27.18433175   10.86275018	-8.28883906  0.01510663 -2.64987094 -0.00442763 -0.30571704 -0.01276688	  -1.26340340   98.74130702  -39.87713397 -133.53568581   43.31388259   87.41376019   -0.05787328   -0.98616967   12.66642138    3.79314614   15.74944478   18.45679276	 0.01740743  0.00533077 -0.27531445  0.84468752 -0.56645387  0.02227459  0.01401165 -0.07327688 -0.58207871  1.07272444 -0.52894727  0.06638924	-0.03351366  0.09262612  0.37089314  0.00726760 -0.35987296  0.00454783 -0.03530526 -0.00505610 -0.14241716 -1.34296563  1.05912351 -0.00785791	-0.04444910  0.10309337  0.39173519 -0.00447061 -0.37008625  0.00125323 -0.00417135 -0.00014389 -0.14925532 -1.39428986  1.11435231 -0.00104665	 0.25776132 -0.10705995  3.88809381	 0.03337532 -0.00900577  0.04488808	 0.03198764 -0.01019769  0.04595014	-0.00243410 -0.00129178 -0.99999620	0.35000000	0.00000000	0.00000000	0.08274056	-0.34573838	0.38737196	1.29319346	-0.90317786	-0.04534990	-0.38177273	-0.19092175	0.40927464	-0.55709380	0.29250655	0.06558084	0.66686893	0.69166046	-0.25114602	-0.80265826	0.08845371	-0.22211459	0.49597150	3.01190257	-0.48850903	-0.63613909	0.44876796	0.36629039	
0.00845600	   6.90909994   45.87217569 -987.99251992   63.66181854   19.96943082    8.77686197	-6.38427276 -0.50232954 -2.76263849  0.01336200 -0.21571826 -0.00791723	  -3.94627310  101.17780805  -37.14850295 -135.53488824   36.11148325   84.71480334    1.40466796   -0.28781226   14.23502387    0.06286858   19.36408509   16.33625342	 0.01702311  0.00620336 -0.27195316  0.84463216 -0.56966672  0.02228041  0.01401347 -0.07328754 -0.58275818  1.06025057 -0.51910172  0.06640435	-0.07494142  0.09432208  0.40479940 -0.03810202 -0.39661635  0.01890550 -0.00208060 -0.00129702 -0.08332022 -1.51764162  1.24499834  0.02145602	-0.04600253  0.10283804  0.39671479 -0.00807429 -0.38150521  0.00037875 -0.00181121 -0.00089108 -0.07220784 -1.48444891  1.17429867  0.00276290	 0.25980144 -0.10948305  3.88675815	 0.03639936 -0.00352877  0.04110025	 0.03539445 -0.00607431  0.04268194	-0.00249538 -0.00158813 -0.99999563	0.35000000	0.00000000	0.00000000	0.06358819	-0.30505705	0.42255628	1.28758097	-0.92167330	-0.01395959	-0.35356876	-0.17983079	0.43494385	-0.57886761	0.27724516	0.06395002	0.70218003	0.69310105	-0.23724198	-0.81722277	0.10554390	-0.21633548	0.52183336	2.99346519	-0.46040675	-0.64060217	0.44833729	0.32222575	
0.00800300	   11.97597797    45.96399612 -1001.76283661    64.44438792    23.85290234    12.33376404	-6.08441876 -0.02418563 -0.34186435 -0.00212548 -0.23507527 -0.02160921	   0.60969748  100.61454773  -42.63998182 -134.51782012   41.66178891   83.72549486    0.12443285    1.38917062   20.09934810    9.13122498    8.81568123   14.49671298	 0.01674727  0.00703981 -0.26887877  0.84460988 -0.57271692  0.02227165  0.01401381 -0.07329073 -0.58300100  1.04808697 -0.50964758  0.06639635	-0.03506106  0.08502001  0.36790046  0.01774699 -0.38704827 -0.02160042 -0.01258743 -0.00205806  0.01610124 -1.55534414  1.21944608  0.01685011	-0.03381733  0.10320325  0.38224297 -0.00256412 -0.38390389 -0.00240652 -0.00199501 -0.00047344 -0.02612727 -1.53166096  1.18820994  0.00131008	 0.25917815 -0.11085984  3.88644727	0.04116149 0.01079702 0.02963858	0.03951629 0.00595360 0.03358707	-0.00246570 -0.00189776 -0.99999516	0.35000000	0.00000000	0.00000000	0.05920321	-0.28739384	0.43474698	1.27300060	-0.91273248	0.00011581	-0.34163624	-0.20336246	0.42095000	-0.59357315	0.28453079	0.05582581	0.71771014	0.70914763	-0.23238856	-0.81591928	0.13757852	-0.24561703	0.54448372	2.96657681	-0.44520468	-0.65452963	0.48313600	0.29858217	
0.00802000	    7.27080563    48.26108817 -1011.32830134    65.05603164    24.34244862     9.96681442	-7.30875326  0.40066321 -0.28120410 -0.01872619 -0.22373442 -0.02550474	  -3.01714532  102.70095134  -38.00178799 -137.51686493   42.80256933   84.98991632    2.21664816    6.96735692   22.98366357    9.33796834   14.33430728   13.86826211	 0.01653906  0.00787675 -0.26586858  0.84456470 -0.57577155  0.02228972  0.01401658 -0.07326538 -0.58300185  1.03574319 -0.50025556  0.06640396	-0.01315517  0.07854810  0.41184352  0.00369746 -0.38325143  0.01811393  0.00498637 -0.00184158  0.01567446 -1.60994441  1.20942695  0.02424598	-0.02577985  0.10383353  0.37670604 -0.00587451 -0.38099042  0.00248359 -0.00032706  0.00456692  0.00516106 -1.54522862  1.17756138  0.00290912	 0.25992310 -0.11330247  3.88655423	0.04314440 0.01835241 0.02265304	0.04253576 0.01599876 0.02489325	-0.00234355 -0.00223659 -0.99999475	0.35000000	0.00000000	0.00000000	0.07856223	-0.24757580	0.42516604	1.26348734	-0.91129798	0.03918292	-0.35316378	-0.20284647	0.40591717	-0.59355676	0.27945456	0.05960120	0.73524445	0.71332890	-0.18935402	-0.82476610	0.16949162	-0.22523689	0.57863861	2.96092081	-0.43774724	-0.65781683	0.48774600	0.27634993	
0.00846400	   11.97046801    50.26658908 -1011.41439054    64.95759632    28.15504164     9.48714911	-8.85906817  1.10166746 -0.31951310 -0.04422280 -0.25794278 -0.03146887	  -3.88378120  103.50815630  -41.02079380 -135.67086825   45.95664364   82.08339536    0.18019073    9.78037256   26.92565981   11.47615021   14.91917355   11.65618376	 0.01635957  0.00884108 -0.26272997  0.84449093 -0.57901435  0.02227750  0.01401776 -0.07313264 -0.58256347  1.02244260 -0.49012867  0.06640228	-0.02053064  0.10558301  0.35156655 -0.03947461 -0.38919980 -0.00666592 -0.02328540  0.03187618  0.07834714 -1.61755036  1.24349053  0.00831927	-0.02174837  0.11432560  0.37052078 -0.01027594 -0.38466210 -0.00219242 -0.00124961  0.01973631  0.06055106 -1.57855551  1.20409931  0.00179083	 0.26077595 -0.11752067  3.88657502	0.04070257 0.02463521 0.02036360	0.04152792 0.02266787 0.02104283	-0.00215939 -0.00259398 -0.99999430	0.35000000	0.00000000	0.00000000	0.07362098	-0.22053201	0.44067466	1.25381291	-0.90583348	0.07547599	-0.32651728	-0.21341819	0.38614911	-0.60116911	0.28287017	0.04903383	0.75441891	0.72763062	-0.17799982	-0.81949586	0.18967366	-0.23075777	0.60595655	2.92252731	-0.40792736	-0.65497071	0.50034845	0.27643666	
0.00800300	    8.19436919    50.52620583 -1007.11534596    64.74097610    26.27178036    10.99962762	-9.08785682  0.28336014 -0.55283224 -0.01507713 -0.31053017 -0.02057011	  -1.97702109  102.13067317  -38.55725606 -136.92511761   43.44693929   84.23963606    3.37457280    6.53894478   32.19483114   11.41061487    9.39443256   12.30926543	 0.01621041  0.00980233 -0.25974607  0.84442678 -0.58208651  0.02229079  0.01400918 -0.07292041 -0.58169367  1.00973531 -0.48057715  0.06640389	-0.01592195  0.11608425  0.38910483  0.01132357 -0.42573139  0.01483695 -0.02406939  0.02339720  0.16088787 -1.71684158  1.27155055  0.01581836	-0.01813307  0.12147777  0.37548540 -0.00763169 -0.38979473  0.00242980 -0.00288935  0.02626149  0.11945502 -1.60349150  1.20132105  0.00338804	 0.26355805 -0.12053887  3.88600012	0.04164683 0.02333133 0.01583443	0.04128318 0.02388565 0.01741196	-0.00196452 -0.00292152 -0.99999380	0.35000000	0.00000000	0.00000000	0.07273887	-0.21555932	0.46048835	1.24854791	-0.90999424	0.09639402	-0.30998439	-0.20374730	0.38628459	-0.61976326	0.29577637	0.04546356	0.77324110	0.73504722	-0.15479928	-0.84610629	0.22454429	-0.25059688	0.62323147	2.90108848	-0.39886892	-0.66206819	0.51042032	0.23287416	
0.00805800	   14.98224122    51.21797384 -1023.08065151    65.60989011    31.77396001    10.50713551	-10.19483375   1.31880041  -0.19288737  -0.05283224  -0.31499765  -0.03433034	  -3.17432283  102.72268248  -43.00341862 -138.83635679   50.44516531   82.66553563    2.90870636   10.62776077   32.03118915   13.42642507   12.50166808   11.10797748	 0.01610464  0.01081215 -0.25667453  0.84427488 -0.58515193  0.02228089  0.01402347 -0.07259363 -0.58028597  0.99684972 -0.47114890  0.06639955	 0.00918949  0.12406037  0.36238051 -0.03344061 -0.36466659  0.01212500  0.01604038  0.04608319  0.19138709 -1.53193339  1.09730370  0.00916368	-0.01278669  0.12645951  0.38060668 -0.01969638 -0.37992546 -0.00080390  0.00123335  0.04114163  0.18081926 -1.60131206  1.17027609  0.00178161	 0.26537987 -0.12460506  3.88686541	0.04027986 0.02564381 0.01442233	0.04077833 0.02481266 0.01484636	-0.00177072 -0.00325008 -0.99999315	0.35000000	0.00000000	0.00000000	0.10941012	-0.18313414	0.42674401	1.23174369	-0.87799340	0.12527514	-0.33971918	-0.22452775	0.31862622	-0.59774828	0.29197779	0.04287029	0.76095843	0.76820481	-0.11480217	-0.80497551	0.26446491	-0.21917817	0.63809365	2.86040711	-0.37233967	-0.66716331	0.51658803	0.24191855	
0.00844100	    1.10677817    54.49243669 -1006.75064656    64.79949512    24.03026326     8.47021487	-8.94186335  1.05714643 -1.76391459 -0.04306830 -0.29889311 -0.02832051	  -5.51146845  104.18096423  -38.20554884 -137.38803360   41.14592707   82.80638200    0.83993482   10.15266436   32.15285271    5.53739144   13.80531245    9.68296481	 0.01597671  0.01199793 -0.25334023  0.84405419 -0.58844089  0.02228765  0.01400983 -0.07208154 -0.57816543  0.98287499 -0.46108189  0.06639329	 0.00322860  0.15598161  0.42896698 -0.04680502 -0.41496039  0.02138416 -0.02896590  0.09300558  0.28435273 -1.77823375  1.27186174  0.00545210	-0.01310486  0.14418484  0.40049907 -0.02640509 -0.39321657  0.00108607 -0.00258937  0.06551640  0.26484510 -1.67333363  1.20011835 -0.00071713	 0.26927114 -0.13001949  3.88667999	0.03470367 0.02303075 0.01434746	0.03653286 0.02399242 0.01440011	-0.00156167 -0.00356916 -0.99999241	0.35000000	0.00000000	0.00000000	0.07600226	-0.18136933	0.47248033	1.23612130	-0.90471280	0.15586182	-0.28552544	-0.20333326	0.34319872	-0.63587248	0.29207292	0.04392122	0.79565096	0.74391776	-0.10863254	-0.84503162	0.27051267	-0.23535496	0.64574456	2.83335876	-0.33118543	-0.65840524	0.51063627	0.21597138	
0.00853100	   12.24055942    53.19307923 -1012.35607459    64.94437302    30.77673035    10.35213938	-10.76654332  -0.33101000  -0.07221841   0.00186188  -0.35059208  -0.00099395	  -3.62006056  100.66761374  -44.89467968 -138.41038141   49.48254034   81.90653843    3.26644738    4.24257952   34.36905418   16.88385334    8.31699897   10.21710006	 0.01585545  0.01324915 -0.24991382  0.84376184 -0.59177074  0.02227632  0.01401008 -0.07147372 -0.57536471  0.96861717 -0.45106634  0.06639739	 0.00923163  0.12097760  0.38051481 -0.06144492 -0.35940629 -0.02775836 -0.00749242  0.07161121  0.34788424 -1.56862860  1.09211686 -0.00023619	-0.01281558  0.14449716  0.40223655 -0.03766122 -0.38755126 -0.00286676 -0.00214042  0.07016713  0.33830210 -1.66926482  1.16762274  0.00039588	 0.27216710 -0.13361345  3.88642408	0.03839242 0.02372753 0.01571759	0.03692295 0.02336473 0.01524967	-0.00136650 -0.00387321 -0.99999157	0.35000000	0.00000000	0.00000000	0.09695463	-0.15825437	0.44287887	1.19087374	-0.85657209	0.15941705	-0.32241496	-0.22449547	0.27529055	-0.60612142	0.29246312	0.03863224	0.78367794	0.79453772	-0.08848037	-0.81160575	0.31878731	-0.22199655	0.66157931	2.79040527	-0.32064968	-0.67799819	0.53065580	0.19312738	
0.00801500	   -2.80187291    58.98733035 -1023.43694607    65.88041764    24.50638160     8.72666391	-9.44541947  2.34850151 -0.48991841 -0.08847858 -0.31119174 -0.05282474	  -5.50395895  107.30348611  -39.09129892 -141.14289230   43.33341005   81.82967401    3.50392013   15.60248536   31.89436688    9.78708220   10.49602325    7.38013282	 0.01573434  0.01452690 -0.24656603  0.84340125 -0.59493054  0.02228590  0.01402400 -0.07077190 -0.57218331  0.95508402 -0.44183670  0.06639554	 0.01188580  0.17731640  0.40240885 -0.07684171 -0.38547710 -0.01217292  0.00721988  0.10485416  0.41207902 -1.53571225  1.03844789  0.01296115	-0.01186560  0.16286210  0.41630155 -0.04931746 -0.39373870 -0.00049616  0.00147038  0.09214835  0.40590479 -1.68048168  1.14138976  0.00070204	 0.27667878 -0.14038690  3.88709187	0.02781395 0.01999308 0.01443539	0.03153466 0.02134459 0.01493270	-0.00119003 -0.00414326 -0.99999071	0.35000000	0.00000000	0.00000000	0.13030489	-0.12688999	0.43557650	1.18907070	-0.85270864	0.20618907	-0.30044866	-0.22468635	0.25195259	-0.62280166	0.30084145	0.02729704	0.79152858	0.78456688	-0.02485532	-0.80071807	0.33038798	-0.23535684	0.67129266	2.76270819	-0.28505343	-0.66792303	0.52371043	0.19492060	
0.00845300	   -1.92198576    54.30425966 -1014.99399501    65.26137714    26.20674339     7.70506468	-9.02909759  0.26069936 -0.85965583 -0.02001594 -0.30115111 -0.01067626	  -6.55829692   99.51676226  -41.07851683 -139.23176509   46.41482949   82.88485426    1.17822453    6.19248247   29.87372573    9.57445194   10.70917464    6.95137262	 0.01559011  0.01600106 -0.24285964  0.84290896 -0.59830253  0.02228312  0.01402611 -0.06982414 -0.56817129  0.94045637 -0.43215427  0.06639760	-0.03322090  0.15458884  0.46496853 -0.09539702 -0.40368214 -0.02392097  0.00466755  0.08642412  0.52886861 -1.75144448  1.14433093  0.00028565	-0.01848207  0.17421461  0.44341826 -0.06384675 -0.40156364 -0.00111092  0.00173214  0.10920920  0.48799704 -1.74277798  1.14726166  0.00109874	 0.28068015 -0.14482074  3.88737191	0.03012918 0.01994536 0.01597548	0.02914383 0.01989723 0.01545798	-0.00102315 -0.00438210 -0.99998988	0.35000000	0.00000000	0.00000000	0.08509324	-0.13071586	0.47488728	1.15481961	-0.86812860	0.20509501	-0.29787380	-0.21367928	0.25490129	-0.62563449	0.29177260	0.05389999	0.82858980	0.78078556	-0.06156649	-0.84331328	0.35066736	-0.23582542	0.67806792	2.72582459	-0.25702026	-0.67998523	0.54213524	0.16189229	
0.00800200	    4.04353761    57.93342571 -1031.41090616    66.16018126    32.15847174    11.56948888	-11.18611031   2.45179094   1.55980479  -0.09610689  -0.32411958  -0.06429937	  -2.02469232  103.29065824  -44.13914247 -139.36461863   52.71632892   80.09682333    2.48912100   14.98923236   30.09022923   22.32788233    8.00993016    6.75669468	 0.01548209  0.01745831 -0.23928643  0.84233920 -0.60144851  0.02228136  0.01402369 -0.06880491 -0.56393184  0.92668345 -0.42320050  0.06639439	-0.03338072  0.19156962  0.47925468 -0.10312239 -0.39450219 -0.01394559  0.01526622  0.14046059  0.57114024 -1.76481873  1.16680165 -0.00982950	-0.01586762  0.18672267  0.45423494 -0.07593494 -0.39607659 -0.00169929  0.00134917  0.13292189  0.54020414 -1.73431043  1.12687734 -0.00063774	 0.28390503 -0.15053691  3.88800222	0.02522659 0.02069045 0.01052229	0.02702478 0.02046045 0.01247228	-0.00086093 -0.00460672 -0.99998902	0.35000000	0.00000000	0.00000000	0.05492896	-0.12028623	0.47703424	1.14533663	-0.87519288	0.21298838	-0.29108432	-0.24586648	0.24322946	-0.65050375	0.31239447	0.07351609	0.85979319	0.75847453	-0.03477903	-0.84904557	0.35780609	-0.26021472	0.71125221	2.69991970	-0.20569426	-0.67671573	0.55274200	0.17918620	
0.00853900	  40.19968841   61.71929759 -883.66177741   56.42314423   38.61690033   13.31418646	  -5.64284954  -68.50573501 -393.73951176   27.45787104  -62.00587790   13.69567190	  -2.55804655   99.40241623  -45.60554023 -135.99525481   54.23268637   82.39208984    0.81612354    6.64024901   33.91102043   19.38073869   10.66676782    8.38147409	 0.01540906  0.01923414 -0.23517827  0.84132948 -0.60461877  0.02232432  0.01400608 -0.06731140 -0.55918497  0.91406018 -0.41253300  0.06638706	-0.01514955  0.21171020  0.47465810 -0.18860862 -0.32429712  0.01005115 -0.00276408  0.17998996  0.49632964 -1.14113485  1.30757111 -0.03247374	-0.00946362  0.21525794  0.49421596 -0.14058708 -0.35995756  0.00555716 -0.00182484  0.18780365  0.55068265 -1.37737606  1.31620877 -0.00367481	 0.29152672 -0.15582540  3.90358937	-0.00773855  0.00459748  0.01280172	0.00265997 0.01034509 0.01143606	-0.00074268 -0.00468827 -0.99998873	0.35000000	0.00000000	0.00000000	0.09264585	-0.11288142	0.46146786	1.12995839	-0.80287093	0.24852683	-0.33807778	-0.21935514	0.17565972	-0.62005103	0.29217556	0.07074865	0.83776867	0.78369790	0.02082340	-0.80534798	0.40047404	-0.21811435	0.75114346	2.67247486	-0.17876489	-0.66246057	0.49843460	0.19475035	
0.00849900	  21.47917621   58.85171728 -903.15384294   57.73975185   34.79570237    8.88069225	 -25.11740004  -54.10303356 -323.60036585   23.13430285  -50.48072031    8.49251279	  -7.46908793   96.59580135  -36.31366466 -138.30222958   53.65254566   78.06235266    3.15047907    4.10696560   21.74636694    6.77975827  -21.68575282    7.09258013	 0.01524833  0.02133831 -0.23033900  0.83938216 -0.60737965  0.02238413  0.01401501 -0.06534404 -0.55469292  0.90527972 -0.39997990  0.06639505	-0.02428652  0.25694343  0.57364080 -0.26841937 -0.27069706  0.00370561  0.00314510  0.22022782  0.47651088 -0.79177941  1.36682442  0.00736520	-0.01863846  0.24942445  0.58007452 -0.24738119 -0.31286171  0.00550170  0.00079812  0.23349074  0.51848841 -0.97312595  1.46422298  0.00014025	 0.29910805 -0.16124970  3.91891889	-0.02510192 -0.01104029  0.02250854	-0.02020033 -0.00652267  0.01947578	-0.00077920 -0.00453479 -0.99998941	0.35000000	0.00000000	0.00000000	0.11868694	-0.14037938	0.52949142	1.10963511	-0.72809625	0.21303707	-0.36154667	-0.22355220	0.14657444	-0.62596178	0.27724019	0.06593581	0.83169192	0.76447493	0.08615062	-0.74110466	0.44692618	-0.27606350	0.71050459	2.68885612	-0.13689579	-0.64340037	0.49457738	0.20908979	
0.00800600	   3.01277288   55.57364448 -920.92743627   58.77516725   37.58786335    4.54692934	 -12.24699174  -41.94616881 -220.85743116   15.85505425  -34.51788969    6.44919312	 -11.03611743   91.84175706  -27.89503363 -125.56201026   59.31380028   78.30727297    1.59110286   -2.52384648    2.37061641   -0.60400181  -28.98122272    5.22462430	 0.01503216  0.02342314 -0.22529598  0.83673528 -0.60965359  0.02239773  0.01401079 -0.06330774 -0.55077664  0.89925166 -0.38853553  0.06640266	-0.04486948  0.29797595  0.69981037 -0.38782775 -0.30266811 -0.01721729 -0.00736241  0.26305562  0.51820693 -0.69851109  1.41832228  0.02686946	-0.02824373  0.26119437  0.63522840 -0.33852664 -0.27954349  0.00024454  0.00036825  0.25348700  0.48241480 -0.72381461  1.40769610  0.00268603	 0.30276195 -0.16409896  3.92803867	-0.02409894 -0.01010130  0.02785982	-0.02479760 -0.01075310  0.02627131	-0.00087272 -0.00432943 -0.99999025	0.35000000	0.00000000	0.00000000	0.09444509	-0.20492946	0.58635682	1.05855358	-0.73126954	0.19376591	-0.39715949	-0.20078865	0.10539821	-0.64558607	0.27670488	0.11670368	0.82836390	0.73425263	0.07680885	-0.72631997	0.45032960	-0.29076454	0.68093520	2.68555284	-0.09261194	-0.63438034	0.49383554	0.25190330	
0.00801100	   1.22106315   57.41295993 -927.79390589   58.77403228   52.35289893    3.78619002	   2.65261718  -39.43687004 -153.95513864   11.06611076  -24.25097489    6.60657477	 -11.60401337   91.38199449  -19.70615037 -106.79446924   75.31463099   80.77579981   -0.23153748  -10.61438882   -8.23596423   -3.26703591  -34.29218709    5.32579672	 0.01479783  0.02541915 -0.22007209  0.83361407 -0.61162282  0.02241951  0.01400607 -0.06133149 -0.54726815  0.89474346 -0.37827414  0.06639783	-0.03193171  0.23454752  0.61516908 -0.37550927 -0.21597114  0.01650503 -0.01608138  0.22500600  0.35965002 -0.44664441  1.11796044 -0.00181443	-0.03046768  0.24700807  0.65180531 -0.39367351 -0.24099882  0.00429505 -0.00144033  0.24537692  0.42897282 -0.53883771  1.24908858  0.00159197	 0.30277322 -0.16443287  3.93291164	-0.01004742  0.00038690  0.02802577	-0.01490393 -0.00326655  0.02809112	-0.00091441 -0.00419024 -0.99999080	0.35000000	0.00000000	0.00000000	0.16255566	-0.22639914	0.56336713	0.99570930	-0.66171062	0.19015908	-0.46860921	-0.19613358	-0.01088409	-0.59801382	0.27635512	0.13096884	0.79326361	0.75210232	0.09468511	-0.68869454	0.49064836	-0.26633191	0.65044403	2.67500544	-0.13510700	-0.63009024	0.51472580	0.27739796	
0.00848300	 -21.92587744   67.54583607 -944.61857273   60.04557905   47.58297863    2.12913162	  10.57539021  -33.25052905 -135.06176727    9.60500296  -20.97220052    5.94504503	 -13.40472981  101.03969121   -4.17595008 -109.20938051   71.19240725   75.48079747    1.23575652   -6.65883768   -6.65871103  -20.63379087  -29.71268392    2.76893046	 0.01457889  0.02746082 -0.21436234  0.82984523 -0.61348178  0.02240501  0.01400542 -0.05931376 -0.54371596  0.89101513 -0.36896571  0.06638680	-0.03059461  0.21736080  0.63975989 -0.43285638 -0.20960154 -0.00005218 -0.01345704  0.21710712  0.37428479 -0.36720884  0.94902576 -0.02357382	-0.02484253  0.23836050  0.67761432 -0.45126472 -0.21553386 -0.00160538 -0.00157533  0.23785415  0.41685286 -0.42575228  1.06302074 -0.00305928	 0.30677184 -0.16718865  3.93784038	-0.00678757 -0.00224570  0.02388190	-0.00765944 -0.00119400  0.02529904	-0.00091614 -0.00412549 -0.99999107	0.35000000	0.00000000	0.00000000	0.19538540	-0.20514055	0.55493641	0.98120332	-0.61481780	0.21784773	-0.45644587	-0.18339929	-0.05933201	-0.56525481	0.28457361	0.10112198	0.77256882	0.74749744	0.14048292	-0.65185511	0.50591904	-0.23738143	0.63419110	2.67510939	-0.12429337	-0.62671137	0.51438463	0.28878257	
0.00846600	 -25.49922357   66.62018525 -953.17906201   60.54538237   49.47383380    0.37073212	  17.68814198  -32.41874889 -108.65260954    7.73733752  -16.96920097    6.23620365	 -15.17292722   97.63448477   -6.39540776 -105.59001949   74.24428904   74.68713039   -0.74782073  -10.23799780  -12.56969739  -18.02576395  -30.71998751    1.11682698	 0.01439621  0.02948556 -0.20833655  0.82553429 -0.61512640  0.02242188  0.01401533 -0.05730460 -0.54008108  0.88782731 -0.36121776  0.06638856	-0.00396701  0.24462759  0.74418492 -0.57127204 -0.19833769  0.00754885  0.02364264  0.23785268  0.44299765 -0.39855328  0.83127738  0.00269726	-0.01868116  0.23733137  0.71618438 -0.51961846 -0.19270581  0.00293943  0.00306453  0.23700710  0.43061840 -0.36889081  0.88573862 -0.00259522	 0.30935775 -0.16864102  3.94159247	0.00390209 0.00184412 0.01919856	0.00034196 0.00040420 0.02072225	-0.00092191 -0.00411097 -0.99999112	0.35000000	0.00000000	0.00000000	0.17989160	-0.24059720	0.55083036	0.96091968	-0.61167002	0.20411213	-0.48505890	-0.18524179	-0.08185165	-0.54600483	0.26861864	0.15291376	0.76977587	0.71681654	0.11906359	-0.62089014	0.53834194	-0.22857466	0.61962187	2.66443777	-0.06518670	-0.62845933	0.50849813	0.30239955	
0.00802200	 -19.70601537   70.27295019 -924.87245316   58.50141561   57.32731929   -0.44641020	  16.52667988  -36.57826959 -105.83267801    7.45071682  -16.30061460    6.74219311	-17.20653176  98.53979445  -6.19257424 -89.78637415  79.63008499  75.35168582  -6.33621129 -13.46773377 -13.23101779 -20.62725800 -25.20144086  -0.78133900	 0.01422105  0.03130354 -0.20254844  0.82119747 -0.61653298  0.02241647  0.01400462 -0.05549417 -0.53666814  0.88532537 -0.35534509  0.06639534	-0.01712142  0.20396176  0.74878660 -0.56561557 -0.17218681 -0.00756636  0.02041526  0.22602916  0.44944424 -0.31090730  0.65798056 -0.00719681	-0.02182924  0.22439684  0.72265588 -0.54361340 -0.17245606  0.00096901 -0.00016414  0.22634137  0.42780333 -0.30821321  0.71242053  0.00046504	 0.30997541 -0.17010213  3.94252923	0.01401478 0.00851205 0.01993697	0.01070838 0.00627514 0.01963241	-0.00088046 -0.00418587 -0.99999085	0.35000000	0.00000000	0.00000000	0.20620194	-0.25626254	0.52965289	0.92076296	-0.58947277	0.22869729	-0.51494962	-0.17613694	-0.14730486	-0.50253379	0.24734810	0.16280216	0.75565350	0.72727859	0.12121818	-0.59961826	0.56078291	-0.18865153	0.61350024	2.64929175	-0.05925789	-0.62986046	0.51332211	0.31482226	
0.00852100	 -19.82543677   75.66861327 -875.36134251   55.29829424   58.55533122    0.47725029	 114.98362200  -62.36263677 -331.55526782   21.15042649   32.26017696    1.49419307	-15.92712842 103.24706459   0.61652629 -90.22184092  85.26338983  72.58831167  -5.24624057 -11.25314981 -14.81228944 -24.49145280 -23.11629595  -4.35884704	 0.01406071  0.03320829 -0.19639740  0.81637457 -0.61786771  0.02242145  0.01400096 -0.05358483 -0.53306365  0.88306408 -0.35051365  0.06638185	-0.03774356  0.21112290  0.65386859 -0.53401636 -0.12442116  0.00696333  0.00551584  0.20229299  0.37932959 -0.20259007  0.38172796 -0.01501038	-0.02118090  0.22541662  0.72296741 -0.57399182 -0.14823722  0.00181150 -0.00014419  0.22772047  0.42192601 -0.24997061  0.52133866 -0.00309100	 0.30594723 -0.17278348  3.95236595	0.00553522 0.02045030 0.01556122	0.01223275 0.01416613 0.01724430	-0.00077942 -0.00430981 -0.99999041	0.35000000	0.00000000	0.00000000	0.26790139	-0.22777466	0.50792915	0.88838285	-0.53343087	0.25967434	-0.51477188	-0.18551391	-0.20386541	-0.46850654	0.26904142	0.14836058	0.73119754	0.73131472	0.16139679	-0.56049824	0.58056080	-0.17829755	0.59907377	2.62501502	-0.07666194	-0.62212497	0.52281249	0.34141621	
0.00845700	 -34.90864204   74.43939375 -825.89982544   52.47472805   45.33149109   -5.17848535	 156.07200136  -71.07748643 -411.82897917   25.61486882   56.31660919    2.29339677	-15.52590154  99.18657756   7.28953668 -93.50692779  81.26470882  70.37134922  -4.45169202 -13.68149734  -9.71440216 -31.38710694 -14.26816928  -7.23864702	 0.01397663  0.03537676 -0.19014739  0.81066601 -0.61860320  0.02241960  0.01398963 -0.05138150 -0.52960428  0.88169298 -0.34914618  0.06625552	-0.03633700  0.27812712  0.79599390 -0.74008932 -0.07459788  0.00743579 -0.01458536  0.26218743  0.43616852 -0.10182144 -0.01581392 -0.04616861	-0.01112493  0.26147538  0.74779413 -0.69656860 -0.07622255  0.00173222 -0.00295546  0.26525513  0.41258668 -0.14578609  0.09723748 -0.01888004	 0.29360402 -0.17544129  3.97580648	-0.01865509  0.03763413  0.00713539	-0.01228849  0.03329939  0.00950249	-0.00051489 -0.00423337 -0.99999091	0.35000000	0.00000000	0.00000000	0.28909501	-0.26310110	0.47267327	0.86274320	-0.49576798	0.25448245	-0.50969028	-0.17104119	-0.29936433	-0.41570002	0.28071913	0.12340298	0.67899436	0.74653834	0.15915826	-0.52092892	0.58161843	-0.12625445	0.56341887	2.62365031	0.00131554	-0.62157077	0.49957287	0.41575786	
0.00852900	 -39.89580005   68.44088484 -778.94864404   49.44753297   43.35227511   -3.56928387	 125.64942398  -71.04874458 -336.02354882   20.60239155   48.41266958   -0.36379638	-16.35682900  89.62027884   8.48413035 -75.79540229  86.54634726  67.53570658  -7.14377105 -23.72372389 -11.64253714 -27.30293941   2.94203773  -7.94981236	 0.01394076  0.03765833 -0.18378780  0.80418212 -0.61888213  0.02242277  0.01399094 -0.04905447 -0.52618989  0.88092325 -0.35053274  0.06617627	-0.00284722  0.25602340  0.69713069 -0.71657656 -0.02360762  0.00865041 -0.02159542  0.26929224  0.38428993 -0.05647863 -0.24041563  0.01346854	-0.00493678  0.26800883  0.74517074 -0.76536472 -0.02814976  0.00306208 -0.00222609  0.27113944  0.40047852 -0.08120621 -0.19317434 -0.00735088	 0.28409708 -0.17534520  3.98577166	-0.01941132  0.04810798  0.00389856	-0.01972165  0.04509335  0.00476441	-0.00014536 -0.00405994 -0.99999175	0.35000000	0.00000000	0.00000000	0.32672182	-0.28244171	0.45183483	0.83263689	-0.49513066	0.29416189	-0.51261586	-0.16209286	-0.32562876	-0.33093837	0.30100784	0.16599585	0.65365022	0.76019752	0.14106128	-0.48665532	0.59439903	-0.09846162	0.56321967	2.60052848	-0.01775917	-0.60839206	0.48975301	0.43008128	
0.00849600	 -56.88711755   68.59614640 -796.63981671   50.76670315   36.79571526   -7.17868794	  97.81249269  -66.26082365 -283.67756354   17.34094773   36.14414789    2.44301441	-18.66151854  89.69307089  18.84827617 -83.49122661  82.36473727  62.74749392  -7.19624015 -22.98843461  -3.53448312 -34.85760739   5.19684052 -15.75334510	 0.01393925  0.03987411 -0.17719936  0.79712188 -0.61886382  0.02241694  0.01399691 -0.04677812 -0.52267739  0.88037151 -0.35339187  0.06608362	 0.02059464  0.24725656  0.81841447 -0.87127261 -0.02016701  0.00957834  0.01583420  0.28054910  0.41308931 -0.08066139 -0.36773008 -0.01015395	-0.00039244  0.25983855  0.78577672 -0.84416778  0.00396823  0.00069636  0.00085273  0.26798951  0.42138744 -0.06833860 -0.35214777 -0.01175136	 0.28239924 -0.17491913  3.99082130	-0.01382149  0.03686019  0.00202305	-0.01569106  0.04118953  0.00262250	 0.00022904 -0.00391812 -0.99999230	0.35000000	0.00000000	0.00000000	0.34462661	-0.27596733	0.43542123	0.83749855	-0.48196468	0.30241260	-0.49638546	-0.14101726	-0.33824235	-0.28296065	0.30374375	0.16815946	0.64451993	0.73741090	0.13712141	-0.45061165	0.64959830	-0.05271190	0.54841506	2.63717127	0.02167570	-0.60655576	0.47733486	0.44182181	
0.00801300	 -48.17713059   69.24607649 -780.19597272   49.53796883   42.71344913   -4.73935150	  85.49622350  -64.74568313 -257.91814016   15.68507346   32.63146420    1.34910540	-20.72388706  88.07837057   9.63986268 -70.17382865  86.63087475  60.95143801 -12.76860519 -25.04891711  -9.32544381 -31.12879832  12.36801428 -15.83464468	 0.01392411  0.04189277 -0.17070200  0.79000219 -0.61860083  0.02241355  0.01398805 -0.04471965 -0.51906311  0.87972702 -0.35675833  0.06601547	-0.01875263  0.22898056  0.76877401 -0.84515953  0.03315505  0.01704964  0.00917818  0.20742262  0.42415696 -0.10108900 -0.40310295 -0.01401584	-0.00280753  0.24961651  0.81547067 -0.89573001  0.03340722  0.00048785 -0.00076798  0.25492799  0.45298772 -0.08261537 -0.42475778 -0.00898206	 0.27908710 -0.17425405  3.99218663	-0.00556615  0.03476859  0.00278088	-0.00840864  0.03529252  0.00245733	 0.00050863 -0.00384100 -0.99999249	0.35000000	0.00000000	0.00000000	0.35889065	-0.27065292	0.43724498	0.80346626	-0.49376199	0.31690475	-0.50679362	-0.14582846	-0.34647417	-0.23939431	0.27947745	0.19627118	0.64482468	0.74548531	0.11520863	-0.43762329	0.64948970	-0.03278001	0.55135208	2.62087250	0.01142962	-0.60819823	0.48849839	0.43553099	
0.00850000	 -58.62711860   68.01203899 -802.06450252   51.03577870   39.80723790   -5.91029904	  73.41489777  -58.46126827 -222.61505064   13.44284545   27.33368191    1.35464008	-17.00222281  86.99503565  15.12886180 -74.76896337  84.42446637  57.60184216 -11.16157883 -16.85253572  -6.79967668 -31.33962849  11.50445654 -20.62644404	 0.01392537  0.04395716 -0.16363992  0.78214213 -0.61810977  0.02241114  0.01396149 -0.04255062 -0.51505105  0.87890086 -0.36059665  0.06577763	-0.00113082  0.19777042  0.78529194 -0.84471095  0.08149164  0.01125982  0.00587795  0.25917956  0.44667574 -0.12138947 -0.41840170 -0.01621153	 0.00043938  0.23773520  0.83231315 -0.92289282  0.06121747 -0.00093185 -0.00268222  0.25504326  0.47566623 -0.10436348 -0.44999586 -0.03610174	 0.27924721 -0.17464866  3.99183225	0.00105008 0.02355094 0.00147773	-0.00102062  0.02730735  0.00189557	 0.00075992 -0.00382429 -0.99999240	0.35000000	0.00000000	0.00000000	0.36184007	-0.24882261	0.42958027	0.80466336	-0.49168414	0.33519679	-0.48810977	-0.14054629	-0.34257561	-0.22164980	0.28361815	0.19727254	0.64612156	0.72394055	0.13281624	-0.41909474	0.66941565	-0.02884656	0.55038732	2.63217139	0.03242564	-0.61109805	0.49733078	0.44398394	
0.00850900	 -59.07414282   71.51914693 -788.08590476   50.26003857   36.38653131   -4.29102601	  69.88717332  -63.51878308 -224.59833466   13.55998044   26.49695290    0.31840731	-19.89949962  88.30509901   9.38486279 -72.78801161  79.76107746  56.18662059 -13.10751075 -22.88330340  -8.20623417 -31.05712201  14.42208660 -20.68664882	 0.01390797  0.04595053 -0.15633408  0.77395535 -0.61750454  0.02242019  0.01393535 -0.04039000 -0.51077284  0.87782004 -0.36446243  0.06510644	-0.02792153  0.20078671  0.78663913 -0.90943996  0.07635627  0.01175523 -0.02660174  0.23078013  0.45697754 -0.13317156 -0.40497225 -0.06640983	-0.00409803  0.22981768  0.85195582 -0.95620479  0.07231099  0.00204405 -0.00496900  0.25061399  0.49838748 -0.13193281 -0.44821384 -0.08105931	 0.27917253 -0.17436800  3.99053688	0.00999511 0.01681807 0.00140219	0.00718234 0.01884191 0.00139937	 0.00092700 -0.00387224 -0.99999207	0.35000000	0.00000000	0.00000000	0.35264644	-0.24211939	0.42604205	0.77945453	-0.49602625	0.33215445	-0.47945631	-0.12907904	-0.35262352	-0.21123472	0.26077139	0.20169705	0.63569438	0.72897989	0.11796460	-0.41138437	0.67648900	0.00246489	0.54060304	2.61419964	0.05017855	-0.61757249	0.49081326	0.42947912	
0.00804300	 -55.37674900   72.60103122 -784.22812646   49.94153242   39.07802064   -3.49848016	  62.42164404  -61.83629099 -221.89777880   13.48862953   22.21926212    1.38706083	-16.35806332  88.17792726   6.82536821 -69.10601349  82.26110905  55.51927990 -11.45228020 -19.94012910  -7.15231221 -32.56086902  11.63208141 -21.07001364	 0.01392117  0.04775030 -0.14931140  0.76608656 -0.61681788  0.02241356  0.01392054 -0.03833244 -0.50655695  0.87658172 -0.36802065  0.06412736	 0.00966405  0.20894986  0.79351889 -0.90256555  0.09891652  0.01422119 -0.01248066  0.24166122  0.50216278 -0.13617435 -0.39021626 -0.15151492	 0.00203619  0.21964106  0.86054897 -0.96668804  0.08658064 -0.00034375 -0.00158708  0.25094538  0.51858256 -0.15596838 -0.43327267 -0.12605511	 0.27926857 -0.17453594  3.98879425	0.01592007 0.01165921 0.00068724	0.01410080 0.01334774 0.00094025	 0.00103921 -0.00397965 -0.99999154	0.35000000	0.00000000	0.00000000	0.34249440	-0.24826704	0.42117685	0.78927743	-0.51266491	0.33147585	-0.48656851	-0.13459030	-0.36399347	-0.21103185	0.25141293	0.22059888	0.62954992	0.70853615	0.12533990	-0.39472732	0.70466232	0.01445366	0.53722775	2.60993552	0.07242852	-0.62065697	0.49827406	0.43084496	
0.00844300	 -53.04213347   72.53401577 -770.95603536   49.03605935   40.62799444   -3.32133052	  63.33767813  -60.10816516 -240.85306699   14.76501556   22.49949712   -0.77949718	-20.44346093  86.69319892   5.78030418 -65.59804274  83.04513860  54.40001380 -14.65735649 -21.38896787  -9.36092257 -33.49133903  13.78420208 -17.60701965	 0.01389797  0.04962275 -0.14177043  0.75761369 -0.61599185  0.02242377  0.01386209 -0.03612736 -0.50192930  0.87502556 -0.37166116  0.06280086	 0.01973750  0.22471533  0.93539392 -1.03239004  0.10747405  0.00281742 -0.01674027  0.26222227  0.58803737 -0.17552581 -0.41768229 -0.17803269	-0.00226992  0.21962791  0.89338555 -1.00593687  0.10051723  0.00203880 -0.00907285  0.26081155  0.55083708 -0.18587514 -0.42765696 -0.15834571	 0.27844105 -0.17501646  3.98741230	0.02105238 0.00944216 0.00676136	0.01946732 0.01004056 0.00463047	 0.00112579 -0.00413857 -0.99999080	0.35000000	0.00000000	0.00000000	0.30087209	-0.28447700	0.42126366	0.76881671	-0.54048544	0.30413759	-0.51878065	-0.12702554	-0.39615202	-0.19465739	0.21234536	0.23887840	0.62493342	0.70451427	0.11688800	-0.38240081	0.70955002	0.05690897	0.53821290	2.61081386	0.12719129	-0.62058693	0.49361506	0.44316635	
0.00851200	 -38.47975562   74.21971819 -743.13750212   46.85164230   53.70820689   -0.97399715	  69.06859581  -60.96426285 -246.17129846   14.98436558   26.53078663   -2.20474869	-19.18263812  86.53202343   2.66959267 -46.91179000  93.17343897  52.82097608 -16.08962312 -21.24013412 -14.92187953 -30.22023085  18.50526533 -18.00094177	 0.01378373  0.05146631 -0.13440258  0.74923156 -0.61506537  0.02240939  0.01374131 -0.03395916 -0.49733646  0.87335376 -0.37507027  0.06139344	-0.03048433  0.18296937  0.75395771 -0.88137619  0.08964921  0.00154945 -0.03048529  0.22370938  0.50990863 -0.17301344 -0.37907852 -0.17809403	-0.01620250  0.21461161  0.84992834 -0.97154176  0.10855986 -0.00115849 -0.01789911  0.25169650  0.53477682 -0.19306607 -0.39578126 -0.16879442	 0.27266733 -0.17629502  3.98452825	0.02306616 0.01903567 0.01714513	0.02252040 0.01584707 0.01389271	 0.00124257 -0.00432850 -0.99998986	0.35000000	0.00000000	0.00000000	0.31943810	-0.26202908	0.43104652	0.72603041	-0.55572850	0.34737533	-0.52302533	-0.13248113	-0.40578681	-0.17770532	0.20465750	0.25802603	0.63518769	0.71268880	0.12710108	-0.37326351	0.70429695	0.05090144	0.55802834	2.57191491	0.08022444	-0.60866112	0.51882327	0.43614969	
0.00846200	 -46.68406623   76.29848083 -779.85341860   49.21834983   53.84679179    1.70708144	  59.28779250  -60.97088337 -231.14238368   14.14205114   19.82008424   -0.67418888	-14.93434389  87.93441129  13.98493842 -59.69079739  95.72119921  50.86702085 -12.66806835 -17.34384233  -6.79244317 -35.60127284  11.08947310 -21.34842640	 0.01366639  0.05330987 -0.12713271  0.74092216 -0.61404026  0.02241792  0.01360113 -0.03169101 -0.49276917  0.87153185 -0.37822450  0.05965555	-0.00019160  0.23363506  0.90065753 -1.00131677  0.14158488  0.01564170 -0.01620328  0.31875608  0.55493394 -0.22133849 -0.37401794 -0.24071152	-0.01279948  0.21840169  0.86433992 -0.98713952  0.12358037  0.00193971 -0.01574639  0.27216464  0.54681343 -0.22093482 -0.36910325 -0.21817094	 0.27253962 -0.17709179  3.98278982	0.02460271 0.01042364 0.01172603	0.02409716 0.01348701 0.01368252	 0.00137550 -0.00453139 -0.99998879	0.35000000	0.00000000	0.00000000	0.27653316	-0.28380191	0.43662277	0.74330205	-0.55655378	0.32000321	-0.51282716	-0.12056767	-0.43120396	-0.19217396	0.21280965	0.25000808	0.63336790	0.67579412	0.13473004	-0.36692542	0.74553138	0.07309880	0.55284256	2.59160304	0.14744398	-0.60494542	0.51946789	0.47966987	
0.00803400	 -25.17596650   76.85129988 -689.88486066   43.23335816   60.01237912    2.24229253	  68.23936047  -70.57686837 -303.67354397   18.78719104   25.22080553   -2.52274723	-17.71284820  85.57085443   2.07001057 -34.89092629  94.02376199  51.73677564 -17.81407229 -29.88939679 -12.72226035 -36.46389064  18.44796976 -13.69277555	 0.01352635  0.05502491 -0.12031336  0.73309002 -0.61304042  0.02242261  0.01344371 -0.02953912 -0.48839993  0.86965838 -0.38101314  0.05780487	-0.04055702  0.21461533  0.84734712 -0.98084462  0.09913247  0.01984668 -0.03542621  0.26657978  0.53142785 -0.20888716 -0.35335638 -0.21699844	-0.02038238  0.21301763  0.83911130 -0.96691634  0.12242869  0.00190818 -0.02288035  0.26758101  0.53743259 -0.22959952 -0.34190564 -0.22370340	 0.26608088 -0.17744754  3.98032424	0.02575291 0.01898288 0.02376126	0.02547658 0.01579469 0.01948571	 0.00148434 -0.00473440 -0.99998769	0.35000000	0.00000000	0.00000000	0.26955682	-0.31377801	0.44710058	0.69162101	-0.58200443	0.32512015	-0.53663296	-0.10406122	-0.46952462	-0.16583756	0.16110660	0.26716059	0.62070972	0.71625185	0.12732330	-0.36732954	0.72075135	0.10565216	0.55332273	2.54175735	0.14281912	-0.59640563	0.50938880	0.44740072	
0.00846200	 -22.86708169   78.33899993 -714.01601785   44.51694052   68.71318807    6.33568182	  59.36424125  -71.64727136 -278.51186628   17.23227154   18.79328698   -1.24504424	-12.19645675  86.31670332  10.86072299 -37.60828714 104.73884565  46.86302119 -14.21691176 -21.81851566  -8.28616277 -39.17132516  10.74785245 -20.66139962	 0.01331827  0.05685984 -0.11333251  0.72502728 -0.61193236  0.02240974  0.01324050 -0.02723056 -0.48386805  0.86759730 -0.38380108  0.05572196	-0.04278061  0.18903382  0.82123689 -0.97926738  0.16537558  0.00323494 -0.02902681  0.27433062  0.54748192 -0.27344330 -0.32788132 -0.29391153	-0.02661926  0.21751659  0.83059736 -0.96121301  0.13358833 -0.00080411 -0.02407729  0.27918587  0.54089023 -0.25012856 -0.32749151 -0.26386211	 0.26153635 -0.17819235  3.97731667	0.02424776 0.01883201 0.02285136	0.02475455 0.01911166 0.02341389	 0.00165036 -0.00494786 -0.99998640	0.35000000	0.00000000	0.00000000	0.25518957	-0.28303879	0.46055245	0.67484587	-0.57065666	0.32739452	-0.52643967	-0.11033300	-0.49303317	-0.16137591	0.16421825	0.25333610	0.63643473	0.69705498	0.13440113	-0.35061961	0.75114495	0.10836757	0.56039250	2.55037045	0.15541501	-0.59256226	0.55351675	0.46919486	
0.00848500	 -22.80265682   79.56952094 -698.29090879   43.52879589   68.08697503    6.14700736	  58.32041230  -64.90575542 -283.23784107   17.64263012   19.23931720   -2.07072398	-13.32167689  86.37886143   9.56600902 -32.65716092 100.75972849  46.08037150 -15.61508884 -22.34326422 -10.83764495 -33.84078474  10.36984648 -15.85900338	 0.01313901  0.05875994 -0.10646940  0.71710842 -0.61085493  0.02242484  0.01301940 -0.02479041 -0.47936083  0.86549028 -0.38646687  0.05324906	 0.00920720  0.23263369  0.82561491 -0.94682503  0.13792285  0.02399762 -0.02760873  0.27223054  0.54082399 -0.23732614 -0.30881041 -0.29932571	-0.01984418  0.22534094  0.81140149 -0.93638210  0.12890668  0.00295187 -0.02791003  0.28970377  0.53346721 -0.24787725 -0.31463653 -0.29169929	 0.25679776 -0.17984000  3.97300798	0.01973933 0.01902612 0.02454721	0.02121538 0.01892249 0.02393292	 0.00180932 -0.00513555 -0.99998518	0.35000000	0.00000000	0.00000000	0.24764878	-0.30189416	0.45453313	0.66704762	-0.59397346	0.32872123	-0.53184921	-0.10653674	-0.49028152	-0.15517408	0.15488000	0.27696314	0.62893975	0.68220699	0.16231360	-0.33357579	0.75231457	0.10272881	0.57506090	2.53270912	0.17304085	-0.57944220	0.53322780	0.45642495	
0.00803500	 -14.32569707   74.92383938 -682.63670363   42.28326110   74.84614351    4.71860441	  58.29894064  -70.12335863 -310.67495227   19.42911686   17.62715739   -2.21940227	-15.73149692  80.63834238  10.23790976 -27.35934080 107.86985618  44.08233190 -16.59525231 -23.67959440  -9.31924492 -41.40466419   9.91017779 -16.13103922	 0.01288736  0.06057169 -0.10016832  0.70985042 -0.60988945  0.02242040  0.01278337 -0.02241529 -0.47520443  0.86354053 -0.38893497  0.05080253	-0.03200200  0.23821505  0.77132676 -0.89144789  0.14994327  0.02578627 -0.04560704  0.30810786  0.54165700 -0.25308984 -0.31980294 -0.30330454	-0.03294401  0.22546079  0.78399758 -0.90266847  0.12369057  0.00136296 -0.03163985  0.29859985  0.52008300 -0.24638652 -0.30712908 -0.30698319	 0.25157485 -0.18106953  3.97009090	0.01872348 0.01976058 0.03536362	0.01903775 0.01950690 0.03165547	 0.00196316 -0.00528805 -0.99998409	0.35000000	0.00000000	0.00000000	0.23493004	-0.31735757	0.48614225	0.64318055	-0.59717721	0.34652993	-0.51473218	-0.09989134	-0.52255839	-0.13556820	0.15279251	0.26737067	0.62229615	0.69591635	0.15860893	-0.33680397	0.74862593	0.10093864	0.57186961	2.48535037	0.18307038	-0.57270175	0.54941946	0.48151290	
0.00801100	 -11.70363249   74.50835043 -650.35246511   40.19300572   74.90579576    8.29188095	  57.61762964  -74.86392592 -337.07812631   21.21422835   15.74589245   -0.75657533	-10.66072193  79.35869431  12.85718093 -22.24922529 105.01465827  41.79858243 -14.06781346 -27.54025763 -10.35829964 -44.29675005   8.30901993 -14.58934161	 0.01260807  0.06240542 -0.09400542  0.70275547 -0.60894953  0.02241026  0.01249134 -0.02002874 -0.47109883  0.86159227 -0.39133850  0.04817891	-0.05675225  0.24698483  0.78761410 -0.87722321  0.12596363 -0.01042345 -0.01308808  0.30817710  0.51850394 -0.25299398 -0.28624979 -0.34561362	-0.03559444  0.22860668  0.76585966 -0.87872700  0.11647709 -0.00104472 -0.03500526  0.29747384  0.50961397 -0.24225968 -0.29799068 -0.32771009	 0.24627946 -0.18044985  3.96659538	0.01889968 0.01943907 0.03393448	0.01887500 0.01957074 0.03459630	 0.00211901 -0.00543908 -0.99998296	0.35000000	0.00000000	0.00000000	0.21780622	-0.32696182	0.49390760	0.63273859	-0.60420716	0.34137896	-0.51833189	-0.08489016	-0.54524761	-0.13648418	0.15859839	0.27385193	0.61015892	0.70008683	0.17503953	-0.32222724	0.75300384	0.11463129	0.56311989	2.47015142	0.20977432	-0.57500941	0.54949200	0.46885136	
0.00850700	  -0.29891002   73.44377485 -630.51913305   38.71049530   81.37882237   10.41394383	  51.37497884  -75.18175200 -361.49622960   22.95423325   11.58768872   -2.62343567	-10.23474974  77.45285344   9.95627435 -15.96163339 110.33255965  41.80872911 -17.10386619 -27.18732542  -8.85210634 -47.64632149   5.23225576 -12.47190663	 0.01230899  0.06433327 -0.08766520  0.69544658 -0.60797919  0.02241074  0.01217529 -0.01747601 -0.46682752  0.85955296 -0.39385937  0.04535973	-0.04053303  0.22059323  0.68337946 -0.79454367  0.10017330 -0.02511729 -0.04693533  0.26612079  0.46327989 -0.22077953 -0.25042741 -0.32225563	-0.03630590  0.22660757  0.73766264 -0.85016712  0.11235153 -0.00255619 -0.03890842  0.29881208  0.49817484 -0.23726284 -0.29367324 -0.33132224	 0.23968053 -0.18042870  3.96333322	0.01694834 0.02098137 0.04000127	0.01763827 0.02046552 0.03791797	 0.00228837 -0.00559314 -0.99998174	0.35000000	0.00000000	0.00000000	0.23240948	-0.31552547	0.50198466	0.61502004	-0.59482878	0.36463606	-0.52063107	-0.08767024	-0.56092054	-0.11061340	0.14384308	0.27268812	0.60819536	0.71015614	0.19378108	-0.31759194	0.75896794	0.10103010	0.58078212	2.43155169	0.18704019	-0.56550545	0.56227076	0.44546539	
0.00849000	  -3.48043099   73.92953983 -651.51601551   39.99651033   83.34296608   10.24648151	  42.01300649  -75.44448625 -340.91702460   21.76470071    4.45812097    0.20907413	 -9.66247911  77.07745028  15.32716543 -20.83279987 113.45316303  39.47436252 -12.57852253 -22.96912169  -6.91316128 -50.38314743  -1.28430133 -16.79383345	 0.01196835  0.06630821 -0.08143279  0.68830046 -0.60705022  0.02241123  0.01184467 -0.01484157 -0.46258166  0.85750879 -0.39640351  0.04232758	-0.03227542  0.21802515  0.67786694 -0.81803932  0.07360818 -0.02421424 -0.02337814  0.29864632  0.48197004 -0.24358542 -0.30567777 -0.35679461	-0.03953321  0.23258645  0.72770742 -0.83804775  0.10739249 -0.00288455 -0.03543057  0.31167456  0.50100405 -0.24226104 -0.29831753 -0.36649258	 0.23612104 -0.18051704  3.95991144	0.01501831 0.01458956 0.03745724	0.01559265 0.01674679 0.03839374	 0.00244065 -0.00572886 -0.99998061	0.35000000	0.00000000	0.00000000	0.22611839	-0.30564424	0.50247484	0.60303241	-0.58675355	0.37202975	-0.50564408	-0.08753081	-0.58414781	-0.10867860	0.15022643	0.26037279	0.60001069	0.69634396	0.20251082	-0.29729447	0.78194183	0.09087624	0.57987773	2.41187048	0.21344358	-0.56008816	0.57732749	0.45115423	
0.00852100	   7.12633612   73.49905435 -621.84244069   37.95148802   87.79174209   11.53732079	  42.36867763  -77.94217244 -374.53188401   23.96994265    5.63097719   -1.01316210	 -9.78043907  75.46530128  10.50984464 -11.88029842 115.36825061  38.48200163 -15.16334047 -28.01743692  -8.44598373 -51.59042220   2.64662114 -12.64771229	 0.01163321  0.06829217 -0.07525736  0.68128140 -0.60610727  0.02241506  0.01149929 -0.01213448 -0.45832808  0.85543519 -0.39887015  0.03893581	-0.05323946  0.24021485  0.65562134 -0.72680529  0.10006411 -0.01692326 -0.04065569  0.29070216  0.45183036 -0.21644842 -0.25970618 -0.36201289	-0.04158647  0.23349235  0.71562325 -0.81362158  0.10984275 -0.00131495 -0.04028148  0.31828994  0.49420329 -0.24128006 -0.28485675 -0.39737928	 0.23026424 -0.18036449  3.95703787	0.01375499 0.01440454 0.04179129	0.01418191 0.01432511 0.04030039	 0.00255796 -0.00585184 -0.99997961	0.35000000	0.00000000	0.00000000	0.21162105	-0.32276472	0.51540810	0.58311260	-0.59494179	0.38316482	-0.50489163	-0.08294065	-0.60347980	-0.09301160	0.14259489	0.26263198	0.58443862	0.71098530	0.19984286	-0.30041379	0.76641858	0.09491224	0.58949578	2.36104918	0.22345749	-0.55459112	0.57521284	0.44952628	
0.00848700	  11.92710766   70.65487525 -596.54189600   36.28939012   88.34447195   13.19618077	  34.06044589  -81.59879325 -396.03077994   25.54625168   -1.11137524    0.75770768	 -6.67748128  71.56362510  12.06381846  -9.65984748 113.91975796  35.77358082 -12.40447734 -28.20914179  -6.42107724 -57.69018675  -3.38496020 -12.79774930	 0.01129397  0.07027048 -0.06926468  0.67445576 -0.60522140  0.02241601  0.01115696 -0.00940777 -0.45414496  0.85335070 -0.40128718  0.03537658	-0.03318681  0.20767528  0.66099390 -0.75701044  0.09673649 -0.00044346 -0.03707728  0.30695826  0.48632446 -0.24272652 -0.23807476 -0.42759596	-0.04079575  0.23442400  0.70204572 -0.80069175  0.10302042 -0.00125959 -0.03996507  0.32124322  0.49306560 -0.24699935 -0.28092822 -0.42595727	 0.22526251 -0.17895971  3.95372540	0.01347615 0.01159923 0.03918849	0.01357179 0.01258678 0.04008708	 0.00266802 -0.00596807 -0.99997863	0.35000000	0.00000000	0.00000000	0.18778688	-0.32430744	0.52851832	0.56984526	-0.59400994	0.38532847	-0.50557178	-0.07084041	-0.62864965	-0.08009381	0.12635630	0.25007859	0.56961495	0.71407795	0.20334025	-0.28883082	0.78336275	0.10158002	0.58225465	2.33156514	0.26007983	-0.54786533	0.59006333	0.42929214	
0.00849500	  11.99684240   72.47136194 -591.96049776   35.99564936   89.74438601   11.99091032	  28.72389313  -76.40125143 -400.68878514   26.04444690   -4.20257400    0.44341858	 -8.36103294  72.19232774   8.59398301  -2.93876278 115.60314918  30.63903797 -13.47284934 -28.60594249  -8.74273768 -54.95392926  -6.29553210  -9.13607324	 0.01101841  0.07224687 -0.06343454  0.66793594 -0.60434702  0.02241961  0.01080093 -0.00664225 -0.45002972  0.85135129 -0.40369054  0.03172369	-0.05146346  0.20046915  0.64376444 -0.70313524  0.08526227 -0.01492418 -0.06862443  0.30030692  0.47124366 -0.20472473 -0.26621635 -0.40537565	-0.03479059  0.23067247  0.67586748 -0.75397262  0.10234681 -0.00117180 -0.04463935  0.32346213  0.48056597 -0.23104734 -0.28040021 -0.42635373	 0.21992291 -0.17830022  3.95007560	0.01159369 0.01031891 0.04305051	0.01223420 0.01065985 0.04159903	 0.00275722 -0.00607626 -0.99997774	0.35000000	0.00000000	0.00000000	0.17078570	-0.32502627	0.54535133	0.53602105	-0.59514809	0.39148623	-0.50937152	-0.08015666	-0.64399379	-0.05996300	0.11220615	0.23410246	0.55362409	0.73316318	0.21669059	-0.27310172	0.76878649	0.08810870	0.59617257	2.27729726	0.28296709	-0.53174943	0.60520720	0.41513687	
0.00851400	   9.18283569   71.03445172 -598.15880065   36.37955823   91.01285071   11.48099686	  25.92465163  -79.47245153 -409.10631395   26.61676309   -6.43465234    3.25223767	 -4.44876625  69.58203983   8.89573369  -0.35623804 119.04162383  28.30240804  -9.47233505 -28.53871113  -6.98898815 -60.04410167  -6.28212206 -10.75085253	 0.01084097  0.07424291 -0.05790969  0.66189478 -0.60347731  0.02242240  0.01045795 -0.00391639 -0.44603420  0.84946993 -0.40608187  0.02816297	-0.00869881  0.22242419  0.60023167 -0.60033638  0.12226438  0.01390559 -0.04940206  0.27423151  0.39950355 -0.18224545 -0.24553076 -0.38141158	-0.01854518  0.23186491  0.63866948 -0.69112175  0.10453486  0.00100181 -0.04019826  0.31573881  0.46275715 -0.21832509 -0.27702368 -0.41715903	 0.21533084 -0.17659271  3.94740594	0.01203761 0.00667033 0.04023312	0.01182075 0.00790873 0.04122169	 0.00282849 -0.00617589 -0.99997693	0.35000000	0.00000000	0.00000000	0.16410770	-0.30290490	0.55002421	0.53001422	-0.60747808	0.43148196	-0.52746594	-0.07511362	-0.64041400	-0.03200155	0.12626491	0.23576066	0.52394617	0.71993291	0.23980403	-0.26513273	0.80285209	0.07624676	0.60231549	2.20148253	0.30872679	-0.50786495	0.62088776	0.39857417	
0.00844700	   8.10499106   64.40682106 -566.81290775   34.46513490   86.38342296   10.42092955	  16.84306821  -87.18646042 -438.87227690   28.69085707  -13.92114031    1.96387857	 -7.57898203  62.96915007   7.96736883   3.66287970 112.55456221  23.18992221 -11.92740496 -29.16535163  -2.92724793 -69.58807589 -12.20890827 -12.07216044	 0.01077108  0.07618407 -0.05273086  0.65644861 -0.60256261  0.02242553  0.01010944 -0.00116451 -0.44200076  0.84754240 -0.40839164  0.02434190	 0.00865187  0.21893500  0.59016445 -0.58941260  0.09163454  0.03198614 -0.01732793  0.33972831  0.46359398 -0.24543439 -0.27838073 -0.48310794	-0.00641279  0.22879131  0.60762321 -0.63028674  0.10800234  0.00256363 -0.04101791  0.32538726  0.47964607 -0.23385182 -0.27347107 -0.46284009	 0.21276975 -0.17428601  3.94448449	 0.01525416 -0.00220998  0.04562240	0.01419179 0.00077797 0.04356944	 0.00284677 -0.00629218 -0.99997615	0.35000000	0.00000000	0.00000000	-0.05827801	-0.24305083	0.53294140	0.45191750	-0.60646355	0.54871708	-0.58107227	-0.02100229	-0.69121641	0.08444840	0.14590672	0.16252387	0.41629106	0.59069467	0.27596104	-0.24702442	0.88995045	0.02809688	0.56840956	1.87273383	0.47893894	-0.43781659	0.63019669	0.37083337	
0.00804600	  -4.92272301   38.24645633 -484.13379511   29.46065481   74.72009466    5.59476460	   5.62610271  -95.65551097 -541.61967538   35.74749772  -25.11096059    5.47014984	 -2.41037609  48.12609470  -2.87664793  36.58539242 104.33828616   3.87663219  -8.74442918 -36.51826167  -1.49794527 -86.54265490 -19.98217584  -4.00234420	 0.01073192  0.07796233 -0.04846860  0.65249739 -0.60155035  0.02215360  0.00970018  0.00136151 -0.43804877  0.84565309 -0.41055360  0.02048342	-0.00980321  0.17474778  0.40351051 -0.32919888  0.15794914 -0.07900968 -0.05427117  0.28043738  0.47380762 -0.20555694 -0.23910669 -0.46493867	-0.00474814  0.21722527  0.50515634 -0.45168446  0.13140419 -0.04707228 -0.05020542  0.30738478  0.49331329 -0.23441474 -0.26643299 -0.47779769	 0.21068608 -0.16844369  3.94184610	 0.02591497 -0.01376024  0.05901448	 0.02239951 -0.00985447  0.05451366	 0.00277918 -0.00645783 -0.99997529	0.35000000	0.00000000	0.00000000	-0.56302679	-0.05559944	0.53701019	0.18843175	-0.57027102	0.76202160	-0.73893327	0.07606747	-0.82372212	0.42044064	0.19953784	-0.01216780	0.17072850	0.37757289	0.40304992	-0.23438245	0.98721945	-0.10091572	0.50494564	1.24725652	0.68392396	-0.26652816	0.69740522	0.33170342	
0.00850600	 -17.46930456  -27.43301792 -207.63289639   12.35248238   33.35176097   -5.40236417	 -19.70940036 -151.92818262 -730.43837023   48.33525515  -52.96521242   24.21243429	   6.46110453   20.31643629  -11.56769295   91.45545384   57.06666970  -32.46393597   12.80880553  -45.71439123    5.80050568 -132.11788663  -38.05674693  -14.68731567	 0.01087289  0.07992943 -0.04539397  0.65101720 -0.60016508  0.02027941  0.00923613  0.00399768 -0.43356792  0.84335649 -0.41288046  0.01538331	 0.06114263  0.22482291  0.25688261  0.04533464  0.16260398 -0.37389328 -0.02357763  0.33419449  0.54353046 -0.27335402 -0.26347290 -0.74974044	 0.02438838  0.23290291  0.32072687 -0.10146679  0.16873464 -0.27803368 -0.04880832  0.31124415  0.53428328 -0.27630952 -0.27010411 -0.64954853	 0.21161020 -0.15326414  3.93051435	 0.04670736 -0.03410747  0.05063705	 0.04036158 -0.02749708  0.05350871	 0.00257323 -0.00677056 -0.99997377	0.35000000	0.00000000	0.00000000	-0.83984590	0.01208067	0.65541291	0.01137427	-0.57373679	0.87123615	-0.67463559	0.18197396	-0.94723743	0.60345680	0.28728330	-0.12299622	-0.06616780	0.36593005	0.53754252	-0.13105196	1.03177249	-0.17003345	0.33461237	0.95790911	0.92352980	-0.17008130	0.71998835	0.34522966	
0.00846200	 -9.79804592 -34.44497911 -29.83093180   2.24724390   7.07552062  -4.95479130	 -21.37190152 -161.70568655 -959.06816053   63.70939160  -59.31011171   27.63253782	  -3.61147770    4.64861016  -27.09385176  117.17702705    4.58434121  -40.21082529   14.14581250  -59.25826263    0.86786307 -156.06298625  -35.06776124    9.05413053	 0.01109417  0.08199952 -0.04427660  0.65358816 -0.59887657  0.01549048  0.00886964  0.00662020 -0.42868656  0.84072517 -0.41512136  0.00860963	 0.00844693  0.21159833  0.02493676  0.52254504  0.11308562 -0.70824146 -0.02888381  0.29871253  0.57340877 -0.31467013 -0.23529992 -0.83239460	 0.02126055  0.23850265  0.09173741  0.39074275  0.13060098 -0.61643580 -0.03841861  0.30564921  0.57826747 -0.31199580 -0.26216369 -0.80542737	 0.21354388 -0.13231999  3.92090687	 0.06137107 -0.06019802  0.03876202	 0.05697323 -0.05193256  0.04266518	 0.00216571 -0.00723822 -0.99997146	0.35000000	0.00000000	0.00000000	-0.99518913	-0.00555490	0.71810931	-0.06044784	-0.62684131	0.87837106	-0.63128680	0.27880782	-0.99002218	0.66216946	0.25583535	-0.17488447	-0.22302724	0.46530971	0.67869931	-0.12075526	0.95193201	-0.17536350	0.26070285	0.78073627	1.00837553	-0.14878213	0.66173351	0.23663557	
0.00802100	 -0.22435544 -16.90111485   1.83351627   0.53775974   1.84796942  -1.35706941	 -31.74390677 -154.32821262 -986.35929669   65.95300001  -68.69484378   28.00954742	   4.15218667   11.67243010  -35.87429713  101.21352682  -21.40756170  -36.06431702   19.13912062  -52.26292074   -6.95718885 -157.88433290  -43.57974458   12.86271450	 0.01118464  0.08391233 -0.04507439  0.66010595 -0.59855131  0.00850884  0.00864906  0.00896066 -0.42393804  0.83826376 -0.41716084  0.00177661	-0.00487069  0.23867225 -0.21040658  0.98212463 -0.01978639 -0.93850297 -0.03359567  0.26706633  0.58231804 -0.28622776 -0.22344784 -0.80179454	 0.00851725  0.23895105 -0.13039080  0.87410277  0.02437764 -0.90647450 -0.02399658  0.29351464  0.59065761 -0.30559075 -0.25345167 -0.85676551	 0.21370500 -0.11475956  3.91369596	 0.05715678 -0.06963958  0.01929416	 0.05886380 -0.06671630  0.02514241	 0.00163449 -0.00772106 -0.99996886	0.35000000	0.00000000	0.00000000	-1.04416776	0.06324895	0.70468605	-0.10259929	-0.65525967	0.88302016	-0.58789760	0.31041047	-0.97250152	0.56719500	0.23415539	-0.19354942	-0.28573096	0.47015139	0.79499424	-0.09101243	0.89811319	-0.22737524	0.24927647	0.68408608	1.02110493	-0.15948142	0.63165069	0.16102546	
0.00846000	 3.97373488 -6.03822349  9.20219819  0.05416008  0.39218603 -0.00287273	 -32.47030630 -159.46473290 -977.34466742   65.35943251  -69.00489084   22.83931524	   5.00003734   10.45061794  -38.64930958   86.43727642  -25.52003659  -26.48262790   18.47221121  -52.02612185   -9.16828680 -158.64176601  -41.84524387    8.78785322	 0.01122760  0.08584115 -0.04783115  0.67077226 -0.59920669 -0.00063071  0.00856556  0.01150066 -0.41902434  0.83575208 -0.41926097 -0.00617068	-0.01183203  0.20967700 -0.47388465  1.56374118 -0.14277151 -1.18482082 -0.00873216  0.32768046  0.59843361 -0.30679621 -0.24520380 -1.08543773	 0.00292152  0.22413742 -0.36296441  1.33029612 -0.09825881 -1.09353267 -0.00823719  0.30327209  0.57928560 -0.29810922 -0.24503531 -0.96252065	 0.21242490 -0.09761202  3.90659509	 0.05154130 -0.06848080  0.00909808	 0.05318339 -0.06896584  0.01191054	 0.00104230 -0.00818001 -0.99996600	0.35000000	0.00000000	0.00000000	-1.05609393	0.09424611	0.69397163	-0.10717651	-0.69935125	0.90471315	-0.53231448	0.33882707	-0.97302890	0.42811111	0.28734490	-0.15641773	-0.32124531	0.46864399	0.82030511	-0.08672763	0.88708943	-0.25679478	0.26449785	0.60097933	1.02854252	-0.22260796	0.60371971	0.12439671	
0.00852500	 6.91515921  2.40053771  7.99123458 -0.16260282  0.22532101 -0.02635068	  -23.64274488  -139.82180410 -1037.24793239    69.46591032   -60.51676054    20.44938862	   5.93958488   20.29262745  -31.26775318   63.15945469  -31.13412988  -15.41826852   17.29484450  -57.86557531  -12.53547174 -155.27918053  -34.04878351   29.96349731	 0.01124371  0.08772215 -0.05222551  0.68442187 -0.60113970 -0.00974132  0.00852280  0.01402548 -0.41429495  0.83342806 -0.42126763 -0.01409297	-0.00810371  0.20069430 -0.54963253  1.67124558 -0.28956906 -0.93352762 -0.00782633  0.27734074  0.50700141 -0.25946403 -0.24879228 -0.81408107	 0.00099797  0.22251177 -0.53990012  1.65014085 -0.25396117 -1.04484197 -0.00234365  0.29538359  0.54989724 -0.26812406 -0.23808418 -0.90309000	 0.21075938 -0.08276600  3.90511120	 0.02488045 -0.06627411  0.00440184	 0.03351294 -0.06696915  0.00572841	 0.00046960 -0.00850872 -0.99996369	0.35000000	0.00000000	0.00000000	-1.10277677	0.11669917	0.64985132	-0.17477211	-0.70476627	0.90367675	-0.56524271	0.39094958	-0.96893668	0.40162465	0.20042337	-0.19936308	-0.32810926	0.46702349	0.89611775	-0.12117159	0.83402783	-0.26062509	0.34886721	0.47865200	0.92511380	-0.16879919	0.54043102	0.03931695	
0.00801800	 8.27771855 -2.58134460  6.14480250 -0.03099271  0.28858313  0.08865192	  -42.65482569   -87.88339218 -1078.59558927    39.02433870   -69.25958559    18.44424779	   9.78315457   21.53387439  -36.30333416   54.08824958  -20.28717381  -26.44281295   18.05786209  -56.90438557  -10.26613835 -154.90226406  -39.54525054    9.62971330	 0.01128656  0.08973495 -0.05755618  0.69921547 -0.60402594 -0.01797866  0.00849207  0.01631052 -0.41018779  0.83173591 -0.42314400 -0.01975664	-0.00272446  0.24068647 -0.71359150  1.84952944 -0.40497388 -1.04810292 -0.01627194  0.24688508  0.48312413 -0.17823703 -0.24491039 -0.53047745	 0.00531715  0.25652212 -0.68328508  1.87105162 -0.37034105 -1.04453182 -0.00368707  0.28247978  0.50385750 -0.20222793 -0.23602929 -0.66696219	 0.21034961 -0.07603934  3.90738051	-0.02446498 -0.06686945  0.00161252	-0.00892305 -0.06691052  0.00245262	-0.00006505 -0.00849710 -0.99996390	0.35000000	0.00000000	0.00000000	-1.09406590	0.18946286	0.68059140	-0.25119969	-0.67361206	0.95272481	-0.50005817	0.35506737	-0.96793187	0.38272658	0.22518377	-0.17685056	-0.31359124	0.44104135	0.88946199	-0.05202026	0.81899679	-0.32611147	0.38673341	0.41735190	0.91994953	-0.17519587	0.53929049	0.08239221	
0.00849300	 7.86202947  0.06619472  6.66608212 -0.07104850  0.28015282  0.04003209	  -33.09016488   -78.52023740 -1074.02018683    15.90314755   -66.95970435    14.59837992	   9.92296881   11.91017276  -33.28530811   51.83265059  -18.33463736  -17.50993484   20.43484551  -72.31337357  -16.65528893 -155.94347405  -41.24412015  -15.00313163	 0.01145321  0.09206708 -0.06441252  0.71667877 -0.60772800 -0.02681350  0.00848980  0.01856721 -0.40625811  0.83061963 -0.42526029 -0.02389529	 0.04739397  0.23381427 -0.84004668  2.03610157 -0.47785373 -0.95589119  0.00009998  0.21156475  0.41435867 -0.07571159 -0.22744512 -0.37305765	 0.02107186  0.26672597 -0.82819893  2.08149069 -0.44861246 -1.02050738 -0.00171701  0.25485469  0.45355133 -0.11837848 -0.25334038 -0.45698111	 0.20835735 -0.06749683  3.90962134	-0.03068797 -0.06049003  0.00026581	-0.02962332 -0.06264400  0.00064048	-0.00060850 -0.00823801 -0.99996588	0.35000000	0.00000000	0.00000000	-1.05532610	0.22754988	0.68186736	-0.36429879	-0.63165975	1.01221633	-0.48428929	0.41825685	-0.98270488	0.34855542	0.23443922	-0.12960255	-0.32713610	0.40093997	0.82253796	-0.03749782	0.86959392	-0.36188698	0.39235783	0.35689017	0.86897069	-0.16387093	0.50402617	0.08826714	
0.00801300	 7.61143864  1.29822433  6.89334899 -0.11743997  0.26166378 -0.01436515	  -33.05841785   -79.68075403 -1065.70577734     3.10167543   -70.77532446    15.97717302	   5.04399956   17.63023460  -30.63006634   50.97507562  -18.82057285  -18.83503848   20.83998500  -78.44385695  -17.72323945 -165.70468211  -43.30448771  -31.21573633	 0.01158288  0.09411917 -0.07192300  0.73461954 -0.61176330 -0.03443564  0.00847948  0.02038372 -0.40294624  0.83006659 -0.42745520 -0.02665013	-0.00544013  0.25057888 -0.95464367  2.21490746 -0.48621363 -0.86185001 -0.00790729  0.21491696  0.40168062 -0.04051737 -0.25423601 -0.29051338	 0.01274541  0.25256428 -0.94822523  2.25062920 -0.50919244 -0.93738924 -0.00209999  0.22274685  0.41026010 -0.06495624 -0.27227747 -0.33303782	 0.20674709 -0.06081802  3.91120247	-0.03142517 -0.05310515 -0.00026993	-0.03120824 -0.05556515 -0.00011066	-0.00106141 -0.00798940 -0.99996752	0.35000000	0.00000000	0.00000000	-1.03760982	0.25638983	0.73269850	-0.44713208	-0.59389061	1.04629564	-0.42099264	0.44929710	-1.01608956	0.30390337	0.23787254	-0.14751688	-0.33151430	0.39110291	0.78633642	-0.03771580	0.86142266	-0.38255611	0.39161995	0.30286226	0.84946167	-0.15501609	0.47924501	0.11456305	
0.00845800	 8.20679465  0.65880324  6.62341448 -0.09018069  0.20116514  0.00810196	  -25.43360595   -85.87065241 -1057.60723161    -0.93948135   -66.89743413    14.98743057	   8.61310694   15.99416959  -26.65370043   46.95978522  -24.52196744  -19.67749718   24.13471131  -85.95420885  -20.80004863 -165.94858140  -38.73815721  -36.32988441	 0.01170730  0.09612976 -0.08095897  0.75511430 -0.61682700 -0.04205854  0.00849359  0.02206739 -0.39971058  0.82977466 -0.42988430 -0.02891271	 0.03703566  0.21173637 -1.20113789  2.71743425 -0.71920069 -0.93395418  0.00791554  0.21466413  0.38888901 -0.04319306 -0.32424832 -0.25985818	 0.01668521  0.23186269 -1.08760843  2.45449349 -0.62038404 -0.89532307  0.00092000  0.19488443  0.37871410 -0.03305180 -0.28813642 -0.25884521	 0.20446603 -0.05156963  3.91242980	-0.02405752 -0.04280861 -0.00556343	-0.02626575 -0.04615114 -0.00376222	-0.00146812 -0.00775363 -0.99996886	0.35000000	0.00000000	0.00000000	-1.00126088	0.28482589	0.76934648	-0.46448043	-0.62018847	1.10492444	-0.37486905	0.48632738	-0.95102435	0.24615666	0.34422439	-0.10272632	-0.35122502	0.37469718	0.79565573	-0.04737853	0.85320216	-0.44605649	0.39650160	0.23275127	0.79957443	-0.18370788	0.44800514	0.07167991	
0.00803600	 7.29018839  7.45091924  1.76499707 -0.26392418  0.11661549 -0.11385017	  -12.09758509   -90.93447685 -1036.45522751     0.33688878   -56.22240348    13.55880558	   1.66661450   22.66253150  -16.53361361   20.95133881  -12.43532498   -9.90102562   22.20072314  -86.83827829  -20.43758570 -163.75019771  -29.04172379  -35.41306704	 0.01182441  0.09787325 -0.09015464  0.77516999 -0.62221068 -0.04828402  0.00855576  0.02339775 -0.39687229  0.82965974 -0.43215317 -0.03055010	 0.01041370  0.21393571 -1.11091855  2.39368314 -0.64797794 -0.63733044  0.03762985  0.14902111  0.33885728  0.00066935 -0.25961028 -0.15376938	 0.01183767  0.21494607 -1.15065829  2.49689620 -0.67212524 -0.73921903  0.00860388  0.16296036  0.35414345 -0.01424665 -0.28249898 -0.19643492	 0.20259317 -0.04352093  3.91362335	-0.02244434 -0.03364495 -0.00834917	-0.02281578 -0.03663253 -0.00746336	-0.00177028 -0.00757159 -0.99996977	0.35000000	0.00000000	0.00000000	-1.04277170	0.33173585	0.73074692	-0.53655314	-0.55321729	1.09166002	-0.43198141	0.52928203	-0.99131596	0.26607659	0.26110351	-0.13673177	-0.34031433	0.33500275	0.76770806	-0.08887245	0.86924285	-0.39526293	0.46983179	0.19317599	0.73613924	-0.13029028	0.41055682	0.08424450	
0.00850500	 7.52635500  0.70527705  3.24834368 -0.10104883  0.18457156  0.03455949	  -26.83442563   -75.54567802 -1019.12179361   -13.48002257   -63.76171943    11.11508567	   8.66609334   24.30152810  -26.35144322   37.02767196  -13.21138541  -24.39062393   19.81604849  -82.26345539  -16.99469439 -161.98578215  -37.45904705  -50.23899049	 0.01192385  0.09967658 -0.10044361  0.79677547 -0.62815919 -0.05390238  0.00859066  0.02474286 -0.39402384  0.82956384 -0.43454874 -0.03208867	-0.01129129  0.19839611 -1.19754298  2.45846266 -0.66342164 -0.65910388  0.00813298  0.16073052  0.29595304  0.01438803 -0.28448585 -0.17992940	 0.01216594  0.21460224 -1.22149031  2.54735203 -0.70074376 -0.67386471  0.00245045  0.15733954  0.33154459 -0.00748199 -0.28274967 -0.18005183	 0.20076067 -0.03901914  3.91242687	-0.03036097 -0.02465227 -0.00468122	-0.02769036 -0.02744370 -0.00581763	-0.00201513 -0.00735043 -0.99997095	0.35000000	0.00000000	0.00000000	-1.01936519	0.37941948	0.76903951	-0.59412801	-0.51170278	1.10074031	-0.36461574	0.50049877	-1.00689304	0.25770736	0.27074745	-0.15386865	-0.32754415	0.33899349	0.75644594	-0.02458124	0.86826277	-0.42685214	0.47200832	0.16513097	0.76662248	-0.14184055	0.40722638	0.11343115	
0.00848500	 6.88505397  2.44465357  2.32976051 -0.13539743  0.14624829  0.00852188	  -25.53418251   -80.80007989 -1027.90842456   -14.51561421   -62.06395254    13.35670075	   9.55634131   22.39351273  -18.30439268   27.56331512   -9.95359522  -19.46233666   23.78218979  -92.07551718  -15.77667241 -164.99456811  -34.41792968  -50.15433919	 0.01217373  0.10159289 -0.11137293  0.81900970 -0.63428087 -0.05967495  0.00864829  0.02605512 -0.39125382  0.82949437 -0.43698873 -0.03355189	 0.03938427  0.20311716 -1.23596261  2.52283706 -0.69233482 -0.62913914  0.00527911  0.13538396  0.30853144 -0.02251175 -0.29635333 -0.13168721	 0.03286999  0.22294221 -1.28984524  2.61488819 -0.71960886 -0.66866968  0.00657813  0.15152613  0.32536617 -0.00949618 -0.28834576 -0.16530127	 0.20042845 -0.03180694  3.91188140	-0.02992583 -0.02143809 -0.01146868	-0.03039001 -0.02223421 -0.00905731	-0.00220532 -0.00708700 -0.99997246	0.35000000	0.00000000	0.00000000	-1.02101219	0.38898113	0.78364682	-0.61406749	-0.48827016	1.11058187	-0.36608806	0.53510165	-1.00711679	0.25663900	0.30702969	-0.15194741	-0.34411448	0.31143934	0.75469619	-0.05023379	0.87654620	-0.44933435	0.50200057	0.13600618	0.71759677	-0.13907266	0.37140304	0.11122586	
0.00801000	 7.08771468  3.64604519  1.19781895 -0.17243313  0.13593183 -0.03745378	  -24.31150016   -73.53469641 -1014.17294091   -20.11126657   -59.20357633    13.46727785	   5.68207367   25.48486567  -20.03051861   24.46380979   -8.93927027  -19.29370937   23.56496700  -89.21714306  -17.00831097 -159.13762623  -31.87673923  -55.51135451	 0.01251010  0.10338386 -0.12204538  0.84008460 -0.64005679 -0.06472137  0.00876547  0.02717768 -0.38869273  0.82945832 -0.43928397 -0.03482492	 0.03148090  0.20821215 -1.29010020  2.54461130 -0.69792870 -0.56970801  0.01166316  0.10691164  0.30102866  0.02214412 -0.27076004 -0.16744527	 0.04117674  0.22387155 -1.33614430  2.62963292 -0.72112047 -0.62250289  0.01563460  0.13821327  0.31928496 -0.00321162 -0.28744720 -0.15908012	 0.19963317 -0.02666489  3.91082233	-0.03310129 -0.01640473 -0.01609454	-0.03181858 -0.01819072 -0.01471466	-0.00235713 -0.00683872 -0.99997384	0.35000000	0.00000000	0.00000000	-1.01904154	0.43179899	0.78379405	-0.65378350	-0.45256379	1.12946451	-0.34750587	0.54483372	-1.00107789	0.24998501	0.30633655	-0.16238865	-0.34418720	0.28386045	0.74360567	-0.04408759	0.87100720	-0.46766046	0.53341734	0.10086793	0.69386661	-0.12824419	0.34619978	0.12593016	
0.00850200	 7.69752943  2.58850377 -0.19315386 -0.13809506  0.13170187  0.00010257	  -30.58330942   -68.71102887 -1011.20552891   -24.47998093   -61.15738903    13.33508938	   8.51371882   24.59240246  -19.74091978   17.89247223   -6.97379518  -21.25919649   24.01030684  -90.57095218  -14.19730834 -157.66842544  -33.55797359  -58.82231778	 0.01290890  0.10534086 -0.13370295  0.86246060 -0.64607965 -0.06979236  0.00891414  0.02835584 -0.38606713  0.82943947 -0.44173360 -0.03609823	 0.04100331  0.22348607 -1.34421231  2.48479225 -0.64282167 -0.57292197  0.00548168  0.10151539  0.28568238  0.00415813 -0.28779196 -0.14404305	 0.05085164  0.22952027 -1.37120877  2.61444186 -0.69986103 -0.59236415  0.01807919  0.13414847  0.30662456  0.00067879 -0.28809660 -0.14916845	 0.19965542 -0.02158654  3.90964550	-0.03589364 -0.01316886 -0.02294529	-0.03508370 -0.01405213 -0.02072863	-0.00247856 -0.00654378 -0.99997552	0.35000000	0.00000000	0.00000000	-1.02856922	0.45832306	0.79979163	-0.68188393	-0.40458122	1.12160134	-0.32771093	0.54818988	-1.01115608	0.25393698	0.31955898	-0.17464331	-0.35148954	0.26595938	0.74573410	-0.03369017	0.87241387	-0.48594519	0.55649322	0.08236317	0.68538743	-0.13268612	0.32151309	0.15272503	
0.00801300	 7.54919502  3.11965104 -0.20111614 -0.14439273  0.10432168 -0.01503722	  -29.29726081   -64.82855483 -1013.68253852   -28.12393554   -59.33408525    12.92514079	   8.33533181   23.66296589  -17.64197300   18.25666857   -9.04742640  -19.49683586   23.74536366  -91.80054188  -14.90979430 -156.97159249  -31.16052487  -61.61361879	 0.01340641  0.10725868 -0.14488354  0.88331722 -0.65165299 -0.07437385  0.00912615  0.02942337 -0.38361091  0.82941194 -0.44405988 -0.03723618	 0.04547532  0.24904847 -1.35074697  2.44994363 -0.63782672 -0.54491174  0.00909627  0.12857546  0.30662094 -0.02982045 -0.26971426 -0.12363270	 0.06264849  0.23816526 -1.38943593  2.57794049 -0.68716469 -0.56238824  0.02375692  0.13104215  0.30357961 -0.00438265 -0.28817966 -0.14003195	 0.20004698 -0.01681986  3.90873621	-0.03742782 -0.01158244 -0.03072347	-0.03690469 -0.01208349 -0.02817426	-0.00257527 -0.00625049 -0.99997715	0.35000000	0.00000000	0.00000000	-1.03174198	0.45525321	0.81048608	-0.69598931	-0.38176593	1.12677479	-0.31745973	0.57262224	-1.01157928	0.24091676	0.33399552	-0.17760617	-0.35112405	0.25423378	0.73892832	-0.04151432	0.86171049	-0.50433731	0.57491189	0.06417571	0.68727314	-0.12481026	0.29111949	0.18130961	
0.00800400	 7.43231605  2.49480604 -0.19928974 -0.11877373  0.10751942 -0.02168619	  -28.93375844   -65.58606659 -1020.50610530   -26.89622530   -57.68491375    12.25171372	   7.37114378   20.00901639  -18.41970550   18.66866957   -7.61701477  -19.29001506   22.89774746  -93.70867133  -14.91924890 -154.11129242  -29.28066480  -59.21533209	 0.01400530  0.10915342 -0.15622066  0.90398734 -0.65717118 -0.07854630  0.00940603  0.03039115 -0.38119772  0.82940922 -0.44640025 -0.03824283	 0.07133431  0.23901849 -1.35542402  2.47283264 -0.65065654 -0.45188379  0.04855045  0.10543950  0.26637791 -0.02396674 -0.29293513 -0.11404577	 0.07263192  0.23520402 -1.40577251  2.55544712 -0.68070116 -0.50897087  0.03449160  0.11775618  0.29655336 -0.00375401 -0.29095716 -0.12058167	 0.20025381 -0.01106595  3.90843623	-0.03494301 -0.00955562 -0.03622409	-0.03588518 -0.01023278 -0.03450702	-0.00265807 -0.00595932 -0.99997871	0.35000000	0.00000000	0.00000000	-1.02188587	0.45850301	0.80878192	-0.70669341	-0.35589448	1.12678814	-0.33089224	0.58651042	-1.00425851	0.26433927	0.33548865	-0.16920689	-0.34794408	0.24144691	0.74249160	-0.02781417	0.86799294	-0.51378298	0.61051857	0.03329489	0.66024745	-0.11469509	0.25595021	0.16675889	
0.00846700	 8.21558040  1.46141557 -2.27040218 -0.09830104  0.10258261 -0.00674414	  -32.70570712   -61.28755466 -1012.01686319   -29.64838705   -56.24344485    10.04605190	   6.12329249   22.61100388  -19.29011659    9.94979656   -5.24850328  -22.94400752   20.11063021  -91.23470259  -11.35332727 -154.07849461  -27.81025958  -62.13511151	 0.01464386  0.11110488 -0.16844109  0.92555757 -0.66281604 -0.08278633  0.00970991  0.03129911 -0.37862600  0.82941573 -0.44888372 -0.03912093	 0.07170906  0.23224009 -1.36858903  2.35309011 -0.60364895 -0.47438113  0.04115990  0.09278827  0.27403467 -0.01775582 -0.28996338 -0.09513035	 0.07246132  0.23140827 -1.43593523  2.52281542 -0.65719997 -0.50204863  0.03645048  0.10418076  0.30072059 -0.00097936 -0.29342032 -0.09979071	 0.20108898 -0.00676114  3.90801483	-0.03536770 -0.00905537 -0.03392011	-0.03509124 -0.00914249 -0.03488268	-0.00273391 -0.00566423 -0.99998022	0.35000000	0.00000000	0.00000000	-1.03110027	0.49152079	0.81131130	-0.72288644	-0.30700260	1.11805248	-0.32465097	0.57977104	-1.00823236	0.28518289	0.33285892	-0.19008920	-0.34079999	0.22717537	0.74179119	-0.00965083	0.86910611	-0.50802004	0.63588202	0.01399407	0.65800816	-0.11651682	0.22887088	0.18883711	
0.00850300	 7.88321877  2.45034818 -2.04285613 -0.11851799  0.09695085 -0.00937697	  -32.00940022   -59.62688759 -1014.48459439   -32.87165091   -55.07047050    10.48867192	   7.77257536   22.50413549  -19.72871600   12.48309175   -5.18874156  -20.48149769   21.32015620  -93.43638563  -12.80178873 -151.94369113  -26.35940664  -65.23551762	 0.01529845  0.11309126 -0.18077392  0.94658522 -0.66816912 -0.08706642  0.00998401  0.03216209 -0.37606672  0.82941836 -0.45137705 -0.03991709	 0.07934870  0.24078484 -1.40073386  2.30452312 -0.55186890 -0.46088753  0.02874666  0.10318401  0.28105068  0.00585675 -0.26594928 -0.09653744	 0.07864264  0.23399368 -1.45218289  2.45764657 -0.62103181 -0.49703636  0.03216433  0.10054394  0.29901504  0.00025344 -0.29321686 -0.09171146	 0.20168643 -0.00242155  3.90775761	-0.03529614 -0.00747766 -0.03488194	-0.03532715 -0.00797532 -0.03450650	-0.00280276 -0.00536423 -0.99998168	0.35000000	0.00000000	0.00000000	-1.03048849	0.49232537	0.81722105	-0.74868906	-0.26912802	1.12030280	-0.32604656	0.59681374	-1.01988053	0.27713588	0.34341547	-0.19422445	-0.34597570	0.20946254	0.73632914	-0.00901596	0.86987698	-0.51778132	0.65210015	-0.00509705	0.65056592	-0.11469391	0.19483902	0.21866575	
0.00801600	 8.04454546  2.57302978 -2.08274224 -0.11860584  0.08979354 -0.02348059	  -32.79839012   -59.75402334 -1018.48576654   -32.98517296   -53.84036848    10.60383169	   6.71657570   21.32482886  -19.73503148   12.05431072   -6.29099965  -20.06376724   21.42427070  -95.51965022  -11.98046513 -153.72907043  -24.82672226  -64.41124231	 0.01595359  0.11493788 -0.19247915  0.96590337 -0.67295481 -0.09082292  0.01026233  0.03286579 -0.37364931  0.82941016 -0.45372197 -0.04055524	 0.08787504  0.26404689 -1.54512125  2.45888528 -0.58685445 -0.47469006 -0.00239863  0.09829617  0.30370230 -0.01041771 -0.27476548 -0.09907577	 0.08299899  0.23213213 -1.46544003  2.40119467 -0.59309528 -0.46391221  0.03133305  0.08881879  0.30099349 -0.00203578 -0.29176043 -0.07793025	0.20240601 0.00226429 3.90785812	-0.03288457 -0.00664121 -0.03543422	-0.03373484 -0.00688305 -0.03528860	-0.00285696 -0.00509136 -0.99998296	0.35000000	0.00000000	0.00000000	-1.02003574	0.48984200	0.85462689	-0.74994522	-0.25421441	1.15080774	-0.29240695	0.60699368	-0.99425417	0.26558933	0.39071739	-0.18983704	-0.35445851	0.19622537	0.75194412	-0.02157361	0.85247827	-0.56400073	0.66717124	-0.03843695	0.62001085	-0.12626684	0.16355932	0.22812213	
0.00845300	 7.18114017  3.80041919 -4.80204612 -0.14306187  0.02289293 -0.06955788	  -27.30310241   -54.19876228 -1009.05820991   -34.19126779   -50.58867264    12.40703088	   5.57729673   19.08003962  -13.59999117    1.03847056   -2.89904022  -17.26542267   24.08814957  -93.07803965  -15.30473109 -151.14229792  -22.28702210  -63.55346960	 0.01661980  0.11680536 -0.20488314  0.98569640 -0.67772048 -0.09432130  0.01059423  0.03348003 -0.37110124  0.82941070 -0.45621129 -0.04096044	 0.08250665  0.22996581 -1.52648980  2.39351657 -0.57760278 -0.40045309  0.01342296  0.10372069  0.33020972 -0.02721254 -0.27780084 -0.03822606	 0.07881381  0.22018549 -1.46945317  2.32722065 -0.55820901 -0.39796317  0.03838813  0.07268844  0.30373693 -0.00231020 -0.29196817 -0.04374527	0.20345004 0.00793192 3.90824308	-0.02946341 -0.00528269 -0.04403563	-0.03057545 -0.00572575 -0.04104685	-0.00290611 -0.00482761 -0.99998412	0.35000000	0.00000000	0.00000000	-1.03086996	0.50373846	0.86552042	-0.77965254	-0.21966124	1.14272249	-0.32603246	0.63703638	-0.98531210	0.26467294	0.39159691	-0.19571337	-0.34092212	0.17686793	0.75756997	-0.03658905	0.84743869	-0.56288159	0.69802427	-0.05591662	0.59451586	-0.11313234	0.14654653	0.23823696	
0.00800400	 7.49787313  3.34464273 -5.20756562 -0.13989010  0.04643608 -0.05363971	  -24.53293526   -54.30988267 -1005.56875328   -34.92621133   -44.81831693    10.43542123	   5.05097874   22.02183974  -18.83746755    2.25659378   -0.85775044  -19.81250092   21.11196689  -91.95792150  -13.39753633 -147.66807240  -16.48603016  -64.68366402	 0.01720531  0.11847029 -0.21645902  1.00336976 -0.68173741 -0.09702630  0.01097145  0.03392365 -0.36874752  0.82941057 -0.45854299 -0.04112475	 0.08051984  0.21380836 -1.50751326  2.23852254 -0.52014989 -0.31133099  0.06976543  0.04624423  0.29413840 -0.02830595 -0.30024357 -0.04084254	 0.07305307  0.20946090 -1.46433640  2.21956043 -0.50135255 -0.33491066  0.04821970  0.05479595  0.29614375 -0.00162202 -0.29394539 -0.02170198	0.20324206 0.01186998 3.90858355	-0.02951992 -0.00091841 -0.04642059	-0.02946158 -0.00241731 -0.04573976	-0.00292955 -0.00459439 -0.99998515	0.35000000	0.00000000	0.00000000	-1.03384209	0.53282458	0.84423965	-0.81232190	-0.17762694	1.13253164	-0.34278107	0.63429427	-0.99906290	0.30584881	0.35037103	-0.19406280	-0.33391398	0.15067896	0.75621963	-0.00385896	0.85646611	-0.53230900	0.73695254	-0.06826814	0.58098930	-0.10200234	0.10806289	0.24155532	
0.00800100	 7.82171291  1.34090596 -5.70469752 -0.09148307  0.05511014  0.01092479	 -27.06692310  -53.34806546 -998.87825720  -39.99157926  -42.28925687    6.61102491	   7.49977224   24.08631170  -20.14254729    1.26451106    0.15417327  -24.42300326   16.64388572  -91.37062764   -9.11159740 -143.57794908  -14.72295941  -73.07006365	 0.01775165  0.12017494 -0.22797567  1.02016080 -0.68517621 -0.09972778  0.01132513  0.03436984 -0.36641332  0.82941937 -0.46083251 -0.04133560	 0.04819595  0.23693548 -1.52603430  2.20753381 -0.39403178 -0.36823488  0.05117147  0.03841729  0.28980891 -0.01015453 -0.28155833 -0.02120018	 0.06762951  0.21532483 -1.45188733  2.10390555 -0.42249807 -0.34681659  0.04533065  0.05483656  0.29275204  0.00170134 -0.28794985 -0.03319467	0.20347711 0.01393100 3.90821597	-0.03168397  0.00060073 -0.04067765	-0.03089691  0.00015234 -0.04267156	-0.00292718 -0.00435134 -0.99998625	0.35000000	0.00000000	0.00000000	-1.03571761	0.56137764	0.85815239	-0.84386915	-0.12964256	1.13292527	-0.30839917	0.62285542	-1.01278853	0.32006606	0.36176482	-0.21055821	-0.32799286	0.13740647	0.73879683	0.01682600	0.84981704	-0.53886002	0.75860506	-0.06526688	0.59431559	-0.11453483	0.08065488	0.28829011	
0.00803800	 9.02970436  1.98690411 -5.76479795 -0.08905623  0.02457954  0.01442771	  -27.81296920   -47.59409546 -1001.76373951   -45.17104213   -41.03659451     8.05880739	  11.03927952   20.94898319  -19.80161146   -0.03353098   -7.74108761  -20.91841456   19.62064896  -93.64196372   -8.73551103 -142.73176894  -13.12956639  -76.50479561	 0.01842514  0.12193568 -0.23946062  1.03602843 -0.68822964 -0.10263244  0.01165723  0.03483565 -0.36407167  0.82940696 -0.46313616 -0.04178554	 0.10899282  0.22430373 -1.37347967  1.82832345 -0.36105207 -0.31314622  0.04422288  0.04866042  0.29354075 -0.01419862 -0.26328442 -0.06459385	 0.08933940  0.21843935 -1.42692567  1.95872927 -0.37737233 -0.35436226  0.04456028  0.05620713  0.29138742 -0.00177816 -0.28504455 -0.05738334	0.20401544 0.01715053 3.90817481	-0.03046502  0.00120352 -0.04434932	-0.03089217  0.00101401 -0.04298683	-0.00291811 -0.00410238 -0.99998733	0.35000000	0.00000000	0.00000000	-1.04729486	0.57070351	0.80667019	-0.88055348	-0.07665378	1.10121787	-0.34706274	0.66277570	-1.04179645	0.33733273	0.31733927	-0.22253001	-0.32693553	0.12787756	0.72616541	0.03602116	0.86764944	-0.49775222	0.76157886	-0.05108881	0.61485523	-0.10323481	0.04152157	0.31186736	
0.00850500	 7.78667252 -0.12433706 -2.16171292 -0.04743445  0.14228587  0.02800532	  -31.88813414   -45.16709074 -1016.10511809   -45.45824093   -39.63744421     7.23494756	   6.44338244   21.76420510  -28.50261075   17.69084707    0.87511847  -25.18916893   17.55957182  -95.32311583   -5.37743729 -142.81301415  -10.88946792  -74.31730849	 0.01923835  0.12381535 -0.25177117  1.05219936 -0.69107305 -0.10588648  0.01199125  0.03528338 -0.36159458  0.82941309 -0.46558217 -0.04233324	 0.10320717  0.19025266 -1.38592451  1.75870265 -0.28708952 -0.38677401  0.01932485  0.04097581  0.29378550  0.00051858 -0.27186931 -0.06341240	 0.09391592  0.21935938 -1.44884889  1.88735655 -0.31923774 -0.39320045  0.03698679  0.05031136  0.29314646 -0.00048272 -0.28533546 -0.06207599	0.20347831 0.01950790 3.90790723	-0.03118053  0.00279361 -0.03555838	-0.03085148  0.00230177 -0.03851060	-0.00289972 -0.00384301 -0.99998841	0.35000000	0.00000000	0.00000000	-1.05355811	0.55114597	0.82483757	-0.90524268	-0.04482466	1.08896303	-0.35592672	0.64042842	-1.08993018	0.37020159	0.30758184	-0.23019242	-0.31410867	0.14851648	0.72083920	0.05939616	0.85682768	-0.48628101	0.79810381	-0.07033357	0.62058103	-0.11477280	0.02099626	0.33650830	
0.00846000	 8.35073926  2.70455073 -2.65450403 -0.12269907  0.11279685  0.00353428	  -31.09624701   -45.35758607 -1016.64228915   -47.78750734   -37.20128523    10.58458476	   8.95253972   24.97540081  -26.79501192   12.57689237   -3.41772755  -20.98900348   22.46807789  -99.27498865   -5.25042183 -142.33910814   -7.93004635  -75.82270736	 0.02010580  0.12575398 -0.26439837  1.06806304 -0.69335743 -0.10941992  0.01231194  0.03566631 -0.35914776  0.82940545 -0.46804988 -0.04265074	 0.10393363  0.25856081 -1.57614483  1.94603880 -0.29445683 -0.40291457  0.04980691  0.04576805  0.31215329 -0.02518680 -0.33213599 -0.01475121	 0.10673661  0.23143274 -1.50263957  1.86944886 -0.26460511 -0.41219040  0.03942126  0.04450439  0.28987652 -0.00330363 -0.29209738 -0.03174059	0.20308857 0.02271502 3.90790709	-0.03146945  0.00383341 -0.03912578	-0.03139285  0.00352950 -0.03777589	-0.00286974 -0.00357708 -0.99998948	0.35000000	0.00000000	0.00000000	-1.03333580	0.54787338	0.84814030	-0.89712733	-0.03470638	1.12469375	-0.31192258	0.65517777	-1.05641723	0.33283415	0.36583033	-0.21841902	-0.33571643	0.11150263	0.73995000	0.03850813	0.83825916	-0.54144514	0.80763453	-0.09292673	0.58957553	-0.12986323	-0.02133393	0.35567385	
0.00805300	 7.52904065  3.29289039 -5.12102303 -0.11733899  0.02475922 -0.05698119	  -17.52478287   -40.61906443 -1013.04340909   -50.58295484   -26.85031733     7.71455329	   5.76479414   16.68867928  -18.78074191    2.56433167   -3.31619954  -17.03432974   18.10816524  -96.80438709   -7.99193609 -140.58923110    1.63196043  -77.05198401	 0.02099372  0.12754384 -0.27638970  1.08240365 -0.69509693 -0.11240248  0.01263282  0.03592287 -0.35684132  0.82941864 -0.47033048 -0.04280341	 0.08579329  0.18075669 -1.40354559  1.62892364 -0.17928029 -0.31040180  0.03626088  0.00519596  0.27557583  0.00326876 -0.27833907 -0.00749424	 0.10619914  0.21770361 -1.48352745  1.76147741 -0.21021918 -0.35213225  0.04153735  0.02898410  0.28647122  0.00176385 -0.28293472 -0.01756868	0.20254964 0.02605566 3.90855899	-0.02713345  0.00473051 -0.03989391	-0.02870714  0.00442187 -0.03979434	-0.00283431 -0.00334123 -0.99999040	0.35000000	0.00000000	0.00000000	-1.05568790	0.58852762	0.80835772	-0.96428537	0.03498416	1.09303153	-0.38337937	0.70467496	-1.09530735	0.39061466	0.30675676	-0.24080282	-0.31433058	0.11749412	0.71887124	0.03510545	0.83840573	-0.47376528	0.83850878	-0.08827026	0.58090329	-0.11407663	-0.04151825	0.37373325	
0.00845900	 8.82352124  1.40268136 -3.10204127 -0.08595612  0.11286951  0.03154856	  -28.63231445   -39.56439139 -1006.54191113   -53.57587955   -30.44439581     7.92875834	   9.85678202   26.16185665  -30.27978956   13.06317077   -3.76218796  -24.20726639   19.08930872  -93.91917920   -2.93337211 -137.41131419   -2.55664321  -83.37859821	 0.02199665  0.12944527 -0.28925439  1.09690922 -0.69654876 -0.11526639  0.01296378  0.03616957 -0.35442539  0.82940382 -0.47275055 -0.04299715	 0.11579804  0.25107630 -1.60294064  1.74343570 -0.16267453 -0.37645355  0.03789533  0.03503193  0.31962418 -0.03144069 -0.30277594 -0.00739460	 0.12175020  0.23033884 -1.53118048  1.71079515 -0.16519513 -0.35216650  0.03960734  0.03073975  0.28732781 -0.00368257 -0.28785017 -0.02726946	0.20153711 0.02688732 3.90785011	-0.03281312  0.00699276 -0.03860646	-0.03079043  0.00628767 -0.03901926	-0.00278324 -0.00309225 -0.99999135	0.35000000	0.00000000	0.00000000	-1.03170621	0.57756507	0.84041405	-0.95430613	0.04387239	1.12011278	-0.31357110	0.66809249	-1.07342720	0.36202905	0.34589911	-0.22656026	-0.31293619	0.08045433	0.73283523	0.07080743	0.83008206	-0.52791840	0.84707773	-0.09998070	0.59692562	-0.13032059	-0.08065239	0.41913530	
0.00853700	 7.31597507  2.57602808 -4.82385417 -0.08761036  0.01481151 -0.05743803	  -16.70435992   -34.05620807 -1014.88114532   -56.39724587   -22.23414089     7.51854969	   5.96465024   13.68370727  -18.39929727    4.47585830   -4.42497553  -16.64721742   18.51706848  -99.92585802   -6.29001199 -137.26437861    5.35408243  -79.88345617	 0.02307447  0.13134905 -0.30227798  1.11082249 -0.69759615 -0.11804035  0.01329157  0.03641324 -0.35202768  0.82941281 -0.47515232 -0.04325731	 0.11185277  0.19636284 -1.41525569  1.43281011 -0.08898813 -0.24476203  0.02215849  0.00829058  0.25096580  0.01802591 -0.24716988 -0.00973096	 0.12209167  0.21606886 -1.51814113  1.60391721 -0.11494794 -0.30363879  0.03858660  0.02269336  0.28044493  0.00013082 -0.28090431 -0.02294657	0.20111989 0.03079351 3.90847762	-0.02628689  0.00624022 -0.03990656	-0.02858969  0.00656693 -0.03941071	-0.00272401 -0.00283454 -0.99999227	0.35000000	0.00000000	0.00000000	-1.04899144	0.58818358	0.80504769	-1.00825369	0.11296509	1.08929777	-0.39149210	0.73616296	-1.10950625	0.41647279	0.30070019	-0.24195763	-0.29922789	0.09644866	0.71360028	0.05446333	0.83568048	-0.47114936	0.87196922	-0.09847309	0.57084376	-0.11164989	-0.10914260	0.42526570	
0.00845700	 8.49516859 -0.58839310 -2.87141899 -0.02880218  0.11554839  0.02391374	  -30.96692377   -29.25378478 -1009.91597997   -57.81491817   -29.36034628     7.98239191	   7.11449226   22.70152724  -30.03162050   13.83490556   -2.19547463  -26.54400268   19.00052458  -93.10145092   -1.93648074 -139.80396119   -1.46866704  -83.51650596	 0.02412792  0.13317625 -0.31535946  1.12401634 -0.69825180 -0.12059832  0.01361269  0.03657732 -0.34961612  0.82939546 -0.47756351 -0.04337036	 0.15368629  0.23170905 -1.58931205  1.53878881 -0.07964581 -0.33609273  0.02453986  0.02994346  0.30726506  0.01053711 -0.32033715 -0.02184516	 0.12553255  0.22071113 -1.55461419  1.55298078 -0.06893380 -0.32342468  0.03584910  0.02143764  0.28624768 -0.00126935 -0.28849922 -0.01166146	0.20072026 0.03127158 3.90791340	-0.03189074  0.00686503 -0.03585124	-0.02995109  0.00667195 -0.03722866	-0.00266789 -0.00259293 -0.99999308	0.35000000	0.00000000	0.00000000	-1.01764905	0.57955706	0.84470457	-0.99245733	0.12643652	1.10581851	-0.34095877	0.68443978	-1.09683228	0.40567395	0.33096248	-0.23443723	-0.29372758	0.06619519	0.74291611	0.10789856	0.82955182	-0.51200581	0.87652123	-0.10801496	0.58405423	-0.12792036	-0.14008787	0.45989639	
0.00851800	 7.72205834  1.83002777 -4.63583149 -0.06807630  0.00975910 -0.08064205	  -14.14613784   -29.63338912 -1025.37478149   -59.88019099   -17.47473139     8.53269484	   3.60564632   13.50450143  -19.58752207    4.36057717   -2.64486560  -17.91702884   19.59102530 -100.66916251   -6.10212801 -139.42435750   11.42586122  -80.25056702	 0.02507492  0.13496468 -0.32859288  1.13660112 -0.69851515 -0.12334209  0.01391676  0.03669364 -0.34716685  0.82929321 -0.47994873 -0.04341982	 0.11995555  0.20044185 -1.47485190  1.32351510 -0.01222760 -0.26068587  0.02629728 -0.00754126  0.28227719 -0.04724510 -0.28317695 -0.02097187	 0.10861869  0.20808605 -1.55171764  1.45692757 -0.02776741 -0.30360537  0.03392266  0.01059410  0.28800177 -0.01591853 -0.28043325 -0.00701408	0.19992578 0.03448569 3.90975347	-0.02747798  0.00764297 -0.03718327	-0.02868514  0.00738900 -0.03666221	-0.00260547 -0.00234034 -0.99999387	0.35000000	0.00000000	0.00000000	-1.03944218	0.59252346	0.81930506	-1.03674877	0.17398570	1.08423996	-0.39248842	0.74638665	-1.11877346	0.44187999	0.30875939	-0.23784330	-0.28781098	0.07265418	0.71502215	0.07184843	0.81018531	-0.47453237	0.90463889	-0.11186938	0.55427897	-0.12235346	-0.16938552	0.47165093	
0.00848400	 8.45355195  0.43994273 -3.68523242 -0.04503914  0.04358803 -0.02225534	 -21.65832348  -25.51270583 -999.29634182  -61.33988199  -19.49026757    7.29682731	   6.26006063   20.28855157  -25.77447549   10.54562315   -1.22195706  -23.59204429   18.10206684  -92.56846070   -3.98220646 -132.01003626    6.77049849  -84.45895469	 0.02586057  0.13661987 -0.34181562  1.14838989 -0.69861734 -0.12577522  0.01424656  0.03677049 -0.34472497  0.82918769 -0.48230119 -0.04343257	 0.08213645  0.20341463 -1.59603106  1.37744808 -0.00547853 -0.30558429  0.03380676  0.00943965  0.31336355  0.01470388 -0.28165807 -0.02308881	 0.09361498  0.19827801 -1.56847374  1.38483657 -0.01000069 -0.29542300  0.03876121  0.00903997  0.28910976 -0.01092186 -0.28080012 -0.00240116	0.19897486 0.03520243 3.90869735	-0.03106959  0.00902128 -0.03554343	-0.02983882  0.00861252 -0.03614092	-0.00253358 -0.00209481 -0.99999460	0.35000000	0.00000000	0.00000000	-1.01993465	0.60146171	0.83935678	-1.04312336	0.20318560	1.09907210	-0.35887399	0.72307664	-1.10160482	0.43062350	0.32580709	-0.24005672	-0.26737934	0.05172540	0.72878492	0.10089795	0.79773474	-0.50817150	0.92305613	-0.11911230	0.56228566	-0.13052686	-0.18275814	0.50327921	
0.00803800	 8.63319444  1.71891590 -5.27582627 -0.05531961 -0.00026617 -0.04516790	  -17.10363713   -24.03884791 -1014.09703538   -63.31429844   -15.28005114     6.78361032	   7.59415981   14.21495599  -21.68725266    1.88638781    0.48931819  -17.98862451   17.82646262  -98.22310615   -3.84625959 -135.59180209   12.68563414  -82.52404118	 0.02657341  0.13814597 -0.35430428  1.15881153 -0.69866179 -0.12795926  0.01453430  0.03682865 -0.34246091  0.82908328 -0.48450632 -0.04343421	 0.09048019  0.17152335 -1.57609724  1.25161352  0.00094828 -0.22069059  0.05379009 -0.02149310  0.26560521 -0.02597108 -0.28262473  0.02344736	 0.08899096  0.18476446 -1.55389282  1.28082620 -0.00482353 -0.25656892  0.03798197  0.00279634  0.28265349 -0.01346848 -0.27358489  0.00092129	0.19849015 0.03722561 3.90963367	-0.02944592  0.00927793 -0.03691433	-0.02989368  0.00920643 -0.03640238	-0.00245930 -0.00185262 -0.99999526	0.35000000	0.00000000	0.00000000	-1.00989091	0.61211038	0.82444656	-1.05695784	0.24685457	1.09569287	-0.39076757	0.75596786	-1.10335708	0.46034080	0.31562981	-0.23455390	-0.25936180	0.04417862	0.72234815	0.08700708	0.80554104	-0.49232745	0.94493425	-0.12999411	0.52074724	-0.12870845	-0.21395579	0.49966565	
0.00848000	 8.44064531  1.04358197 -5.65990950 -0.05447143 -0.01578196 -0.03929937	 -18.61857880  -23.70259816 -998.26078306  -64.03934512  -15.82640996    4.31401266	   5.83739008   18.86302900  -21.07139860    1.68575852    5.46927727  -22.20312691   14.53245085  -93.77685165   -4.58886482 -132.12409651    9.78632659  -88.76275873	 0.02728962  0.13967498 -0.36744099  1.16887684 -0.69867307 -0.12987202  0.01481936  0.03687824 -0.34000376  0.82892982 -0.48684904 -0.04343583	 0.08072379  0.14293004 -1.46758660  1.10897030 -0.00493693 -0.21597948  0.04182563  0.02288604  0.31108369 -0.02751408 -0.27129358  0.01443651	 0.08289595  0.17637421 -1.53646214  1.16069019 -0.00069158 -0.22598849  0.03281306  0.00616220  0.29071851 -0.01806080 -0.27357703  0.00147086	0.19838287 0.03762247 3.90935943	-0.03089425  0.00903280 -0.03012402	-0.03041833  0.00912471 -0.03238626	-0.00238075 -0.00159767 -0.99999589	0.35000000	0.00000000	0.00000000	-0.99695259	0.60988039	0.82502335	-1.07119453	0.28310296	1.07994175	-0.40270334	0.74909061	-1.10655713	0.45753452	0.31190374	-0.24679714	-0.21890296	0.04010047	0.69624180	0.11292025	0.80845523	-0.48304465	0.96039498	-0.11734718	0.54103673	-0.12066375	-0.22627169	0.53594542	
0.00848200	 8.64973979  1.33106491 -4.44511547 -0.05277992  0.02033102 -0.05151094	  -17.87096480   -22.94465480 -1009.66665312   -64.93946213   -12.21517888     6.20551972	   5.69914015   16.21938384  -25.07255223    6.01474690    9.03040148  -19.80855060   17.17273499 -100.41775751   -3.63562334 -131.95453492   15.52393779  -83.38126969	 0.02786329  0.14116731 -0.38053857  1.17801512 -0.69867835 -0.13167075  0.01506355  0.03689427 -0.33755599  0.82879449 -0.48922157 -0.04343839	 0.05450071  0.18120691 -1.50678772  0.98545909  0.01772422 -0.17504302  0.04430987 -0.02515957  0.31316381  0.00551311 -0.27413142  0.01693810	 0.06525699  0.17519044 -1.54668225  1.06210509  0.00166128 -0.20080571  0.02929065 -0.00021434  0.29293251 -0.01577189 -0.27762889  0.00084102	0.19742163 0.03857218 3.90967894	-0.03159456  0.01109267 -0.02625426	-0.03134462  0.01037023 -0.02731663	-0.00229616 -0.00133234 -0.99999648	0.35000000	0.00000000	0.00000000	-0.99976528	0.59391344	0.82809347	-1.08674693	0.32028398	1.08612549	-0.41239309	0.75552082	-1.11765945	0.49026966	0.30668849	-0.23425981	-0.22603805	0.03548044	0.69411957	0.10645031	0.78668123	-0.48849317	0.98526037	-0.13069162	0.50951844	-0.12491709	-0.25914547	0.55543488	
0.00801000	 7.84126000 -1.00804787 -5.20037797  0.01638615  0.01007387 -0.00284760	  -16.80879103   -18.67991138 -1004.91711319   -65.03644397   -10.49853674     4.84756808	   7.87467401   13.75879654  -22.53189238    3.53331412   13.39191936  -23.01683503   15.42002177  -94.31190228   -4.46946252 -129.97933656   15.99910060  -89.11357355	 0.02835893  0.14246664 -0.39283450  1.18584309 -0.69860277 -0.13321853  0.01526751  0.03691814 -0.33529111  0.82864660 -0.49142579 -0.04344411	 0.04645719  0.16379360 -1.68727342  1.00306859  0.04270109 -0.24063399  0.00402795  0.03554195  0.28485177 -0.01701556 -0.26433387  0.01462226	 0.05978549  0.16352722 -1.54576396  0.96606165  0.01431554 -0.19942305  0.02454534  0.00474642  0.28389104 -0.01588344 -0.27491787  0.00010824	0.19664743 0.03939426 3.90984706	-0.03291943  0.01245368 -0.02402292	-0.03245150  0.01202017 -0.02477328	-0.00220088 -0.00107481 -0.99999700	0.35000000	0.00000000	0.00000000	-0.98191833	0.60442245	0.86320966	-1.08714592	0.35462552	1.10833216	-0.37539569	0.75128388	-1.09567249	0.47341231	0.35558125	-0.22635922	-0.20548542	0.02720452	0.69528681	0.10759655	0.78012055	-0.51212466	0.98281240	-0.14393882	0.50350773	-0.13840982	-0.26442239	0.61047345	
0.00801000	 4.58074265  0.52889523 -6.33840575 -0.00672773 -0.07820284 -0.06517512	  -11.21890979   -13.14679844 -1011.68422250   -65.48317302   -10.76267083     5.64271738	   5.32126918    8.73144412   -9.44391437    0.45050269   17.50984097  -16.41915217   16.58834260 -100.08976460   -8.31624800 -138.00635162   15.62811680  -81.25865996	 0.02876484  0.14363374 -0.40490892  1.19270411 -0.69821761 -0.13442492  0.01548517  0.03690912 -0.33296190  0.82844494 -0.49361675 -0.04344045	 0.01989556  0.11281830 -1.42557627  0.75716833  0.07382103 -0.07273250  0.04322591  0.00292396  0.26802044 -0.00479422 -0.24111142  0.02167521	 0.04497568  0.14199220 -1.50237049  0.83793646  0.05663090 -0.13160506  0.02915029  0.00002819  0.29162912 -0.02659523 -0.27090855  0.00199590	0.19790544 0.04057153 3.91088568	-0.03465191  0.00801430 -0.02663681	-0.03406990  0.00957276 -0.02571624	-0.00211699 -0.00080468 -0.99999744	0.35000000	0.00000000	0.00000000	-0.97203249	0.57563072	0.84743530	-1.10038352	0.41245845	1.06727993	-0.46547991	0.79752427	-1.13610089	0.52619982	0.31136960	-0.24206790	-0.18664043	0.03424563	0.69490814	0.09939303	0.78613412	-0.46775895	1.00396907	-0.11815913	0.46920592	-0.10932572	-0.28211677	0.60164332	
0.00801600	 6.59766160 -2.36246110 -5.75374576  0.04094831  0.01938320  0.02012494	  -21.06755716   -19.76112461 -1001.45698385   -64.70786211   -14.65557622     2.81225778	   6.68714122   15.73648137  -23.04091240    2.24350544   19.43251723  -26.75987312   12.75918963  -95.14678454   -7.04606161 -133.16987133   11.28484203  -85.78992569	 0.02904638  0.14467364 -0.41670714  1.19853225 -0.69734689 -0.13548537  0.01566230  0.03691460 -0.33053877  0.82815884 -0.49580911 -0.04343584	 0.03551860  0.14833839 -1.48336183  0.71205504  0.16008443 -0.17989486  0.00226906 -0.01446272  0.31168879 -0.04375950 -0.26335691  0.02263894	 0.03369247  0.12974090 -1.46597265  0.71093830  0.11979181 -0.14936714  0.02118754  0.00128570  0.30150762 -0.03361277 -0.27287122  0.00296065	0.19783323 0.04052719 3.91109481	-0.03670187  0.01048137 -0.01753716	-0.03601622  0.00957352 -0.02073137	-0.00204596 -0.00051931 -0.99999777	0.35000000	0.00000000	0.00000000	-0.95918363	0.58312094	0.86579072	-1.10690880	0.44616455	1.05431056	-0.42823678	0.73589212	-1.12362063	0.54165649	0.32285061	-0.23746806	-0.17983694	0.01764660	0.67867285	0.14916763	0.76046228	-0.49802274	1.00661123	-0.11023006	0.49356174	-0.13005053	-0.30733755	0.64641726	
0.00844900	 5.43047978 -0.43351935 -6.60330632  0.01979747 -0.04323099 -0.02073667	 -15.70595225  -13.38746669 -994.66934967  -64.43176209   -9.43549739    6.47397544	   8.37518233    9.12343344  -14.74041390   -0.13454758   17.27629043  -18.63975947   18.21312826  -99.16842794   -8.12248796 -129.83842999   17.14095117  -87.15069854	 0.02925224  0.14569391 -0.42907697  1.20363964 -0.69588429 -0.13687559  0.01583686  0.03690647 -0.32801024  0.82786218 -0.49814936 -0.04344199	 0.03394655  0.12353333 -1.53370986  0.56178812  0.21684566 -0.15250187  0.05047317 -0.00333547  0.28385844 -0.03819391 -0.29044306 -0.01145246	 0.02616917  0.11779667 -1.46009412  0.58155610  0.18431736 -0.15044435  0.02446116 -0.00113764  0.29845626 -0.03419171 -0.27713275  0.00166273	0.19831645 0.04179110 3.91086314	-0.03872273  0.00995282 -0.02320049	-0.03809635  0.01025596 -0.02082683	-0.00195622 -0.00019838 -0.99999807	0.35000000	0.00000000	0.00000000	-0.95067978	0.58649200	0.84501874	-1.12522495	0.49528357	1.05430782	-0.44009316	0.78823209	-1.13416576	0.55145580	0.33028463	-0.22793332	-0.18419935	0.00026534	0.66928476	0.12591973	0.76282078	-0.48500296	1.01059103	-0.10488273	0.46842819	-0.13292922	-0.33057651	0.67515558	
0.00803000	 3.35133855 -0.49297842 -6.45097667  0.01565396 -0.07552527 -0.00985317	   -8.62488372   -15.17646655 -1001.79572488   -65.00764879    -5.31549554    -0.01253007	   5.56811935   11.15700957  -10.07294804    1.45068204   21.59563802  -19.98284242    9.23771146  -99.86571193  -10.02099575 -133.18751049   20.44180070  -84.99929619	 0.02939607  0.14647809 -0.44035938  1.20734503 -0.69397686 -0.13766574  0.01599023  0.03690974 -0.32556074  0.82756839 -0.50032978 -0.04344665	 0.01530811  0.08572474 -1.33596725  0.37504302  0.24611474 -0.07091450 -0.01029175 -0.00893798  0.29827423 -0.02984719 -0.24367134 -0.00423117	 0.01440328  0.09554142 -1.40387996  0.44084692  0.24912159 -0.09274849  0.01657764 -0.00054039  0.30833575 -0.03712008 -0.27075591  0.00016273	0.19927778 0.04187018 3.91114769	-0.04092922  0.00735938 -0.01608687	-0.04019492  0.00823666 -0.01858112	-0.00188686  0.00012030 -0.99999821	0.35000000	0.00000000	0.00000000	-0.94024539	0.57149851	0.84133917	-1.14637899	0.53986722	1.03634083	-0.47060138	0.78877735	-1.15499926	0.59563076	0.30049482	-0.25473693	-0.15461925	0.01955817	0.64744759	0.13085613	0.74428880	-0.45254800	1.02878737	-0.08751301	0.45592892	-0.11379088	-0.34745330	0.69989264	
0.00851000	 3.74351803 -2.17918159 -6.29395119  0.05110771 -0.02056245  0.02822026	 -14.76663684  -16.04115055 -984.61170713  -63.81372840   -8.05133825    5.00399139	   9.04011683   11.96548674  -15.82566978    2.61600351   24.45307548  -23.77349964   16.74929284 -101.22561240  -10.32130227 -127.85202628   16.31662287  -86.64672875	 0.02950564  0.14720123 -0.45197797  1.21014286 -0.69114529 -0.13840204  0.01615184  0.03691875 -0.32294991  0.82723052 -0.50265593 -0.04344754	-0.00767185  0.06886915 -1.24983357  0.23706869  0.37015165 -0.08934490  0.02665113  0.00957402  0.28705563 -0.02162769 -0.25643768 -0.00702595	 0.01146170  0.08196808 -1.35068403  0.30571739  0.34879847 -0.09227923  0.01857498  0.00201947  0.30509689 -0.03709778 -0.27279448  0.00058789	0.19963423 0.04292662 3.90992976	-0.04300456  0.00838385 -0.02105748	-0.04236723  0.00800766 -0.01931864	-0.00182173  0.00047740 -0.99999823	0.35000000	0.00000000	0.00000000	-0.92726374	0.55352062	0.84127176	-1.15954626	0.59299982	0.99179327	-0.48501372	0.77078205	-1.17324936	0.60971844	0.30768442	-0.25870946	-0.14703131	0.01711532	0.61774713	0.15683123	0.73207724	-0.44666851	1.03430486	-0.06343311	0.47692889	-0.12713894	-0.36102626	0.72831041	
0.00801000	 5.29467152 -1.20193958 -5.26834839  0.03716915 -0.00888234  0.01470535	  -16.81981308   -16.21002935 -1002.61633870   -65.04479806    -5.64418261     2.30074028	   9.01307346   10.87163627  -18.34377281    3.54213693   16.98378204  -20.51370139   12.40304826 -105.79302335   -6.05150671 -130.95424467   21.39330398  -84.17269075	 0.02964579  0.14776651 -0.46267747  1.21176387 -0.68779472 -0.13915302  0.01632888  0.03691439 -0.32049381  0.82693669 -0.50486291 -0.04345695	 0.00426235  0.06973614 -1.20296126  0.12312624  0.42743353 -0.08120188  0.02043994  0.01588262  0.28461318 -0.02406789 -0.26610790 -0.02202550	 0.01612744  0.06718931 -1.32234676  0.18640904  0.42289668 -0.08631595  0.02239143  0.00165538  0.30776310 -0.03808381 -0.27549477 -0.00257207	0.20020264 0.04329762 3.90990196	-0.04531344  0.00827971 -0.01782119	-0.04453866  0.00838170 -0.01923030	-0.00175397  0.00083066 -0.99999812	0.35000000	0.00000000	0.00000000	-0.90112436	0.52205712	0.82261664	-1.14733946	0.62774259	0.98420072	-0.47916216	0.78026712	-1.17953086	0.63841546	0.30343285	-0.26982456	-0.15258034	0.02636041	0.59957856	0.14538839	0.71322680	-0.43188399	1.03330696	-0.05626185	0.48049432	-0.13725710	-0.40818518	0.74142396	
0.00846000	 3.01848878 -2.08144998 -2.74021004  0.06739865 -0.00586058  0.02547139	  -12.94741308   -17.42020187 -1006.59988336   -65.41638853    -1.95614824     2.66936185	   9.18631727    8.51788452  -15.55795076    4.41156321   18.98527940  -20.42260145   13.46337920 -108.06404829   -7.96458829 -128.93293300   24.14850591  -83.12238348	 0.02978941  0.14819193 -0.47381803  1.21258438 -0.68375352 -0.13963044  0.01646391  0.03688874 -0.31784928  0.82655976 -0.50717334 -0.04345181	 0.02212044  0.03414557 -1.34719543  0.07990644  0.51703173 -0.06015785  0.01094067 -0.00335387  0.30769186 -0.03436711 -0.27423991  0.01398557	 0.01697254  0.04551762 -1.31284878  0.08402991  0.49105392 -0.04939726  0.01479793 -0.00343370  0.31290503 -0.04430306 -0.27348203 -0.00119774	0.20092326 0.04488381 3.90944873	-0.04454395  0.00628962 -0.01699317	-0.04474031  0.00710453 -0.01716062	-0.00169028  0.00121280 -0.99999784	0.35000000	0.00000000	0.00000000	-0.89418030	0.51526845	0.84793854	-1.17871892	0.66533941	0.98958242	-0.46990082	0.78929126	-1.17376041	0.66677487	0.31321576	-0.26504478	-0.14903721	0.01372530	0.59602535	0.12856165	0.69828594	-0.43562263	1.03121567	-0.05566194	0.43879691	-0.13847776	-0.42703190	0.76752537	
0.00801200	-0.03938461 -2.16585799 -1.54110215  0.06245163 -0.07327194  0.01631762	   -3.50546653   -18.64350811 -1005.76173971   -65.49833402     2.18637736     1.09822502	   7.45965873   10.27720529   -6.53463973    1.24972061   18.64510520  -19.80134131   11.64638711 -108.76727843  -13.13733299 -128.94999510   26.26147655  -86.57248139	 0.02988067  0.14840325 -0.48410701  1.21284436 -0.67947655 -0.13981407  0.01661748  0.03683284 -0.31529753  0.82620727 -0.50935807 -0.04344810	 0.00595634 -0.00783899 -1.32654127  0.01201847  0.59579888  0.01366041  0.03858240 -0.01437609  0.33699263 -0.06145276 -0.26946829  0.00680014	 0.00874395  0.02232866 -1.27989265  0.02627926  0.54271654 -0.01894045  0.01978734 -0.00712290  0.31754159 -0.04357252 -0.27264383  0.00125302	0.20227473 0.04646990 3.90807806	-0.04464888  0.00105633 -0.01799918	-0.04454272  0.00279657 -0.01758407	-0.00166151  0.00156863 -0.99999739	0.35000000	0.00000000	0.00000000	-0.87848258	0.51470625	0.85862744	-1.21021175	0.70545393	0.98333037	-0.47805429	0.81060773	-1.17318666	0.68211037	0.30505466	-0.26746610	-0.13426286	-0.00845224	0.57977468	0.12315931	0.69127399	-0.41409498	1.02845395	-0.02551620	0.41262013	-0.12537014	-0.44486973	0.78882426	
0.00851800	-0.43750031 -1.05833296 -1.81234220  0.01830213 -0.09575044  0.01623186	   1.37589624  -23.00203576 -993.21366375  -64.78018749    5.22654149   -1.76841596	   7.87831494   12.85126311   -6.86571241    0.28550161   18.03863235  -21.98176262    8.48977924 -110.96186066  -16.08622877 -125.34815267   27.16530740  -87.32199979	 0.02992701  0.14850125 -0.49474251  1.21261370 -0.67447819 -0.13993531  0.01675329  0.03675386 -0.31255573  0.82590736 -0.51171321 -0.04345062	-0.00283719  0.00768588 -1.14395426 -0.03189711  0.58235769 -0.03559940  0.01359170  0.00635360  0.33076267 -0.01611039 -0.26952834  0.00840730	 0.00500378  0.01000072 -1.23898137 -0.03520631  0.59616807 -0.01481196  0.01422297 -0.00903641  0.32123570 -0.03285865 -0.27675608 -0.00015961	0.20300933 0.04748900 3.90578238	-0.04556557 -0.00100852 -0.01553546	-0.04517816 -0.00042755 -0.01634556	-0.00166396  0.00195101 -0.99999671	0.35000000	0.00000000	0.00000000	-0.84510440	0.48750567	0.84541035	-1.19743085	0.73184741	0.96182245	-0.49493319	0.80125415	-1.16709423	0.68454015	0.32772070	-0.26179624	-0.12334256	0.00244367	0.55108845	0.14736977	0.66483992	-0.41192955	1.03149819	0.01184828	0.43235117	-0.13670799	-0.46805355	0.80521715	
0.00846800	 0.87331806 -0.40630896 -1.08018950 -0.00491366 -0.03053351  0.00590536	   -3.14639154   -25.06095026 -1014.05092696   -66.15577194     6.27524072     1.42341998	   8.66379962    6.95109098  -13.46422605   -0.13059427   18.66957490  -18.09899993   12.78928965 -113.82742548  -11.71063083 -128.65650290   31.01558894  -84.93607116	 0.02993150  0.14854515 -0.50518134  1.21187773 -0.66902947 -0.13999628  0.01688856  0.03665814 -0.30985675  0.82565752 -0.51411351 -0.04344743	-0.02584158  0.01255872 -1.23535487 -0.12819506  0.68173647  0.00070906  0.00104448 -0.02079303  0.30911464 -0.05979867 -0.29400127 -0.00412495	-0.00109521  0.00642293 -1.23288744 -0.09548327  0.65469116 -0.00797924  0.01427293 -0.01114302  0.31941732 -0.03115204 -0.28306885  0.00078689	0.20339296 0.04841853 3.90519525	-0.04835339 -0.00115106 -0.01691035	-0.04742184 -0.00110496 -0.01640830	-0.00167401  0.00234966 -0.99999584	0.35000000	0.00000000	0.00000000	-0.82710546	0.47869948	0.84986442	-1.21068907	0.77983910	0.96289754	-0.46940336	0.80640030	-1.18287575	0.71821135	0.32534391	-0.26766992	-0.13196118	0.00467742	0.53178513	0.12162764	0.63223988	-0.42373025	1.03632486	0.00218315	0.40719679	-0.15432414	-0.49425521	0.82736748	
0.00804200	-0.54066798  0.25095122 -3.06278061 -0.02704221 -0.12825457 -0.00594105	   3.10183852  -26.32773243 -989.53787656  -64.63205678    8.12222965   -0.52797382	  10.26960406    6.55696908   -3.03199927   -5.67448735   17.08839771  -20.09531297   10.46035783 -112.30030656  -16.86974278 -124.16376230   29.43636185  -86.95668972	 0.02994666  0.14856112 -0.51472591  1.21064716 -0.66348254 -0.14002324  0.01703897  0.03657823 -0.30727928  0.82545077 -0.51639906 -0.04345191	 0.00419007  0.00448722 -1.08531839 -0.17845744  0.66372251 -0.00195566  0.01275198 -0.03172666  0.30853485 -0.01616546 -0.28272544  0.00658449	-0.00050452  0.00311421 -1.17793027 -0.16544785  0.69252477 -0.00525723  0.01700406 -0.01182271  0.31964027 -0.02451723 -0.28705251  0.00012054	0.20455855 0.04937499 3.90336010	-0.05018874 -0.00347786 -0.02097787	-0.04960352 -0.00268395 -0.01962639	-0.00169242  0.00274464 -0.99999480	0.35000000	0.00000000	0.00000000	-0.79259950	0.47730803	0.83081335	-1.20803237	0.81334573	0.94879037	-0.49719334	0.82008833	-1.15800762	0.74335027	0.34283227	-0.25575930	-0.11400008	-0.00842682	0.52523971	0.15305525	0.62268358	-0.42779836	1.03397882	0.05167580	0.39830101	-0.14715043	-0.50466633	0.83953780	
0.00846200	 0.35937136  0.28889394 -3.30160198 -0.02895487 -0.08308763 -0.00006574	  -1.23204650  -26.71400189 -995.52453409  -65.00167478    7.65771736   -1.06060942	   7.62570379    4.35638970   -8.86549954   -7.66451169   19.55061986  -18.72752006    9.83941409 -112.69762754  -14.60135192 -125.68167749   30.26085225  -88.15000033	 0.02997557  0.14855788 -0.52444415  1.20852067 -0.65712053 -0.14002817  0.01723001  0.03648581 -0.30456616  0.82530424 -0.51888177 -0.04345181	 0.00532158 -0.01927629 -1.16648211 -0.33069680  0.80578831 -0.01682341  0.01828764 -0.01693894  0.32869483  0.00318477 -0.33060969 -0.01141286	 0.00227660 -0.00200076 -1.14221103 -0.26720269  0.76374623 -0.00243799  0.02168094 -0.01217400  0.32167638 -0.01564388 -0.29674517 -0.00177932	0.20553203 0.04978750 3.90210509	-0.05284750 -0.00355021 -0.02027614	-0.05199668 -0.00355914 -0.02057393	-0.00172406  0.00318245 -0.99999345	0.35000000	0.00000000	0.00000000	-0.77650535	0.45923901	0.84289867	-1.22012544	0.86664689	0.93933237	-0.48332429	0.80859846	-1.17635477	0.77130735	0.33739367	-0.25884154	-0.11945602	-0.01938318	0.50327063	0.14260423	0.61372626	-0.41473752	1.02606654	0.06323308	0.39364526	-0.16380654	-0.53372777	0.88110590	
0.00803300	-1.58189147  0.96127290 -2.98422705 -0.05266079 -0.16569933 -0.01728080	   11.64246647   -31.36207092 -1004.28366100   -65.79803257    15.18443596    -3.25103804	   8.07181151    2.99010964    0.61373217   -5.66686442   16.13805556  -16.43739244    7.66753170 -117.71690512  -19.53489179 -127.11895898   37.82149440  -86.42961657	 0.02997159  0.14855670 -0.53318570  1.20577072 -0.65071579 -0.14002602  0.01738777  0.03639094 -0.30199885  0.82516949 -0.52122801 -0.04344891	-0.01301528 -0.03323966 -0.97141133 -0.34927134  0.77044664  0.01939328  0.00279206 -0.02827953  0.30430690 -0.01829465 -0.24658529 -0.00995945	-0.00234140 -0.00321557 -1.07533960 -0.35535035  0.80102619  0.00124162  0.01913258 -0.01447798  0.31950073 -0.01786283 -0.28958051  0.00026145	0.20649946 0.05083928 3.90177644	-0.05306508 -0.00471604 -0.02223508	-0.05302437 -0.00431397 -0.02153210	-0.00175736  0.00360703 -0.99999195	0.35000000	0.00000000	0.00000000	-0.73737091	0.43224937	0.82307118	-1.20973885	0.88668835	0.93738818	-0.51002818	0.83950561	-1.15902472	0.79403985	0.35755861	-0.25205949	-0.10233171	-0.00343063	0.47426683	0.13644910	0.57928151	-0.40720165	1.02872825	0.09838139	0.37683168	-0.15963452	-0.55038285	0.88057739	
0.00846200	-0.11835975  1.30675913 -3.75415791 -0.06498210 -0.10953528 -0.01511167	  -2.90563229  -33.34931996 -988.33237975  -64.51144149    6.68251066   -1.91665453	   8.31892095    1.66595116   -6.32227912   -9.76389420   18.51367606  -17.63989370    9.58378723 -116.75488567  -16.51995195 -123.89923519   27.59501088  -86.59510982	 0.02998563  0.14855630 -0.54196118  1.20196501 -0.64353663 -0.14003973  0.01757855  0.03626287 -0.29925280  0.82505590 -0.52377974 -0.04344742	 0.00379101 -0.00582822 -1.05199821 -0.49210670  0.87944332 -0.01167175  0.00468135 -0.04850411  0.35406527  0.01008717 -0.30557154 -0.00202870	 0.00106490 -0.00249443 -1.03203333 -0.46683326  0.86017961 -0.00241662  0.02020590 -0.01815962  0.32706432 -0.01002184 -0.30552865 -0.00002442	0.20813292 0.05199769 3.90018119	-0.05222288 -0.00515841 -0.02212124	-0.05246694 -0.00501629 -0.02223444	-0.00180044  0.00405404 -0.99999016	0.35000000	0.00000000	0.00000000	-0.72278446	0.40704238	0.83802164	-1.21638286	0.94280756	0.91884184	-0.49505687	0.81404692	-1.16063809	0.82488441	0.35855362	-0.24328268	-0.11082034	-0.02739360	0.47088757	0.14813927	0.57076848	-0.43813983	1.01791632	0.12841931	0.37486404	-0.17880942	-0.57092178	0.91602433	
0.00803600	-1.62722306 -0.12219920 -4.12997545 -0.01289475 -0.17972480 -0.00427178	   9.89242445  -31.18866605 -997.16249350  -65.33493956   14.91213605   -3.35124473	   7.81500740   -3.42464814    1.74971760   -9.67063726   16.67107134  -14.53610000    7.78250325 -115.94392633  -21.84474965 -125.54636067   37.28864899  -88.04016292	 0.02998259  0.14852427 -0.54969623  1.19748059 -0.63637140 -0.14004244  0.01777940  0.03610246 -0.29669403  0.82500773 -0.52624216 -0.04343679	 0.01088214  0.00581690 -0.92353729 -0.60066515  0.88622555 -0.00085952  0.02678653 -0.01830216  0.30904684 -0.00910741 -0.30845102  0.02782126	 0.00070215 -0.00589830 -0.95274212 -0.57305010  0.89523240 -0.00234264  0.02582297 -0.02161049  0.31791743 -0.00603019 -0.30734644  0.00224275	0.20924774 0.05420576 3.89984953	-0.04838727 -0.00478380 -0.02498824	-0.04969509 -0.00492792 -0.02399455	-0.00184142  0.00445677 -0.99998837	0.35000000	0.00000000	0.00000000	-0.68624216	0.38110065	0.81477249	-1.19917297	0.96454024	0.92297584	-0.52393818	0.84169191	-1.15104616	0.84623951	0.37657201	-0.21995720	-0.10266879	-0.02480482	0.44875857	0.14851069	0.54634416	-0.42139071	1.01549351	0.16560793	0.37911487	-0.17884631	-0.59085727	0.94922388	
0.00844900	-2.71753066 -2.67983884 -3.02209748  0.07619434 -0.17837026  0.04560841	   10.19847167   -29.95290313 -1013.58119345   -66.42464928    15.84191929    -5.59669482	   5.08158117  -11.01147559    2.40490011   -4.62725750   17.42656557  -14.34119944    5.02313709 -116.42416859  -21.25435737 -129.98042178   37.73996401  -85.98380589	 0.02998447  0.14826582 -0.55727295  1.19176779 -0.62839318 -0.14003611  0.01797556  0.03579523 -0.29394178  0.82494921 -0.52884409 -0.04344747	-0.00055413 -0.05370245 -0.90513824 -0.77815593  1.01176310 -0.00081351  0.02959088 -0.05195215  0.32674938 -0.01878765 -0.33088186 -0.02240144	 0.00148846 -0.03750902 -0.89108960 -0.69757704  0.95624904 -0.00005701  0.02341795 -0.03902571  0.32747349 -0.01010617 -0.31010274 -0.00128920	0.21103667 0.05811949 3.90061412	-0.03832084 -0.00637224 -0.02295782	-0.04156135 -0.00581008 -0.02370424	-0.00188885  0.00482499 -0.99998658	0.35000000	0.00000000	0.00000000	-0.67251545	0.35930601	0.81776047	-1.22062719	1.01530957	0.90227628	-0.54475433	0.85461944	-1.18069506	0.91591835	0.35336703	-0.22050396	-0.10024098	-0.01425806	0.43471241	0.14653301	0.53450507	-0.39359060	1.00769794	0.20034634	0.37439829	-0.19325630	-0.60261714	0.96722949	
0.00800300	-4.36666206 -0.87565219 -3.43444432  0.01432831 -0.25415408  0.01467045	   19.27227293   -30.36970285 -1000.20280659   -65.65804639    19.05715178    -7.72751472	   7.22652749   -3.88242030    9.25951340   -4.28833994   15.12614384  -12.77583203    2.93995355 -114.66584778  -27.72364181 -128.48897395   39.05164200  -85.05764329	 0.02997967  0.14782942 -0.56378523  1.18558206 -0.62058005 -0.14003080  0.01814780  0.03539435 -0.29129947  0.82488272 -0.53132452 -0.04345236	-0.02010914 -0.05204144 -0.80778006 -0.86596360  1.06439420  0.02119546  0.01399582 -0.07695098  0.36383285 -0.00882688 -0.32975727 -0.01126059	-0.00087840 -0.05649128 -0.80956375 -0.79654041  0.99093713  0.00092790  0.02008091 -0.05117517  0.33347893 -0.00869579 -0.31488118 -0.00234728	0.21253694 0.06069465 3.90056250	-0.03429760 -0.00675080 -0.02209078	-0.03555597 -0.00664751 -0.02235157	-0.00194309  0.00511111 -0.99998505	0.35000000	0.00000000	0.00000000	-0.64955705	0.34728661	0.80729729	-1.23311770	1.04874694	0.89194614	-0.56428057	0.85834205	-1.18104005	0.93056381	0.34709254	-0.23099902	-0.09820680	-0.02743793	0.43020353	0.14236301	0.49882129	-0.39106968	1.00123370	0.24816005	0.35944286	-0.18911876	-0.61348498	0.99023771	
0.00802400	-4.15248444 -1.87945175 -3.56461909  0.05056814 -0.24919169  0.02678379	   20.44244120   -29.90591725 -1003.82586887   -65.99204626    21.91667660    -7.29077513	   8.47079553   -8.25115433    7.79007792   -5.14211233   15.01146837  -12.09623715    3.72770125 -114.48697209  -27.65918984 -126.50306979   41.98642516  -86.31291246	 0.02998244  0.14724116 -0.56964457  1.17856083 -0.61257244 -0.14002371  0.01833245  0.03491078 -0.28865474  0.82481359 -0.53379243 -0.04344272	-0.00387707 -0.08839793 -0.71938791 -0.91675944  1.02069188  0.03634152  0.00321775 -0.08267252  0.33066891 -0.00478010 -0.32195904 -0.01440797	 0.00077075 -0.07779963 -0.72362112 -0.89247014  1.00640353  0.00321397  0.02200194 -0.06433098  0.33087398 -0.00774726 -0.31055159  0.00078447	0.21354608 0.06419412 3.90092447	-0.02777968 -0.00551544 -0.02246968	-0.03000372 -0.00594175 -0.02234361	-0.00199349  0.00535912 -0.99998365	0.35000000	0.00000000	0.00000000	-0.60252041	0.34049264	0.77711678	-1.22220027	1.07740688	0.89527190	-0.58123279	0.86521155	-1.15969908	0.95882922	0.35830185	-0.21875301	-0.08048411	-0.01728181	0.40232742	0.14924890	0.48408863	-0.39165089	1.00243413	0.27126583	0.34761533	-0.20324962	-0.61960411	0.98666543	
0.00800800	-4.66152499 -1.68768790 -3.91277333  0.04329791 -0.24519364  0.03143282	   17.56277104   -30.77097155 -1006.62904129   -66.12301952    20.58041117    -7.66040337	   6.60927988   -7.26060283    9.21135765   -6.44526665   17.83182415  -10.50192747    3.32082162 -114.74262238  -26.12682934 -129.83293498   40.61207601  -85.42779171	 0.02998576  0.14647005 -0.57479765  1.17065126 -0.60431264 -0.14002844  0.01850889  0.03433414 -0.28601555  0.82475898 -0.53628880 -0.04345487	 0.00913458 -0.10898199 -0.62016497 -1.05190553  1.05948590  0.00058303  0.00935982 -0.06333800  0.31650109 -0.01420847 -0.32991857 -0.01569580	 0.00189893 -0.09788032 -0.63247873 -1.00414704  1.03852164  0.00099786  0.02231581 -0.07353341  0.33054163 -0.00965531 -0.31233998 -0.00366615	0.21541645 0.06777123 3.90160574	-0.02156997 -0.00650038 -0.02171738	-0.02359617 -0.00606916 -0.02202247	-0.00204077  0.00555400 -0.99998249	0.35000000	0.00000000	0.00000000	-0.56898659	0.31184742	0.75821346	-1.19212425	1.11283028	0.87507200	-0.60197163	0.86527473	-1.17456388	0.98348093	0.36307690	-0.22252911	-0.07168122	-0.00724642	0.39189678	0.14990601	0.47955465	-0.37566382	0.99585855	0.30906275	0.35141596	-0.21979834	-0.62765956	1.00119328	
0.00853500	-5.43616038 -2.42187832 -2.44100040  0.06982900 -0.25925677  0.04389464	   17.83918373   -31.94349824 -1024.97867802   -67.30843496    20.38768637    -8.68070324	   5.24466077   -9.15595841   10.38375260   -0.79622333   14.22399017   -5.90436821    2.23706932 -116.74331141  -28.46866433 -135.18297493   41.77926466  -82.28792685	 0.02997947  0.14540557 -0.57950290  1.16134953 -0.59522785 -0.14003742  0.01867296  0.03359448 -0.28307784  0.82460290 -0.53895843 -0.04343976	-0.01985341 -0.13744600 -0.44616502 -1.03377883  0.99774673 -0.00243756  0.00608766 -0.08683404  0.35428467 -0.01539977 -0.29973444  0.02119911	-0.00031293 -0.12925518 -0.53120546 -1.09745897  1.05943700 -0.00136208  0.01644669 -0.08800201  0.34514878 -0.02063938 -0.31178754  0.00210107	0.21790414 0.07223927 3.90357690	-0.01356244 -0.00799677 -0.01933255	-0.01604870 -0.00750880 -0.02010474	-0.00210354  0.00570164 -0.99998153	0.35000000	0.00000000	0.00000000	-0.51643533	0.27866152	0.73831844	-1.16800010	1.12515378	0.87497556	-0.63713521	0.88528997	-1.16813195	1.00997066	0.36196920	-0.22409436	-0.05711888	0.02289000	0.37627032	0.13500157	0.44704330	-0.38063502	0.99114764	0.34311187	0.34182090	-0.23133984	-0.62816608	0.97819567	
0.00847600	-4.23759176 -2.26461116 -2.39655981  0.06525606 -0.20148952  0.04349040	   10.92279396   -31.13611352 -1022.77900328   -67.12487861    18.79441973    -6.91438421	   6.78677558   -8.44851497    3.53166119   -2.55108184   16.08964545   -4.15419589    4.39200432 -114.51989031  -26.89589104 -132.41906151   40.90787262  -84.52069557	 0.02997697  0.14412483 -0.58349183  1.15124762 -0.58594478 -0.14002431  0.01883405  0.03273192 -0.28006817  0.82430144 -0.54159139 -0.04344410	 0.00006247 -0.17770576 -0.45089428 -1.25856304  1.16053619  0.00468288 -0.00067769 -0.09011137  0.35364487 -0.04387703 -0.32237042  0.01160643	-0.00071881 -0.15711693 -0.45676448 -1.20147969  1.09733988  0.00247395  0.01752374 -0.10236131  0.35503629 -0.03688732 -0.30976774  0.00056608	0.21976676 0.07644513 3.90548735	-0.00801396 -0.00599006 -0.01678303	-0.00970872 -0.00664444 -0.01759488	-0.00216495  0.00579037 -0.99998089	0.35000000	0.00000000	0.00000000	-0.50721002	0.27432773	0.71680278	-1.18932223	1.17516017	0.84903783	-0.64737689	0.87862110	-1.19875705	1.04116523	0.32998523	-0.23164296	-0.05788678	0.01042064	0.35969713	0.12998322	0.44563320	-0.35055518	0.98102129	0.36917889	0.34484655	-0.24884741	-0.64402032	1.00759196	
0.00846000	-6.15271282 -1.87432203 -1.19826394  0.05398595 -0.28191854  0.03431763	   16.84172195   -33.28326696 -1026.42157163   -67.45365788    21.72121612    -9.54046916	   5.51999579   -6.46826932   12.01948863    4.31236339    9.33474527   -1.28969138    1.41797395 -116.08927536  -30.15377002 -134.33701012   43.63104263  -83.34031689	 0.02997628  0.14265069 -0.58678562  1.14041184 -0.57656783 -0.14003731  0.01896100  0.03176598 -0.27695891  0.82390738 -0.54422902 -0.04344716	-0.02877540 -0.20319075 -0.35423155 -1.40694315  1.15596501 -0.00847135  0.01827482 -0.15189884  0.41902205 -0.05518069 -0.30096481  0.01298362	-0.00163772 -0.17986864 -0.37686780 -1.30054330  1.11080783 -0.00115393  0.01457662 -0.11735080  0.37403831 -0.04942570 -0.31068243  0.00005270	0.22268342 0.08066499 3.90710740	-0.00332864 -0.00834765 -0.01402777	-0.00480817 -0.00750690 -0.01491271	-0.00222472  0.00583689 -0.99998049	0.35000000	0.00000000	0.00000000	-0.49320406	0.26653600	0.69085222	-1.20366371	1.20169997	0.84766287	-0.67487121	0.91038632	-1.20584786	1.08080900	0.29913262	-0.23099539	-0.05140784	0.01208607	0.37103680	0.12311227	0.42282197	-0.32981768	0.96915406	0.42543590	0.32980815	-0.24894634	-0.64663208	1.00762439	
0.00802400	-7.92842353 -0.54066422 -2.24421524  0.00538628 -0.28522159  0.02996982	  20.89010547  -33.09009135 -998.87578204  -65.70886918   22.89364956  -12.17260838	   8.38965797   -2.00242923   12.02838673    4.01624535   17.96397610    0.50567004   -1.50973565 -112.29094481  -35.04594480 -127.90949997   41.80363181  -87.54277289	 0.02999217  0.14115507 -0.58921877  1.12967114 -0.56767957 -0.14003989  0.01904825  0.03079628 -0.27398762  0.82350092 -0.54672275 -0.04345129	 0.02393920 -0.18058947 -0.26928743 -1.27910260  1.07654498 -0.02402092 -0.01396845 -0.14044217  0.36792311 -0.03463859 -0.30845601 -0.02215667	 0.00348082 -0.18985336 -0.29589880 -1.35395751  1.12050787 -0.00222369  0.00749063 -0.12243563  0.37245869 -0.04790272 -0.31337185 -0.00215541	0.22445946 0.08322342 3.90657176	-0.00358465 -0.00666435 -0.00816458	-0.00346436 -0.00729462 -0.01015817	-0.00228718  0.00586234 -0.99998020	0.35000000	0.00000000	0.00000000	-0.41614065	0.25441000	0.65402538	-1.16515207	1.21123219	0.86208922	-0.68570465	0.88181019	-1.17846930	1.05811989	0.33956939	-0.19940561	-0.02925894	0.00114255	0.34854558	0.14746588	0.41814041	-0.36245236	0.97321701	0.46010756	0.30880043	-0.25940052	-0.64542103	1.01879203	
0.00849000	-6.75603482 -1.74872175 -3.16474332  0.04969308 -0.28484791  0.03971513	   14.16752676   -35.20102467 -1025.29874556   -67.33022297    20.20685489    -9.58646791	   5.67111676   -7.70200145   13.92634929   -3.55163424   15.94270483    4.08253684    2.16646488 -116.22161198  -31.13342927 -137.61288121   42.37618715  -83.64902127	 0.02998153  0.13946349 -0.59102748  1.11750829 -0.55794677 -0.14003092  0.01910489  0.02972339 -0.27078085  0.82302269 -0.54936871 -0.04344749	-0.00784496 -0.21202767 -0.14257544 -1.44977697  1.12344882  0.01067780 -0.00821469 -0.12495892  0.37963072 -0.04225280 -0.29319466  0.00654522	-0.00010055 -0.20496821 -0.19540829 -1.45554156  1.15488774  0.00106578  0.00621641 -0.12861184  0.38318153 -0.05900273 -0.31265789  0.00038766	0.22800897 0.08790919 3.90878468	 0.00248315 -0.00871550 -0.00560634	 0.00047125 -0.00795760 -0.00637688	-0.00235075  0.00586876 -0.99998002	0.35000000	0.00000000	0.00000000	-0.39622840	0.23542929	0.64329934	-1.14895618	1.25219667	0.84220910	-0.70288688	0.90378875	-1.19325674	1.09900880	0.31817693	-0.22672677	-0.02250520	0.03132611	0.34081689	0.11597642	0.39821383	-0.33358321	0.95603126	0.49316925	0.30167466	-0.27659079	-0.64352655	1.01522410	
0.00803600	-7.74197771 -1.98441586 -0.68578584  0.06013894 -0.27386009  0.04404100	   12.72140101   -33.32567734 -1030.42039569   -67.61112277    18.62692796    -9.33332945	   6.42306890   -6.43912968   10.68095038    8.48527687   12.53774576    3.94788527    0.83123380 -113.32320499  -34.72377904 -139.28353706   41.08505550  -83.00343335	 0.02998916  0.13770279 -0.59200465  1.10538080 -0.54861510 -0.14003587  0.01913898  0.02860249 -0.26759714  0.82238171 -0.55183369 -0.04345561	 0.00100118 -0.21467493 -0.08817014 -1.44382850  1.11506450 -0.01188731 -0.00719890 -0.14739142  0.39775781 -0.07376149 -0.29132637 -0.00546349	 0.00131658 -0.21936248 -0.11366370 -1.51098034  1.16052824 -0.00070131  0.00401851 -0.14011053  0.39776928 -0.08109071 -0.30621733 -0.00302683	0.23108074 0.09176898 3.91062702	 0.00406284 -0.00823854 -0.00280518	 0.00361123 -0.00841817 -0.00362514	-0.00241998  0.00583969 -0.99998002	0.35000000	0.00000000	0.00000000	-0.35051510	0.21290317	0.62284696	-1.13443613	1.25931323	0.84495836	-0.71692187	0.90346938	-1.19540966	1.11728632	0.30851614	-0.21252036	-0.01257511	0.04163818	0.34615156	0.12965551	0.37399554	-0.33845565	0.94136184	0.52826613	0.30340210	-0.28488025	-0.64468479	1.01351619	
0.00849700	-4.86751757 -2.03557341 -0.63472318  0.06421536 -0.17699857  0.03927330	    5.37124004   -34.27358393 -1034.04469691   -67.77556771    16.29493254    -6.03006850	   6.57304052   -7.25907481   14.11165260    2.98885363   14.02235743    7.66409199    0.77879850 -113.54160881  -35.44408439 -138.40473998   40.41303349  -82.55363524	 0.02998097  0.13569357 -0.59246294  1.09205516 -0.53865085 -0.14002746  0.01913928  0.02735163 -0.26417566  0.82154828 -0.55442315 -0.04344956	-0.02132298 -0.24252005 -0.03501020 -1.54662211  1.13613012  0.01262547 -0.03436031 -0.16274071  0.37506734 -0.11261047 -0.29855520  0.00512487	-0.00154027 -0.23879638 -0.04820490 -1.57059391  1.17325383  0.00135238 -0.00291545 -0.14920451  0.39845536 -0.10083351 -0.30363019 -0.00087346	0.23203311 0.09618054 3.91341747	 0.00586028  0.00294988 -0.00110388	 0.00535248 -0.00128283 -0.00160760	-0.00245088  0.00579672 -0.99998020	0.35000000	0.00000000	0.00000000	-0.32435137	0.21829353	0.60328221	-1.13867414	1.29544723	0.83437973	-0.72395325	0.91075063	-1.19804406	1.13526571	0.29489920	-0.22866178	-0.00182334	0.04978729	0.33673742	0.10926770	0.35441494	-0.33494565	0.93217635	0.55489135	0.27619827	-0.29578295	-0.63529718	1.01602817	
0.00849900	-5.77497317 -1.53602575 -0.20121938  0.04895145 -0.19261698  0.03206858	    2.41633380   -33.90219488 -1029.21789762   -67.42162303    14.81992284    -6.02720356	   8.39294288   -4.95822054   20.71196898    6.67710792   12.98981088    8.13599845    1.10572534 -111.35164523  -35.92074910 -138.03442958   39.05183387  -83.87631476	 0.02998850  0.13357382 -0.59256752  1.07830664 -0.52856525 -0.14003025  0.01915848  0.02607012 -0.26080698  0.82061993 -0.55695533 -0.04344007	 0.00001922 -0.25467189  0.03308277 -1.64116134  1.16580316  0.00991716  0.01135872 -0.14508140  0.39009188 -0.09492666 -0.26495606  0.01165255	 0.00167175 -0.25048396 -0.00274102 -1.61958625  1.18286838  0.00045412  0.00156243 -0.15092856  0.39187710 -0.10988296 -0.29511112  0.00199216	0.23275304 0.09990374 3.91563069	 0.00395857  0.01433674 -0.00024510	 0.00463366  0.01108549 -0.00047949	-0.00236974  0.00575323 -0.99998064	0.35000000	0.00000000	0.00000000	-0.28791091	0.19815557	0.57885569	-1.11316669	1.31369364	0.83249009	-0.74465674	0.92343462	-1.19755948	1.15672553	0.29310995	-0.22147563	0.01217385	0.03966990	0.35034993	0.11732129	0.35651445	-0.31377906	0.91552711	0.61111999	0.27509931	-0.29421812	-0.63519204	1.03176820	
0.00848600	-7.09923253 -2.37370366  1.22545662  0.07909253 -0.19949696  0.04990284	   -1.68392036   -36.22372523 -1044.31818438   -68.37702834    14.01096474    -5.90791507	   5.66182525   -7.59549087   22.42545024   12.98392805   11.78333656   11.40691859   -3.55397363 -113.86028838  -34.05750893 -141.69585586   39.85894042  -82.07446569	 0.02998905  0.13134978 -0.59228240  1.06434438 -0.51844597 -0.14003890  0.01915813  0.02474757 -0.25740640  0.81954804 -0.55945076 -0.04344143	 0.02991095 -0.27216650  0.05326460 -1.67475502  1.20379416 -0.00865489  0.01492640 -0.15969380  0.41085640 -0.14717075 -0.26352128  0.02107423	 0.00300896 -0.26453444  0.04003464 -1.63928841  1.18489374 -0.00159056  0.00036890 -0.15590493  0.40027929 -0.12921826 -0.28798487  0.00209309	0.23513882 0.10453497 3.91811726	0.00473942 0.01880790 0.00017543	0.00443918 0.01752853 0.00005242	-0.00222467  0.00571772 -0.99998118	0.35000000	0.00000000	0.00000000	-0.25201797	0.16200531	0.56570160	-1.09220266	1.32320130	0.83802873	-0.75525850	0.93168896	-1.19982553	1.19164574	0.28443161	-0.20986411	0.01901580	0.04376353	0.35067829	0.10399085	0.35198265	-0.30072200	0.90400106	0.65492600	0.26268917	-0.30696660	-0.64451051	1.03100526	
0.00847300	-8.46814278 -1.75470938  0.62357496  0.05951171 -0.25618803  0.04038164	    2.36877973   -37.45498921 -1030.46984528   -67.54544036    15.92230780    -7.65624523	   5.03129662   -5.52111095   28.00312568   13.23523225   11.10651208   14.15240248   -3.51919747 -112.59437871  -37.32321613 -138.25307593   40.25860342  -83.38963044	 0.02997701  0.12901302 -0.59152732  1.05026800 -0.50839117 -0.14003555  0.01916493  0.02336284 -0.25393017  0.81832819 -0.56191597 -0.04345320	-0.00978015 -0.27224672  0.11324346 -1.71372407  1.21257584  0.00942592  0.00875698 -0.15423336  0.43272892 -0.15144735 -0.30869778  0.00214882	-0.00181849 -0.27838322  0.09735933 -1.66970026  1.18753189 -0.00051872  0.00190637 -0.16488939  0.41515097 -0.14482759 -0.29188833 -0.00246369	0.23794137 0.10902840 3.91948480	0.00493276 0.02108734 0.00019855	0.00487180 0.02039595 0.00019559	-0.00205380  0.00567624 -0.99998178	0.35000000	0.00000000	0.00000000	-0.22374992	0.14770490	0.54929107	-1.09458172	1.34033954	0.83650362	-0.75733721	0.94262934	-1.19993818	1.19053960	0.28113842	-0.21441466	0.02718620	0.04178519	0.34270865	0.08717798	0.32707959	-0.29737023	0.89217818	0.70515728	0.25253513	-0.31336123	-0.63685095	1.04614508	
0.00807800	-9.37496739 -2.46180093  1.25362259  0.08580850 -0.27004929  0.05415558	    7.39692362   -37.95926247 -1046.56572463   -68.76349125    21.75075999    -8.38494673	   7.65569713   -7.93530697   29.22656862   16.19362000   10.74288623   15.23512989   -3.78009778 -113.55605936  -37.43773730 -139.92694438   47.63731563  -81.36312473	 0.02998138  0.12670902 -0.59035319  1.03693276 -0.49900395 -0.14003929  0.01916392  0.02201398 -0.25059915  0.81705978 -0.56416053 -0.04344069	 0.00332236 -0.29987258  0.18263441 -1.72322596  1.22021006 -0.03004028  0.00992487 -0.15817618  0.42054422 -0.17785338 -0.26963820  0.03285467	-0.00013342 -0.28614102  0.15249537 -1.65380845  1.16296585 -0.00214952  0.00023039 -0.16843576  0.41463204 -0.15941996 -0.27662727  0.00260376	0.24051225 0.11377117 3.92183904	0.00633109 0.02241065 0.00011262	0.00584944 0.02198971 0.00013893	-0.00187912  0.00563148 -0.99998238	0.35000000	0.00000000	0.00000000	-0.19193158	0.13162465	0.52152842	-1.06713653	1.34092605	0.83960140	-0.77962261	0.95467818	-1.19433737	1.22123313	0.28666544	-0.19697317	0.03789220	0.05487341	0.34149611	0.07936119	0.30788800	-0.27236062	0.88695264	0.74498802	0.24563265	-0.33040199	-0.63564324	1.04308844	
0.00843800	-9.58011255 -2.08153473  1.69788041  0.07548066 -0.27666799  0.04801109	    2.69498784   -39.80844158 -1041.99130675   -68.39697727    19.33439463    -8.16511545	   5.97445594   -6.39035475   29.12328323   18.57227862    8.42456543   19.62132683   -5.08119040 -113.33401179  -36.43650588 -139.66194355   43.82926807  -82.39618611	 0.02998972  0.12411095 -0.58859735  1.02278451 -0.48923593 -0.14003690  0.01917433  0.02051759 -0.24689940  0.81551965 -0.56647120 -0.04344267	 0.02483452 -0.32664962  0.24149534 -1.69927897  1.13230927 -0.01057608  0.00698934 -0.18519388  0.44381022 -0.17139913 -0.25388243 -0.00419583	 0.00194551 -0.30941950  0.21601639 -1.66732299  1.14592792 -0.00154913  0.00239579 -0.17820082  0.43836005 -0.18217612 -0.27094814  0.00034956	0.24418996 0.11878309 3.92362701	0.00711930 0.02116449 0.00005165	0.00687330 0.02161662 0.00007117	-0.00169273  0.00557381 -0.99998303	0.35000000	0.00000000	0.00000000	-0.13713658	0.11986686	0.48137006	-1.04087174	1.34743059	0.85032511	-0.78847945	0.96815073	-1.17719388	1.23200500	0.27230030	-0.18462968	0.05622759	0.05333255	0.34032995	0.07505687	0.31111932	-0.27791724	0.87699991	0.78432995	0.22339049	-0.33906189	-0.63252413	1.01769936	
0.00803700	-9.77621128 -0.62979281  0.52539482  0.02526787 -0.26808742  0.02834666	    0.15367322   -42.22864913 -1031.74344247   -67.68224066    17.67932401    -8.41946822	   5.01464758   -1.97619699   29.16399974   14.26332700   13.56174843   20.59051634   -4.51145292 -113.19397283  -37.30534154 -138.84101635   42.06295708  -81.64226967	 0.02997784  0.12162613 -0.58651147  1.00951036 -0.48015707 -0.14003026  0.01917466  0.01907743 -0.24329530  0.81389148 -0.56862106 -0.04344939	-0.01297285 -0.30242055  0.27504020 -1.56276617  1.09969388 -0.00558644 -0.00321460 -0.17460717  0.42682029 -0.20659811 -0.23881412 -0.01910011	-0.00100845 -0.30826414  0.26632362 -1.64716527  1.13003698  0.00061960  0.00168503 -0.17892337  0.44816162 -0.20384029 -0.26458623 -0.00174708	0.24783067 0.12276910 3.92474685	0.00519723 0.02074882 0.00001447	0.00585157 0.02088715 0.00002523	-0.00152560  0.00552383 -0.99998358	0.35000000	0.00000000	0.00000000	-0.09129917	0.11036716	0.47341338	-0.99425143	1.34960914	0.85430455	-0.76869226	0.94945008	-1.15473974	1.21193135	0.29580355	-0.18048456	0.07293623	0.05910205	0.32754463	0.06391870	0.28591508	-0.30233622	0.87277853	0.80782217	0.19923989	-0.35416874	-0.61709321	1.01217806	
0.00846000	-7.94085013 -0.86448839  0.20994974  0.04572093 -0.27747193  0.02248509	   -7.80816760   -44.21478750 -1033.71838508   -67.69872234    13.95703338    -7.08940056	   6.84060182   -6.11085501   28.49420056   10.43508879    6.52356108   22.93896139   -1.52627646 -114.05976820  -35.58602293 -140.64536980   39.50672159  -78.35175312	 0.02998966  0.11889824 -0.58370494  0.99524157 -0.47065056 -0.13994768  0.01918152  0.01749201 -0.23927819  0.81198585 -0.57091838 -0.04345548	 0.03269940 -0.37709320  0.38820486 -1.76443451  1.12728305  0.00688556  0.03461239 -0.18935753  0.49962172 -0.27327418 -0.30848880 -0.00763543	 0.00367773 -0.32802575  0.34388968 -1.69276329  1.11774194  0.01351272  0.00361832 -0.18748619  0.47825446 -0.23190230 -0.27378914 -0.00248440	0.25267080 0.12817997 3.92636357	 0.00774810  0.01894141 -0.00004685	 0.00686076  0.01957562 -0.00002535	-0.00135626  0.00547069 -0.99998412	0.35000000	0.00000000	0.00000000	-0.09213822	0.10198018	0.43370208	-1.00034368	1.36461794	0.81528103	-0.80809867	0.98135376	-1.16592467	1.25654972	0.23766607	-0.18049154	0.07689571	0.06133843	0.34070316	0.05827422	0.28845015	-0.25663492	0.85079813	0.86232293	0.20311660	-0.36542070	-0.61777496	0.99143696	
0.00806700	-10.71650470   1.72486692   1.57312542  -0.03605130  -0.28761696  -0.01280351	    5.16847506   -44.38695899 -1023.63705904   -67.34609639    23.89715721    -9.92829157	   3.06872249    3.07390900   27.73260457   22.22451927   10.39110985   24.14608455   -7.54631227 -111.53976512  -40.69819303 -133.11692801   48.97034052  -79.87134051	 0.02997241  0.11632301 -0.58063447  0.98184290 -0.46194976 -0.13960750  0.01916733  0.01597560 -0.23539381  0.81005570 -0.57301952 -0.04344211	-0.00939630 -0.29392513  0.37297793 -1.62117187  1.07215089  0.03549387 -0.00913796 -0.18331397  0.46456334 -0.22889953 -0.24050317  0.00176900	-0.00294527 -0.31602394  0.38338839 -1.65126471  1.07510319  0.04591401 -0.00202798 -0.18580070  0.47939308 -0.23967101 -0.25906293  0.00218833	0.25530579 0.13108634 3.92639032	 0.00066291  0.02167452 -0.00011695	 0.00312000  0.02070132 -0.00009591	-0.00119563  0.00543389 -0.99998452	0.35000000	0.00000000	0.00000000	-0.04718106	0.08578424	0.41498825	-0.97118866	1.34485364	0.86413294	-0.77651876	0.96226126	-1.14068115	1.23119414	0.25625882	-0.15739408	0.09344530	0.06064779	0.32558623	0.04473102	0.24412495	-0.27824241	0.85641003	0.87215674	0.18313916	-0.35855410	-0.61761093	1.02032173	
0.00844400	-9.26379413 -1.00089526  0.25389586  0.06448586 -0.29441157  0.03042074	   -6.67252907   -46.70151700 -1036.53161613   -68.01773735    18.15069721    -7.57370235	   7.12300596  -10.82521042   31.05047177   12.37543086    8.40427297   24.51016277   -0.71337842 -114.49973559  -35.54439133 -138.84881100   43.25007015  -79.18063426	 0.02997847  0.11354252 -0.57692195  0.96771773 -0.45291614 -0.13880256  0.01917870  0.01434006 -0.23114630  0.80786708 -0.57523129 -0.04344820	-0.00966388 -0.32179365  0.48011328 -1.66796236  1.02712836  0.12436823  0.00137814 -0.20153920  0.48635387 -0.29757010 -0.25833336  0.01397233	-0.00028013 -0.33162493  0.44846219 -1.66350157  1.05535982  0.10454719  0.00098664 -0.19440402  0.50179817 -0.26240154 -0.25791649 -0.00045602	0.26049448 0.13742667 3.92779790	 0.00645331  0.01787116 -0.00020605	 0.00413985  0.01934734 -0.00017462	-0.00102260  0.00541329 -0.99998483	0.35000000	0.00000000	0.00000000	-0.02362474	0.08275824	0.40405911	-0.96422833	1.36346161	0.85057282	-0.78542811	0.99330461	-1.12182736	1.27275443	0.24161562	-0.15199342	0.11449833	0.08191270	0.31975237	0.03513034	0.24127483	-0.27799588	0.83873761	0.91487044	0.16226426	-0.37088886	-0.59320188	0.99467695	
0.00851500	-9.86121122 -2.04641729  1.46333519  0.07826074 -0.27365587  0.05083944	   -4.59898819   -41.05159594 -1025.85225461   -67.35421736    19.69922412    -7.36795873	   4.75382356   -4.94156957   25.74848268   20.50204408    8.61550900   20.57471503   -3.89829345 -106.20591497  -39.83821432 -135.49404600   44.96040881  -79.61981571	 0.02998639  0.11059542 -0.57269902  0.95363675 -0.44411938 -0.13779986  0.01918172  0.01262282 -0.22671788  0.80551554 -0.57744927 -0.04344320	 0.01235858 -0.35936380  0.50034774 -1.55391730  0.99790157  0.07860795  0.01530608 -0.17389308  0.49766840 -0.27256657 -0.26384272 -0.00278272	 0.00209811 -0.34660303  0.49834519 -1.64165611  1.02651690  0.11017186  0.00077324 -0.19888743  0.51790064 -0.27634980 -0.25887906  0.00168748	0.26439658 0.14159764 3.92808789	 0.00204860  0.01973634 -0.00021739	 0.00362586  0.01905247 -0.00021842	-0.00086588  0.00537172 -0.99998520	0.35000000	0.00000000	0.00000000	0.01634947	0.07501623	0.38567495	-0.93916035	1.34216666	0.85674721	-0.78834093	0.97341132	-1.10391545	1.26780844	0.23207647	-0.12928173	0.13929625	0.08388347	0.32846424	0.05404916	0.21903753	-0.26036051	0.82611072	0.94673616	0.16749415	-0.37533993	-0.58118725	0.99283433	
0.00849500	-9.37146778  0.83838391  1.27003115  0.01365418 -0.27737567 -0.00144549	   -7.67976101   -49.39798665 -1040.69110127   -68.39355566    21.77435231    -7.63795531	   3.47453931   -5.32601988   27.14701699   16.94141101    7.23894346   26.24261767   -2.16524498 -114.24745941  -36.10221864 -137.13359216   49.03780174  -75.84897691	 0.02998435  0.10762666 -0.56810738  0.93979233 -0.43565173 -0.13661945  0.01917850  0.01087577 -0.22215867  0.80296705 -0.57963115 -0.04343929	 0.00338513 -0.32592438  0.52246667 -1.51183803  0.90736934  0.16101269  0.00157127 -0.22070383  0.48971310 -0.31208757 -0.26836066 -0.00118448	 0.00122301 -0.35002291  0.54407107 -1.61730637  0.98355312  0.15488467 -0.00065033 -0.20739286  0.53585082 -0.30279935 -0.25642355  0.00215490	0.26917802 0.14701162 3.92949529	 0.00274477  0.01833535 -0.00030537	 0.00229185  0.01894065 -0.00027607	-0.00070114  0.00535621 -0.99998541	0.35000000	0.00000000	0.00000000	0.04492142	0.06476577	0.35620314	-0.91573846	1.33505428	0.87453842	-0.77610517	0.99020857	-1.08102822	1.27408123	0.22469379	-0.11891720	0.14321020	0.09519190	0.31858042	0.02303113	0.20282915	-0.26661161	0.82356822	0.96066183	0.11953193	-0.38085985	-0.58250856	0.96173656	
0.00852800	-8.77057808 -1.08757189 -0.01406093  0.05343347 -0.27386990  0.03197540	   -8.00031064   -45.47008360 -1023.36733788   -67.27693481    22.08663484    -7.25965555	   4.38060889   -5.14746484   26.87677021   11.93615074    9.78263314   21.57874262   -1.36066247 -107.21562123  -37.89466198 -132.49932486   47.76328978  -78.26361901	 0.02997173  0.10454479 -0.56302717  0.92599109 -0.42742846 -0.13497957  0.01918121  0.00910272 -0.21741233  0.80022644 -0.58174566 -0.04344832	-0.01350732 -0.35534777  0.58451668 -1.52193889  0.89965617  0.17993460  0.00916203 -0.18182418  0.55589199 -0.29063902 -0.21438019 -0.00287191	-0.00103112 -0.36111738  0.60587287 -1.61757186  0.95990656  0.19040476  0.00074148 -0.20775002  0.55859577 -0.32229887 -0.24677380 -0.00098155	0.27359140 0.15159096 3.93011384	 0.00020532  0.01894392 -0.00036050	 0.00105568  0.01871688 -0.00034556	-0.00054396  0.00534217 -0.99998558	0.35000000	0.00000000	0.00000000	0.04877229	0.07168727	0.35233763	-0.91464156	1.33274496	0.86743194	-0.77439594	0.98268527	-1.05506623	1.27823091	0.20662300	-0.10801480	0.17888591	0.09148109	0.31687823	0.02438585	0.18134740	-0.25233665	0.81049806	1.00227010	0.12354909	-0.37921146	-0.55234897	0.97794437	
0.00844100	-9.29904592 -0.92602101  2.02860375  0.05952908 -0.24084261  0.03139940	  -12.14563275   -48.86847851 -1033.84943861   -67.97140576    22.58477015    -6.32019462	   3.68048389   -6.72100356   21.86950993   21.46110882    8.11117740   23.26785523   -0.82647229 -109.92646146  -36.63899697 -133.18509027   49.59788901  -73.54514682	 0.02998380  0.10140914 -0.55758995  0.91231514 -0.41944437 -0.13325647  0.01918104  0.00728765 -0.21256030  0.79730331 -0.58385262 -0.04344765	 0.00214342 -0.37000060  0.63927485 -1.57632275  0.89228594  0.23019827  0.00489870 -0.21071891  0.54327616 -0.37959137 -0.25359895 -0.01037927	 0.00220334 -0.37255416  0.64777243 -1.60878499  0.93736781  0.21216022 -0.00102225 -0.21418007  0.57575780 -0.35163471 -0.24855255  0.00012470	0.27789720 0.15690507 3.93061800	-0.00046521  0.02012265 -0.00041127	-0.00029787  0.01978757 -0.00039409	-0.00037746  0.00534464 -0.99998565	0.35000000	0.00000000	0.00000000	0.05655226	0.04644309	0.32534954	-0.92256522	1.32238746	0.85732508	-0.78427547	0.99210638	-1.06838560	1.30106318	0.16013975	-0.09244714	0.18757117	0.10589254	0.31804964	0.01669878	0.16360702	-0.22885108	0.80395150	1.02555418	0.11093619	-0.38175127	-0.55032408	0.96198195	
0.00800200	-9.92772754 -1.01303032  1.29570393  0.04810304 -0.26817502  0.03467515	   -7.84248515   -49.27382731 -1017.33160024   -67.01969358    26.31209975    -7.81734946	   3.63371002   -3.19501965   25.26876703   19.89191259    9.33152819   21.01258671   -1.95895181 -107.42823792  -38.12404528 -127.10900250   51.78421748  -75.01362485	 0.02997979  0.09839680 -0.55221738  0.89979764 -0.41215604 -0.13153728  0.01919694  0.00553555 -0.20787876  0.79445901 -0.58582959 -0.04345265	 0.01357640 -0.38350953  0.70764036 -1.61516049  0.94072240  0.22488332  0.03235462 -0.22906900  0.60964042 -0.34791192 -0.28029963  0.00511182	 0.00120376 -0.37901396  0.68270601 -1.57275302  0.91381822  0.21471962  0.00371169 -0.22066213  0.58897360 -0.35885075 -0.25085952 -0.00059520	0.28177254 0.16111956 3.92983975	-0.00390028  0.02067585 -0.00047491	-0.00272337  0.02050222 -0.00045439	-0.00021392  0.00536156 -0.99998560	0.35000000	0.00000000	0.00000000	0.04939181	0.05209178	0.30714568	-0.94443840	1.32166839	0.84743804	-0.79540455	0.98826498	-1.06280363	1.32236767	0.13042364	-0.07761659	0.20061532	0.08432390	0.32298854	0.01925900	0.14891841	-0.19934487	0.79678828	1.08319402	0.10469633	-0.37781796	-0.53791392	0.97862399	
0.00801700	  -6.36666430   37.74540502 -270.72845856  -16.78022020  -44.12332180   -6.73521530	  21.90752398  -52.30631917 -924.53239782  -61.36563339   36.97715563  -15.11869957	   3.17801803   -2.54027750   22.28516160   23.00283429    8.50721063   22.00073013   -3.24378119 -106.16135335  -39.58294207 -122.90101203   59.99610043  -75.57759410	 0.02996724  0.09538422 -0.54673195  0.88841080 -0.40446659 -0.12926260  0.01919750  0.00374055 -0.20304869  0.79139979 -0.58770839 -0.04345170	-0.03563843 -0.36993209  0.64258485 -1.27979720  1.09854088  0.40610157  0.01413334 -0.22368738  0.60175219 -0.41156277 -0.22618873 -0.01962703	-0.00362890 -0.37963140  0.67919030 -1.36375757  1.00197477  0.32965677  0.00208297 -0.22807404  0.60847618 -0.39329485 -0.23251809 -0.00169795	0.28655322 0.16496671 3.93768247	 0.00895997  0.01609503 -0.00055080	 0.00341409  0.01837331 -0.00052349	-0.00005830  0.00535900 -0.99998564	0.35000000	0.00000000	0.00000000	0.07238707	0.04517996	0.32910275	-0.97029465	1.29440510	0.87651783	-0.74817932	0.96962684	-1.03112888	1.30696464	0.12610172	-0.08838467	0.22119036	0.07890320	0.27257401	-0.03507340	0.09989174	-0.20953071	0.80463630	1.08676100	0.06817231	-0.37312531	-0.53101408	0.97294676	
0.00805600	 -27.51393528   30.75057440 -259.72656637  -16.06347617  -41.68218415   -3.83743552	  16.37730092  -50.54577910 -913.70251147  -60.62107478   36.98144911  -11.20421990	   4.58827470   -4.56761146   16.73691789   13.67836232  -12.09108187   14.63262330    4.36387115 -102.64400649  -34.12602882 -120.77343476   59.24349082  -69.50732327	 0.02997689  0.09224768 -0.54155537  0.87981251 -0.39563900 -0.12535753  0.01923098  0.00172265 -0.19780897  0.78778924 -0.58929160 -0.04344195	 0.00004103 -0.38172852  0.56546086 -0.85936947  1.01798809  0.47387548  0.01810310 -0.26118244  0.61768758 -0.45189930 -0.14037239  0.01466280	-0.00018607 -0.38965138  0.63034641 -1.02087698  1.08714443  0.48894928  0.00738915 -0.25238041  0.65351525 -0.45643895 -0.18983185  0.00199783	0.29154711 0.17031875 3.94737623	 0.02725998  0.00821729 -0.00945126	 0.02173315  0.01054874 -0.00663095	 0.00003453  0.00520560 -0.99998645	0.35000000	0.00000000	0.00000000	0.11160427	0.07005326	0.32843119	-0.93227160	1.23791969	0.89563948	-0.71385497	0.96598017	-0.92029506	1.30932176	0.13594814	-0.08486912	0.25431103	0.09700038	0.28985181	-0.03561195	0.05532872	-0.24014530	0.79145831	1.09292841	0.04455197	-0.38314420	-0.52657771	0.86790872	
0.00845600	 -19.29002495   21.98751492 -194.03764810  -11.92472085  -30.95181625   -2.58345382	  -4.73906562  -40.89543803 -914.95185128  -60.47168178   31.50928334   -5.71000861	  -0.45408893   -1.43595168    3.18532056    0.96812763  -18.40446715   13.47533190    8.47839001  -90.87979984  -26.46951305 -116.65877336   55.79067242  -64.50321543	 0.02998466  0.08894687 -0.53652250  0.87278792 -0.38642789 -0.12072975  0.01933133 -0.00052005 -0.19188352  0.78334233 -0.59076497 -0.04345404	 0.03708979 -0.38912585  0.59138237 -0.74530551  1.09061581  0.56148825  0.01585630 -0.24595314  0.74449097 -0.58123282 -0.15322007 -0.01061518	 0.00337024 -0.38439646  0.58496242 -0.79533754  1.07164701  0.54133711  0.01231609 -0.26173893  0.70396302 -0.53426627 -0.16761186 -0.00228840	0.29533502 0.17282502 3.95388444	 0.02716123  0.00936116 -0.01467254	 0.02769956  0.00874932 -0.01330570	 0.00010366  0.00496352 -0.99998768	0.35000000	0.00000000	0.00000000	0.08944501	0.07444701	0.32211307	-0.94174540	1.19696510	0.87334657	-0.69889724	0.94314831	-0.89792317	1.29588723	0.06624988	-0.10721993	0.28719389	0.08457981	0.29191589	-0.05986219	0.00953864	-0.23717973	0.80290061	1.10583603	0.06683967	-0.38363937	-0.52438772	0.84276730	
0.00801400	  -6.71504787    6.57964984 -137.66556963   -8.64727702  -22.37960710   -0.86597396	  -4.56103427  -37.13413579 -920.75577673  -61.17377585   42.90795210   -2.41826906	  -1.91546656   -2.56493331   -6.10317438    6.42077488  -28.65291122    9.87242532   11.90790396  -86.80952930  -24.38977135 -100.67708275   68.62548673  -56.42141402	 0.02996961  0.08602307 -0.53222704  0.86764790 -0.37872061 -0.11669064  0.01949722 -0.00260408 -0.18617460  0.77875414 -0.59194817 -0.04344245	 0.00324359 -0.31345040  0.48878142 -0.52750586  0.77298972  0.42257407  0.03244731 -0.22599281  0.62641049 -0.50881678 -0.13124006  0.00394425	-0.00134391 -0.35534901  0.52425908 -0.61426802  0.92734482  0.48518621  0.02313096 -0.25671018  0.70506510 -0.56973748 -0.14278889  0.00151141	0.29525235 0.17467013 3.95623240	 0.01939047  0.02106547 -0.02319447	 0.02209523  0.01702421 -0.02039967	 0.00022234  0.00477616 -0.99998857	0.35000000	0.00000000	0.00000000	0.11061059	0.08245003	0.26510110	-0.86698961	1.11527038	0.91032243	-0.68398988	0.93189859	-0.82168812	1.25202274	0.10182178	-0.04979352	0.31362969	0.13776144	0.32284963	-0.03005480	-0.04761200	-0.26375738	0.81345993	1.07956171	0.09443940	-0.40183204	-0.52232015	0.79129350	
0.00801100	  2.51414826   5.08637837 -99.02997661  -6.05786592 -15.93543625  -1.10831881	 -23.46490876  -35.85988065 -962.34249478  -63.81121065   41.23427769   -2.13633626	   0.84434805  -11.47127447   -3.04045697   -8.93790155  -19.48014168   17.84782761   10.19857985  -86.54083896  -10.41636363 -107.37033442   70.37402022  -53.16564155	 0.02998187  0.08327138 -0.52826681  0.86356490 -0.37227597 -0.11303978  0.01965472 -0.00460509 -0.18034356  0.77382323 -0.59296654 -0.04345249	 0.02075067 -0.30122374  0.42370904 -0.46598039  0.67639011  0.40980493 -0.00417200 -0.19252715  0.71091408 -0.58894370 -0.11769499 -0.00813004	 0.00192022 -0.33794945  0.49121201 -0.50099939  0.77759503  0.45752838  0.01698061 -0.24435869  0.72837418 -0.61919723 -0.12372903 -0.00189133	0.29817327 0.17654127 3.95928384	 0.01234093  0.02245175 -0.01848698	 0.01470984  0.02217302 -0.02030592	 0.00040196  0.00465124 -0.99998910	0.35000000	0.00000000	0.00000000	0.10482618	0.06452697	0.26104829	-0.82423067	1.08645785	0.92558348	-0.67142892	0.93883437	-0.81802768	1.23512125	0.11317617	-0.04757991	0.34551299	0.16773365	0.32492599	-0.08461916	-0.05223870	-0.27337119	0.82900608	1.07814050	0.08055882	-0.41603374	-0.50022745	0.79046381	
0.00848200	  3.89878024   1.61677284 -82.94658966  -5.07201848 -13.42354134  -0.69674251	 -13.44382754  -32.89127148 -954.67448912  -63.58845484   50.11141797   -0.69541862	  0.00211664 -11.40486762  -4.06999732  -4.66455554 -21.82501379  16.82233790  12.42847151 -82.11888075 -17.73598994 -96.14325875  77.38509142 -48.67147970	 0.02998402  0.08039204 -0.52408992  0.85981436 -0.36671043 -0.10904679  0.01981984 -0.00668699 -0.17399953  0.76819012 -0.59383212 -0.04344595	 0.00307055 -0.35681228  0.49187062 -0.40551447  0.59186582  0.48837405  0.00911814 -0.23720985  0.73672834 -0.70786730 -0.07924965 -0.00873480	 0.00291563 -0.33536479  0.48641667 -0.42910707  0.62589552  0.46900441  0.01863730 -0.24056785  0.74312210 -0.66620648 -0.09927740  0.00114955	0.29852652 0.17839544 3.96090475	 0.00153850  0.03175200 -0.01963205	 0.00499356  0.02866040 -0.01916260	 0.00062884  0.00459319 -0.99998925	0.35000000	0.00000000	0.00000000	0.07867780	0.08576614	0.23301828	-0.86476135	1.04232812	0.91073298	-0.70561624	0.95439965	-0.79516560	1.22712171	0.06483947	-0.03507270	0.39013433	0.18878397	0.32596219	-0.08863252	-0.10326105	-0.26133311	0.84599453	1.07691467	0.06997950	-0.39454868	-0.47948197	0.74879634	
0.00850100	   0.82840142    2.04923235 -100.82825678   -6.13904982  -15.98018254   -0.43378408	 -12.43433283  -33.48540554 -908.09514146  -60.70240829   54.15501673   -2.58773346	  2.84754740  -5.29805306  -5.39132918  -9.67815306 -19.37881422  12.41389099  10.35693802 -78.92505336 -11.64842642 -81.14651024  77.23651993 -48.35360324	 0.02997659  0.07769731 -0.52006954  0.85668627 -0.36248645 -0.10537786  0.01999021 -0.00865745 -0.16764656  0.76242465 -0.59460272 -0.04345105	-0.01223386 -0.29342861  0.43853897 -0.32953403  0.39628711  0.37766409  0.02530898 -0.22938157  0.68010646 -0.62371380 -0.11538687  0.00667480	 0.00011212 -0.30991686  0.46696728 -0.35647842  0.47227417  0.41503768  0.02111493 -0.22834203  0.74090369 -0.67271747 -0.09131994 -0.00036800	0.29859862 0.17843721 3.95937123	-0.01220551  0.03745108 -0.02000956	-0.00794486  0.03576554 -0.01993433	 0.00092603  0.00464123 -0.99998880	0.35000000	0.00000000	0.00000000	0.09325907	0.09972687	0.19404316	-0.80821097	1.01826286	0.92237210	-0.67383832	0.91684002	-0.75207615	1.18975997	0.10432050	-0.01290094	0.41848952	0.20812429	0.34272227	-0.05682963	-0.11778178	-0.29370695	0.85801148	1.08878088	0.08018751	-0.40475029	-0.47021958	0.73572624	
0.00847400	  2.49555941   6.66448899 -92.27156098  -5.43720639 -14.40776854  -1.29900622	 -12.53876939  -35.79474347 -931.97468148  -62.40069180   59.13613275   -2.98512177	  4.69802924 -12.96389183  -2.06164080 -17.43021083 -13.89035104  19.56459004   9.86512266 -81.46310234  -9.02675094 -84.64615235  84.53302360 -46.92074990	 0.02998015  0.07514901 -0.51610356  0.85397974 -0.35932422 -0.10195303  0.02013498 -0.01051320 -0.16129655  0.75654489 -0.59527829 -0.04344177	 0.02538104 -0.32775563  0.49390176 -0.31096746  0.35631816  0.43032603  0.00979671 -0.19940614  0.75906680 -0.72995708 -0.08128192  0.02225116	 0.00145370 -0.30314760  0.47101097 -0.31887408  0.35860097  0.41327650  0.01657533 -0.21695060  0.74953658 -0.69662468 -0.07860688  0.00332490	0.29935370 0.17961679 3.95970625	-0.02008495  0.04014703 -0.01533381	-0.01770739  0.03933973 -0.01689304	 0.00125703  0.00478352 -0.99998777	0.35000000	0.00000000	0.00000000	0.08473442	0.08025307	0.17965519	-0.80143446	0.99157280	0.92207271	-0.68637389	0.93573874	-0.74252367	1.18088508	0.09876388	-0.00383640	0.45165992	0.23058027	0.31238246	-0.10459982	-0.13591614	-0.28631601	0.86530930	1.09590578	0.05966720	-0.39923373	-0.45913926	0.73199594	
0.00848000	  0.65031614   3.39006168 -91.66519031  -5.48694553 -14.41490899  -0.67197097	  -1.67291727  -37.81055141 -908.87915300  -61.21575768   69.06707875   -3.23838591	  2.17456378 -10.14983994  -4.93556355 -10.56558993 -15.54252742  15.90815367  10.73971091 -80.82588148 -11.72687315 -69.99228655  90.84364665 -45.07099229	 0.02996930  0.07260818 -0.51212386  0.85150150 -0.35710756 -0.09836811  0.02025891 -0.01233200 -0.15491517  0.75056665 -0.59588924 -0.04344747	-0.01833224 -0.29118978  0.47271073 -0.26544585  0.21866961  0.41874690  0.00635257 -0.19425152  0.76091675 -0.68654441 -0.07311901  0.01786607	-0.00214409 -0.29954720  0.47053325 -0.28378122  0.24653315  0.41938704  0.01433170 -0.21139004  0.75340984 -0.70482886 -0.07212476  0.00182202	0.29759438 0.18119768 3.95788645	-0.02714656  0.04772203 -0.01671284	-0.02494446  0.04523541 -0.01616712	 0.00162886  0.00498648 -0.99998624	0.35000000	0.00000000	0.00000000	0.07715046	0.07077493	0.16058072	-0.79947448	0.95708549	0.93193978	-0.67075086	0.92755568	-0.71102095	1.15281093	0.11177590	0.01945612	0.47670424	0.25841320	0.30063772	-0.09768358	-0.18215838	-0.30318701	0.87119818	1.09483182	0.06534907	-0.39213642	-0.45514551	0.72341424	
0.00803700	  0.19159486   1.05120838 -88.35154892  -5.21890161 -13.71409333  -0.29558942	  -1.99006480  -39.05240774 -922.50394316  -62.27657257   75.06794335   -2.64205418	  5.99480794 -16.46944749  -2.27862780 -16.65829840  -8.61530887  17.82133543  11.51652434 -81.74416208  -5.68903643 -69.44595490  97.78142452 -41.96150315	 0.02997530  0.07024247 -0.50843501  0.84945296 -0.35580165 -0.09500990  0.02039366 -0.01405338 -0.14900743  0.74497242 -0.59641037 -0.04344700	 0.01401033 -0.27348536  0.47882129 -0.27447060  0.12452658  0.46002285  0.01094001 -0.24160618  0.74148459 -0.70379428 -0.04392903  0.00443124	 0.00059908 -0.29620880  0.46667664 -0.25756056  0.15738319  0.42694343  0.01566943 -0.21650203  0.74253669 -0.70060857 -0.06364014  0.00109411	0.29670846 0.18420144 3.95691885	-0.02830030  0.04978151 -0.01908951	-0.02799404  0.04918925 -0.01831928	 0.00202159  0.00521152 -0.99998438	0.35000000	0.00000000	0.00000000	0.08068563	0.07498708	0.13409424	-0.78105557	0.94403476	0.94429237	-0.67761946	0.93096614	-0.69052905	1.17251492	0.12385562	0.04600474	0.49952781	0.27067894	0.29481432	-0.10740344	-0.19119903	-0.31042731	0.89589548	1.09480464	0.02880497	-0.39133635	-0.44951418	0.70504677	
0.00800300	  -4.43441136   -1.97440447 -104.57696304   -6.19912885  -16.09269156    0.52681129	   0.70941436  -33.74011909 -897.32976758  -60.66730676   76.45480642   -4.74444140	  5.20237386 -16.25403750  -2.20528312 -19.01947181  -6.47999644  14.60347943   8.40891893 -74.25823092  -5.72140251 -64.09455842  96.15625513 -40.73104906	 0.02997568  0.06782396 -0.50471927  0.84747757 -0.35495519 -0.09159999  0.02055113 -0.01577558 -0.14308955  0.73931720 -0.59691126 -0.04344927	 0.00088496 -0.31179226  0.47479600 -0.26552892  0.08926671  0.43201348  0.01783960 -0.23637170  0.75378476 -0.70704424 -0.04511490  0.01943168	 0.00092445 -0.29976828  0.46381526 -0.24619254  0.09964558  0.42524292  0.01947985 -0.21658185  0.73742113 -0.70364324 -0.06172682  0.00161990	0.29586890 0.18592075 3.95512199	-0.03211932  0.05072358 -0.01864655	-0.03082893  0.05041900 -0.01883169	 0.00242329  0.00545303 -0.99998220	0.35000000	0.00000000	0.00000000	0.07872190	0.08604783	0.12933964	-0.77674919	0.93885332	0.93596816	-0.66930109	0.91133940	-0.67031223	1.17574322	0.11488982	0.04361930	0.53196931	0.28239506	0.29839993	-0.10427581	-0.21789479	-0.32314783	0.89904344	1.11030102	0.02283032	-0.38925177	-0.42820457	0.69745368	
0.00800800	  -9.74288869    4.44064268 -118.11200474   -6.94485489  -18.08133797   -0.16865896	   7.28403629  -36.19412260 -875.71681187  -59.38436774   80.12012337   -5.32594677	  6.82116781 -14.34144583   0.71347563 -20.59975711  -6.01173093  16.08458143   8.84358036 -75.09411573  -7.30826462 -58.76173128  97.93939090 -38.72006762	 0.02997068  0.06542174 -0.50095084  0.84558275 -0.35438791 -0.08823293  0.02069742 -0.01747976 -0.13716374  0.73369274 -0.59743846 -0.04345105	-0.01388927 -0.29677048  0.43631353 -0.21249459  0.05016204  0.40325508  0.02639842 -0.20496094  0.69157665 -0.62240058 -0.05921896  0.01595511	-0.00092667 -0.29975261  0.46872442 -0.23466550  0.06569916  0.42154283  0.02002326 -0.21388507  0.73436680 -0.69633363 -0.06524989  0.00036579	0.29482306 0.18776323 3.95254662	-0.03477395  0.05088725 -0.02054287	-0.03395715  0.05085075 -0.01987422	 0.00282931  0.00572270 -0.99997962	0.35000000	0.00000000	0.00000000	0.09663276	0.07683932	0.11312791	-0.74789101	0.93440157	0.93718064	-0.65837443	0.89898729	-0.65427262	1.14993584	0.14670767	0.05067549	0.53820336	0.29625452	0.29715440	-0.10862391	-0.23449814	-0.33686504	0.89096999	1.11966920	0.00692639	-0.39104038	-0.42716685	0.69186211	
0.00844900	 -11.26612564    8.41482438 -126.00132261   -7.36816165  -19.25135385   -0.71311096	   6.45915170  -39.60083496 -888.44856913  -60.24418294   81.26862739   -5.99846153	  5.87136487 -16.32746911   3.54840710 -25.20463298  -7.42519704  18.12301233   8.32672383 -77.34170175  -5.56757616 -64.11712845 100.77390683 -35.12901697	 0.02997157  0.06280613 -0.49685862  0.84352511 -0.35409009 -0.08439742  0.02085508 -0.01932918 -0.13081580  0.72765387 -0.59800874 -0.04345640	-0.01243261 -0.33612759  0.54631036 -0.25674371  0.04518340  0.52058403  0.01323692 -0.24316462  0.80051906 -0.74281501 -0.08940226 -0.01559920	-0.00131295 -0.31375873  0.49203574 -0.24755309  0.03227687  0.46606257  0.01752480 -0.22192295  0.75750884 -0.72127821 -0.06684565 -0.00125478	0.29503224 0.19047266 3.95172582	-0.03411518  0.04751702 -0.02064507	-0.03435858  0.04866238 -0.02067372	 0.00324761  0.00601727 -0.99997662	0.35000000	0.00000000	0.00000000	0.07769836	0.06458384	0.10833175	-0.77446336	0.92818213	0.92050642	-0.66478407	0.91484612	-0.65239292	1.17004716	0.10970521	0.03770858	0.55799377	0.30582094	0.27232572	-0.14137575	-0.26579306	-0.32738581	0.89472663	1.13986230	-0.02139102	-0.37798730	-0.42410728	0.66744077	
0.00805600	 -17.36487413    3.60018563 -145.26965617   -8.62119688  -22.24091082    0.46144466	  24.25903699  -36.97763694 -847.76619800  -57.99305756   93.90999704   -7.14473098	  8.03720592 -11.35402450  -1.15851017 -22.38242334  -4.12153897  10.67646912   8.38209575 -72.10980749 -11.49858717 -44.40755464 109.46828985 -32.84298933	 0.02997477  0.06029411 -0.49296960  0.84159190 -0.35393908 -0.08076865  0.02104222 -0.02107278 -0.12484611  0.72195093 -0.59850824 -0.04344788	-0.01323489 -0.27705025  0.45770566 -0.22876618  0.00873686  0.36468049  0.00529724 -0.16776350  0.64082025 -0.63375079 -0.04080347  0.01191154	-0.00029337 -0.30880085  0.47953151 -0.23797035  0.02036008  0.43611384  0.02238783 -0.21453653  0.73242105 -0.70087173 -0.06047194  0.00200871	0.29147384 0.19236053 3.94923016	-0.03643714  0.05350322 -0.02909661	-0.03567341  0.05137369 -0.02617876	 0.00364681  0.00629953 -0.99997351	0.35000000	0.00000000	0.00000000	0.08157890	0.06665378	0.08018359	-0.71816856	0.90488881	0.91710162	-0.64599037	0.86157042	-0.61562794	1.13515091	0.17303520	0.07919014	0.56946743	0.32463798	0.27200365	-0.10276510	-0.30288914	-0.34233025	0.89483237	1.13698447	0.00513884	-0.38757542	-0.42349902	0.69095641	
0.00800600	  56.67170249   43.32148366 -272.60874597  -18.53045997   19.51205177   -5.55033713	  13.27677960  -38.98370583 -831.88051578  -56.67561413   85.87774960   -2.60529242	  4.83787076 -21.58129501   6.39866837 -23.83274902 -10.97521857  21.91112670   8.60595533 -78.69436312  -1.24729572 -59.45992938 105.49265277 -26.98513827	 0.02996770  0.05760087 -0.48915047  0.83981193 -0.35439885 -0.07668784  0.02121496 -0.02295892 -0.11894085  0.71619672 -0.59893281 -0.04331547	 0.00186502 -0.36025798  0.45161575 -0.20879222 -0.14249923  0.58890797  0.01213120 -0.23200085  0.72928977 -0.70687095 -0.04309463  0.01844892	-0.00067992 -0.34869404  0.47668891 -0.22028683 -0.08747581  0.54400862  0.01702228 -0.23844016  0.73872366 -0.72698392 -0.04720336  0.02265249	0.28497060 0.19561371 3.95639809	-0.01910090  0.05761826 -0.01592520	-0.02513493  0.05627680 -0.02036272	 0.00409141  0.00652926 -0.99997031	0.35000000	0.00000000	0.00000000	0.11000963	0.04310968	0.07397249	-0.72060883	0.89525586	0.93735826	-0.65725338	0.91960800	-0.59437025	1.17641342	0.12904015	0.05681678	0.59859294	0.34988207	0.26434949	-0.16764888	-0.28959370	-0.35652348	0.89803165	1.12718666	-0.07422695	-0.36672059	-0.42439425	0.60133892	
0.00845800	  56.92122806   39.58254505 -341.36043339  -23.29456759   23.00458805   -5.98281857	  22.86689697  -37.02727391 -750.99388559  -51.38239101   82.68852396   -1.12470588	  6.29451674  -9.65499157   7.14401225 -26.78704135   0.36390331   6.36269959   7.14457739 -65.49660659  -7.45694189 -47.68354201 110.69543374 -27.08553398	 0.02997755  0.05431723 -0.48507216  0.83811649 -0.35627368 -0.07118731  0.02129637 -0.02519350 -0.11262162  0.70968096 -0.59914097 -0.04306028	-0.01193165 -0.39336941  0.46969834 -0.19630791 -0.29142059  0.68480294 -0.02412354 -0.26463378  0.77424864 -0.82298473 -0.01185009  0.02911984	-0.00029085 -0.38995927  0.47888583 -0.19552895 -0.24242579  0.64783166  0.00560965 -0.26480056  0.74645168 -0.77655545 -0.02281957  0.02439406	0.27478565 0.19604092 3.96377015	-0.00729108  0.06703789 -0.00782209	-0.01077536  0.06416385 -0.00997919	 0.00462162  0.00663376 -0.99996732	0.35000000	0.00000000	0.00000000	0.09060267	0.10040952	0.08694091	-0.74728656	0.86110044	0.94022423	-0.65108740	0.87454963	-0.54216325	1.17757773	0.11731285	0.05468144	0.66750205	0.35654214	0.25848579	-0.13812149	-0.34281594	-0.36868101	0.93143708	1.12417150	-0.11265473	-0.33306119	-0.38401201	0.58210003	
0.00851400	  38.55386159   25.09357723 -309.44919958  -21.01721494   17.58690978   -2.61848537	  24.16874831  -31.49931664 -732.02050074  -50.20935591   86.83318536   -4.07021633	  9.28587658 -11.49430373   9.94123125 -19.88340308   2.30775528   3.82985563   9.81377933 -63.37830114  -4.03625591 -37.68042855 115.57693613 -20.98222831	 0.03001963  0.05095775 -0.48112080  0.83669817 -0.35908300 -0.06589683  0.02133011 -0.02752292 -0.10635274  0.70300370 -0.59920468 -0.04285357	 0.00828941 -0.35437889  0.43017364 -0.15866960 -0.34397000  0.55799405 -0.00133589 -0.26005124  0.69539756 -0.75706612 -0.00649387  0.02477051	 0.00436423 -0.39354768  0.46198744 -0.16030815 -0.34045089  0.61171403  0.00224843 -0.27752976  0.73580608 -0.78637858 -0.00567127  0.02761229	0.26637716 0.19731039 3.96524045	 0.00288224  0.06789971 -0.00507618	-0.00021934  0.06786310 -0.00582129	 0.00519998  0.00664941 -0.99996437	0.35000000	0.00000000	0.00000000	0.08881067	0.09831978	0.06117959	-0.71086550	0.82871282	0.94166005	-0.65299600	0.85889786	-0.53968269	1.18468344	0.15430264	0.07215267	0.67669737	0.39499781	0.28461921	-0.11809423	-0.35941836	-0.37602815	0.95032948	1.13851631	-0.10943255	-0.34090236	-0.37229809	0.56742501	
0.00805100	  21.89813619   26.25272608 -274.17789046  -18.21768553    9.01669278   -3.98543914	  18.63014641  -20.82685469 -732.45466616  -49.96533727   83.48749756   -1.96177631	  6.94746098 -11.95881113  12.70681261 -22.99789481  -0.42557481   9.91525558   6.66548048 -57.83893514  -1.14478777 -44.98490985 116.96981370 -16.50519486	 0.03008044  0.04777330 -0.47745728  0.83557837 -0.36226544 -0.06114708  0.02133940 -0.02983671 -0.10041056  0.69660165 -0.59919577 -0.04232333	 0.01036496 -0.35268115  0.40717215 -0.14647080 -0.38921333  0.55003301 -0.01606851 -0.27714432  0.69601591 -0.72089284  0.01279095  0.09584289	 0.00764311 -0.39228316  0.45305415 -0.13939663 -0.39717657  0.58843558 -0.00087107 -0.28770935  0.73841850 -0.79302934  0.00617243  0.07593074	0.26208755 0.19794675 3.96335836	 0.00386387  0.06089767 -0.00339948	 0.00368681  0.06332281 -0.00391474	 0.00571685  0.00661798 -0.99996176	0.35000000	0.00000000	0.00000000	0.10489233	0.11197248	0.04183909	-0.69417161	0.81787997	0.95718372	-0.65921187	0.86070549	-0.54038179	1.19269884	0.13422659	0.04783260	0.69139463	0.41642231	0.31356454	-0.14456269	-0.38199675	-0.38830233	0.95998061	1.13781404	-0.13645747	-0.33015859	-0.36532658	0.54196811	
0.00842100	  13.46128888   23.23486134 -282.75650974  -18.62059729    5.33546650   -3.50647035	  21.38868928  -20.88720027 -716.45037811  -48.95932957   82.63060357   -2.60987199	  7.65655557 -12.09611210  13.79006097 -25.00888826   1.44776177   7.17968337   8.57308275 -52.06494820  -5.73693745 -40.49250084 114.03491807 -17.84034871	 0.03011280  0.04441877 -0.47350436  0.83448271 -0.36588063 -0.05608937  0.02135645 -0.03237831 -0.09394394  0.68955700 -0.59907573 -0.04131277	-0.00839410 -0.38476368  0.51603969 -0.16653117 -0.48373861  0.62209116  0.02534406 -0.29396853  0.86378825 -0.89285248 -0.01711512  0.16124840	 0.00413806 -0.39483194  0.47084490 -0.13115729 -0.43316312  0.59747663  0.00342213 -0.29867518  0.77296171 -0.83766362  0.01289140  0.12401728	0.25785329 0.19771636 3.96053348	 0.00169389  0.05451282 -0.00328547	 0.00239431  0.05653178 -0.00330462	 0.00620483  0.00659417 -0.99995901	0.35000000	0.00000000	0.00000000	0.07923301	0.11781834	0.04175100	-0.73080140	0.78489685	0.94344419	-0.68218219	0.86071205	-0.51545048	1.19172931	0.09248760	0.05522262	0.74132955	0.41467968	0.29683933	-0.14478098	-0.41408670	-0.40742779	0.97680116	1.16681635	-0.13936940	-0.30172473	-0.33814916	0.51888591	
0.00801000	  16.10097649   16.90481183 -289.39321256  -19.33207763   10.29144275   -1.91763347	  38.78582548  -21.23914200 -696.66982804  -48.19647428   97.51225588   -6.52507061	  9.15017591 -11.23982540   8.83611190 -17.44379225   9.29130634   2.67144709   5.32739922 -48.09240901 -12.28264788 -20.11740187 126.54556918 -18.14443488	 0.03017076  0.04134854 -0.46994809  0.83363323 -0.36934745 -0.05168183  0.02134933 -0.03477081 -0.08797083  0.68302803 -0.59889585 -0.04026192	 0.02708601 -0.39000554  0.44060020 -0.09337818 -0.45564735  0.54147926 -0.00303947 -0.30146118  0.80643214 -0.85776219  0.02414891  0.13330786	 0.00852735 -0.38156390  0.43923090 -0.10135006 -0.43528106  0.54192988 -0.00135122 -0.29889599  0.74723113 -0.81266649  0.02148015  0.13147703	0.24880746 0.19660689 3.95685615	-0.00207584  0.06050494 -0.00327933	-0.00081971  0.05829786 -0.00326411	 0.00665974  0.00659626 -0.99995607	0.35000000	0.00000000	0.00000000	0.06733382	0.13771407	0.01328364	-0.76207495	0.75444341	0.95472002	-0.69576705	0.82423747	-0.50164807	1.18796527	0.10493529	0.09197582	0.76280940	0.42046991	0.27212283	-0.12168087	-0.44827425	-0.40519983	1.00714183	1.16475451	-0.14313723	-0.29313666	-0.33231053	0.52847373	
0.00851300	   8.40753266   29.41113501 -324.87083370  -21.33839285    5.03731534   -4.50143363	  39.93737814  -19.61697710 -660.91801634  -45.84957040   97.27238596   -5.70325055	  6.89939324  -7.48756376  17.34644472 -28.24362859   5.53904586   4.85349695   6.28300097 -47.54584980  -5.89901184 -17.81866531 123.97489071 -14.57825744	 0.03020259  0.03825225 -0.46636856  0.83294751 -0.37300943 -0.04752959  0.02136095 -0.03725784 -0.08192981  0.67645545 -0.59866741 -0.03909207	-0.02522846 -0.36611907  0.39562891 -0.05370081 -0.39755861  0.44383011  0.01234975 -0.25503318  0.69358462 -0.72420369  0.00648652  0.13198832	 0.00349398 -0.36314678  0.42139998 -0.07837928 -0.42895947  0.48372439  0.00049948 -0.29154017  0.71229708 -0.76945149  0.02545372  0.13977289	0.24188475 0.19496567 3.95224810	-0.00520425  0.05459467 -0.00446020	-0.00426872  0.05672800 -0.00406218	 0.00715488  0.00662893 -0.99995243	0.35000000	0.00000000	0.00000000	0.08006065	0.14541160	-0.01301292	-0.73756659	0.77983999	0.94910896	-0.67382699	0.80132800	-0.50489348	1.17964685	0.13120134	0.05768864	0.75197047	0.42821130	0.29617786	-0.12654763	-0.46127427	-0.42148763	1.00871027	1.19387853	-0.14752746	-0.29384720	-0.33981586	0.52448434	
0.00800200	   0.68544745   36.96940782 -331.06814540  -21.40221654   -1.66670095   -3.93234089	  42.06508549  -15.69706999 -644.75088196  -44.64694518   95.07906040   -5.21590573	  8.45811616  -6.40452355  17.06330834 -33.13468865  -0.14932966   8.08295720   5.32315043 -46.84981382  -7.83415988 -21.30010411 121.19563258 -11.02654062	 0.03028513  0.03541768 -0.46304105  0.83234794 -0.37642460 -0.04372452  0.02136601 -0.03962720 -0.07637030  0.67051431 -0.59837173 -0.03764470	 0.03367190 -0.35443049  0.41051340 -0.08939781 -0.43881273  0.49825267  0.01695924 -0.29113526  0.72932962 -0.75457021  0.06226566  0.22797105	 0.01167218 -0.35684390  0.41643311 -0.07470765 -0.42635476  0.47923240  0.00219137 -0.29578335  0.69804098 -0.74281831  0.03933704  0.19027455	0.23650208 0.19363309 3.94748483	-0.00929105  0.04904019 -0.01133952	-0.00793617  0.05087240 -0.00896381	 0.00756690  0.00668790 -0.99994901	0.35000000	0.00000000	0.00000000	0.09285451	0.15174913	-0.05691731	-0.75421906	0.78575367	0.95870686	-0.70574319	0.79999399	-0.47711211	1.21298170	0.09541721	0.07382188	0.75468886	0.40189996	0.31274104	-0.13042608	-0.47691935	-0.45385799	1.01520181	1.21039486	-0.16641407	-0.25248811	-0.36280856	0.49280953	
0.00852400	   4.36396303   33.18778480 -361.03761871  -23.54614710    1.90444588   -7.39997001	  38.56184118  -17.33745212 -631.66700840  -43.87728966   93.44785528   -5.20449134	  3.08587705  -9.18816966  16.95805953 -33.66502188   6.33959337   3.67261738   4.31424067 -39.56596565 -10.03831383 -12.04893737 118.26309228 -14.66420242	 0.03035934  0.03247396 -0.45952298  0.83176316 -0.37998882 -0.03965489  0.02136172 -0.04212941 -0.07065871  0.66450526 -0.59805513 -0.03587254	-0.01027298 -0.29859729  0.36090087 -0.06067908 -0.37277416  0.41610493  0.00019363 -0.28050760  0.58478387 -0.61468737  0.01409348  0.16048371	 0.00622446 -0.34228339  0.40868847 -0.06655603 -0.41392046  0.47197981 -0.00029942 -0.29192634  0.66229389 -0.69074239  0.03595279  0.20182170	0.23016807 0.19043749 3.94340110	-0.01334614  0.04362794 -0.00701114	-0.01212798  0.04531527 -0.00847654	 0.00795870  0.00678625 -0.99994530	0.35000000	0.00000000	0.00000000	0.14407140	0.16045268	-0.09246545	-0.77630293	0.82875288	0.97067231	-0.70099419	0.75239760	-0.47593182	1.23838806	0.12003340	0.08548493	0.73713303	0.40044126	0.29760507	-0.10501932	-0.51848871	-0.49645245	1.01239991	1.28327417	-0.16390294	-0.22613710	-0.35619950	0.55878717	
0.00850100	  -5.71629329   41.37657555 -373.98376998  -23.99874517   -4.52406718   -5.99081647	  42.07117700   -9.73014482 -611.21662072  -42.32788851   90.23880147   -4.33648464	  5.99858099 -12.36995694  23.87844696 -41.64592363   0.95450338   9.03701636   6.79205959 -37.55460465 -10.24322001 -19.44474094 114.65441144  -9.19959386	 0.03043132  0.02951854 -0.45598334  0.83111160 -0.38340212 -0.03535258  0.02135719 -0.04458204 -0.06514515  0.65890996 -0.59771112 -0.03403911	-0.00216922 -0.33880793  0.37026359 -0.09057769 -0.33267671  0.53220748 -0.00287867 -0.25682962  0.56158283 -0.58714357  0.04961046  0.22724506	 0.00780010 -0.34793452  0.41390984 -0.08037715 -0.39344163  0.51940784 -0.00103552 -0.28720727  0.63889051 -0.64719382  0.04035982  0.22202318	0.22625630 0.18842877 3.93907341	-0.01507690  0.03323450 -0.01105105	-0.01460236  0.03656157 -0.00967044	 0.00828516  0.00690940 -0.99994181	0.35000000	0.00000000	0.00000000	0.27305260	0.05833384	-0.13029042	-0.61980546	0.72329730	0.86405271	-0.75485545	0.72724241	-0.32676804	1.22753632	0.13518004	0.03872363	0.74525642	0.46695313	0.20740624	-0.21923348	-0.62317777	-0.49791080	0.88204420	1.56127465	-0.26548213	-0.11730949	-0.23692530	0.61589742	
0.00845800	 -18.51870467   62.25337228 -478.06109583  -30.30871112  -14.44480710  -16.61571096	  28.24883017   19.75857417 -477.77806998  -33.03698012   71.23279185    1.22507220	 -7.04848286  -3.26122598  29.13628061 -55.63437623  -5.97535222   6.18313160   4.02241508 -18.32547200 -21.12425815  13.92485839  93.96847773   7.07505658	 0.03048427  0.02654727 -0.45223407  0.83030867 -0.38677678 -0.03028339  0.02135324 -0.04707715 -0.06000864  0.65416061 -0.59727399 -0.03148669	-0.01927710 -0.33703148  0.45152398 -0.09359805 -0.40926903  0.65222008 -0.02804627 -0.28857607  0.57326819 -0.46671219  0.08380688  0.37064512	 0.00273296 -0.34976897  0.44533668 -0.09559720 -0.40063834  0.61694895 -0.00231859 -0.29452619  0.58783340 -0.52742975  0.05571437  0.32697875	0.22357139 0.18078266 3.93051106	-0.02687319  0.01598232 -0.00726643	-0.02311616  0.02157838 -0.00835199	 0.00849339  0.00708708 -0.99993882	0.35000000	0.00000000	0.00000000	0.25077280	-0.09369935	-0.25129968	-0.28950712	0.41210276	0.62014270	-0.96265310	0.64387923	0.06183682	1.24835837	0.20609285	-0.07146268	0.76163840	0.41767946	0.06105243	-0.39660269	-0.77046496	-0.60600913	0.58339882	1.90013027	-0.34766623	0.14590858	0.07139371	0.68330532	
0.00802200	 -31.69860941  104.86976559 -666.76507864  -41.92138639  -25.12715452  -26.26272969	  18.70577429   78.57909148 -210.47393290  -14.33499052   32.53703674   10.78361214	-16.03228372   7.73603371  33.84143849 -80.11945981  -8.82370658   6.48511646   3.25479268  26.65478981 -46.18671697  77.60977250  45.15977553  36.57481956	 0.03051651  0.02382207 -0.44859274  0.82949676 -0.38993155 -0.02428719  0.02136671 -0.04940664 -0.05643073  0.65205550 -0.59674912 -0.02764369	 0.00167884 -0.31727370  0.49015318 -0.08626835 -0.37707747  0.88286457  0.01182898 -0.31469811  0.35383651 -0.08761865  0.07691629  0.58834305	 0.00219401 -0.33522236  0.45617776 -0.10022080 -0.39455998  0.78312080  0.00154986 -0.28839600  0.41023289 -0.19920430  0.06779860  0.51689639	0.21852710 0.16303758 3.91494861	-0.06106118  0.00557657 -0.00576878	-0.04962587  0.00905013 -0.00617593	 0.00857429  0.00743831 -0.99993557	0.35000000	0.00000000	0.00000000	0.20682293	-0.18272199	-0.38497752	-0.08249417	0.24402595	0.36124933	-1.14684188	0.46910343	0.35416645	1.25151265	0.24504110	-0.06958696	0.81513524	0.21004398	0.12081427	-0.46700948	-0.87010318	-0.85748607	0.50246602	2.15086174	-0.41254789	0.32441857	0.23533592	0.65433943	
0.00802800	 -49.02792643   54.79125213 -946.09329569  -30.10396018  -47.51577191  -23.96026882	 14.12083901  88.74391210 -83.39523027  -6.04128237  14.49137661  11.47511727	 -18.81916900    5.49607572   33.28683652 -106.01827729  -21.00033979   -5.65814678    2.88987834   45.37510753  -57.40191106   89.58075047    0.23331608   44.11942095	 0.03052293  0.02128364 -0.44493517  0.82877429 -0.39313901 -0.01688782  0.02136124 -0.05156997 -0.05476201  0.65349010 -0.59630313 -0.02177632	-0.02880558 -0.31301986  0.44400099 -0.06632879 -0.39288791  0.85517078 -0.00972631 -0.28380880  0.09356904  0.37802120  0.02431831  0.82892636	-0.00203951 -0.30963713  0.45558321 -0.08588809 -0.39719542  0.91460698  0.00014454 -0.26652684  0.17766195  0.24117846  0.04612887  0.76428242	0.21708889 0.14307350 3.90452569	-0.08288962 -0.01859788 -0.00532492	-0.07937858 -0.00928698 -0.00548739	 0.00853334  0.00805406 -0.99993115	0.35000000	0.00000000	0.00000000	0.21636623	-0.19271173	-0.37988853	-0.01094635	0.26413161	0.20746467	-1.13895822	0.33318427	0.48585653	1.25269258	0.29604045	-0.06953333	0.84520626	0.11101808	0.17713502	-0.43453759	-0.94763505	-1.05808926	0.43743414	2.27545142	-0.43011659	0.36240679	0.27237314	0.62991333	
0.00847400	  -49.22485448     5.84168796 -1112.25962464   -15.20566074   -58.88932174   -19.64300222	 20.65400137  63.50250206 -42.20331795  -3.71212376   8.57797046   6.65363723	 -14.62751450   -1.49304475   27.45048909 -124.59605092  -26.89809076   -8.71561071    8.79259182   41.57545984  -61.08011709   84.72081733  -19.20387420   33.91814384	 0.03053467  0.01902160 -0.44100195  0.82842905 -0.39667016 -0.01113285  0.02140088 -0.05388341 -0.05491947  0.65896088 -0.59645173 -0.01366701	-0.02172694 -0.25060515  0.47144266 -0.00358634 -0.42782608  0.48647618  0.00497025 -0.25243787 -0.09411913  0.86431984 -0.08577478  0.98142534	-0.00149918 -0.26228556  0.46240087 -0.03437331 -0.41703343  0.61266845  0.00775182 -0.27429517 -0.05316744  0.71617096 -0.04122718  0.96936750	0.21590154 0.13249430 3.91131764	-0.03881872 -0.04245774 -0.00434207	-0.05236609 -0.03553227 -0.00459200	 0.00825842  0.00857500 -0.99992913	0.35000000	0.00000000	0.00000000	0.24018630	-0.19880812	-0.38826704	0.01209553	0.29206678	0.10644397	-1.13637841	0.26324841	0.52977771	1.22167945	0.39523846	-0.02118727	0.82932365	0.09264489	0.14882305	-0.38162780	-0.95938349	-1.14073575	0.35605231	2.36711740	-0.40610194	0.30670515	0.26467174	0.65059578	
0.00849000	  -43.41193203     9.11964746 -1089.16046525     3.92058357   -56.31140973   -16.39262026	14.39251047 27.50975453 -0.73663083 -1.15456755  1.81040244  0.84146573	 -17.41962485    7.21427464   18.13587153 -123.05445895  -24.25453247   20.86521006   12.42588130   45.95475090  -67.57316050   69.29152182  -21.04195681   26.30337900	 0.03055029  0.01694415 -0.43719138  0.82837666 -0.40017768 -0.00766729  0.02171369 -0.05607252 -0.05713077  0.66807399 -0.59763500 -0.00490151	 0.00028348 -0.22561428  0.42586787  0.01013098 -0.39366192  0.31684136  0.08008190 -0.20044016 -0.38116297  1.20802975 -0.17029512  1.03794149	 0.00132573 -0.24202812  0.44373150  0.00019720 -0.41259040  0.38616736  0.05128700 -0.24298335 -0.29967578  1.12920057 -0.15400228  1.03474809	0.21100021 0.12372908 3.91540492	-0.01027776 -0.04365035 -0.00374086	-0.01961316 -0.04359550 -0.00392006	 0.00788167  0.00877780 -0.99993041	0.35000000	0.00000000	0.00000000	0.31797072	-0.21627460	-0.45876703	0.04162370	0.29083365	0.06627209	-1.17638242	0.24348217	0.47520316	1.10928607	0.39651632	0.00619639	0.79279715	0.04992645	0.12731494	-0.43618113	-0.93997383	-1.16389084	0.30697593	2.42436481	-0.43620479	0.27205548	0.21862917	0.70434308	
0.00802400	  -46.59368160    17.83781203 -1082.30111582    15.69411836   -61.49366847   -14.20833913	13.65702511 15.60308398  6.22209295 -0.55833926  0.57999723 -0.07927263	 -20.02909568   20.85331571   17.02301116 -132.53326818  -30.16603339   36.94326368    9.02370907   40.57250869  -60.29511680   56.98949954  -24.54082833   17.54144223	 0.03054905  0.01503476 -0.43377154  0.82850180 -0.40342620 -0.00529425  0.02247701 -0.05745094 -0.06101200  0.67933858 -0.59953519  0.00303991	 0.01582011 -0.22552267  0.43298495 -0.01187801 -0.41086188  0.27465377  0.09018327 -0.14722092 -0.59675663  1.58831234 -0.28513852  0.94976622	 0.00076252 -0.23472190  0.42761017  0.01453030 -0.40328872  0.28815656  0.09845213 -0.15931293 -0.50847986  1.43817758 -0.25304091  0.96672094	0.20791256 0.11587158 3.91804758	 0.00124860 -0.04529712 -0.00339060	-0.00223365 -0.04470307 -0.00350445	 0.00752665  0.00880244 -0.99993293	0.35000000	0.00000000	0.00000000	0.37967503	-0.21495895	-0.51805896	0.06515561	0.32111287	0.01786403	-1.15818501	0.24360830	0.43195069	1.02130616	0.38336465	-0.02265984	0.75077987	0.03202318	0.09539028	-0.45243287	-0.89463478	-1.13372755	0.25164944	2.48961949	-0.46155050	0.24594793	0.16212502	0.73910630	
0.00846900	  -40.43907958    32.57109132 -1052.93195200    17.42025581   -60.27959727   -13.78782482	13.85397247  8.58889241  4.37229310 -0.32065430  0.43790586 -0.08434708	 -19.91521331   32.08445263    9.96423483 -135.48208272  -29.55337778   41.23191944    8.33085725   32.08908856  -55.28710210   44.11849807  -22.53323753   14.86608346	 0.03054794  0.01311065 -0.43022369  0.82864697 -0.40676642 -0.00318649  0.02361438 -0.05816259 -0.06673260  0.69344135 -0.60242219  0.01014450	 0.00811490 -0.23496280  0.42445245  0.00398253 -0.37561623  0.21514642  0.16957410 -0.03818872 -0.75971432  1.80597834 -0.41567849  0.77641319	-0.00133102 -0.22542157  0.41947073  0.01414242 -0.39148486  0.24043928  0.13640520 -0.07234410 -0.70181269  1.69874151 -0.35849278  0.80878433	0.20433659 0.10847405 3.91998532	 0.01018529 -0.04102660 -0.00301229	 0.00606165 -0.04263452 -0.00312158	 0.00715537  0.00876420 -0.99993599	0.35000000	0.00000000	0.00000000	0.39097250	-0.23362778	-0.55742514	0.11503911	0.32594782	-0.03297869	-1.14458489	0.20950922	0.39582258	0.96444857	0.37580800	-0.03378011	0.69888079	0.01599247	0.05164357	-0.43277767	-0.85525918	-1.07761717	0.18493141	2.53478646	-0.45822769	0.22801888	0.12124257	0.77872652	
0.00800500	  -44.95809397    46.07811535 -1027.02609917    19.05802588   -63.31412515   -12.46475960	12.57269844  5.89337354  2.08294346 -0.21250568  0.40354216 -0.15969346	 -20.31708154   44.34035134    8.45405492 -140.78670701  -34.03005329   45.55877984    0.81326500   18.54088718  -49.84045273   34.04721804  -12.01852376   18.34388562	 0.03054061  0.01129313 -0.42693539  0.82870159 -0.40980905 -0.00142369  0.02459248 -0.05842588 -0.07339431  0.70815984 -0.60562842  0.01564630	-0.00006421 -0.22950496  0.43501503  0.01672313 -0.36614946  0.18693658  0.08233469 -0.01924006 -0.95016402  1.96730107 -0.42239098  0.64367715	-0.00304333 -0.22810821  0.41349451  0.00578402 -0.37746442  0.21551648  0.11222440 -0.02883966 -0.85471241  1.86244177 -0.40395645  0.67865777	0.20231592 0.10240083 3.91977812	 0.02017391 -0.03840702  0.00054100	 0.01667365 -0.03921238 -0.00061173	 0.00683980  0.00863995 -0.99993928	0.35000000	0.00000000	0.00000000	0.39465544	-0.24587025	-0.57542926	0.14314289	0.33468890	-0.08249766	-1.12174237	0.20679054	0.38062453	0.90798217	0.36979201	-0.06321091	0.66348380	0.03755277	0.01677623	-0.45316070	-0.85455596	-1.00283980	0.14996733	2.57900763	-0.48652846	0.21210544	0.08478328	0.78924394	
0.00847200	  -41.18896775    56.33019889 -1012.04991905    20.67982305   -63.51791211   -11.49425404	10.94827528  3.65706297  1.57687931 -0.12163822  0.33215505 -0.11644684	 -17.81509448   53.72146177    2.34001755 -145.59237045  -35.60366330   49.01992977    4.65422176   15.40414810  -41.33365975   32.45098601  -11.78121196   19.83108008	 0.03051637  0.00936225 -0.42349652  0.82872488 -0.41299344  0.00033638  0.02528875 -0.05855952 -0.08151710  0.72485604 -0.60913814  0.02080280	 0.00319126 -0.24659918  0.41900477 -0.01998731 -0.40801434  0.21971562  0.03246068 -0.02360538 -1.03171690  2.07389005 -0.42719250  0.57010255	-0.00356784 -0.23030872  0.40755840  0.00110971 -0.37733574  0.20635528  0.07517263 -0.01427878 -0.98348872  2.00184005 -0.41942696  0.60283025	0.20104799 0.09719315 3.91808004	 0.03181162 -0.03691038 -0.00073414	 0.02799787 -0.03736806 -0.00035127	 0.00652055  0.00841734 -0.99994331	0.35000000	0.00000000	0.00000000	0.39748892	-0.24560775	-0.59711957	0.17122951	0.32549423	-0.12909232	-1.10514247	0.18937716	0.37826174	0.85195690	0.34323341	-0.08036324	0.65404767	0.05475564	-0.00867135	-0.45977524	-0.83742189	-0.96457720	0.14676277	2.62746859	-0.50932419	0.19632204	0.07406345	0.77141035	
0.00802400	  -33.55935642    67.69361026 -1010.82881886    18.10877712   -59.97533679   -10.93504984	 9.76107936  2.42517513  1.45900821 -0.08140943  0.28599408 -0.09590957	 -17.91965309   62.49513054   -2.73483970 -146.41193682  -32.63959390   47.59006947    4.69065123   14.95960182  -36.01669811   30.90756381  -10.24680244   19.32158923	 0.03051345  0.00754573 -0.42028992  0.82873072 -0.41592262  0.00188432  0.02568236 -0.05856122 -0.09005098  0.74137334 -0.61253208  0.02518610	-0.01305754 -0.23257779  0.39601321 -0.03693973 -0.36415028  0.18423980  0.04495347 -0.00110891 -1.16197625  2.12581164 -0.41262403  0.51235293	-0.00120914 -0.22756336  0.39907518 -0.00197235 -0.36888409  0.19209020  0.04455069  0.00121236 -1.08607666  2.08424874 -0.42521805  0.54082656	0.19959827 0.09087704 3.91633833	 0.03696264 -0.03418370 -0.00115373	 0.03533379 -0.03510387 -0.00102793	 0.00623617  0.00813767 -0.99994744	0.35000000	0.00000000	0.00000000	0.39695236	-0.23985456	-0.60717994	0.21910979	0.30892485	-0.17022265	-1.09220088	0.15569025	0.37886512	0.80408144	0.32890719	-0.08806705	0.65419424	0.06804816	-0.02573966	-0.44849223	-0.81943107	-0.91798389	0.13673817	2.67955494	-0.51060766	0.18509778	0.07663906	0.78780150	
0.00801000	  -36.00461828    70.91055661 -1008.73920592    21.31495663   -65.03626667   -11.88150237	 8.56220642  1.06859409  1.53178606 -0.03497303  0.24244562 -0.04744569	 -16.35518159   67.65492415   -6.63806620 -147.97257185  -39.36169633   52.14638776    2.77481066   11.48643112  -29.66915561   30.21300896   -9.70463906   19.06522113	 0.03051090  0.00580457 -0.41711169  0.82874656 -0.41879771  0.00332394  0.02584648 -0.05844656 -0.09926198  0.75854860 -0.61595275  0.02904531	 0.01635395 -0.19535959  0.40620838  0.01966709 -0.32576963  0.19476994  0.01784969  0.00977064 -1.14243417  2.12174091 -0.44595359  0.41503087	-0.00087117 -0.21693069  0.40042058  0.00200112 -0.35963486  0.18296916  0.01709045  0.01590703 -1.16527792  2.16237341 -0.43009416  0.47359260	0.19944801 0.08471944 3.91424087	 0.04062166 -0.03387353 -0.00150836	 0.03935058 -0.03391725 -0.00139029	 0.00596542  0.00782660 -0.99995158	0.35000000	0.00000000	0.00000000	0.38980865	-0.26753590	-0.62076968	0.25561017	0.27029243	-0.20430356	-1.06689298	0.14979330	0.37816280	0.73979759	0.32160282	-0.10526351	0.64175147	0.08278202	-0.06400786	-0.46855953	-0.80816174	-0.88265145	0.11673811	2.71515441	-0.49620759	0.16378984	0.06986917	0.78873378	
0.00851600	  -37.63895367    69.58551730 -1013.76598881    27.04166687   -67.07553517   -13.17833478	 7.61050523  1.84271207  1.35546839 -0.04463095  0.27287594 -0.04605199	 -20.00236864   71.90816355   -9.95643111 -149.23675185  -40.38042596   58.11911494    3.18323598    8.80710554  -32.35025498   30.56208432   -1.76229997   22.63345042	 0.03051375  0.00398158 -0.41379014  0.82875503 -0.42187151  0.00485097  0.02592674 -0.05819762 -0.10977256  0.77737680 -0.61936110  0.03285935	 0.01491244 -0.19390482  0.36897415  0.03331048 -0.31964793  0.16872269 -0.00782774  0.05299730 -1.15405734  2.05050026 -0.30964047  0.39322782	 0.00105917 -0.21146925  0.38809513  0.00326128 -0.35645506  0.18116551  0.00672864  0.03047308 -1.23931981  2.20949439 -0.38659502  0.44712600	0.19849499 0.07895417 3.91266083	 0.04450082 -0.02893755 -0.00153763	 0.04323782 -0.03052190 -0.00152196	 0.00569729  0.00746445 -0.99995591	0.35000000	0.00000000	0.00000000	0.35917524	-0.28102037	-0.61671680	0.29986656	0.20982739	-0.21804957	-1.06094551	0.13812274	0.39718437	0.66917431	0.30659428	-0.09483514	0.63520056	0.08156498	-0.09715310	-0.49719322	-0.80529875	-0.85508811	0.12804781	2.72121048	-0.49820045	0.15531349	0.05815712	0.77523023	
0.00846100	  -40.74351742    73.49924343 -1023.25521326    30.81948253   -67.86394551   -14.08370985	 8.40380173  0.64417921  2.78783213  0.00095324  0.23609347 -0.01853559	 -21.03968914   80.79970455   -8.84941104 -153.13855475  -40.71748728   62.11873138    2.33389111    4.83621019  -28.69246697   32.97519119  -11.89637621   22.37681517	 0.03051195  0.00219956 -0.41052663  0.82874529 -0.42492473  0.00641798  0.02594792 -0.05787874 -0.12103988  0.79686725 -0.62256613  0.03675499	-0.01739374 -0.22207749  0.39510418 -0.00839009 -0.38580628  0.17187013 -0.02561845  0.03263458 -1.40575578  2.39864700 -0.40495916  0.48065435	-0.00113474 -0.21036262  0.38603967 -0.00109422 -0.36165247  0.18442603 -0.00104060  0.03901109 -1.34689956  2.32075849 -0.38237087  0.46126689	0.19881534 0.07296888 3.91123415	 0.04539025 -0.02908315 -0.00150095	 0.04511420 -0.02892237 -0.00151097	 0.00545359  0.00708105 -0.99996006	0.35000000	0.00000000	0.00000000	0.43959826	-0.24951772	-0.64765882	0.31832501	0.25364468	-0.24639961	-1.08033860	0.12309469	0.37625003	0.64064926	0.27048883	-0.10748210	0.62254769	0.10783163	-0.03832632	-0.46259856	-0.75366712	-0.81609040	0.12606460	2.80448771	-0.55514205	0.14583586	0.04398161	0.75513327	
0.00854800	  -25.88159886    83.53960075 -1028.81329322    25.81824402   -59.63544357   -11.40575393	 7.36091830 -5.03552387  0.96439555  0.13128627  0.13972676  0.07606951	 -16.46034681   88.31551170  -15.46288059 -152.03317887  -33.28994814   56.89553744    2.76463714    7.56763381  -17.84328642   21.12117171   -8.96277154   10.40378273	 0.03052045  0.00058177 -0.40725632  0.82875140 -0.42793967  0.00785764  0.02596350 -0.05737909 -0.13279063  0.81670931 -0.62583219  0.03981282	 0.01241290 -0.18454500  0.34236199 -0.00493137 -0.31683349  0.14899474 -0.00431166  0.04817617 -1.27294319  2.09733724 -0.34972021  0.23624162	 0.00224203 -0.18635752  0.38064459  0.00159615 -0.35006324  0.16084135 -0.00120433  0.06394710 -1.37733886  2.31270409 -0.37925607  0.31376208	0.19921045 0.06376588 3.91110988	 0.03524762 -0.02895627 -0.00125344	 0.03854141 -0.02900646 -0.00133743	 0.00520642  0.00673555 -0.99996376	0.35000000	0.00000000	0.00000000	0.40230572	-0.24993701	-0.62468505	0.37291515	0.18782608	-0.26419294	-1.00440180	0.09101945	0.39102465	0.58400267	0.26646262	-0.12185202	0.63956058	0.08391650	-0.13691764	-0.46069923	-0.72285247	-0.77122849	0.10158730	2.83532929	-0.52476776	0.13760397	0.07337081	0.79230642	
0.00848400	  -35.42487524    78.62449577 -1025.61648275    30.06803572   -65.86504752   -13.53573700	 6.23493246 -0.90845985  2.28470612  0.05908522  0.20092046  0.00115393	 -20.75192657   85.27637434  -15.07314922 -153.26013404  -39.97184443   61.86189330    0.90837509   -2.16869655  -24.83674959   32.07068038   -3.45007229   24.34779367	 0.03050865 -0.00083741 -0.40403157  0.82875304 -0.43093941  0.00912570  0.02598068 -0.05669586 -0.14495831  0.83673668 -0.62893468  0.04187018	-0.00134933 -0.17692798  0.35598288 -0.00337123 -0.34695019  0.16972526  0.02892322  0.08456336 -1.49403464  2.44843373 -0.36843986  0.26776034	-0.00168005 -0.16804447  0.37536367  0.00191762 -0.35138745  0.14896103  0.00260050  0.07771652 -1.43926886  2.36222357 -0.35672201  0.25645886	0.19934312 0.05777028 3.91019192	 0.03666777 -0.02650250 -0.00120347	 0.03597415 -0.02726977 -0.00122084	 0.00497043  0.00643652 -0.99996693	0.35000000	0.00000000	0.00000000	0.43272448	-0.26085722	-0.65190357	0.42772987	0.17551200	-0.28852737	-1.04538035	0.08032709	0.38905543	0.56761891	0.26917973	-0.08642372	0.59980255	0.11985247	-0.07719295	-0.44093785	-0.70729119	-0.73152828	0.10620929	2.87112236	-0.55224979	0.11550950	0.02103886	0.76587731	
0.00800200	  -30.62339055    85.68320173 -1022.90630276    28.68378049   -62.53707575   -11.66687329	 7.24874120 -4.37065233 -0.62189920  0.14884612  0.07963719  0.06007409	 -19.23252818   93.05086708  -17.04676034 -154.78891867  -36.82882565   60.68279099   -3.24278443   -1.27533191  -12.84947519   12.60768985   -9.72868451   17.12828793	 0.03052560 -0.00206118 -0.40097975  0.82873979 -0.43375544  0.01019256  0.02598390 -0.05605776 -0.15674479  0.85566240 -0.63164758  0.04376897	 0.00376524 -0.10674004  0.41637781 -0.00452858 -0.35533922  0.10534468  0.02289926  0.07148785 -1.50556469  2.39260405 -0.36322918  0.20117878	 0.00179809 -0.14678486  0.38059197 -0.00150031 -0.35059989  0.12905546  0.00273677  0.08020284 -1.46447232  2.34481769 -0.34045126  0.22038839	0.20121970 0.05045499 3.90999731	 0.03034657 -0.02848824 -0.00098244	 0.03258752 -0.02775520 -0.00105579	 0.00475225  0.00616527 -0.99996970	0.35000000	0.00000000	0.00000000	0.45455250	-0.28619739	-0.62292635	0.49606949	0.14220411	-0.32042539	-1.00502133	0.06585910	0.39079297	0.52158809	0.26400459	-0.09874883	0.60490799	0.11133002	-0.09502954	-0.43103886	-0.66125900	-0.68094587	0.07355990	2.93464303	-0.54064065	0.10269006	0.01816388	0.80114353	
0.00848400	  -23.00293409    71.16080788 -1015.13627717    39.57773032   -56.11546608   -11.37536968	 5.97865354 -3.61887710 -0.72915734  0.13953336  0.10203729  0.04435112	 -20.09401590   87.07958174  -20.27739439 -147.07469726  -31.14999202   71.96661371   -1.61639943   -6.17805526  -17.95511524   18.63303381   -2.44272859   21.41868633	 0.03050476 -0.00329265 -0.39778282  0.82874866 -0.43671650  0.01131965  0.02598138 -0.05535102 -0.16934699  0.87536063 -0.63433482  0.04531774	-0.01828750 -0.17360866  0.36617061 -0.01174127 -0.35948534  0.12009575  0.01591302  0.07644850 -1.54879776  2.39325050 -0.32202404  0.19244949	-0.00341506 -0.14725771  0.37420995  0.00042240 -0.34605989  0.13457792  0.00091339  0.08033834 -1.49053714  2.31861132 -0.31003413  0.18292844	0.20088483 0.04634048 3.90951370	 0.03469864 -0.02265774  0.00134823	 0.03307916 -0.02460765  0.00058096	 0.00453209  0.00589454 -0.99997236	0.35000000	0.00000000	0.00000000	0.45228884	-0.30390364	-0.63228327	0.51610470	0.09838532	-0.32562962	-1.02667797	0.06541357	0.37993073	0.48874748	0.24265647	-0.06670225	0.59232664	0.12636200	-0.12748820	-0.46561688	-0.64533323	-0.66180974	0.09228646	2.95781398	-0.58460057	0.08148710	0.01838075	0.77839220	
0.00848200	  -23.85283120    85.60066920 -1027.82683998    33.01559615   -53.71023303   -10.13260181	 6.49869881 -4.80619920 -0.70043248  0.16900366  0.05177909  0.06089927	 -18.18742713  100.00297141  -16.84902300 -153.00221300  -29.04758567   64.37827921   -3.22088333   -3.62198111  -11.87627739   14.27331578   -8.51355797   18.40698573	 0.03049416 -0.00440833 -0.39461113  0.82875004 -0.43965292  0.01242381  0.02598845 -0.05470849 -0.18208533  0.89469994 -0.63672606  0.04663152	 0.00026579 -0.11205273  0.39869336  0.02816519 -0.33882453  0.14387508  0.01960368  0.09485976 -1.53531907  2.32347176 -0.28943266  0.14317974	-0.00234711 -0.12483953  0.37707832  0.00206308 -0.34574390  0.12599515  0.00333828  0.07906655 -1.50820824  2.28552267 -0.28533189  0.14458974	0.20239696 0.03849622 3.90975390	 0.02514428 -0.02491971  0.00071519	 0.02843016 -0.02404297  0.00093272	 0.00433408  0.00563441 -0.99997473	0.35000000	0.00000000	0.00000000	0.44154227	-0.30750898	-0.59591234	0.57423866	0.06289814	-0.34592241	-0.97647893	0.03298787	0.40292960	0.44071874	0.25244251	-0.08002827	0.60047138	0.10113876	-0.12400802	-0.44122511	-0.61677420	-0.63928783	0.08720627	2.99757433	-0.57745326	0.08301622	0.01896527	0.79196870	
0.00802800	  -22.59569342    79.40891857 -1015.83960199    37.36273069   -51.77192523   -11.96875196	 6.06923442 -5.25059210 -0.91531814  0.20765700  0.07318319  0.06014481	 -21.03537709   94.79699826  -18.95617227 -148.86453801  -27.60001762   69.85968161   -4.26248518  -13.58534932  -16.49914400   17.19547994   -4.41168582   22.51895028	 0.03048521 -0.00532505 -0.39163601  0.82874951 -0.44240643  0.01328509  0.02598641 -0.05411503 -0.19414199  0.91248774 -0.63881890  0.04763920	 0.02491473 -0.10129701  0.37143752  0.01628911 -0.36276647  0.14328553  0.02485463  0.07938139 -1.56756629  2.28938816 -0.25119979  0.17337364	 0.00022834 -0.11302709  0.37089024  0.00125590 -0.34180443  0.11068715  0.00267133  0.06943837 -1.50932011  2.21957613 -0.25711657  0.13424067	0.20264024 0.03412809 3.90929268	 0.02768588 -0.02194321  0.00313055	 0.02661739 -0.02301520  0.00228365	 0.00414442  0.00542934 -0.99997667	0.35000000	0.00000000	0.00000000	0.43968809	-0.34203809	-0.58211833	0.61510688	0.00656340	-0.36031687	-0.98895609	0.03704191	0.41398662	0.41388291	0.25266668	-0.03489713	0.59061003	0.11164811	-0.14552711	-0.45188722	-0.58448505	-0.61017698	0.08961343	3.00829744	-0.59863037	0.06655756	0.00503479	0.76771605	
0.00800900	  -22.66693175    80.25050672 -1019.42094303    39.68389267   -48.82002307   -13.86210530	 6.47347785 -6.09942726 -1.40923920  0.22496784  0.04697564  0.08340363	 -23.60089499   99.95451021  -16.70107075 -150.03966093  -24.54970881   72.06130779   -5.74499789  -10.49477249  -13.51145986   13.00952335   -7.03677978   19.78683987	 0.03041554 -0.00620035 -0.38868620  0.82873937 -0.44514270  0.01409711  0.02596424 -0.05369228 -0.20625680  0.92989188 -0.64067801  0.04865034	-0.00475903 -0.12960412  0.35464645 -0.01440290 -0.35254263  0.07378547 -0.00371398  0.05243031 -1.52395677  2.16463110 -0.21638240  0.09037696	-0.00869115 -0.10851435  0.36599913 -0.00103936 -0.34024789  0.09912587 -0.00331139  0.05268381 -1.51045573  2.16078242 -0.22996490  0.11889193	0.20365897 0.02837219 3.90910529	 0.02528361 -0.02232101  0.01220564	 0.02619527 -0.02211756  0.00913371	 0.00396976  0.00521438 -0.99997853	0.35000000	0.00000000	0.00000000	0.43283805	-0.33991271	-0.56449115	0.64898473	-0.02068999	-0.37366852	-0.96112460	0.03058659	0.40894526	0.37836984	0.24045196	-0.05420154	0.58861566	0.11399104	-0.16499588	-0.46224168	-0.55601615	-0.58723682	0.08922502	3.03673291	-0.60837477	0.04536390	0.02529880	0.76090366	
0.00848000	  -24.15119742    81.28940493 -1024.05557534    39.75720379   -47.91964213   -11.25677559	 6.83001238 -4.63231413 -0.55709361  0.18791704  0.06211481  0.05387588	 -20.06565633  101.94977856  -16.60486700 -149.86590487  -23.73060890   71.74834883   -4.12609044  -10.58616272  -17.39134476   17.42672046   -8.53762326   22.83987668	 0.03029673 -0.00699735 -0.38555817  0.82873877 -0.44804020  0.01487304  0.02595966 -0.05334844 -0.21916067  0.94791444 -0.64253136  0.04973470	-0.02557340 -0.08704587  0.36901196 -0.00207417 -0.37273236  0.08076986 -0.00803771  0.02835301 -1.57014629  2.18896905 -0.23236461  0.17555406	-0.01329093 -0.09295933  0.36813404 -0.00101232 -0.34337200  0.08746880 -0.00113807  0.04050406 -1.52735197  2.12616994 -0.21776279  0.13553051	0.20428023 0.02213693 3.90915386	 0.02039594 -0.02111770  0.01425721	 0.02193399 -0.02151724  0.01374708	 0.00378508  0.00502040 -0.99998023	0.35000000	0.00000000	0.00000000	0.44878185	-0.34391913	-0.54317421	0.67835182	-0.05544579	-0.38789764	-0.95344353	0.01202870	0.42099714	0.34801820	0.25119868	-0.03905077	0.58705735	0.13610986	-0.14194867	-0.45318508	-0.55059570	-0.58554441	0.09615377	3.06195855	-0.62658644	0.02942600	0.03102874	0.75123578	
0.00853000	  -19.85263675    75.00298561 -1018.47570598    43.65632430   -42.67987662   -10.36055169	 6.12507675 -6.88460854 -1.65672736  0.24005382  0.04193940  0.08526593	 -19.64933850   99.45003390  -16.69652470 -147.78982395  -18.93089162   75.57776725   -4.73060161  -10.72328046  -15.12340165   13.73206573   -4.77330740   18.18403587	 0.03016341 -0.00768158 -0.38245354  0.82874128 -0.45092331  0.01556796  0.02596313 -0.05311864 -0.23217850  0.96551750 -0.64423089  0.05071730	-0.02366799 -0.08930857  0.34126351  0.00826181 -0.31525098  0.07388637  0.02727931  0.04170836 -1.37585931  1.85767852 -0.16749009  0.07188095	-0.01522170 -0.08041675  0.36190106 -0.00052649 -0.33626904  0.07851201  0.00264321  0.02642067 -1.51605826  2.04221978 -0.19214469  0.10180868	0.20478993 0.01692380 3.90905000	 0.01848368 -0.02003137  0.01674823	 0.01901341 -0.02034854  0.01593508	 0.00361137  0.00485683 -0.99998168	0.35000000	0.00000000	0.00000000	0.39616412	-0.37729773	-0.51153433	0.71831799	-0.13681279	-0.38737935	-0.91108519	0.01271414	0.42683446	0.30611956	0.25149617	-0.03429837	0.59113944	0.12011568	-0.22383401	-0.49383163	-0.52833200	-0.57276368	0.09387313	3.05833697	-0.60956299	0.00564669	0.05813535	0.75402009	
0.00844200	  -31.68975751    72.78927635 -1029.62764929    46.16399037   -46.72753317   -11.36497757	 7.19036090 -1.88338454  0.09374976  0.10052340  0.12955154  0.00032999	 -21.05205466  101.93869519  -12.41966317 -147.19532913  -21.86790276   77.26930398   -8.21727322  -15.79901457  -25.31516609   20.92351063   -4.18940377   26.14615744	 0.02999844 -0.00824864 -0.37937538  0.82874061 -0.45380892  0.01622968  0.02590903 -0.05301275 -0.24536332  0.98276836 -0.64559871  0.05175723	-0.04354892 -0.07326125  0.34604356  0.01086568 -0.35341629  0.07442228 -0.03485516 -0.00156420 -1.58667121  2.07776328 -0.14037954  0.16724652	-0.02112988 -0.06577507  0.36395499  0.00022930 -0.34323803  0.07760243 -0.00813577  0.01159543 -1.57222332  2.04864530 -0.15710628  0.14262652	0.20500541 0.01072038 3.90923979	 0.01264179 -0.01770517  0.01930624	 0.01470455 -0.01842148  0.01850127	 0.00345199  0.00472173 -0.99998289	0.35000000	0.00000000	0.00000000	0.44035727	-0.36713681	-0.49742159	0.73809564	-0.13448286	-0.39629135	-0.93237698	0.01051010	0.42923093	0.28008249	0.26555616	-0.01885241	0.57107282	0.15959534	-0.15681145	-0.48168060	-0.52775586	-0.55365139	0.10162805	3.08558369	-0.65557235	-0.00781201	0.04090816	0.72926766	
0.00802200	  -23.95139257    69.04584681 -1021.00491321    47.25675281   -40.26958348    -9.52874589	 7.17890260 -6.27564185 -2.01969812  0.21673482  0.01625614  0.08670209	 -18.90163267  101.89943671  -13.64081251 -150.22302896  -16.02665672   76.94432336   -4.55661535  -11.22644222  -14.02338190   10.23344640  -10.36220569   17.62482457	 0.02984880 -0.00865736 -0.37646488  0.82873920 -0.45652706  0.01672228  0.02585695 -0.05298043 -0.25793612  0.99867746 -0.64670604  0.05294523	-0.00355582 -0.05420160  0.39583732  0.00617218 -0.34503100  0.04425825 -0.01492991 -0.00964194 -1.60259023  1.98020584 -0.15194470  0.11513053	-0.01911062 -0.04939664  0.36742754 -0.00027792 -0.34102449  0.05875936 -0.00566818  0.00220954 -1.57759679  1.98745245 -0.14178666  0.13352418	0.20658285 0.00506673 3.90931814	 0.00716586 -0.02056727  0.02019930	 0.00900542 -0.01953578  0.01984618	 0.00330148  0.00464364 -0.99998377	0.35000000	0.00000000	0.00000000	0.45892474	-0.37914455	-0.47745633	0.80100363	-0.15952259	-0.41073489	-0.90033609	-0.01019540	0.44240320	0.26246887	0.27476475	-0.00723283	0.57654464	0.14188309	-0.17820244	-0.47719130	-0.47220498	-0.53006327	0.08492375	3.15044951	-0.65045035	-0.02785829	0.04777898	0.74991703	
0.00802500	  -17.79872967    64.14048715 -1020.52004282    49.87188277   -36.09966149   -11.85183042	 5.92449803 -3.77647923 -2.22788325  0.14175215  0.03103722  0.06082438	 -22.66444999   98.49944353  -17.54331791 -144.97131354  -12.31152423   80.02294701   -6.67595916  -14.63069797  -16.93250369   12.42414956   -2.86263918   21.62017283	 0.02963971 -0.00891352 -0.37358656  0.82874057 -0.45923736  0.01707845  0.02582400 -0.05296422 -0.27043958  1.01397705 -0.64768339  0.05380334	-0.02642155 -0.02431433  0.36924246 -0.00342866 -0.35412273  0.04992261  0.01894769 -0.03124048 -1.62978471  1.90570963 -0.09133860  0.09756389	-0.02783950 -0.02875585  0.35805759 -0.00151286 -0.33772301  0.04757882 -0.00166144 -0.00111861 -1.56649112  1.90313324 -0.11554279  0.10828414	 0.20662207 -0.00134714  3.90971998	 0.00152204 -0.01742831  0.03109316	 0.00339132 -0.01856084  0.02734934	 0.00314795  0.00460968 -0.99998442	0.35000000	0.00000000	0.00000000	0.44747350	-0.41335717	-0.45273808	0.83817065	-0.22200303	-0.42133942	-0.89706856	-0.02145714	0.45851213	0.24059969	0.28367749	0.03056446	0.57543468	0.15113086	-0.19941173	-0.49929887	-0.46124929	-0.50922149	0.09228832	3.16039205	-0.65625566	-0.04851470	0.03519987	0.75467461	
0.00848200	  -18.54271608    57.75774505 -1016.54941716    53.04006639   -33.23855023    -9.07283335	 6.24677205 -2.17925282 -2.89668988  0.08928960  0.00101100  0.02681645	 -19.16997736   95.84780216  -14.22190402 -145.99123251  -10.22668366   82.66195387   -8.60475885  -14.51554298  -14.88258268    9.28298592   -6.28428802   22.69305658	 0.02933242 -0.00909374 -0.37054884  0.82873747 -0.46207944  0.01743600  0.02574440 -0.05294980 -0.28372179  1.02959029 -0.64836860  0.05478523	-0.06156439 -0.01096156  0.39653496 -0.00419100 -0.37214997  0.04747760 -0.02371259 -0.00729680 -1.60535228  1.86597549 -0.06871798  0.13713230	-0.03879482 -0.01760473  0.35893957 -0.00203106 -0.33658472  0.04437131 -0.00977527  0.00011736 -1.56429770  1.82662215 -0.07589025  0.12125229	 0.20745514 -0.00775577  3.90989623	-0.00420123 -0.01759772  0.04013290	-0.00242812 -0.01738115  0.03745034	 0.00300382  0.00462183 -0.99998481	0.35000000	0.00000000	0.00000000	0.43564716	-0.44899115	-0.40822992	0.86690158	-0.24893452	-0.42333117	-0.86282086	-0.02294181	0.45710737	0.20831633	0.29690281	0.02272340	0.56645328	0.16312465	-0.20773453	-0.52559054	-0.46082658	-0.51920253	0.09440918	3.17674875	-0.66206551	-0.06996445	0.04186775	0.76874411	
0.00853100	  -13.55604148    49.46755074 -1013.45981996    55.66022096   -25.31915599    -6.75682696	 6.70565117 -2.39814613 -3.46859932  0.08772082  0.01277796  0.04302270	 -16.46143227   95.91939807  -12.61935217 -142.24914670   -2.52497331   83.96716487   -6.27023290  -19.79868138  -18.43434690    8.25786369   -4.06076209   21.24035513	 0.02899140 -0.00917396 -0.36754268  0.82874424 -0.46486795  0.01781989  0.02567115 -0.05294556 -0.29694778  1.04442063 -0.64878467  0.05585109	-0.02130527 -0.00168009  0.33685365  0.01096375 -0.27081550  0.05362484  0.00473048 -0.00165227 -1.42251586  1.53388918 -0.02311216  0.14230872	-0.03906198 -0.00708155  0.35110092  0.00082971 -0.32303643  0.04597473 -0.00521255 -0.00070346 -1.54092604  1.71226549 -0.04004154  0.12552657	 0.20722035 -0.01270617  3.91011513	-0.00687306 -0.01557386  0.04135828	-0.00636416 -0.01626633  0.04097052	 0.00286326  0.00467256 -0.99998498	0.35000000	0.00000000	0.00000000	0.38340944	-0.48961326	-0.35859299	0.89860654	-0.32187510	-0.42244348	-0.83076352	-0.02808701	0.46398926	0.17396739	0.31359240	0.03981054	0.56610495	0.14360440	-0.26974016	-0.55489469	-0.44143552	-0.51841915	0.09736183	3.15175080	-0.66522473	-0.08386956	0.07382940	0.75904763	
0.00853900	  -34.80934697    47.59019440 -1011.10753328    58.26656090   -35.94834552   -11.32078452	 8.35444759 -1.98057611 -2.07836785  0.08515690  0.08496129  0.00165229	 -22.55327196   97.15402126   -5.68978594 -143.98186690  -12.74457380   85.78634393  -10.29137087  -24.78871214  -25.55121171   13.00489393   -1.84532974   23.93625215	 0.02860117 -0.00921393 -0.36455301  0.82874674 -0.46768626  0.01816887  0.02553725 -0.05302894 -0.31021207  1.05862144 -0.64896272  0.05703522	-0.03632853 -0.01954664  0.30303831  0.02142157 -0.27346781  0.06654075 -0.00990072 -0.01626938 -1.44431006  1.49581407 -0.02372649  0.13344730	-0.04636784 -0.00515563  0.34521932  0.00120074 -0.32421807  0.04301622 -0.01721580 -0.01353884 -1.53924642  1.63492637 -0.01911934  0.14688336	 0.20883828 -0.01710318  3.90916664	-0.00561946 -0.01820914  0.05042318	-0.00614109 -0.01729180  0.04753558	 0.00272370  0.00472628 -0.99998512	0.35000000	0.00000000	0.00000000	0.38896692	-0.49357471	-0.34322035	0.91679603	-0.33906046	-0.40434790	-0.80815709	-0.01274152	0.47433865	0.15739328	0.32744312	0.03537539	0.53759766	0.15825848	-0.25590280	-0.56152946	-0.42834002	-0.50726002	0.08646438	3.14062548	-0.67902350	-0.10620554	0.06263677	0.72183001	
0.00846300	  -38.31962099    42.74979214 -1016.60655010    58.81708628   -38.14982049    -9.85259154	 9.06058881 -2.58999572 -3.11024310  0.09727932  0.06664833  0.01167385	 -20.22605330   99.37571383   -6.08865839 -150.63775593  -12.83672968   82.91158885   -9.98535278  -24.09724641  -24.45741338    7.17442694   -3.88031291   22.13701767	 0.02815099 -0.00922035 -0.36147265  0.82869631 -0.47057035  0.01838150  0.02523093 -0.05328445 -0.32354141  1.07227527 -0.64902511  0.05854166	-0.03626190 -0.00264157  0.33835401 -0.00897487 -0.31793584 -0.01425180 -0.03873350 -0.03523903 -1.41906073  1.42778037 -0.01261650  0.15416367	-0.05132028 -0.00142610  0.36064787 -0.00799607 -0.33852357  0.01983819 -0.03858947 -0.03463167 -1.55746440  1.58004374 -0.00591875  0.17746784	 0.21137006 -0.02018605  3.90910881	-0.00058285 -0.02130082  0.05560796	-0.00210982 -0.02032947  0.05418306	 0.00255717  0.00475100 -0.99998544	0.35000000	0.00000000	0.00000000	0.39254755	-0.48972073	-0.30846724	0.95361853	-0.35573724	-0.40739807	-0.77683860	-0.02677839	0.48985612	0.13876885	0.34469783	0.03468578	0.52502352	0.17325488	-0.25634509	-0.54927254	-0.40810409	-0.49459279	0.07886104	3.15204859	-0.67805797	-0.13345872	0.07104919	0.71097690	
0.00845000	  -32.08599242    45.43479043 -1012.09906469    61.27420969   -30.78473571   -10.15015453	 9.27790050 -3.28914488 -3.37370454  0.11763128  0.06126104  0.04002251	 -20.91240665   97.58567095   -7.92699132 -144.86727005   -5.29333408   89.32680714   -8.47483157  -23.80374122  -26.00977257    6.84808741   -0.85594713   21.18250769	 0.02765472 -0.00922310 -0.35831724  0.82856314 -0.47342109  0.01856244  0.02481987 -0.05367845 -0.33690368  1.08521257 -0.64906329  0.06006595	-0.05477950 -0.00629918  0.38815072 -0.03457906 -0.34254642  0.00181507 -0.06962764 -0.05185631 -1.63037528  1.53391243 -0.03595824  0.15272958	-0.05720566 -0.00123289  0.37473404 -0.01857279 -0.33933216  0.02074232 -0.04998193 -0.04774592 -1.58688848  1.52059406 -0.00617610  0.17717426	 0.21250254 -0.02376040  3.90911212	 0.00068420 -0.01999673  0.06181496	 0.00024961 -0.02046882  0.05982766	 0.00238213  0.00474813 -0.99998589	0.35000000	0.00000000	0.00000000	0.44061613	-0.49300888	-0.30837762	0.97442412	-0.35206938	-0.40682322	-0.79218596	-0.03402510	0.47092545	0.12166773	0.35146487	0.05947703	0.50904942	0.19414622	-0.24197426	-0.56054407	-0.38422388	-0.46223199	0.07459024	3.20483470	-0.71243972	-0.15527050	0.06295513	0.73407191	
0.00804800	  -17.10005341    37.25292731 -1005.48635309    62.33837114   -20.80929759    -6.89915936	 7.77217945 -4.52362905 -5.59701887  0.14597688 -0.04543755  0.07891485	 -17.00393225   99.43430424  -11.24174339 -142.62607178    2.99615466   87.67735612   -7.04175489  -22.21227586  -15.11992353   -1.15370432    2.16628784   18.23629917	 0.02713534 -0.00921575 -0.35537394  0.82841718 -0.47604217  0.01872663  0.02441444 -0.05417321 -0.34937461  1.09654718 -0.64907488  0.06124925	-0.04106262  0.00890538  0.33944773 -0.01457700 -0.28435051  0.02862241 -0.02830454 -0.04769520 -1.39109902  1.24927195 -0.00271248  0.10452922	-0.06382467  0.00306138  0.36528250 -0.01950107 -0.32328863  0.01893408 -0.04782504 -0.06116751 -1.53563378  1.38358376 -0.00377524  0.13336600	 0.21370791 -0.02601817  3.90937553	 0.00465164 -0.02030530  0.06551649	 0.00336856 -0.02017587  0.06433297	 0.00222422  0.00472547 -0.99998636	0.35000000	0.00000000	0.00000000	0.39505315	-0.52717239	-0.26092798	1.01580822	-0.42393479	-0.40626848	-0.72933400	-0.05207977	0.47910887	0.10266221	0.35492736	0.05058263	0.51848072	0.19319966	-0.30929029	-0.59145629	-0.36498705	-0.45083180	0.08531059	3.19888997	-0.70670128	-0.17524117	0.09322813	0.74265593	
0.00800000	 -32.26723066   44.84144971 -994.90618037   62.37233637  -26.64366005   -7.90800957	 9.54502585 -2.89200391 -4.71744866  0.12228976  0.03985944  0.00977721	 -18.76279101   97.25416565   -5.91590324 -138.89604399   -4.14066119   89.96539974  -10.54949056  -28.54462618  -26.25221204    2.41696436    7.05027582   24.70186374	 0.02659780 -0.00923456 -0.35239582  0.82823478 -0.47863964  0.01881777  0.02394288 -0.05481255 -0.36168989  1.10693527 -0.64907124  0.06232590	-0.05433947 -0.00299002  0.31344196 -0.01213868 -0.28106838 -0.00192082 -0.06419664 -0.08872062 -1.37127539  1.13584509 -0.02025557  0.13375351	-0.06653772 -0.00301311  0.36612902 -0.02023059 -0.32214171  0.01308244 -0.06171124 -0.08439396 -1.52281429  1.27485899 -0.00082916  0.14426012	 0.21507787 -0.02833566  3.90834127	 0.00679929 -0.01994108  0.06901532	 0.00607530 -0.02005866  0.06787728	 0.00206556  0.00467752 -0.99998693	0.35000000	0.00000000	0.00000000	0.39101732	-0.54120392	-0.23452961	1.01794195	-0.45673266	-0.40117231	-0.72551578	-0.03229424	0.47079325	0.08432527	0.37151766	0.05286364	0.49442887	0.23475730	-0.29604295	-0.61065555	-0.37867212	-0.43944123	0.07641678	3.18131614	-0.72079998	-0.20253527	0.10504997	0.70434690	
0.00848400	  -36.71614272    38.46825129 -1009.94270095    63.55357632   -28.29538007    -7.42039498	 9.80400343 -2.91300788 -4.76979144  0.10406465  0.04478808  0.03572994	 -17.77655023   98.76028633   -4.29026943 -143.93593445   -3.40185714   89.58382332   -8.56086237  -22.74945951  -25.29168145    0.42641249    9.24434846   21.25797206	 0.02600309 -0.00922585 -0.34917805  0.82800641 -0.48145500  0.01889985  0.02336769 -0.05565986 -0.37471480  1.11705014 -0.64907994  0.06377952	-0.09244598 -0.02015020  0.42545847 -0.04313178 -0.35322065 -0.00101456 -0.03309054 -0.11320739 -1.55653324  1.13938286 -0.01652470  0.15791969	-0.07217786 -0.00028180  0.38247031 -0.02926805 -0.33253733  0.00849884 -0.06645178 -0.10247032 -1.53042488  1.17119209 -0.00301736  0.16730070	 0.21756105 -0.03023950  3.90853268	 0.01027605 -0.02193816  0.06791048	 0.00916076 -0.02125285  0.06834588	 0.00189122  0.00460365 -0.99998761	0.35000000	0.00000000	0.00000000	0.42802662	-0.50915378	-0.23510757	1.04282129	-0.45311412	-0.39776143	-0.73567289	-0.04707360	0.48438472	0.07691043	0.37184501	0.07460353	0.49735242	0.24353409	-0.25975212	-0.60183376	-0.35120296	-0.40143231	0.07809324	3.24732828	-0.73260027	-0.22898565	0.09702647	0.70239025	
0.00846200	   -8.44470784    33.40420328 -1004.31184532    64.56546387   -10.23857960    -2.52180781	 6.54829409 -3.58214958 -5.62687061  0.10159591 -0.05001272  0.03257460	 -12.55223464   98.28426862  -14.62762689 -137.96138382   13.23083349   87.75618458  -11.16526318  -18.81768781  -16.37372896    0.64453991   13.78142332   17.75748087	 0.02543388 -0.00921558 -0.34595377  0.82771038 -0.48418476  0.01892964  0.02269296 -0.05663641 -0.38755953  1.12611340 -0.64897506  0.06487113	-0.04797494  0.03179672  0.39623341 -0.03346896 -0.35597402 -0.00959564 -0.06880065 -0.12914127 -1.54841625  1.01782250  0.00125845  0.06806717	-0.06772855  0.00340147  0.38239830 -0.03414668 -0.32427028  0.00097766 -0.08068891 -0.11665593 -1.52162105  1.05271313  0.01501207  0.11231359	 0.21734556 -0.03226689  3.90907808	 0.01326848 -0.01712268  0.06925780	 0.01235993 -0.01877592  0.06876840	 0.00172519  0.00450125 -0.99998838	0.35000000	0.00000000	0.00000000	0.41276923	-0.53003669	-0.20310453	1.07727492	-0.50052518	-0.41240695	-0.70633638	-0.08579721	0.48610610	0.05152966	0.39248988	0.09950419	0.51357704	0.25094077	-0.31308383	-0.62175149	-0.33809450	-0.37468758	0.09136649	3.27677155	-0.72979915	-0.24899073	0.12075340	0.74864370	
0.00805100	  -5.86237010   43.12403887 -994.34467483   64.82949101   -5.35784071   -3.09925420	 4.55180232 -1.26091503 -6.73014511  0.06298539 -0.05364741  0.01426734	 -13.85892201   93.76419187  -12.33524877 -131.75978929   14.60431758   94.41809428   -8.60879861  -21.59885174  -12.69862777   -2.86935273   22.89473382   25.21669012	 0.02486730 -0.00921706 -0.34296659  0.82742500 -0.48665240  0.01908153  0.02197459 -0.05758583 -0.39942118  1.13351632 -0.64841455  0.06575979	-0.06078854  0.00477865  0.33316960 -0.00729207 -0.28513434  0.04532950 -0.08054122 -0.10365708 -1.33882859  0.77456669  0.10283351  0.13624821	-0.07058537  0.00202445  0.36980875 -0.03239869 -0.30621485  0.02424568 -0.08735861 -0.11977186 -1.46367473  0.89726126  0.08378888  0.12301306	 0.21764453 -0.03511412  3.90866261	 0.01076228 -0.01642808  0.07230687	 0.01161407 -0.01657172  0.07130040	 0.00159618  0.00440263 -0.99998903	0.35000000	0.00000000	0.00000000	0.35887265	-0.57183492	-0.15406051	1.09294629	-0.56915092	-0.38592073	-0.66903257	-0.06921189	0.48047739	0.03411336	0.37992001	0.08549871	0.51231217	0.27399951	-0.34156194	-0.69427907	-0.35472423	-0.37399179	0.12885304	3.23789144	-0.74709123	-0.26327509	0.14202312	0.72446245	
0.00846900	 -21.72040961   34.24899048 -997.79600419   65.40942681  -13.50002203   -3.11671382	 6.60560571 -2.70370754 -5.26812805  0.09948666  0.01132435  0.02775565	 -13.28298998   97.39107251   -5.80295163 -136.06325343    6.97848601   88.69599152   -8.73272486  -23.96442580  -20.68133803    1.53767742   16.99659249   22.23558787	 0.02427888 -0.00921356 -0.33980021  0.82712816 -0.48931484  0.01931824  0.02121777 -0.05872856 -0.41170370  1.14018765 -0.64719306  0.06709918	-0.04320332  0.02063408  0.38330742 -0.07084504 -0.32114614  0.01653787 -0.08632287 -0.17325580 -1.51193286  0.78373776  0.17372676  0.13662043	-0.06624740  0.00242193  0.37610210 -0.03923059 -0.31392566  0.02248880 -0.08838558 -0.13942432 -1.44958705  0.77208531  0.15301417  0.15700727	 0.21936999 -0.03587765  3.90794249	 0.01572428 -0.01858819  0.06698559	 0.01418807 -0.01784046  0.06881384	 0.00145092  0.00429043 -0.99998974	0.35000000	0.00000000	0.00000000	0.39241925	-0.52900118	-0.13519779	1.10877156	-0.56362122	-0.40176499	-0.67979044	-0.06347448	0.49981171	0.00557373	0.39837539	0.10742404	0.51677483	0.29274535	-0.28838444	-0.65915990	-0.31645489	-0.33911818	0.11091457	3.28651953	-0.74801672	-0.28585595	0.14154944	0.68498254	
0.00802700	  -8.09854659   32.89547525 -987.98345382   64.52681934   -6.23689808   -3.86501195	 5.10539556 -1.34224207 -6.68414852  0.04215705 -0.09450227  0.02889409	 -15.03351864   94.86770916  -14.30651338 -132.55573055   13.86331263   91.25553668   -9.62392928  -15.56642294  -10.25579022   -3.06279028   14.46942656   21.18271053	 0.02372170 -0.00921492 -0.33675658  0.82684889 -0.49187712  0.01950684  0.02049485 -0.05987603 -0.42299322  1.14538451 -0.64567901  0.06840543	-0.05499797  0.01587829  0.35495318 -0.04828797 -0.30874911  0.05570538 -0.07335122 -0.11430143 -1.28084887  0.52448852  0.17984558  0.16862420	-0.06861847  0.00221509  0.37784671 -0.03612534 -0.31925663  0.02825869 -0.08896660 -0.14185046 -1.39805517  0.62646551  0.19046767  0.16003923	 0.22062267 -0.03842179  3.90719416	 0.01595011 -0.01899655  0.07323021	 0.01593944 -0.01890626  0.07099458	 0.00130164  0.00416070 -0.99999050	0.35000000	0.00000000	0.00000000	0.35050809	-0.56622952	-0.09406493	1.13896143	-0.62237781	-0.38214073	-0.61854196	-0.08751770	0.50142264	-0.00754269	0.36783314	0.08896917	0.53145337	0.29207957	-0.34000233	-0.69917536	-0.30849490	-0.36166203	0.13263720	3.25999022	-0.72853833	-0.29663506	0.17139229	0.69547868	
0.00847300	 -14.40614099   34.91998383 -985.14876221   64.30961835   -6.06869188   -1.44777208	 4.99251756 -3.43232643 -5.72768046  0.11615078 -0.00488202  0.03281498	 -11.54199597   95.16234827   -9.41989772 -129.82300434   13.67185300   89.19395542   -9.31707756  -24.50758153  -18.60792553    1.52529857   22.13011596   21.24724162	 0.02310885 -0.00921496 -0.33356049  0.82661309 -0.49459859  0.01969541  0.01966397 -0.06118925 -0.43461598  1.14968279 -0.64356003  0.06966440	-0.07435620 -0.00803158  0.37062789 -0.01962045 -0.31750488  0.00816194 -0.10223662 -0.17971378 -1.32863547  0.41859469  0.30033579  0.13082081	-0.06967797  0.00110989  0.37593589 -0.02687391 -0.32209100  0.01901622 -0.09794371 -0.15958067 -1.36738672  0.48604443  0.26490368  0.14726420	 0.22148513 -0.03916329  3.90560228	 0.02056297 -0.01821639  0.06885407	 0.01915679 -0.01845025  0.07044638	 0.00114593  0.00400499 -0.99999132	0.35000000	0.00000000	0.00000000	0.34074873	-0.53204376	-0.06457153	1.12355494	-0.63902235	-0.37692183	-0.62453526	-0.07368834	0.50684756	-0.03981859	0.39186192	0.10655680	0.53529936	0.32634535	-0.33863607	-0.70759970	-0.30571425	-0.32320565	0.13920258	3.26883531	-0.75224805	-0.32424444	0.19046661	0.65574658	
0.00851300	   -6.38204197    25.68052465 -1003.27724861    65.27912817    -0.61117567    -0.81567126	 4.36002231  0.21656533 -4.96058659 -0.01180600 -0.06456540  0.01885883	 -10.92866345   97.68608499  -11.77414811 -133.78241873   20.20116596   89.08811533   -7.84637089  -12.56452253  -12.75471560    3.21656610   15.26743761   22.32908720	 0.02253256 -0.00922802 -0.33035624  0.82636062 -0.49735545  0.01976712  0.01889402 -0.06256657 -0.44593848  1.15289388 -0.64085795  0.07093332	-0.06401351 -0.00174082  0.33085134 -0.02073080 -0.32891113 -0.00482901 -0.07703556 -0.14212082 -1.23763179  0.28319295  0.32832470  0.15677283	-0.06851692 -0.00227816  0.37454833 -0.02957826 -0.32337781  0.00539562 -0.08827618 -0.16041834 -1.31991417  0.35503476  0.32346710  0.15071347	 0.22256444 -0.04021071  3.90555128	 0.02458190 -0.01883228  0.06409530	 0.02338012 -0.01861900  0.06554906	 0.00099121  0.00381090 -0.99999225	0.35000000	0.00000000	0.00000000	0.32268608	-0.52803808	-0.03799000	1.16486871	-0.66901892	-0.36688921	-0.59359407	-0.11016228	0.51516759	-0.06271069	0.38896275	0.10234800	0.54899991	0.32190222	-0.32686430	-0.71523303	-0.28521872	-0.34909013	0.17030539	3.27058983	-0.74384707	-0.33587036	0.21613570	0.64922237	
0.00800200	  -6.32973390   33.54155471 -995.80743688   64.76043486    0.57534346   -0.33856381	 3.48665841 -1.36244118 -5.22527894  0.04011362 -0.05752955  0.02608961	 -10.74850000   96.90610099  -12.47444107 -131.01540467   19.97524381   91.55097270   -8.79552379  -17.26960003  -12.29857178    2.63675515   20.03998746   21.34738007	 0.02204619 -0.00921230 -0.32729045  0.82607744 -0.49991021  0.01985799  0.01822890 -0.06386940 -0.45629299  1.15489599 -0.63791850  0.07211174	-0.06442374  0.01329680  0.36081056 -0.03596866 -0.33368420  0.02770527 -0.10468118 -0.18850223 -1.28247188  0.18245623  0.36409052  0.17050024	-0.06157144  0.00215198  0.38197760 -0.03605395 -0.32115935  0.01376376 -0.08364198 -0.16423325 -1.28812929  0.23178644  0.37580022  0.14871147	 0.22368293 -0.04160686  3.90499266	 0.02594737 -0.01948449  0.06055385	 0.02552113 -0.01926742  0.06173205	 0.00083960  0.00360695 -0.99999314	0.35000000	0.00000000	0.00000000	0.33533111	-0.51750731	-0.02024027	1.16259229	-0.68716538	-0.36059898	-0.58751380	-0.09587280	0.50909293	-0.08683638	0.38549939	0.10872194	0.55722618	0.35306245	-0.33000264	-0.74253446	-0.27063155	-0.31301782	0.17410995	3.28142953	-0.75425613	-0.35538396	0.22475956	0.63317019	
0.00851400	   1.93167086   29.95853987 -993.41443307   64.42488803    5.27929870    0.97372928	 0.29513433 -0.85923828 -3.47315558  0.00773248 -0.08882684  0.03209740	  -9.21416326   96.71637011  -16.69767885 -129.64564809   23.22057916   90.52651942   -7.63453941  -12.32709965   -7.19389776    2.28999772   22.31507608   19.92251396	 0.02154635 -0.00921219 -0.32403716  0.82580729 -0.50263821  0.02002446  0.01760972 -0.06521094 -0.46689008  1.15594027 -0.63411640  0.07313708	-0.04093520  0.00808921  0.34762143 -0.02487730 -0.31449364  0.01847011 -0.05423648 -0.11748908 -1.19617342  0.05027535  0.44698721  0.09510016	-0.05661061  0.00176680  0.38074764 -0.02984508 -0.31965732  0.02135904 -0.07150530 -0.15425184 -1.23889314  0.10465946  0.45725550  0.11311324	 0.22472550 -0.04323966  3.90355582	 0.02726914 -0.02059829  0.05626778	 0.02677594 -0.02003693  0.05762260	 0.00067299  0.00338093 -0.99999406	0.35000000	0.00000000	0.00000000	0.30077180	-0.51929778	-0.00433175	1.21019518	-0.72743231	-0.34565783	-0.55972904	-0.11718728	0.51605201	-0.11249282	0.38352555	0.12290926	0.56251562	0.34246254	-0.34544358	-0.74432349	-0.24178675	-0.29817617	0.18852222	3.28091860	-0.72470695	-0.37124228	0.22880556	0.63432610	
0.00800600	   0.45130422   36.23823106 -990.83066238   64.28170093    4.73269194    0.33072585	-0.91133157 -0.23283509 -1.49497856  0.01226396 -0.09507203 -0.00252140	 -10.87493645   98.05280399  -17.56563469 -128.78432652   21.47038503   91.40937436  -10.20570913  -18.80696225   -6.21113563    1.14813018   19.49849644   24.48668343	 0.02109441 -0.00922474 -0.32095751  0.82561936 -0.50526812  0.02026932  0.01711089 -0.06647572 -0.47656305  1.15633751 -0.62992413  0.07402169	-0.04144793 -0.00368594  0.38265737  0.00325446 -0.29253604  0.06405355 -0.05755696 -0.16366385 -1.07007000  0.03995653  0.51294510  0.10889125	-0.05711533 -0.00216436  0.38265304 -0.01907813 -0.32622860  0.03386298 -0.06181334 -0.15767796 -1.19414255  0.04225968  0.52788251  0.11774967	 0.22637153 -0.04515053  3.90071670	 0.02873870 -0.02434849  0.05777167	 0.02825936 -0.02308543  0.05710574	 0.00049460  0.00315608 -0.99999490	0.35000000	0.00000000	0.00000000	0.28771931	-0.52182496	0.02864277	1.19910419	-0.74060977	-0.34133145	-0.56313860	-0.10850701	0.50496787	-0.12937206	0.35311925	0.10795230	0.56384826	0.37617084	-0.33600545	-0.75531536	-0.22161740	-0.27771339	0.20755276	3.26743007	-0.73405838	-0.38880703	0.23820055	0.58411402	
0.00847400	  -5.46487380   24.21028563 -998.34557357   64.78233366    3.88559990   -0.85190482	 1.54992183  1.02891536 -0.97417772 -0.04622242 -0.04614405 -0.00800143	 -11.60993314   99.14149046  -15.17017106 -128.83931971   22.50501484   86.38683331   -9.40358782  -11.66397238  -15.18336929    0.12207022   14.37140054   22.30740121	 0.02061266 -0.00921356 -0.31773018  0.82551922 -0.50814159  0.02046723  0.01656356 -0.06784148 -0.48665507  1.15631509 -0.62508684  0.07527877	-0.03832727 -0.00862043  0.38086619 -0.02326903 -0.35093582 -0.01344194 -0.02732778 -0.16580621 -1.17155298 -0.00533120  0.56526992  0.16522456	-0.05528307  0.00078079  0.37912943 -0.01061121 -0.34108225  0.01841324 -0.06094329 -0.16084341 -1.18559860 -0.00797625  0.57292696  0.14794267	 0.22734343 -0.04636219  3.89850225	 0.03407263 -0.02371758  0.05740334	 0.03240059 -0.02406812  0.05765552	 0.00028833  0.00288928 -0.99999578	0.35000000	0.00000000	0.00000000	0.31275514	-0.48172972	0.05213454	1.21801090	-0.74812388	-0.32744306	-0.57732874	-0.13032278	0.52079493	-0.14630690	0.35380700	0.14026538	0.57880330	0.37981167	-0.28309461	-0.71305138	-0.19334021	-0.27890915	0.20856397	3.29275703	-0.73183632	-0.39646736	0.24999779	0.56007147	
0.00850500	    6.30009486    24.90217736 -1006.32359825    64.97286907    12.54004503    -0.04078593	 0.02675704  0.16464269 -1.44749809 -0.04052753 -0.12037295  0.00762052	 -10.98580188   99.21469736  -17.84426618 -129.72759095   31.60841274   90.13483095  -10.30885850   -8.03248951   -5.90991745   -1.01840473   13.20378846   18.38303517	 0.02010929 -0.00922363 -0.31452417  0.82547591 -0.51103112  0.02060261  0.01599802 -0.06914046 -0.49656704  1.15584260 -0.62004372  0.07628100	-0.03603053  0.00096686  0.35488247 -0.00507713 -0.35877828  0.02965210 -0.08113105 -0.12452261 -1.11364466 -0.07284446  0.61651610  0.09775465	-0.05633068 -0.00118638  0.37515981 -0.00339207 -0.33973438  0.01637703 -0.06700157 -0.14881684 -1.15688455 -0.06479830  0.59619870  0.10451682	 0.22850401 -0.04843985  3.89738116	 0.03712210 -0.02501030  0.06154850	 0.03623092 -0.02450763  0.06007857	 0.00008440  0.00258438 -0.99999666	0.35000000	0.00000000	0.00000000	0.30025551	-0.47996089	0.07596821	1.23043346	-0.75902581	-0.30838752	-0.53479815	-0.14076576	0.50774556	-0.18676227	0.35058075	0.12002344	0.59015447	0.38684866	-0.31700012	-0.74622709	-0.17026019	-0.28174701	0.23342888	3.29152632	-0.73394352	-0.40990639	0.26830250	0.57947284	
0.00850700	   7.09399062   28.47256743 -998.04531875   64.37863665   14.08119784    1.80663317	-0.03928099  0.06101807 -2.36683791 -0.01385074 -0.12890944  0.04064342	  -8.48725540  101.87111640  -18.32001384 -126.78346181   31.14370340   89.72140455   -5.89600721  -13.63271722   -5.71914272   -4.64498279   14.45483968   22.02292320	 0.01959069 -0.00922560 -0.31128544  0.82543089 -0.51391577  0.02073008  0.01553302 -0.07036966 -0.50611352  1.15473086 -0.61483044  0.07688526	-0.06500201 -0.00589893  0.36406882  0.01698478 -0.35064800  0.02237980 -0.03092436 -0.13172155 -1.03450238 -0.18694792  0.62347773  0.07610496	-0.05990102 -0.00211520  0.38076885 -0.00196036 -0.34101572  0.01498920 -0.04752378 -0.14461047 -1.11021597 -0.14506373  0.61783439  0.07263965	 0.22968433 -0.04937473  3.89603101	 0.04082194 -0.02587490  0.05683615	 0.03966075 -0.02563018  0.05847237	-0.00013142  0.00225265 -0.99999745	0.35000000	0.00000000	0.00000000	0.28397524	-0.47687128	0.09938223	1.23687828	-0.78341335	-0.30834562	-0.53016031	-0.14226267	0.48710024	-0.21213695	0.34617516	0.11286443	0.58427519	0.41793478	-0.30698028	-0.75164145	-0.15401423	-0.25639695	0.23486795	3.27960753	-0.73493803	-0.43157279	0.28201616	0.54698551	
0.00850100	   6.72517343   29.64008163 -998.72761095   64.41114481   14.15146180    3.03300159	-0.44490472  0.99014612 -2.47548974 -0.04660906 -0.12206590 -0.00160579	  -7.48745882  103.67076302  -19.71776042 -127.59300280   31.11412275   89.72944868   -9.10630176  -10.36721441   -6.39489486   -4.77225734   16.66252166   22.03801459	 0.01914088 -0.00920240 -0.30807100  0.82540256 -0.51681639  0.02078705  0.01525067 -0.07154179 -0.51529493  1.15292530 -0.60935220  0.07747857	-0.04990899 -0.00648435  0.37151110 -0.00048924 -0.32877875  0.00602548 -0.03182641 -0.16160729 -1.05326372 -0.22103135  0.61975705  0.07227801	-0.05131050  0.00191406  0.37694616 -0.00277122 -0.34166849  0.00449661 -0.03095816 -0.13787616 -1.07033064 -0.22387320  0.64816679  0.06730895	 0.23071589 -0.05116513  3.89491339	 0.04074360 -0.02494791  0.05202196	 0.04090110 -0.02527916  0.05347689	-0.00034738  0.00190319 -0.99999813	0.35000000	0.00000000	0.00000000	0.30075467	-0.44801041	0.10316984	1.24439943	-0.78576267	-0.30034116	-0.53798980	-0.14963329	0.47358698	-0.22905713	0.33523619	0.11208541	0.58921266	0.44583192	-0.28294167	-0.74947584	-0.13837993	-0.22783712	0.24535118	3.29205298	-0.73059875	-0.45189288	0.29447529	0.52709919	
0.00849900	   6.68276226   28.39926679 -999.39340901   64.51756735   12.65814027    2.95261539	-1.53051985  1.56412286 -3.14929307 -0.07727011 -0.15026333 -0.00652481	  -7.81302443  102.17850518  -22.56419282 -128.11624333   29.16063523   89.47507429   -8.72943066   -5.55525686   -2.29236807   -6.51470577   18.50710791   20.58273071	 0.01871297 -0.00909110 -0.30483968  0.82540052 -0.51977173  0.02082926  0.01504087 -0.07254332 -0.52404870  1.15032597 -0.60345735  0.07794552	-0.02903440  0.02721236  0.36532893 -0.01212122 -0.33631364  0.02225391 -0.04848263 -0.09750369 -1.00075700 -0.34092126  0.70395377  0.04691081	-0.04634589  0.01575137  0.37805944 -0.00032896 -0.34728899  0.00388565 -0.02447109 -0.11356350 -1.01701532 -0.32015547  0.69929479  0.04693400	 0.23231292 -0.05415630  3.89419219	 0.03677914 -0.02443777  0.04883081	 0.03809821 -0.02455002  0.04979793	-0.00055570  0.00157269 -0.99999861	0.35000000	0.00000000	0.00000000	0.27951905	-0.44667223	0.12843028	1.27680767	-0.81691194	-0.27907875	-0.49787050	-0.15792465	0.48383242	-0.26310927	0.33247498	0.11416723	0.59903127	0.44276664	-0.28846669	-0.76133144	-0.12739572	-0.22794285	0.25940922	3.28467655	-0.69560581	-0.46200547	0.29279524	0.53007865	
0.00800200	   8.05031750   32.12409695 -990.19761668   63.94271807   12.62969387    2.87591922	-2.06731877  0.37928329 -3.74826539 -0.02330609 -0.18778578  0.01018319	  -8.22855515  100.47929335  -25.06741637 -126.19811386   28.97785842   91.10435069   -7.45813971  -13.54823422    1.22605778   -7.65651518   16.67423715   22.31324878	 0.01831571 -0.00897212 -0.30179446  0.82540324 -0.52259874  0.02093138  0.01494486 -0.07336233 -0.53178078  1.14707950 -0.59753984  0.07823770	-0.04125788  0.02368321  0.34062951  0.01799143 -0.35321019 -0.00073191 -0.03612621 -0.09406195 -0.86418601 -0.44396030  0.69234053  0.05448438	-0.04786644  0.01494791  0.37757968  0.00205145 -0.35237161  0.01597820 -0.01345684 -0.10117315 -0.95057316 -0.41870511  0.73807816  0.03951429	 0.23415038 -0.05549085  3.89306075	 0.03930904 -0.02400920  0.04859680	 0.03836830 -0.02413408  0.04858645	-0.00074876  0.00127145 -0.99999891	0.35000000	0.00000000	0.00000000	0.26192218	-0.45849928	0.15338647	1.27608383	-0.83634067	-0.26565385	-0.48030549	-0.15353200	0.46530020	-0.28301540	0.32831711	0.10005979	0.59240383	0.47411942	-0.30119246	-0.77305800	-0.10295028	-0.22232038	0.26596022	3.24751401	-0.69150341	-0.48056862	0.30608225	0.49699366	
0.00845100	    3.24544627    33.48280712 -1002.04581292    64.74214900    12.11308114     3.40508876	-1.81837239  0.59102171 -3.63808614 -0.03780170 -0.15586084 -0.00592592	  -7.61379044  103.64642525  -23.70263058 -128.71795574   29.64975473   91.60485744   -7.02927896  -10.14457655   -1.65374190   -8.62797169   19.17330609   20.91331401	 0.01791645 -0.00887091 -0.29853794  0.82539234 -0.52562323  0.02128226  0.01491334 -0.07418710 -0.53944390  1.14270606 -0.59082488  0.07848019	-0.05366539  0.03956069  0.37994771  0.01337339 -0.37044028  0.07022968  0.00243059 -0.09145435 -0.92222034 -0.60884811  0.84687926 -0.00104165	-0.04688706  0.01449905  0.38480112 -0.00061376 -0.35872698  0.04515730 -0.00423993 -0.09633408 -0.89960257 -0.53706385  0.80518739  0.02424395	 0.23630894 -0.05766180  3.89276490	 0.03849944 -0.02349070  0.04673757	 0.03890164 -0.02363694  0.04741341	-0.00095003  0.00093798 -0.99999911	0.35000000	0.00000000	0.00000000	0.25277957	-0.43342063	0.17601365	1.30141592	-0.86162800	-0.25252986	-0.47826713	-0.15649295	0.48373950	-0.32976103	0.32771832	0.12212947	0.61777896	0.45995152	-0.28746650	-0.79036885	-0.07307806	-0.20181581	0.28204572	3.25137568	-0.67788666	-0.49141875	0.30066544	0.47738490	
0.00807300	  14.73782091   31.86397380 -999.71279778   64.38284482   17.03709642    6.04211319	-3.71566836  1.45811523 -3.56239822 -0.05234084 -0.24357371 -0.02245774	  -4.88332161  102.99150419  -30.82308716 -127.25107181   33.71619800   89.94199955  -10.56549080  -11.54419357    6.90362095   -5.86195242   15.10024506   23.70666069	 0.01754152 -0.00875901 -0.29546500  0.82539895 -0.52849963  0.02168732  0.01488195 -0.07486300 -0.54605981  1.13772799 -0.58414802  0.07871558	-0.04267601  0.02402762  0.34309861 -0.00069700 -0.32005491  0.07548390 -0.01725975 -0.10094526 -0.73154842 -0.61777119  0.76666220  0.03932180	-0.04585136  0.01445458  0.37676595  0.00193044 -0.35202616  0.05221002 -0.00416663 -0.08419881 -0.80312103 -0.62663318  0.82453490  0.03342590	 0.23806710 -0.05969207  3.89266033	 0.03828818 -0.02207692  0.04565952	 0.03833147 -0.02254678  0.04599632	-0.00113215  0.00063192 -0.99999916	0.35000000	0.00000000	0.00000000	0.23405612	-0.44053748	0.19248429	1.28899384	-0.86019361	-0.24970929	-0.46391040	-0.17189729	0.44273996	-0.32223886	0.29821706	0.08639061	0.62091649	0.51204634	-0.29901260	-0.79141974	-0.06003862	-0.19321510	0.30576876	3.21614671	-0.66397542	-0.50814342	0.33380690	0.45567808	
0.00845500	   0.23387182   29.06248561 -996.09210305   64.45455638    8.59617762    5.12976406	-3.00895397  1.19156979 -3.85113056 -0.05990829 -0.18163863 -0.02783546	  -5.97819674  103.36410022  -27.12553104 -126.69418079   25.02726665   86.33061349   -7.55624823   -7.93149814    1.02265650   -8.09351019   19.88113452   19.74152118	 0.01718150 -0.00854159 -0.29217406  0.82538755 -0.53159632  0.02197993  0.01487891 -0.07545146 -0.55246810  1.13148470 -0.57667615  0.07902415	-0.02758060  0.01924784  0.41754958 -0.02796611 -0.40166428  0.00552980  0.00447716 -0.05128761 -0.76057731 -0.83033679  0.93504171  0.01911815	-0.04134497  0.02857797  0.38867857 -0.00186572 -0.36765333  0.03026252 -0.00219390 -0.06680264 -0.74462101 -0.75703435  0.89358390  0.02976111	 0.24092965 -0.06252833  3.89217977	 0.03494516 -0.02138295  0.04093011	 0.03606795 -0.02154013  0.04249578	-0.00131561  0.00032007 -0.99999908	0.35000000	0.00000000	0.00000000	0.21525192	-0.40421408	0.21387663	1.31634450	-0.89448684	-0.21520638	-0.44637802	-0.17113474	0.48062414	-0.35917863	0.30202729	0.12240260	0.64156497	0.48561856	-0.27734020	-0.77531630	-0.04436275	-0.18415365	0.31434911	3.22783875	-0.62281907	-0.51729220	0.32180399	0.42215332	
0.00800600	   22.55113464    29.99252232 -1009.75477592    64.75286828    24.07088010     5.06056109	-5.49195061  1.42300761 -2.29877217 -0.06651275 -0.27384377 -0.01334859	  -6.78667944  102.44530797  -35.15869458 -127.67284411   42.29650927   88.65460336   -9.10672974   -8.45176375    9.45189542    0.87693455   13.21453965   20.13792184	 0.01683669 -0.00824230 -0.28908168  0.82538622 -0.53451327  0.02210223  0.01488908 -0.07584879 -0.55788958  1.12484284 -0.56932969  0.07914132	-0.03334343  0.03368359  0.42316313 -0.02202501 -0.39039834  0.04313979  0.01009657 -0.02289341 -0.65102217 -0.90035137  0.95117111  0.03802692	-0.04287866  0.03849500  0.38767405 -0.00271352 -0.36418439  0.01599667  0.00209627 -0.04791812 -0.66854961 -0.84228317  0.91917550  0.01489848	 0.24203742 -0.06575129  3.89268348	 0.03373693 -0.01819228  0.04609206	 0.03413016 -0.01931620  0.04422350	-0.00147474  0.00004708 -0.99999891	0.35000000	0.00000000	0.00000000	0.17832924	-0.42244548	0.23966539	1.30626190	-0.90133125	-0.21183977	-0.44306603	-0.20364147	0.46251494	-0.37756264	0.28405160	0.12362542	0.66655737	0.48246583	-0.31137356	-0.79666275	-0.00910252	-0.19900867	0.36269820	3.20192957	-0.61123931	-0.52499360	0.34381482	0.43246076	
0.00802500	   22.80578774    34.59842255 -1005.71782165    64.39594167    26.60434294     7.53567905	-5.87076113  1.05493148 -2.55133665 -0.05155683 -0.24993755 -0.02350950	  -3.75199718  105.13709283  -32.85883410 -122.36306071   42.23689145   87.31724060   -7.28624372   -9.98305103    7.19092225   -0.49807427   18.18825249   18.49381007	 0.01647110 -0.00789094 -0.28604669  0.82540070 -0.53734576  0.02213525  0.01488844 -0.07611661 -0.56275318  1.11753438 -0.56176352  0.07918083	-0.03381100  0.04473017  0.35874267  0.01520412 -0.34506406 -0.00249726  0.02647023 -0.01378019 -0.55313815 -0.87690913  0.92023563  0.00196943	-0.04354455  0.04460605  0.37540764  0.00289144 -0.35172329  0.00311592  0.00324663 -0.02996022 -0.59421693 -0.91611020  0.94472868  0.00553074	 0.24280983 -0.06893968  3.89289414	 0.03100773 -0.01474123  0.04615991	 0.03193936 -0.01586088  0.04625112	-0.00160547 -0.00021155 -0.99999869	0.35000000	0.00000000	0.00000000	0.18328635	-0.40273300	0.24809164	1.29256988	-0.90588802	-0.16950442	-0.43659431	-0.19940820	0.42192560	-0.39830285	0.30055946	0.10875572	0.65409636	0.51392651	-0.29347110	-0.78110325	0.00217223	-0.18225837	0.36926562	3.16788650	-0.60183853	-0.53653431	0.35952154	0.42399830	
0.00847300	   9.30187563   35.34120041 -994.93390819   63.95838076   20.00763558    5.89022526	-4.12498500  0.66944158 -3.34487497 -0.03543612 -0.23299223 -0.01503601	  -5.96973638  104.25596189  -27.79644909 -128.02927056   35.19579962   89.71633863   -7.77466750   -9.76873174    5.69847437   -5.48056479   14.56707877   20.13602459	 0.01607848 -0.00742005 -0.28280788  0.82539254 -0.54037745  0.02215501  0.01487521 -0.07627229 -0.56725772  1.10900833 -0.55343983  0.07920945	-0.04821945  0.06432326  0.39251854 -0.01487719 -0.37725980 -0.01228846  0.00232638  0.01041484 -0.50445289 -1.09124243  1.03531649  0.02921631	-0.04557464  0.05578064  0.38310889 -0.00058262 -0.35862007 -0.00110001 -0.00087546 -0.01435331 -0.51776153 -1.02369808  0.98610953  0.00489835	 0.24549647 -0.07225766  3.89228360	 0.02817919 -0.01602155  0.04553773	 0.02890315 -0.01553654  0.04571781	-0.00173413 -0.00046013 -0.99999839	0.35000000	0.00000000	0.00000000	0.16238096	-0.39840579	0.28982210	1.30583870	-0.91968179	-0.15154916	-0.40760866	-0.18672228	0.43761212	-0.43399099	0.30207857	0.10112631	0.66955173	0.50759727	-0.27830517	-0.81498700	0.01213482	-0.20570610	0.37637192	3.14505005	-0.57470608	-0.54509187	0.36009371	0.39073429	
0.00802400	  18.21430562   36.84855758 -997.17584434   63.94001553   24.28431506    8.19440814	-6.17203829  0.17919278 -2.22807324 -0.01971226 -0.27445854 -0.01169821	  -3.28629542  103.67565823  -34.38757932 -128.20433578   39.83714363   90.44681036   -5.59330752  -10.74668050    9.28369073    2.36422237   13.62557244   17.62953800	 0.01571287 -0.00693401 -0.27973132  0.82539493 -0.54329047  0.02219196  0.01487826 -0.07632827 -0.57085388  1.10025341 -0.54544184  0.07921750	-0.05007694  0.02703569  0.35777940  0.00921749 -0.31251365 -0.00973290  0.01514704 -0.01205360 -0.37380186 -1.04310867  0.92453876  0.02416353	-0.04525420  0.05791467  0.38060890  0.00110199 -0.35871147  0.00299136  0.00065626 -0.00586699 -0.43531995 -1.09079215  0.99004162  0.00355110	 0.24735150 -0.07465143  3.89154999	 0.02876138 -0.01470246  0.04423977	 0.02849855 -0.01518118  0.04467681	-0.00185846 -0.00068586 -0.99999804	0.35000000	0.00000000	0.00000000	0.16763920	-0.37234926	0.27753112	1.26704562	-0.89799511	-0.13039634	-0.41287732	-0.20052364	0.39311606	-0.43425289	0.28969702	0.07621296	0.66410512	0.55263519	-0.28846845	-0.80736053	0.03672276	-0.19731647	0.39689112	3.11024380	-0.56880182	-0.56876707	0.38956907	0.36889645	
0.00845100	   4.45035963   39.68805518 -989.12373469   63.72975476   16.03507142    7.78075392	-5.40421272 -0.80797362 -2.66473882  0.01535840 -0.23257877 -0.00319479	  -4.10893651  106.53569865  -31.10949787 -132.26765585   31.20823038   86.05287850   -5.27749427   -3.38364816    5.75287360   -0.99226197   16.08528543   15.57141978	 0.01535513 -0.00638248 -0.27642243  0.82539807 -0.54645817  0.02224532  0.01488715 -0.07635927 -0.57404769  1.09030016 -0.53677030  0.07921212	-0.04543476  0.08059047  0.44320049 -0.00387372 -0.39783807  0.00673206  0.01823725 -0.00099046 -0.34803690 -1.30285479  1.10082513  0.01125555	-0.04215651  0.06554543  0.39387708  0.00113839 -0.37716956  0.00562500  0.00270462 -0.00185105 -0.36508193 -1.19238347  1.03023858 -0.00066838	 0.25049971 -0.07700810  3.89002540	 0.02887834 -0.01486043  0.04000858	 0.02883767 -0.01473047  0.04140269	-0.00198299 -0.00093051 -0.99999760	0.35000000	0.00000000	0.00000000	0.14240129	-0.34535667	0.32022482	1.28469133	-0.94024867	-0.10480121	-0.37897727	-0.20176896	0.44270408	-0.48046353	0.30017361	0.10155609	0.70091361	0.52470982	-0.26762810	-0.82148254	0.03828695	-0.21006274	0.41240495	3.11009502	-0.52178472	-0.57432419	0.38370359	0.34298205	
0.00802400	  26.04409587   33.59142280 -999.18919927   63.87484617   29.02280758    9.03528146	-8.44637399  0.32861723 -1.82450383 -0.02822261 -0.30739663 -0.01493619	  -2.75445742   99.77291727  -41.18830384 -127.54047289   45.56500930   88.97579443   -6.20938284   -6.59300211   12.29837779    7.14756340   15.50705181   17.66992930	 0.01504126 -0.00584201 -0.27330644  0.82538347 -0.54945480  0.02225496  0.01488266 -0.07636092 -0.57645666  1.08040992 -0.52837409  0.07922166	-0.04440678  0.08199436  0.38224852 -0.01566635 -0.38997196 -0.01748608  0.01267544  0.01655865 -0.26536741 -1.25943995  1.06837489  0.01739315	-0.03773937  0.06859342  0.38846073 -0.00266927 -0.37371242  0.00024993  0.00186767  0.00155748 -0.29048534 -1.23939896  1.04916937  0.00208339	 0.25136143 -0.07874845  3.88951754	 0.03338705 -0.00940641  0.04056866	 0.03183476 -0.01130718  0.04030767	-0.00208219 -0.00117786 -0.99999714	0.35000000	0.00000000	0.00000000	0.12240277	-0.36134601	0.32780853	1.26958919	-0.94110352	-0.09256764	-0.39273119	-0.22055650	0.39752787	-0.47942951	0.29905206	0.10684507	0.70510137	0.56128240	-0.29168305	-0.83580136	0.06603135	-0.20948839	0.44749260	3.06471920	-0.50719100	-0.58995008	0.40550253	0.35126093	
0.00801900	  20.47592448   39.82436793 -990.66777500   63.38537974   27.78647888   10.50301839	-8.06595654 -0.80359206 -3.08881275  0.01375124 -0.31640710 -0.00323622	  -1.43336604  104.56668329  -36.19770129 -127.73131689   42.03087884   89.94702590   -2.98743359   -3.80866200   14.58894141    0.81437604   16.22008382   16.25267443	 0.01471595 -0.00531846 -0.27022326  0.82539243 -0.55243252  0.02228165  0.01486917 -0.07636968 -0.57828328  1.06998619 -0.51977962  0.07921633	-0.02387511  0.06626302  0.40656137 -0.00154742 -0.37818336 -0.00516577 -0.02852731 -0.00608480 -0.21874235 -1.35238422  1.10818817  0.00269132	-0.03804852  0.06715864  0.38494101  0.00009685 -0.37378955  0.00340265 -0.00336039  0.00080065 -0.21499379 -1.30675437  1.07397821  0.00012182	 0.25364689 -0.08056417  3.88849574	 0.03544606 -0.00954194  0.03843906	 0.03482369 -0.00938462  0.03920545	-0.00215509 -0.00145464 -0.99999662	0.35000000	0.00000000	0.00000000	0.13411227	-0.32680225	0.34368083	1.26183355	-0.93641472	-0.06285390	-0.38013908	-0.20956382	0.38073575	-0.50508147	0.29698008	0.08030469	0.71753168	0.58254188	-0.26166192	-0.85565966	0.08090061	-0.19940576	0.46230406	3.05740476	-0.50706083	-0.59906977	0.42399690	0.31642070	
0.00847700	  23.20901171   39.91876593 -992.79742413   63.46592228   29.09788423    9.42385555	-9.10825704 -0.73484198 -2.47496092  0.00922790 -0.33107665  0.00224279	  -3.27455605  104.02195287  -40.10520832 -130.55322939   43.52279636   87.24596155   -1.16100702    0.72489733   15.35572518    5.42213938   15.69275625   15.33153570	 0.01438829 -0.00474482 -0.26691545  0.82539389 -0.55561950  0.02230166  0.01488579 -0.07638390 -0.57945151  1.05824773 -0.51039793  0.07920783	-0.02551287  0.06773513  0.37462363 -0.01568742 -0.38791841  0.01541523  0.03294395 -0.00409730 -0.11945316 -1.42976745  1.13205470 -0.01577619	-0.03853534  0.06880721  0.38956326  0.00047315 -0.37972979  0.00307053  0.00295709 -0.00215195 -0.12684641 -1.39742340  1.11359488 -0.00319156	 0.25587430 -0.08291209  3.88741091	 0.03755543 -0.00824569  0.04030526	 0.03687700 -0.00873754  0.03956865	-0.00223270 -0.00176439 -0.99999595	0.35000000	0.00000000	0.00000000	0.12280264	-0.29739606	0.35163850	1.25844777	-0.94905537	-0.03961419	-0.37617779	-0.22907284	0.38328779	-0.51214623	0.28991741	0.08954203	0.73858100	0.58944142	-0.25132960	-0.84528369	0.11275307	-0.20559877	0.48778033	3.02575946	-0.47677365	-0.60902476	0.43674660	0.28681821	
0.00852700	  16.95208432   39.67702294 -998.81336790   63.96408778   26.18490144   10.16801271	-7.04556308 -0.34242754 -1.33042884 -0.00454581 -0.26174920 -0.01174226	  -1.74090624  103.46178317  -41.23880807 -131.34679350   41.28032684   86.08807278   -4.21322344    3.35780311   17.70320550    6.22930106   13.32892236   15.74012251	 0.01404843 -0.00415121 -0.26362463  0.82539414 -0.55881569  0.02231134  0.01488531 -0.07636979 -0.57995794  1.04599567 -0.50087417  0.07922306	-0.03170329  0.09027221  0.34456486  0.01662715 -0.34208739  0.01030786  0.01669043  0.01351421 -0.02936686 -1.34399396  1.01946007  0.01853211	-0.03825635  0.07136696  0.38103234  0.00145772 -0.37256825 -0.00007810  0.00235366  0.00203363 -0.05261062 -1.43658936  1.11001017  0.00167109	 0.25637555 -0.08461648  3.88690131	0.04084393 0.00152077 0.03645565	 0.03973870 -0.00221598  0.03810474	-0.00226951 -0.00209638 -0.99999523	0.35000000	0.00000000	0.00000000	0.14227541	-0.27974305	0.35297611	1.23631656	-0.92718405	-0.00813660	-0.36438021	-0.23362297	0.33845103	-0.51173371	0.29239663	0.05389863	0.73136592	0.63841605	-0.21914181	-0.83631843	0.12137067	-0.21222937	0.49515462	2.98072314	-0.45387641	-0.62151241	0.45544294	0.27875420	
0.00848800	  -0.55641283   41.06548883 -997.55809729   64.22354317   17.61240628    9.78230861	-4.94387207 -0.57330607 -2.01200207  0.00433490 -0.18135324 -0.01840991	  -1.95341009  104.40980148  -36.75799365 -131.81050187   34.35559925   87.05417895   -1.72619800    2.79767749   17.17813323   -0.32356296   17.22694248   12.58295363	 0.01379127 -0.00356790 -0.26042741  0.82539194 -0.56210592  0.02231312  0.01487351 -0.07638178 -0.58011312  1.03331642 -0.49113178  0.07922141	-0.02463244  0.07617235  0.38091053 -0.00671953 -0.40613375 -0.02031567 -0.01655227 -0.02430797 -0.02068098 -1.44695341  1.10834686  0.02058572	-0.02818434  0.06978972  0.37586490  0.00071051 -0.39024289 -0.00097070 -0.00203934 -0.00153678 -0.01279236 -1.50234734  1.15256965  0.00165045	 0.25660454 -0.08558543  3.88672076	0.04417388 0.01463977 0.02472481	0.04313910 0.01073063 0.02844875	-0.00219590 -0.00245818 -0.99999457	0.35000000	0.00000000	0.00000000	0.16422957	-0.23105423	0.36663878	1.22410977	-0.92961389	0.02741592	-0.35975134	-0.21233037	0.33945107	-0.53352422	0.29059833	0.05541998	0.74794501	0.65513825	-0.19059671	-0.84490120	0.14528966	-0.19358629	0.50775546	2.97273993	-0.45064849	-0.63212615	0.46025935	0.22516564	
0.00846700	   11.14520311    40.96755752 -1016.27924569    65.02554135    28.47441505     8.93754915	-7.37450086  1.55569768 -0.52324635 -0.07211622 -0.25077534 -0.04197268	  -3.48591706  104.89324498  -39.65670951 -133.03926575   47.30876264   86.84835625   -0.33608027   11.53789306   24.54334541    8.52938338   12.73992598   10.97862960	 0.01359199 -0.00292079 -0.25732252  0.82538350 -0.56537944  0.02230747  0.01487601 -0.07629657 -0.57986886  1.02021293 -0.48118037  0.07922616	-0.02799879  0.09784087  0.38466812 -0.00605275 -0.37249530 -0.00631445 -0.00054028  0.04545554  0.02155686 -1.63375045  1.21155958  0.03695872	-0.02442905  0.08034693  0.36774979 -0.00202417 -0.38535868 -0.00210764  0.00050967  0.01485940  0.03411204 -1.55880356  1.17688504  0.00379300	 0.25687805 -0.08887292  3.88748712	0.04152916 0.02329398 0.02031971	0.04245335 0.02062753 0.02157986	-0.00203122 -0.00282438 -0.99999395	0.35000000	0.00000000	0.00000000	0.12484071	-0.22544609	0.39051998	1.23797047	-0.94539917	0.04421413	-0.33740145	-0.24880904	0.35001075	-0.55649662	0.29387939	0.07014181	0.79750425	0.62285191	-0.19297153	-0.87067097	0.17819953	-0.22433177	0.55769765	2.95636106	-0.41565320	-0.62608439	0.48214024	0.24066497	
0.00804600	   13.65917486    43.64605489 -1005.40146748    64.31508547    28.76598037    11.84976615	-9.76194319 -0.25676714 -0.61874938 -0.01010271 -0.30936067 -0.02139826	  -0.28592381  105.13627005  -40.98971216 -130.41004041   44.86032352   87.96615303   -0.45778475    4.82291430   31.79059357   12.44920440   13.74098065   10.74109049	 0.01345518 -0.00228004 -0.25444280  0.82537636 -0.56845012  0.02231140  0.01488090 -0.07613258 -0.57917978  1.00767409 -0.47175827  0.07921456	-0.03618446  0.08811316  0.32370747 -0.00517457 -0.35872942 -0.02221255  0.02196672  0.01949228  0.12482811 -1.49960253  1.10669170 -0.01830518	-0.01872870  0.08018618  0.35688966 -0.00261389 -0.37813291 -0.00190791  0.00125024  0.01973277  0.09461176 -1.55522026  1.16640673 -0.00174200	 0.25838857 -0.09092295  3.88694100	0.04285839 0.02567671 0.01482434	0.04236250 0.02497283 0.01667951	-0.00183240 -0.00315981 -0.99999333	0.35000000	0.00000000	0.00000000	0.14501628	-0.20223339	0.36912185	1.20777929	-0.92222071	0.07783461	-0.33922854	-0.23771870	0.29106897	-0.55078703	0.30231556	0.03672085	0.78552365	0.67810196	-0.17240281	-0.86393541	0.21458304	-0.20227489	0.57255101	2.91799855	-0.40624273	-0.64498603	0.49251860	0.20674765	
0.00848300	    4.00483402    45.77551654 -1011.57266736    64.90229014    24.08517430    10.58797046	-8.31591604  1.64582327 -1.08611019 -0.07374691 -0.29968261 -0.05132845	  -1.42838829  107.66072583  -38.65128084 -135.80283466   40.95358005   87.19006824   -0.63769280   12.64178890   29.79301578    6.77358715   11.35346521   11.33161995	 0.01336937 -0.00148998 -0.25131671  0.82537001 -0.57176474  0.02232327  0.01486828 -0.07581141 -0.57790267  0.99405215 -0.46174177  0.07921176	-0.01821571  0.10343735  0.34443263  0.00317305 -0.39229562 -0.00454753 -0.01241497  0.06194388  0.19617480 -1.62122667  1.15602027 -0.00504775	-0.00911326  0.09706272  0.36651792 -0.00130781 -0.38964820  0.00073136 -0.00216342  0.04251435  0.16361642 -1.60835961  1.17405508 -0.00165684	 0.26120857 -0.09527805  3.88708278	0.03520214 0.02605114 0.00710815	0.03774676 0.02598988 0.00939927	-0.00161169 -0.00349436 -0.99999260	0.35000000	0.00000000	0.00000000	0.14468171	-0.17185386	0.39399546	1.21681118	-0.92141509	0.11642900	-0.31144938	-0.24599671	0.29669869	-0.57295847	0.30524939	0.02786938	0.80451447	0.66522861	-0.12984262	-0.87153608	0.22497576	-0.23268840	0.59056175	2.87890172	-0.37942952	-0.63650602	0.49884462	0.17816371	
0.00801600	    8.79689121    44.13613455 -1020.80715644    65.35994465    27.52678181    10.23218575	-10.20643988   0.68077806  -0.12303361  -0.04440894  -0.32827965  -0.03207103	  -2.54733806  104.76303792  -41.60525858 -138.42094079   46.07811883   85.71980429    1.09480984    7.98197395   32.99006592   14.36380260   11.20117546    9.49438552	 0.01333321 -0.00065550 -0.24827607  0.82526456 -0.57491503  0.02232882  0.01487430 -0.07532738 -0.57612502  0.98099364 -0.45237568  0.07921756	 0.00239305  0.10372343  0.37113912 -0.02665614 -0.37022551  0.00121232 -0.01499544  0.08456723  0.23116339 -1.54539090  1.10964936  0.01722043	-0.00243862  0.10585483  0.38019693 -0.01619796 -0.39265469  0.00289980 -0.00052275  0.06196579  0.22960928 -1.62750898  1.16295019  0.00072026	 0.26405966 -0.09856842  3.88759102	0.03426586 0.02566402 0.00418017	0.03430286 0.02581212 0.00511899	-0.00140477 -0.00376622 -0.99999192	0.35000000	0.00000000	0.00000000	0.14634538	-0.15271455	0.38561466	1.18904126	-0.89632463	0.13538255	-0.32032505	-0.25449464	0.26817632	-0.56210876	0.30712393	0.03603838	0.81205988	0.68158674	-0.12219550	-0.85706556	0.26580879	-0.22036126	0.61613840	2.84838843	-0.35623696	-0.64155620	0.50083572	0.16698441	
0.00845700	    6.65622075    48.47724116 -1019.29195387    65.26572522    27.79606686     9.22106703	-9.77542263  0.97113702 -0.56320620 -0.05377761 -0.33579047 -0.03044246	  -4.25351652  108.39981270  -41.59948589 -136.60913721   45.56135058   84.23428321    1.46869485   10.21044409   33.27089401   10.76095246   10.13375453    6.98733989	 0.01329355  0.00031450 -0.24495673  0.82505687 -0.57823252  0.02232126  0.01487999 -0.07469838 -0.57363489  0.96692894 -0.44253402  0.07922233	 0.01538492  0.15253859  0.40651145 -0.04932872 -0.42299454 -0.00183367  0.01911494  0.10003272  0.32952420 -1.74448875  1.22755691 -0.00051480	-0.00313278  0.12059424  0.39752928 -0.02921275 -0.39582033 -0.00030489  0.00207763  0.07953722  0.30736199 -1.67602075  1.16675931  0.00172790	 0.26734941 -0.10350550  3.88822613	0.02867744 0.02487472 0.00412759	0.03067689 0.02514873 0.00408212	-0.00119003 -0.00403716 -0.99999114	0.35000000	0.00000000	0.00000000	0.12242101	-0.14845176	0.41675770	1.20273447	-0.93054670	0.15830491	-0.29338622	-0.25992569	0.28576803	-0.59472299	0.31380132	0.06229432	0.84911919	0.64537895	-0.11189210	-0.87159997	0.29570577	-0.23320085	0.63135511	2.82390308	-0.31455466	-0.63416183	0.50081718	0.15010090	
0.00802500	   17.13636068    44.01166135 -1020.34277161    65.03382457    35.29281405     9.40280974	-11.46678368   0.23790424   0.36994892  -0.03281423  -0.37469488  -0.01319434	  -4.06993916  101.95257878  -45.45187995 -135.04537570   53.19605353   86.84681273   -1.58044632    6.50745088   35.41251680   18.90698341    8.01983448    9.44928203	 0.01323445  0.00129055 -0.24176320  0.82480296 -0.58134614  0.02232660  0.01487100 -0.07399150 -0.57073893  0.95357127 -0.43348270  0.07922758	-0.04008659  0.11760858  0.39874937 -0.02413614 -0.39248659  0.02503173 -0.01172217  0.08302356  0.37920790 -1.64989443  1.07570198  0.03247840	-0.00953362  0.12259540  0.39865879 -0.03403233 -0.38885973  0.00175712 -0.00141496  0.08875200  0.36853308 -1.66685116  1.12192157  0.00368699	 0.26952397 -0.10665060  3.88858413	0.03211387 0.02606383 0.00798722	0.03084075 0.02563646 0.00667226	-0.00098728 -0.00427624 -0.99999037	0.35000000	0.00000000	0.00000000	0.13462375	-0.14353517	0.40905291	1.14252841	-0.89261729	0.17331985	-0.31327483	-0.26683104	0.22372814	-0.56464374	0.30975699	0.04152726	0.85308850	0.70055336	-0.10582162	-0.89310390	0.30722287	-0.23878664	0.65219170	2.77839136	-0.31367311	-0.64895451	0.52570295	0.14176570	
0.00848300	    9.68319513    50.13290218 -1034.55653303    66.02781777    33.80887115    11.00527764	-11.49952845   1.98841861   0.11738414  -0.09254385  -0.33451003  -0.06051509	   0.97115665  108.90624571  -42.00779922 -137.82501623   51.85456994   81.81854284    3.02046093   14.11425847   33.51923354   14.83641453   14.36680564    4.69139562	 0.01319625  0.00240663 -0.23827157  0.82442810 -0.58459393  0.02232364  0.01488043 -0.07311241 -0.56710739  0.93938434 -0.42398489  0.07922613	-0.00546857  0.15140997  0.41822855 -0.03901885 -0.39262976  0.00248928  0.03221094  0.14126377  0.47856100 -1.70873230  1.15109297  0.02138501	-0.00444210  0.13667045  0.41557536 -0.04627308 -0.38338053  0.00150677  0.00211164  0.11273587  0.43997942 -1.68173544  1.12626287  0.00277934	 0.27280828 -0.11231642  3.89013368	0.02417964 0.02490125 0.00409342	0.02689184 0.02535030 0.00522524	-0.00076946 -0.00452004 -0.99998949	0.35000000	0.00000000	0.00000000	0.12009104	-0.10274999	0.41714293	1.15014064	-0.90846324	0.21463399	-0.29229596	-0.27873626	0.22402237	-0.59251374	0.33139983	0.06152648	0.87432051	0.66754884	-0.06743068	-0.87633300	0.32551646	-0.23400223	0.67157680	2.75186324	-0.26848382	-0.63962388	0.52473736	0.13779122	
0.00853800	   12.18477399    47.28543143 -1027.01160250    65.47027052    35.35538825     9.57099916	-11.73778015   0.03320673   0.73268470  -0.02815881  -0.36849779  -0.01425977	  -4.30979961  103.12858391  -44.47995093 -136.70717752   53.17616880   84.96953392   -2.19446112    5.71735150   34.54713771   20.07260633    7.90066087    6.55776155	 0.01315097  0.00360832 -0.23464345  0.82387465 -0.58785616  0.02231175  0.01487567 -0.07208873 -0.56291825  0.92520134 -0.41458422  0.07921503	 0.00440798  0.12968066  0.41949430 -0.08567877 -0.36189821 -0.01089994  0.00943640  0.10843313  0.50103025 -1.54176477  0.98239768 -0.01497731	-0.00398076  0.14068601  0.42665836 -0.06787175 -0.38159120 -0.00266816  0.00057809  0.11784145  0.50079980 -1.65484228  1.09002015 -0.00149490	 0.27597964 -0.11600709  3.89087492	0.02753862 0.02448857 0.00672862	0.02629980 0.02461045 0.00586360	-0.00056037 -0.00473425 -0.99998864	0.35000000	0.00000000	0.00000000	0.14956810	-0.10162410	0.39345166	1.10222173	-0.85821944	0.21411638	-0.32404336	-0.27278972	0.15824829	-0.55486709	0.31797534	0.05338761	0.86311501	0.70623481	-0.05200890	-0.86961991	0.36879539	-0.22161448	0.66648126	2.72023773	-0.25091651	-0.65239584	0.52775329	0.11512408	
0.00800100	    2.26738120    51.80504693 -1037.69544923    66.26452546    33.18371738     9.50460208	-10.78726047   2.51259754   0.55419141  -0.11294056  -0.31908938  -0.06647937	  -4.04847379  108.60151887  -40.61637203 -137.25891805   52.05265313   81.89610481    1.34026736   16.21212053   30.54888023   15.13532853   12.12560311    4.91183417	 0.01309961  0.00480997 -0.23111036  0.82324126 -0.59089807  0.02232677  0.01487582 -0.07097786 -0.55852427  0.91194910 -0.40592135  0.07921925	-0.01459458  0.12672602  0.44120998 -0.08124426 -0.39641511  0.01122825  0.00959482  0.16222064  0.53754839 -1.59820039  1.07522902  0.00978014	-0.00571334  0.15043332  0.44012670 -0.08148835 -0.38039178  0.00145306  0.00125336  0.14316232  0.55154560 -1.64391078  1.07489946  0.00079294	 0.27971428 -0.12221829  3.89237136	0.01855762 0.02276024 0.00438621	0.02171819 0.02338727 0.00526503	-0.00037100 -0.00492322 -0.99998781	0.35000000	0.00000000	0.00000000	0.14460821	-0.06004906	0.41298676	1.09286821	-0.86236089	0.25604066	-0.30074194	-0.28572485	0.16656981	-0.57204127	0.31869611	0.06019894	0.89259911	0.68040073	-0.00456746	-0.86984807	0.36609539	-0.23872367	0.69263268	2.69411564	-0.22879767	-0.63601178	0.52849936	0.10510974	
0.00800300	  35.31875850   54.69395677 -929.38346220   58.95700558   40.99866465   11.45431165	  -1.76145511  -50.19447180 -359.00262856   26.50621039  -56.56603340   11.00724972	  -3.54449077  104.76936436  -42.60574147 -140.28510201   59.42878836   79.77266395    0.14922809    8.13824731   32.84203921   22.11451137    5.44634829    3.20759431	 0.01305657  0.00626559 -0.22723612  0.82218922 -0.59379711  0.02231863  0.01487023 -0.06956196 -0.55377114  0.89996571 -0.39646933  0.07922233	-0.01550986  0.20226125  0.50283548 -0.17655268 -0.29277449 -0.00996287  0.00384056  0.18375702  0.53743339 -1.18830685  1.21113439 -0.00915382	-0.00794205  0.18803366  0.49477100 -0.14943758 -0.35045133 -0.00068051 -0.00081772  0.18185137  0.58618498 -1.40805355  1.22222402  0.00033867	 0.28715380 -0.12770356  3.90702895	-0.01094949  0.00756479  0.00937295	-0.00042199  0.01354049  0.00673936	-0.00023819 -0.00496497 -0.99998765	0.35000000	0.00000000	0.00000000	0.13537148	-0.06885877	0.42638084	1.06730437	-0.80828947	0.25064853	-0.32777464	-0.28097761	0.12915894	-0.56635088	0.32074580	0.07496586	0.89860708	0.67474765	0.01088410	-0.83466148	0.40627733	-0.22832131	0.72361624	2.68257642	-0.17189579	-0.63095921	0.50184810	0.14252684	
0.00848400	  23.05879690   50.26752512 -913.14649164   57.95090201   38.87406947    8.86239108	 -26.25761145  -43.52470777 -300.90663662   22.22161315  -46.76817113    6.47316755	  -6.40414970   97.74581623  -37.05295368 -131.04749623   56.14689732   81.16053748    0.96058695    5.32845885   19.31078151   11.89565948  -13.78157135    4.96681904	 0.01291818  0.00809785 -0.22244822  0.82012862 -0.59647833  0.02233105  0.01486391 -0.06770888 -0.54897525  0.89085883 -0.38471969  0.07921204	-0.04997468  0.20474634  0.58794695 -0.29066904 -0.29681940  0.03292920 -0.01986989  0.25191278  0.55085846 -0.94766814  1.41939172 -0.01389531	-0.02059950  0.21705083  0.57245461 -0.25894760 -0.30817292  0.00342064 -0.00276021  0.22218918  0.55559797 -1.01814075  1.38333822 -0.00121170	 0.29369621 -0.13308559  3.92116166	-0.02905522 -0.00564348  0.02102255	-0.02409411 -0.00209036  0.01756348	-0.00024261 -0.00477839 -0.99998855	0.35000000	0.00000000	0.00000000	0.12377384	-0.10678762	0.49680784	1.03898752	-0.77797467	0.23822750	-0.34653074	-0.25842062	0.10205820	-0.58515030	0.28719571	0.08007355	0.90291834	0.65917116	0.04829252	-0.82057214	0.41702771	-0.27459657	0.70587218	2.68000436	-0.12751660	-0.61359030	0.49182642	0.14823250	
0.00848000	  11.25448081   48.81686974 -955.31279781   60.32358228   47.10010629    7.27745341	 -13.68099959  -34.49349963 -189.42216222   14.14828267  -29.89494314    5.03194387	  -7.18488194   96.48102665  -28.84439505 -124.67524627   69.16921896   75.66324967    2.03234076   -2.48761120    4.45762027   12.90938580  -32.15917790    4.02427074	 0.01273301  0.01002302 -0.21718232  0.81730427 -0.59879515  0.02232895  0.01487152 -0.06579987 -0.54467925  0.88434618 -0.37332382  0.07922020	 0.01057550  0.19481088  0.67580666 -0.37945621 -0.25280730  0.01466085  0.00106415  0.22532477  0.48160807 -0.63563758  1.26490316 -0.00819715	-0.02062857  0.22331627  0.63174452 -0.34965061 -0.26947866  0.00246329 -0.00036607  0.22470731  0.49780271 -0.73035195  1.31956252  0.00056015	 0.29667373 -0.13529164  3.93064068	-0.02581670 -0.00473669  0.02370551	-0.02736238 -0.00537313  0.02315917	-0.00029470 -0.00453485 -0.99998967	0.35000000	0.00000000	0.00000000	0.15387221	-0.13026692	0.50992477	0.98136365	-0.71925223	0.19106066	-0.42901769	-0.27135217	0.03314508	-0.55748272	0.28588751	0.12180036	0.88473684	0.64681739	0.07957796	-0.73957086	0.46998391	-0.27255490	0.68022412	2.70406842	-0.12227190	-0.60723364	0.50540119	0.16551203	
0.00848400	  -2.77920291   51.17768991 -976.77731938   61.40377958   55.45037199   -0.12619104	   3.37797912  -22.04147563 -120.39644875    8.99608610  -19.14655545    4.03400649	 -15.96956791   99.14052248  -16.90907196 -109.83066136   78.87876552   74.59378690   -0.93656021    1.49665350   -5.81670293    0.41568946  -28.55086756    2.48177896	 0.01249084  0.01193006 -0.21168951  0.81387258 -0.60075232  0.02231210  0.01486564 -0.06388997 -0.54080401  0.87961884 -0.36348688  0.07920863	-0.02154509  0.20373396  0.65451662 -0.43242201 -0.20736763 -0.03379931 -0.00117678  0.22918668  0.42694764 -0.48274423  1.08374619  0.00159156	-0.02726878  0.22366236  0.65252302 -0.41430370 -0.22737965 -0.00399768 -0.00212934  0.22610878  0.45103066 -0.53553076  1.13670779 -0.00211878	 0.29780988 -0.13956470  3.93681931	-0.02347781  0.00153995  0.03302017	-0.02428253 -0.00058045  0.03008136	-0.00031033 -0.00432676 -0.99999059	0.35000000	0.00000000	0.00000000	0.19322056	-0.14782330	0.51557422	0.93914777	-0.68994284	0.21264181	-0.45630574	-0.26739660	-0.04850087	-0.51634586	0.28687671	0.12617707	0.86712563	0.64530450	0.10824864	-0.70818180	0.46986297	-0.26216847	0.66334361	2.69845200	-0.11891794	-0.59267700	0.51869261	0.22912353	
0.00804400	 -17.89473699   50.32325305 -979.27722523   61.57481494   55.30231057    1.49415620	 14.70615149 -21.73440270 -94.61152855   7.05645594 -15.10078845   4.52492303	 -12.20174757   96.65053368   -5.02699444 -104.94366658   79.15168029   76.38163048   -0.03756207   -3.95830514  -10.82097742   -6.22702080  -31.63715646    0.41547222	 0.01222889  0.01368202 -0.20634142  0.81021738 -0.60236210  0.02231382  0.01487082 -0.06214257 -0.53734941  0.87618884 -0.35578745  0.07921952	-0.01690666  0.16707644  0.64330599 -0.46822102 -0.18974918 -0.02595202 -0.01650988  0.19680096  0.41591264 -0.37461428  0.81412279  0.00333079	-0.02962255  0.21411172  0.67194973 -0.46405896 -0.19933941 -0.00268366 -0.00166781  0.21480945  0.42984805 -0.41459721  0.93261061  0.00153784	 0.29989993 -0.14081957  3.94063629	-0.01265553  0.00328248  0.02843406	-0.01642006  0.00275570  0.03022122	-0.00028930 -0.00418020 -0.99999122	0.35000000	0.00000000	0.00000000	0.23919544	-0.15408255	0.50086325	0.88740396	-0.63763142	0.22033152	-0.47875410	-0.24102387	-0.12058039	-0.48154017	0.30001709	0.11785702	0.83699644	0.66121733	0.12323471	-0.68583131	0.49280557	-0.26053351	0.62955719	2.69283581	-0.12848361	-0.60006273	0.53648859	0.22997089	
0.00845600	 -27.03939272   55.28198810 -994.28215774   62.53314615   56.16515381   -0.59148802	 20.56575063 -15.65848787 -69.65331368   5.16814984 -11.11543927   3.95192795	 -15.31235193  101.41035128   -2.21160546 -102.50095296   81.39513892   72.47333413   -0.24563849   -0.42492396  -13.09963020  -11.87588110  -24.18938854   -3.17926116	 0.01200585  0.01548075 -0.20042342  0.80588206 -0.60387586  0.02232509  0.01486941 -0.06033144 -0.53373971  0.87330564 -0.34928008  0.07921462	 0.00264877  0.20804074  0.74657369 -0.54547181 -0.16461165  0.01969782 -0.00954617  0.20735978  0.40941092 -0.29774464  0.70786981 -0.01990775	-0.02405810  0.21026654  0.70683652 -0.52090640 -0.17500936  0.00094155 -0.00177543  0.21351051  0.42660805 -0.33259387  0.74389659 -0.00050952	 0.30225210 -0.14373571  3.94425341	-0.00659413  0.00533839  0.02424299	-0.00842553  0.00467773  0.02555595	-0.00025339 -0.00410296 -0.99999155	0.35000000	0.00000000	0.00000000	0.25331262	-0.15769616	0.48975727	0.87116110	-0.62336046	0.23121561	-0.49361455	-0.23969322	-0.15170227	-0.46012875	0.29481846	0.14055052	0.82784855	0.63716316	0.13361189	-0.65008771	0.51179880	-0.22234085	0.62340301	2.69424200	-0.08720450	-0.59324795	0.52250302	0.27004391	
0.00802000	 -20.67398139   54.53176648 -958.88101347   60.00025752   62.44224903   -1.88426084	 20.02428498 -25.31234435 -81.56419103   5.90256245 -12.63476744   5.32057445	-17.17715869  96.53922987  -3.03296971 -89.07439977  85.63677031  72.05628639  -3.81524300  -8.05141610 -14.85352032 -17.62813137 -22.10424860  -2.26071691	 0.01181475  0.01712074 -0.19473903  0.80148887 -0.60517347  0.02231124  0.01487931 -0.05868099 -0.53030141  0.87098329 -0.34445779  0.07921328	-0.02555335  0.19996866  0.76976918 -0.60497082 -0.15651141 -0.02773430  0.03441497  0.21567858  0.45644594 -0.28252579  0.59176850 -0.00758394	-0.02249045  0.20275836  0.71389116 -0.55285380 -0.15972166 -0.00230681  0.00231030  0.20706648  0.43014095 -0.28515953  0.58773405 -0.00175360	 0.30265223 -0.14477249  3.94600206	0.00569680 0.01139451 0.02450801	0.00151887 0.00931591 0.02437623	-0.00018785 -0.00409902 -0.99999158	0.35000000	0.00000000	0.00000000	0.24688351	-0.20133446	0.49788448	0.84899390	-0.62256086	0.23241754	-0.52275527	-0.23023680	-0.20051067	-0.42033651	0.28042793	0.16807330	0.81374013	0.64389259	0.12447654	-0.63024074	0.53776091	-0.19433127	0.60239905	2.67401695	-0.05522586	-0.59720117	0.52555567	0.28203145	
0.00800900	 -16.18064319   61.33777788 -867.19791883   54.06751699   63.28732979   -0.80508338	 149.00187291  -56.66271940 -367.21653384   22.28039794   52.68204909    0.68847277	-15.11825123 100.54294491   2.00424757 -83.43625927  90.12770355  73.16105723  -7.04788120  -7.01495601 -16.69024058 -18.90215158 -20.93799117  -5.76135126	 0.01164582  0.01878423 -0.18910042  0.79669673 -0.60612341  0.02232686  0.01486832 -0.05700675 -0.52706442  0.86935286 -0.34177661  0.07920605	-0.02180573  0.21811659  0.67707154 -0.62662536 -0.09926857  0.01545868  0.00498789  0.22006163  0.38017773 -0.15847071  0.12991972 -0.00941249	-0.01769222  0.21382935  0.70460875 -0.61656807 -0.10858250  0.00211968 -0.00173144  0.21605611  0.39965726 -0.18396710  0.27065154 -0.00149379	 0.28938970 -0.14662982  3.96551032	-0.01318168  0.03693048  0.01448910	-0.00705825  0.02832034  0.01811844	 0.00000292 -0.00407450 -0.99999170	0.35000000	0.00000000	0.00000000	0.32450950	-0.20788236	0.45108578	0.80936259	-0.56366235	0.25571099	-0.52487171	-0.23519486	-0.30340683	-0.37916976	0.29579172	0.13766262	0.76474565	0.65620995	0.15068950	-0.58633667	0.54945719	-0.17962852	0.57078439	2.63699293	-0.05641064	-0.58287877	0.52621162	0.33238819	
0.00850700	 -38.12382589   58.54462278 -831.46524680   52.31156029   47.55673363   -3.33002372	 133.43593223  -60.18929377 -338.57390198   20.12758276   51.86314824   -1.16796235	-15.58343569  94.68221664  13.41144880 -85.68077350  87.14338553  68.03381890  -4.89147618 -14.30015892  -7.67792579 -26.23204947  -0.79624723  -9.77018616	 0.01157435  0.02073132 -0.18304436  0.79082234 -0.60658459  0.02231283  0.01488193 -0.05503086 -0.52383165  0.86847111 -0.34201365  0.07918145	 0.00473644  0.23869814  0.69364808 -0.73533135 -0.03197372 -0.00294868  0.02596053  0.21925362  0.36988461 -0.07009536 -0.13891879  0.00779886	-0.00491783  0.23019313  0.71829006 -0.70880015 -0.04757081 -0.00209413  0.00305973  0.23153089  0.38281756 -0.09702848 -0.06703868 -0.00153428	 0.28032408 -0.14729950  3.98096181	-0.02321977  0.04324772  0.00681832	-0.02061873  0.04202513  0.00882710	 0.00035966 -0.00390890 -0.99999230	0.35000000	0.00000000	0.00000000	0.36438107	-0.20345949	0.41136765	0.80261171	-0.53679109	0.28566006	-0.51694947	-0.20973086	-0.34740543	-0.28827521	0.32735780	0.13974389	0.72776276	0.67323583	0.15265441	-0.54242277	0.57800889	-0.10932145	0.56093568	2.64080501	-0.03639460	-0.58265930	0.50205058	0.36443785	
0.00801500	 -49.86803035   54.53223376 -813.50780278   51.43694013   39.30860502   -4.93758493	 103.83765076  -52.53945524 -268.47402251   15.83674669   39.71958473   -0.60645262	-19.38236707  89.24058199  12.82975083 -80.50680646  81.37147307  64.99610847  -9.22344546 -14.35324395  -6.91883942 -26.28862096   1.88574594 -14.20125099	 0.01152494  0.02259283 -0.17707748  0.78461901 -0.60675287  0.02231790  0.01487653 -0.05311988 -0.52063789  0.86788896 -0.34398609  0.07914749	-0.00585547  0.21564968  0.72226191 -0.79632029  0.02204954 -0.01537929  0.01467662  0.21570925  0.38098469 -0.08269400 -0.30864662  0.01856796	-0.00624812  0.22925110  0.74243937 -0.77758496 -0.01660419 -0.00076622  0.00159297  0.23554237  0.39865780 -0.07165105 -0.26289618 -0.00220822	 0.27652257 -0.14762941  3.98658263	-0.02321789  0.04034290  0.00427436	-0.02341982  0.04155178  0.00525063	 0.00069714 -0.00371896 -0.99999284	0.35000000	0.00000000	0.00000000	0.39261481	-0.20508431	0.39688474	0.78366834	-0.51926261	0.29594457	-0.49857748	-0.20115435	-0.36297375	-0.22792515	0.31531978	0.13978776	0.71541113	0.68044972	0.13703571	-0.51033777	0.59256887	-0.09474110	0.53761750	2.64818645	-0.00511092	-0.58336335	0.49974632	0.37296599	
0.00846800	 -59.79154379   53.52606388 -823.50856170   52.25392284   34.66337379   -4.55079430	  83.24900341  -48.50134942 -218.13860288   12.70388736   32.99741625   -2.38670550	-17.58648370  87.98583174  12.50888325 -81.35111761  79.50869250  60.58488125  -8.70358253 -12.95065126  -7.03126540 -23.04963448   7.86421104 -18.40231806	 0.01151969  0.02455407 -0.17044743  0.77757157 -0.60679643  0.02231915  0.01486421 -0.05109705 -0.51704134  0.86732891 -0.34706647  0.07898262	 0.00544591  0.23476599  0.78456583 -0.86610431 -0.00976629 -0.01593409 -0.00181158  0.26790788  0.45117177 -0.10169842 -0.38561332 -0.01193068	-0.00122525  0.23013309  0.78488645 -0.83773261 -0.00295497 -0.00068649 -0.00210566  0.24011397  0.42825994 -0.06822720 -0.37406716 -0.02361829	 0.27560350 -0.14802655  3.98807890	-0.01826073  0.03211620  0.00289006	-0.02000964  0.03486306  0.00326005	 0.00100562 -0.00354091 -0.99999323	0.35000000	0.00000000	0.00000000	0.37944159	-0.21282275	0.38832355	0.77674848	-0.53647208	0.30752963	-0.47388825	-0.19886845	-0.36196619	-0.21164215	0.33245647	0.15954284	0.70287013	0.65911263	0.11752222	-0.48517728	0.60104632	-0.08478530	0.53479362	2.64155483	0.03719882	-0.58519614	0.49013406	0.39547804	
0.00802100	 -50.52937971   53.10779916 -807.14670416   50.93583514   41.39165592   -3.92535238	  77.35749979  -52.10449451 -218.56109481   12.72728442   31.87190912   -2.13546517	-19.07636263  84.88287687   7.56965542 -72.34130505  86.26804036  60.82020402 -10.70141973 -21.50949341  -7.68800645 -24.73430993  14.25168192 -16.87061995	 0.01147986  0.02629560 -0.16403054  0.77061500 -0.60664282  0.02232471  0.01486667 -0.04928680 -0.51349852  0.86677301 -0.35040828  0.07876818	-0.01321617  0.21519535  0.79223676 -0.85037522  0.02837781 -0.00480452 -0.01242508  0.21855242  0.43534271 -0.08251207 -0.40658986 -0.01114391	-0.00584746  0.21455645  0.79851318 -0.86883168  0.02094643  0.00039015 -0.00171945  0.22279464  0.44156486 -0.07361633 -0.41832434 -0.02227008	 0.27307882 -0.14636751  3.98819506	-0.00439948  0.03021183  0.00625331	-0.00911563  0.03078704  0.00519973	 0.00125118 -0.00344960 -0.99999327	0.35000000	0.00000000	0.00000000	0.38506621	-0.22545724	0.39132181	0.75132692	-0.54313219	0.31258634	-0.49932617	-0.19202989	-0.38422805	-0.17009020	0.31650743	0.18742278	0.69125855	0.66670418	0.09682369	-0.48331344	0.62172246	-0.04627368	0.53742123	2.62785625	0.02249176	-0.58981460	0.49167666	0.38889256	
0.00801900	 -53.91526502   56.13568931 -816.67417797   51.50761265   42.95565018   -2.32621546	  73.67801806  -51.60587165 -199.64237333   11.46141907   29.62198197   -3.20649069	-17.29237090  87.89432311  10.40499263 -70.99982022  87.45802814  57.86653638 -10.32518749 -14.43700528  -7.05269403 -27.85248797  14.62743759 -21.38049653	 0.01144029  0.02790057 -0.15752636  0.76344850 -0.60628531  0.02232081  0.01487291 -0.04758410 -0.50981505  0.86605675 -0.35386560  0.07843696	-0.02194245  0.17318985  0.74248190 -0.83812315  0.06964313  0.01001680  0.01792593  0.20917906  0.42057503 -0.10377038 -0.41240090 -0.03757416	-0.00713838  0.19731208  0.80772036 -0.89374672  0.04807489 -0.00052314  0.00051399  0.21471338  0.45830933 -0.09586678 -0.42989894 -0.04809254	 0.27173089 -0.14604872  3.98762374	0.00353176 0.02556547 0.00685314	0.00098109 0.02715795 0.00656349	 0.00147466 -0.00345136 -0.99999296	0.35000000	0.00000000	0.00000000	0.40350005	-0.19104418	0.38350925	0.74493414	-0.54136020	0.33519390	-0.49445236	-0.19361967	-0.38985974	-0.14886028	0.30400705	0.18837914	0.69457197	0.65253943	0.11524571	-0.46097270	0.64789760	-0.02974095	0.53614670	2.63239598	0.01899279	-0.58815211	0.50596178	0.38569713	
0.00844500	 -60.05699878   58.31423514 -822.24765607   52.04945524   38.47810692   -2.32048516	  69.12780470  -50.53668031 -186.01464986   10.60866431   27.85299524   -3.69756806	-17.59568589  88.92336130   9.55160471 -74.26337922  82.64135045  54.75870949 -12.82660950 -14.56920880  -5.70664942 -27.16191226  14.00062184 -22.06677258	 0.01139478  0.02955806 -0.15045753  0.75563240 -0.60578683  0.02231681  0.01486808 -0.04576041 -0.50563105  0.86497618 -0.35753410  0.07761198	 0.01741642  0.21954326  0.85285981 -0.94791250  0.06416317 -0.00601164 -0.01179585  0.20954709  0.50863764 -0.14924513 -0.43383436 -0.12309804	-0.00506264  0.19550217  0.84085280 -0.93168977  0.06186618 -0.00092315 -0.00161467  0.21691452  0.49943585 -0.13554912 -0.43441174 -0.10739327	 0.27210651 -0.14619888  3.98620731	0.01098490 0.01810451 0.00830880	0.00860053 0.02053176 0.00788656	 0.00165969 -0.00351481 -0.99999245	0.35000000	0.00000000	0.00000000	0.37291053	-0.20553152	0.37823245	0.74071532	-0.56188589	0.31259426	-0.48911703	-0.18621626	-0.39836448	-0.14668298	0.29338318	0.19990021	0.68798131	0.63770616	0.10539244	-0.44583115	0.66302377	-0.00220664	0.52525163	2.64295197	0.07607567	-0.59676552	0.49955612	0.39534369	
0.00801600	 -46.13002093   56.51439336 -790.12053309   49.62594365   47.53629487   -3.28352796	  73.74740222  -48.41902194 -210.25218947   12.08959536   31.67779266   -3.03248993	-19.34875390  84.79032421   2.71207714 -58.66337660  89.49123323  56.25490165 -13.80511563 -15.32847458 -10.65732955 -25.52334797  20.50394587 -18.21293238	 0.01130970  0.03102923 -0.14378438  0.74818767 -0.60521536  0.02232316  0.01487386 -0.04402854 -0.50152364  0.86369107 -0.36091237  0.07652592	-0.02287074  0.18615620  0.82248081 -0.96533370  0.08751242 -0.00933199  0.00514725  0.20984857  0.54178487 -0.15614798 -0.43446168 -0.15081351	-0.01043733  0.18311209  0.83235383 -0.93335013  0.07365309  0.00131184  0.00100100  0.21532016  0.51398908 -0.16132654 -0.42154591 -0.13959672	 0.26802909 -0.14615137  3.98456157	0.01723766 0.02329672 0.01419952	0.01519626 0.02135360 0.01217849	 0.00181952 -0.00363015 -0.99999176	0.35000000	0.00000000	0.00000000	0.35554707	-0.22005768	0.37668777	0.71046871	-0.59148967	0.31691200	-0.52385545	-0.18648356	-0.43443018	-0.12256890	0.25569138	0.22347704	0.68385744	0.64937443	0.09778678	-0.44095594	0.66092211	0.02496428	0.53651345	2.61619782	0.08430140	-0.59712458	0.51097411	0.39548674	
0.00801700	 -48.33839106   60.38862951 -801.76517336   50.25065234   51.03061663   -0.28621206	  68.27043682  -47.64539421 -192.16921888   10.98336316   28.89769847   -3.34880341	-15.69705631  88.33158016   9.02328752 -58.76560277  92.75834388  52.54777271 -14.50867749 -11.92957988  -8.58341345 -24.67054453  17.07785659 -21.03342426	 0.01119841  0.03248983 -0.13723445  0.74083094 -0.60454373  0.02232111  0.01487575 -0.04231970 -0.49741209  0.86221072 -0.36414549  0.07523109	-0.01958771  0.19078490  0.75763263 -0.85948941  0.08624841 -0.00770537  0.01548763  0.20415860  0.49031560 -0.21105670 -0.39314883 -0.17196680	-0.01290587  0.18230216  0.81641164 -0.91863345  0.08433427  0.00024536  0.00195141  0.21417162  0.51451678 -0.18929010 -0.40193102 -0.16909131	 0.26562006 -0.14681836  3.98197215	0.01979555 0.02184346 0.01396714	0.01897981 0.02247500 0.01415358	 0.00200369 -0.00378072 -0.99999085	0.35000000	0.00000000	0.00000000	0.36176375	-0.19815190	0.38346398	0.71287048	-0.59893239	0.33789372	-0.50365466	-0.18905112	-0.41747683	-0.12237521	0.27332032	0.23150098	0.69707239	0.62162060	0.12511113	-0.42762223	0.68654197	0.01418009	0.54677314	2.61212325	0.07299545	-0.59026998	0.52328020	0.39209512	
0.00847400	 -48.20445751   59.76528268 -803.11152734   50.36209428   50.31217358   -0.50526824	  71.33314800  -48.54295414 -203.34134502   11.61420035   30.50837405   -3.29786749	-16.35527959  86.33934021   8.00854092 -62.14692986  91.97236919  53.59225714 -15.69940214 -13.81322637  -5.39511837 -28.72712073  18.16613482 -19.63705641	 0.01108887  0.03399373 -0.13024709  0.73295930 -0.60376964  0.02232787  0.01486934 -0.04042870 -0.49287680  0.86037320 -0.36743363  0.07350438	-0.00513896  0.19007260  0.85487241 -0.98692691  0.09708638  0.03334063  0.02658921  0.24453429  0.55488598 -0.24819077 -0.39712528 -0.21293647	-0.01157030  0.17861041  0.83296442 -0.93959929  0.09438774  0.00300175  0.00134674  0.22349734  0.54185891 -0.22622190 -0.38917904 -0.20897571	 0.26379052 -0.14688810  3.98058227	0.02461053 0.01878180 0.01448105	0.02305759 0.01974298 0.01430471	 0.00217526 -0.00396972 -0.99998975	0.35000000	0.00000000	0.00000000	0.32794523	-0.21738528	0.37741733	0.70511228	-0.61279929	0.31936875	-0.51699990	-0.17350623	-0.44824135	-0.11235643	0.23759180	0.23382407	0.68870676	0.61608481	0.11517100	-0.42841685	0.70948637	0.05637205	0.54589999	2.60028291	0.11977607	-0.59109175	0.51316583	0.39516419	
0.00801100	 -31.91534551   65.07483052 -756.64002080   47.07202555   58.30054274    1.43640518	  59.96210055  -59.46042477 -249.05731305   14.84367171   26.16765358   -3.46940944	-16.31467235  88.81205058   2.33790177 -47.00306921  95.92191893  49.39280409 -18.10626476 -16.85630393  -8.33907620 -25.62017818  20.41346388 -18.83667724	 0.01094260  0.03540967 -0.12372821  0.72557395 -0.60297667  0.02231211  0.01477779 -0.03860834 -0.48851480  0.85838963 -0.37039420  0.07160724	-0.01489198  0.20175329  0.83951001 -0.95801721  0.10159168  0.00015660 -0.02131491  0.24642383  0.54567129 -0.24670132 -0.36668372 -0.26540315	-0.01852025  0.17885154  0.81498747 -0.92291348  0.10125852 -0.00216379 -0.01235892  0.22964214  0.54057723 -0.24473627 -0.36478749 -0.24375309	 0.25922899 -0.14813937  3.97870567	0.02348782 0.02207547 0.02361895	0.02409906 0.02100626 0.02033920	 0.00233728 -0.00416689 -0.99998859	0.35000000	0.00000000	0.00000000	0.30794913	-0.22708686	0.38740170	0.67278016	-0.62943012	0.31918874	-0.51522809	-0.17815238	-0.47306705	-0.10902158	0.22238007	0.24353915	0.68820745	0.62138140	0.10976555	-0.41104895	0.69879657	0.07424860	0.55025220	2.57567549	0.13696299	-0.58357048	0.51855052	0.40699509	
0.00806700	 -27.22143266   63.83661759 -755.11018725   46.71698449   64.53610824    3.15714626	  58.04561798  -58.79468056 -258.34865497   15.56374360   23.98375837   -1.69187654	-13.72893643  86.11448550   7.28282342 -46.16146681 102.21932960  49.65479714 -14.61729757 -17.23086357  -6.48609746 -28.70409422  17.26983972 -17.59853399	 0.01075522  0.03683652 -0.11735023  0.71829428 -0.60213765  0.02232258  0.01459785 -0.03670361 -0.48426750  0.85642202 -0.37306856  0.06945936	 0.00350217  0.18942161  0.77134876 -0.84897162  0.11988549  0.00076240 -0.02448154  0.20561144  0.50936483 -0.20202235 -0.30340548 -0.27401868	-0.02126625  0.17742905  0.78921874 -0.89949193  0.10752015  0.00027673 -0.02065995  0.23438051  0.52252158 -0.24113418 -0.32916584 -0.26944444	 0.25531245 -0.14824488  3.97738600	0.02371341 0.02103633 0.02458155	0.02358870 0.02141171 0.02441967	 0.00251068 -0.00435482 -0.99998737	0.35000000	0.00000000	0.00000000	0.31856412	-0.21288444	0.39838511	0.66084957	-0.62675726	0.33677602	-0.52792037	-0.17312217	-0.47658890	-0.09329300	0.22942173	0.25331628	0.68903059	0.61520225	0.14010249	-0.40976924	0.72307020	0.06800214	0.56808370	2.56556082	0.10580221	-0.57886815	0.53313375	0.38940391	
0.00840500	 -32.87585214   64.14317652 -772.51769165   47.84811238   64.25468340    0.89659007	  57.50219379  -54.12160168 -243.74641808   14.72067769   20.87111767   -2.05942829	-16.59442612  86.65320754   9.86803305 -49.19884320 102.38645929  47.26809180 -14.86014953 -11.77214062  -7.35559543 -32.14486735  12.59872484 -19.08922116	 0.01052262  0.03837375 -0.11055123  0.71051001 -0.60116769  0.02231844  0.01438052 -0.03458897 -0.47974494  0.85423957 -0.37569211  0.06685305	-0.01940183  0.20276007  0.88036414 -0.98156382  0.11642221 -0.01247991 -0.01836983  0.27884458  0.56698055 -0.28927727 -0.33837197 -0.36097649	-0.02779467  0.18437203  0.81217604 -0.92717917  0.11799993 -0.00104175 -0.02570782  0.25365410  0.54079622 -0.26155637 -0.31085720 -0.31831638	 0.25285601 -0.14998287  3.97642145	0.02062105 0.01713035 0.02927810	0.02163571 0.01840088 0.02772325	 0.00267219 -0.00454471 -0.99998610	0.35000000	0.00000000	0.00000000	0.27569500	-0.22867511	0.40539932	0.64795887	-0.63672066	0.31126007	-0.52104658	-0.17175502	-0.51115465	-0.10136978	0.20953669	0.24171293	0.68425059	0.59985030	0.13631815	-0.39776462	0.72602129	0.08289032	0.55461329	2.56110859	0.17666845	-0.57632351	0.53779161	0.42346662	
0.00805900	 -16.73330157   65.49185925 -736.26371500   45.14271221   73.93154368    5.26795239	  62.01506031  -53.55295905 -269.14381978   16.29783341   25.48836324   -2.92850654	-12.41232985  85.07184029   3.52603595 -33.26476023 108.77841425  46.87884724 -16.03723340 -19.55828887 -11.08564059 -26.86060173  17.44632460 -13.01070584	 0.01029161  0.03984281 -0.10425016  0.70322184 -0.60021388  0.02231671  0.01412724 -0.03252374 -0.47555528  0.85213854 -0.37800930  0.06425472	-0.03092081  0.15183376  0.72810861 -0.81895971  0.10409419 -0.00929947 -0.01811402  0.25514372  0.46951567 -0.23309901 -0.28342815 -0.26504657	-0.02786415  0.18101071  0.78012880 -0.90084053  0.11943137 -0.00155127 -0.02950715  0.25496162  0.51714098 -0.25833232 -0.28715537 -0.31438184	 0.24607473 -0.15034056  3.97482167	0.02009697 0.02443019 0.03201476	0.02026331 0.02179957 0.03114457	 0.00283294 -0.00470710 -0.99998491	0.35000000	0.00000000	0.00000000	0.28480682	-0.22168629	0.41224241	0.60967642	-0.64294642	0.33995387	-0.53443784	-0.17834741	-0.51383394	-0.07617650	0.19951943	0.26268640	0.68074030	0.61592460	0.15557751	-0.39313579	0.71456611	0.07234738	0.58595222	2.50552511	0.12354790	-0.56362057	0.54036653	0.38430882	
0.00849100	 -25.49351056   69.81986425 -773.28337080   47.58613849   72.76428816    5.73238915	  51.90199049  -62.31672760 -247.18901177   15.02062531   17.63794353   -1.52795633	-12.08512985  89.20942688  13.32556772 -47.30565229 110.51312006  43.45017558 -13.72069813 -16.10389870  -1.36680310 -35.63580184   9.05804609 -21.88744947	 0.01003257  0.04143421 -0.09760177  0.69547377 -0.59913819  0.02232989  0.01385252 -0.03029973 -0.47113901  0.84986057 -0.38035111  0.06135931	-0.00892440  0.17838118  0.76939335 -0.85015736  0.11515650  0.02399329 -0.05298771  0.26817166  0.49659543 -0.28100530 -0.22793705 -0.36775889	-0.02739868  0.18640758  0.78802922 -0.91424677  0.12591829  0.00187772 -0.03277527  0.26692248  0.52371687 -0.27611724 -0.27076243 -0.35690698	 0.24477698 -0.15129877  3.97407354	0.01884124 0.01473871 0.02888536	0.01921039 0.01812144 0.02995036	 0.00300609 -0.00487308 -0.99998361	0.35000000	0.00000000	0.00000000	0.27069744	-0.19861920	0.42646620	0.60837764	-0.62348419	0.34662321	-0.48840380	-0.16697821	-0.52006805	-0.08835571	0.21045445	0.23144192	0.68394458	0.58419144	0.15122290	-0.39305985	0.75264102	0.07721881	0.58224773	2.50722861	0.14862157	-0.55860698	0.55291915	0.40434089	
0.00850400	 -14.28432392   68.45299004 -736.41209549   45.06135049   76.51920316    5.76665894	  51.53743788  -57.75927735 -275.54710667   17.05628229   16.96959872   -0.16072412	-12.76170044  85.33448768   4.62708296 -34.62875049 110.43616802  42.33338803 -12.98791205 -21.42728084  -8.15928252 -32.79675834   8.63366611 -13.60617507	 0.00978493  0.04304338 -0.09085840  0.68757409 -0.59797973  0.02232952  0.01362407 -0.02798678 -0.46659282  0.84738711 -0.38262965  0.05813383	-0.04939627  0.19094773  0.75183325 -0.88400104  0.13232000  0.01389661 -0.00912669  0.25041089  0.51563308 -0.28769310 -0.25585371 -0.34842719	-0.02990992  0.18901859  0.79106326 -0.92549103  0.13501633  0.00142606 -0.02560496  0.27102282  0.52989123 -0.29063934 -0.26693977 -0.37172062	 0.24005954 -0.15121630  3.97290792	0.01961697 0.01685699 0.02804495	0.01938409 0.01594110 0.02824307	 0.00313225 -0.00503688 -0.99998241	0.35000000	0.00000000	0.00000000	0.24425757	-0.22607456	0.43691090	0.57848579	-0.64177686	0.32381076	-0.51345372	-0.16891077	-0.55594641	-0.06733648	0.17959803	0.24693975	0.66733128	0.60865438	0.15890856	-0.38122043	0.73305285	0.08465507	0.57869476	2.46565390	0.17781803	-0.55775923	0.55772078	0.38813436	
0.00847200	 -11.59693894   67.59234368 -721.62690760   43.99053274   79.42760816    9.31808567	  47.70912964  -60.66372107 -277.61709810   17.21404214   14.45493257   -2.76389694	 -8.88338994  83.75675726   7.41882564 -29.48403707 111.97668421  40.07241046 -15.58063708 -17.21190846  -5.30975460 -35.75575329   7.16208487 -17.23820078	 0.00956785  0.04466765 -0.08425415  0.67979644 -0.59681203  0.02232155  0.01337648 -0.02567244 -0.46213041  0.84493635 -0.38483875  0.05492165	-0.01739765  0.20834519  0.71563006 -0.85263811  0.12921403 -0.00569713 -0.03658448  0.26772538  0.50358311 -0.27699416 -0.22268627 -0.37018686	-0.02567037  0.19390155  0.77416379 -0.91297985  0.13709182 -0.00126999 -0.02785784  0.27590612  0.52464368 -0.28907949 -0.25839236 -0.38445619	 0.23577158 -0.15187020  3.97047784	0.01724468 0.01611144 0.02664069	0.01805366 0.01644383 0.02709364	 0.00327348 -0.00519547 -0.99998115	0.35000000	0.00000000	0.00000000	0.24540129	-0.22091679	0.43923599	0.57484710	-0.64533067	0.34602121	-0.49544954	-0.15985060	-0.57079422	-0.05976049	0.18626736	0.24680355	0.66885376	0.60082030	0.17067343	-0.36961469	0.73964703	0.07961813	0.58466858	2.44870448	0.19721764	-0.54993516	0.57021165	0.40055487	
0.00852700	  -5.65287828   65.08088606 -696.85529522   42.25956785   82.27383082    8.21937995	  42.64104650  -63.26983911 -301.11200164   18.95420698   10.28187530   -1.11331112	-10.79409662  79.74668121   7.65761260 -24.77462678 113.23485768  39.79944950 -14.10358266 -21.22485733  -5.01293647 -38.68734640   3.20243315 -14.54637901	 0.00933828  0.04629697 -0.07772341  0.67213503 -0.59567226  0.02232164  0.01313637 -0.02330554 -0.45766100  0.84242137 -0.38703751  0.05149226	-0.03250047  0.20319953  0.70355711 -0.83526811  0.11361971  0.00567701 -0.04235778  0.25775389  0.49473873 -0.27181729 -0.27067170 -0.40214598	-0.02803559  0.19215114  0.75935971 -0.89199049  0.13294748 -0.00105022 -0.02984200  0.27625441  0.52102800 -0.29068048 -0.25805560 -0.40189029	 0.23163877 -0.15151386  3.96769834	0.01830918 0.01400008 0.02842626	0.01795740 0.01466787 0.02780147	 0.00340012 -0.00534604 -0.99997993	0.35000000	0.00000000	0.00000000	0.23861083	-0.23596035	0.44598049	0.55140650	-0.64286572	0.34254679	-0.49851382	-0.14962965	-0.60572940	-0.04002826	0.17587085	0.23990938	0.65251416	0.61550289	0.17605738	-0.36526558	0.74738795	0.08281907	0.57926697	2.41771841	0.21026161	-0.54635090	0.57955909	0.38802177	
0.00845800	  -0.11094351   66.32136835 -686.94133934   41.45989774   86.43075532   10.46660607	  41.97582192  -63.17950518 -314.05832818   19.83114388    9.51689580   -0.95857122	 -8.33042431  80.21003222   6.93226986 -20.99241790 116.58139479  36.32149398 -13.57144352 -18.85419965  -5.95812660 -41.36566080   4.54180745 -14.22738820	 0.00911708  0.04793081 -0.07131212  0.66463963 -0.59454466  0.02232333  0.01291473 -0.02091018 -0.45323710  0.83989200 -0.38918205  0.04800435	 0.00268691  0.18737592  0.81805497 -0.92862104  0.10586882  0.00322049 -0.00094408  0.31336329  0.53118067 -0.34299749 -0.27158437 -0.47447686	-0.02500900  0.19454519  0.76053794 -0.88644898  0.13108692 -0.00036495 -0.02491019  0.28484351  0.52286757 -0.30057216 -0.25395442 -0.41848685	 0.22655310 -0.15161364  3.96538347	0.01523851 0.01456435 0.02607176	0.01630372 0.01434249 0.02687854	 0.00351898 -0.00549110 -0.99997873	0.35000000	0.00000000	0.00000000	0.19810516	-0.25229093	0.43952113	0.54795969	-0.66539150	0.32661545	-0.52135581	-0.15533212	-0.63530672	-0.03247257	0.15234108	0.25618207	0.64572346	0.59317118	0.16999884	-0.33920255	0.76207441	0.11742214	0.58518970	2.40685725	0.26910818	-0.53650147	0.57902718	0.39367211	
0.00801800	  16.28053043   68.07212764 -660.40879305   39.34854930   96.89780251   11.39032753	  39.31202930  -62.25208488 -337.34470757   21.40109575   10.75295445   -3.27343161	-10.22265031  79.97194386   1.67868514  -7.80924400 124.47405016  33.29941913 -17.90364292 -23.65503538  -5.73043239 -36.76310179   6.13374699  -9.18872119	 0.00886387  0.04951513 -0.06551808  0.65782153 -0.59346764  0.02232788  0.01266505 -0.01862366 -0.44920282  0.83757308 -0.39115781  0.04478940	-0.06293731  0.20414740  0.71047692 -0.83360106  0.12185889  0.00675231 -0.00690151  0.29965036  0.50357495 -0.28095532 -0.25636539 -0.39238184	-0.03431847  0.19896222  0.72223161 -0.84790400  0.13463490  0.00032282 -0.03136011  0.28722111  0.50168372 -0.28710614 -0.24865621 -0.39584446	 0.21886947 -0.15265568  3.96295046	0.01143277 0.02046478 0.03815166	0.01273538 0.01829505 0.03359320	 0.00365510 -0.00559814 -0.99997765	0.35000000	0.00000000	0.00000000	0.18282486	-0.26920426	0.46584752	0.50790107	-0.67298585	0.34940571	-0.51762599	-0.16644591	-0.65368921	-0.00090806	0.13802995	0.25100338	0.64181006	0.61238801	0.17308719	-0.33855739	0.74357617	0.10009219	0.61786222	2.34002805	0.26349884	-0.51731920	0.58776689	0.39371911	
0.00801900	  13.49594789   67.06469098 -645.58039525   38.45110977   96.27379963   13.03517027	  34.42122012  -72.48159361 -346.84576837   22.14096551    4.70697281   -1.35085231	 -2.68355757  76.03468752   9.41620406  -6.60349102 122.69426215  31.13921821 -13.97797984 -23.61340535  -2.75565722 -46.07900287   0.47800091 -14.66482206	 0.00862943  0.05111910 -0.06000001  0.65135383 -0.59241614  0.02233476  0.01235310 -0.01637338 -0.44530617  0.83535353 -0.39310654  0.04171956	-0.03313901  0.20527862  0.69580320 -0.79294856  0.12320386  0.01321264 -0.04039290  0.28833367  0.48344908 -0.30173568 -0.24505348 -0.43204087	-0.02554434  0.19914122  0.68709228 -0.80108209  0.13102118  0.00254808 -0.03691421  0.28330361  0.48761036 -0.27935851 -0.24359420 -0.39120406	 0.21348557 -0.15167532  3.95966369	0.01116600 0.01772291 0.03670410	0.01122894 0.01880403 0.03723356	 0.00381067 -0.00568794 -0.99997656	0.35000000	0.00000000	0.00000000	0.19004485	-0.25221670	0.48342410	0.49309328	-0.66856188	0.37318614	-0.50194782	-0.13950574	-0.67459279	0.00165769	0.15310661	0.23441544	0.62803125	0.61769974	0.18662064	-0.33616647	0.76476264	0.09460499	0.60432011	2.31839848	0.28480443	-0.50759774	0.61230028	0.38555774	
0.00850900	  13.72210129   65.02442911 -631.30153006   37.51868549   96.13298537   11.01316765	  30.34331233  -71.95803307 -359.77395364   23.14772826    1.75986438   -0.62669140	 -5.93465443  73.68987489   6.50063207  -1.03548674 121.85801160  27.95847228 -14.05260466 -24.40459025  -4.00863378 -46.21810074  -1.70491096 -12.29080378	 0.00852208  0.05280552 -0.05440178  0.64492140 -0.59133212  0.02232260  0.01202399 -0.01396159 -0.44123395  0.83303870 -0.39516189  0.03827606	-0.01964352  0.17853407  0.60464170 -0.69584338  0.12336221 -0.00013296 -0.02016039  0.26743144  0.43242106 -0.25915448 -0.23764701 -0.39125393	-0.01141673  0.19691306  0.65089789 -0.74506927  0.12513865 -0.00145399 -0.03801177  0.28180400  0.47556086 -0.27132218 -0.24196311 -0.40499895	 0.20779725 -0.15062319  3.95580985	0.01178417 0.01522842 0.04145268	0.01160393 0.01599479 0.03976981	 0.00394755 -0.00578677 -0.99997546	0.35000000	0.00000000	0.00000000	0.18203506	-0.23206280	0.48795667	0.47997770	-0.67635614	0.40960482	-0.51823843	-0.13561556	-0.67126822	0.03971523	0.14684567	0.22781721	0.60103106	0.62100691	0.21657746	-0.31761321	0.78846049	0.07635898	0.61230743	2.22340369	0.30851474	-0.48141113	0.62295949	0.34293082	
0.00849400	  14.65776593   64.28875998 -622.69391797   36.94943789   94.89501004   10.81187700	  18.46263142  -78.18086173 -360.77054690   23.52005078   -7.86325265   -0.27598676	 -4.84613574  72.53283525   8.77125824  -4.58658645 119.50808644  23.80528778 -13.75888386 -22.29216182  -0.09651518 -53.87837975  -9.98361088 -16.57871746	 0.00847304  0.05447956 -0.04905458  0.63896754 -0.59030184  0.02233454  0.01163114 -0.01148607 -0.43714472  0.83075375 -0.39725224  0.03448329	-0.01117078  0.19231889  0.56823500 -0.60744919  0.08348682  0.01681431 -0.04844396  0.27768008  0.43389559 -0.25147398 -0.23523680 -0.44076613	-0.00633151  0.19740242  0.62387493 -0.68858827  0.11578587  0.00299485 -0.04749840  0.29126341  0.47904144 -0.26955997 -0.24543495 -0.45856069	 0.20498388 -0.15030125  3.95128360	0.01127130 0.00650450 0.05017804	0.01145400 0.00936273 0.04738980	 0.00403917 -0.00588679 -0.99997452	0.35000000	0.00000000	0.00000000	-0.00350151	-0.13601729	0.46815220	0.39061290	-0.65306634	0.53617752	-0.56062388	-0.09450113	-0.70648438	0.13579813	0.18760556	0.14453208	0.50091660	0.50057817	0.26870540	-0.30923918	0.86610365	-0.00314689	0.59326357	1.91276085	0.42926899	-0.40875170	0.64269400	0.31897029	
0.00801400	   4.30457473   36.10259653 -566.62470335   33.52595101   87.02204317    5.71990900	   4.57602788  -93.76297971 -424.10747846   28.13591534  -21.85840154    5.64480027	  0.89408025  57.86120903  -0.55544345  20.22683701 116.43131483   7.50493856  -7.71585560 -28.97945637   1.99071047 -71.20448357 -20.45243941 -16.34898376	 0.00845774  0.05605833 -0.04438478  0.63409354 -0.58926610  0.02194610  0.01118890 -0.00908592 -0.43311084  0.82844162 -0.39925042  0.03017364	-0.02140595  0.20228673  0.51140948 -0.50338208  0.15919823 -0.08710701 -0.06218467  0.27281874  0.48846232 -0.29951029 -0.23033045 -0.54022179	-0.00460640  0.19789956  0.56676521 -0.58086139  0.13502700 -0.06551859 -0.05777182  0.29716994  0.50662854 -0.29293276 -0.25076960 -0.55226564	 0.20344930 -0.14608407  3.94673954	 0.02337396 -0.00466381  0.06124816	 0.01926159 -0.00086169  0.05752418	 0.00404292 -0.00602438 -0.99997368	0.35000000	0.00000000	0.00000000	-0.49646699	0.03238794	0.46644661	0.15330383	-0.61475050	0.71592575	-0.70753807	-0.00817974	-0.85577387	0.41757467	0.24703854	-0.00644178	0.26631305	0.28423700	0.34992436	-0.29911974	0.98006129	-0.12007429	0.51278192	1.34731591	0.67822909	-0.25800136	0.71290195	0.32383221	
0.00844600	 -11.17951748  -19.18129561 -314.29119723   18.46475915   49.47704482   -3.55073958	 -19.34185150 -138.79102881 -611.76060181   41.08253103  -46.68649016   20.09984630	  11.43143572   28.51218677  -14.92514014   85.50449386   75.54100800  -25.33995420    7.99186733  -39.96080446    7.19800977 -108.31599322  -36.44418454  -18.28944184	 0.00868596  0.05782168 -0.04065387  0.63122701 -0.58788288  0.01968298  0.01070858 -0.00650896 -0.42853034  0.82570559 -0.40139670  0.02411368	 0.05130585  0.21210469  0.35563300 -0.13788777  0.21602767 -0.46321915 -0.03663462  0.33189989  0.57095392 -0.34981388 -0.25495748 -0.88239356	 0.03660705  0.21208911  0.40136551 -0.26824065  0.17453732 -0.33020425 -0.05310724  0.30700972  0.54921126 -0.33135914 -0.25580717 -0.76291538	 0.20341842 -0.13216961  3.93464331	 0.04900177 -0.02215386  0.05567095	 0.04097815 -0.01639909  0.05761116	 0.00392547 -0.00633650 -0.99997222	0.35000000	0.00000000	0.00000000	-0.79491770	0.07300136	0.57533711	-0.01940217	-0.62543225	0.79795259	-0.68240821	0.08108672	-1.00771940	0.60010725	0.33070505	-0.09933545	0.01769720	0.30144966	0.47327989	-0.21419615	1.01641726	-0.18746135	0.36084962	1.05675888	0.92687553	-0.18038332	0.74453521	0.33139962	
0.00852200	-19.68988241 -20.64567097 -40.50052776   2.64551098   8.42881324  -4.44262730	 -22.38526722 -162.67906938 -890.77750370   59.77969420  -53.05414989   27.84242509	   2.41920271   15.89187318  -28.03223409  114.07645372   16.22049402  -30.66115683   13.96202673  -57.24861288    7.23773918 -136.53343868  -32.31812677    5.14044917	 0.00923597  0.05976165 -0.03889631  0.63232815 -0.58636619  0.01504960  0.01027903 -0.00396790 -0.42359341  0.82279235 -0.40355207  0.01647467	 0.05139106  0.22147714  0.07465490  0.38472208  0.17862135 -0.58357351 -0.07240749  0.27347099  0.59279491 -0.31798426 -0.24405411 -0.89224975	 0.06123379  0.22617607  0.16513407  0.21799189  0.17212167 -0.56610099 -0.05039566  0.29538392  0.58589054 -0.33895916 -0.25255727 -0.90463689	 0.20579172 -0.11388992  3.92000728	 0.05699075 -0.05352111  0.04511531	 0.05493821 -0.04325449  0.04848463	 0.00360310 -0.00680107 -0.99997038	0.35000000	0.00000000	0.00000000	-0.92923081	0.05371096	0.63315165	-0.12403068	-0.66664374	0.84372818	-0.60968065	0.19993317	-1.05063057	0.67419422	0.28046128	-0.19115621	-0.15975389	0.39257768	0.62682211	-0.22440556	0.94158113	-0.20323548	0.28668356	0.85805023	0.96846592	-0.12133119	0.66152751	0.21333069	
0.00801600	  0.02602450 -13.67123851  -1.04587662   0.51432113   1.92631870  -1.30209017	 -31.60693155 -172.86892118 -917.54341237   61.95030910  -62.52488588   29.47023044	   7.21781282   17.78310966  -37.81940532   95.02581623  -20.93067871  -36.87427518   21.09787457  -54.45810103   -0.20310778 -141.79835764  -39.30994508    0.71987996	 0.00974693  0.06162953 -0.03910026  0.63727654 -0.58550653  0.00891891  0.01004159 -0.00156476 -0.41884595  0.82013798 -0.40553475  0.00844142	 0.04380046  0.22514079 -0.14757623  0.74880521  0.03755568 -0.83564577 -0.00749350  0.25507464  0.54313997 -0.29197827 -0.22663895 -0.97651175	 0.06451034  0.23326958 -0.05655002  0.67381081  0.08948648 -0.80541725 -0.02775301  0.29861614  0.58825191 -0.32636822 -0.24426212 -1.02151771	 0.20643979 -0.09652794  3.90750794	 0.05670846 -0.06615911  0.02268519	 0.05686621 -0.06224700  0.02930030	 0.00310981 -0.00725921 -0.99996882	0.35000000	0.00000000	0.00000000	-0.97146475	0.15626471	0.61308014	-0.16972901	-0.67631316	0.83600211	-0.53362465	0.23412797	-1.01786804	0.59770358	0.26476294	-0.20152631	-0.23343281	0.41002974	0.72548342	-0.14212978	0.91124398	-0.21351603	0.23501335	0.77128625	1.01703525	-0.14007805	0.62518013	0.12717974	
0.00847800	 4.32917805 -2.20814723  8.00705920 -0.05516618  0.41445807 -0.03436969	 -41.00169796 -174.55741401 -938.29883370   63.74048604  -69.55619769   26.26345905	   7.86865748   20.43598521  -41.42606598   84.27911484  -24.19625773  -25.96127370   14.75289899  -56.20207155   -0.34876178 -146.58682978  -44.39554802    4.21033439	 0.01040119  0.06366695 -0.04112934  0.64620221 -0.58553514  0.00059559  0.00993731  0.00113312 -0.41382890  0.81746855 -0.40756998 -0.00141658	 0.08806379  0.23495776 -0.33282102  1.18738177 -0.05675045 -0.96396246 -0.01374525  0.30167824  0.54249004 -0.27021180 -0.20517697 -1.16632414	 0.07747492  0.23964662 -0.27311300  1.11166906 -0.02224567 -0.98641507 -0.01156363  0.31667866  0.58703244 -0.30858571 -0.23674499 -1.17968039	 0.20707538 -0.07987590  3.89663976	 0.05130278 -0.07294838  0.01127459	 0.05301506 -0.07085396  0.01438403	 0.00251403 -0.00771908 -0.99996705	0.35000000	0.00000000	0.00000000	-0.99320686	0.15425299	0.59266233	-0.16412047	-0.70490658	0.83970338	-0.49472630	0.25675464	-1.04100096	0.48544249	0.25967190	-0.18333861	-0.26747942	0.41291949	0.77355283	-0.12833887	0.91382611	-0.23809800	0.25925890	0.68516588	1.00885737	-0.16603890	0.58032513	0.08146875	
0.00851700	 8.05482105  0.70779812  9.57558425 -0.11708961  0.31652162 -0.00121436	  -48.35114279   -64.95723652 -1137.34059763    31.31405139   -71.68372143    22.73688915	   6.93515996   25.42934167  -37.66001937   69.31345880  -31.57567289  -20.89378500   18.54569475  -61.28537750   -6.93718821 -149.12380266  -42.27406079   18.73676759	 0.01106828  0.06604613 -0.04483123  0.65830296 -0.58681232 -0.00812545  0.00989029  0.00380550 -0.40912277  0.81542107 -0.40963557 -0.00965790	 0.06452681  0.32399087 -0.49102769  1.52206186 -0.24029487 -0.97993590 -0.02109524  0.28335656  0.51175660 -0.14866514 -0.23750344 -0.69341057	 0.07601801  0.29488738 -0.45813815  1.46712142 -0.17990754 -1.01638830 -0.00530143  0.30583163  0.54142639 -0.21293623 -0.24502583 -0.86434206	 0.20842831 -0.07355474  3.90157050	-0.02258100 -0.08506096  0.00510389	-0.00027230 -0.08182339  0.00682729	 0.00183424 -0.00783470 -0.99996763	0.35000000	0.00000000	0.00000000	-1.01954424	0.14953823	0.60369879	-0.20525500	-0.72365928	0.87864262	-0.47478068	0.28328374	-1.03078818	0.44354808	0.23960778	-0.20039400	-0.29194701	0.41213822	0.86969060	-0.12856632	0.80674630	-0.32285964	0.31696466	0.56798953	0.94680154	-0.12807219	0.51876962	0.05341978	
0.00801500	10.64480502 -1.30073143  8.83481068 -0.02515576  0.34345825  0.06507063	  -40.77732368   -68.67379794 -1132.63099919    11.13104210   -72.26038564    17.05679627	  11.44603541    7.58136097  -42.90523186   57.80628395  -29.15386364  -19.77731778   21.17100580  -74.48937058  -12.68370420 -148.79901129  -43.25852555  -13.83131900	 0.01171519  0.06857306 -0.04968247  0.67196507 -0.58927268 -0.01605954  0.00987175  0.00591997 -0.40524568  0.81445249 -0.41185887 -0.01376709	 0.07055985  0.25546980 -0.62660791  1.67858179 -0.35771298 -0.90446278 -0.01862490  0.18690359  0.39556958 -0.06631989 -0.28408992 -0.32097610	 0.08067393  0.30630847 -0.62295484  1.72236732 -0.32554132 -0.97593139 -0.00340254  0.24879464  0.46895316 -0.10657306 -0.27955998 -0.47200279	 0.20652859 -0.06484167  3.90759977	-0.03083282 -0.07987969  0.00234115	-0.02921944 -0.08197905  0.00317001	 0.00116648 -0.00758769 -0.99997053	0.35000000	0.00000000	0.00000000	-0.98132050	0.25417012	0.59887236	-0.38482657	-0.66056710	0.93711621	-0.45011899	0.33594003	-1.03972685	0.45126700	0.21382813	-0.15899387	-0.28676134	0.40231901	0.78011274	-0.08434172	0.84079987	-0.35514903	0.32864860	0.47685361	0.89718920	-0.13435574	0.51385593	0.03340085	
0.00848500	 9.27119334  1.41501119  9.04781186 -0.12123318  0.33180371  0.03969992	  -40.02016561   -68.75726905 -1094.47159080   -14.49926629   -75.96129650    16.34423797	  10.32267854   20.80780339  -41.29226330   62.23286909  -25.96291606  -20.20064102   23.30739252  -80.39006948  -12.30641371 -158.29695833  -45.61043555  -48.04265285	 0.01256958  0.07120985 -0.05631262  0.68863660 -0.59305151 -0.02408642  0.00986411  0.00777886 -0.40156302  0.81403348 -0.41438453 -0.01635849	 0.09239860  0.29342215 -0.91442112  2.09503477 -0.50902635 -0.92064703 -0.00187356  0.19466370  0.43025704 -0.04958648 -0.30936143 -0.23225712	 0.10194485  0.30983016 -0.80982306  1.99840691 -0.46407721 -0.93574929 -0.00025458  0.21400378  0.42532261 -0.04441717 -0.29906511 -0.28923162	 0.20464833 -0.05997757  3.91133513	-0.04053946 -0.07171830  0.00107999	-0.03751748 -0.07430607  0.00143202	 0.00052377 -0.00728541 -0.99997332	0.35000000	0.00000000	0.00000000	-0.92368066	0.30501688	0.64375788	-0.46093813	-0.65748024	1.03804410	-0.33557880	0.36300153	-1.04516959	0.35283053	0.26984242	-0.12742591	-0.28984576	0.33967528	0.73527014	-0.06075557	0.87323475	-0.40952209	0.31709579	0.41601226	0.87026668	-0.13397892	0.48628408	0.07728618	
0.00845700	 7.98690072  4.93487770  8.39055121 -0.19158690  0.22707431 -0.08185349	  -19.36680217   -83.09852257 -1086.87752905   -19.85175196   -68.27537168    15.75746252	   5.71052069   14.16339725  -28.91047536   52.84420216  -26.87629066  -11.87374243   24.14699496  -97.19542313  -21.80702922 -156.97751814  -38.46424672  -55.23784441	 0.01348994  0.07373596 -0.06434163  0.70736970 -0.59795504 -0.03118766  0.00987496  0.00939130 -0.39816841  0.81386341 -0.41696717 -0.01822084	 0.11304659  0.26863788 -1.06045405  2.37949408 -0.66276097 -0.79226008  0.01970229  0.16216769  0.38604981 -0.03138106 -0.30223136 -0.19460272	 0.10661765  0.28886279 -0.97500707  2.24970890 -0.60236278 -0.80548494  0.00283338  0.18243168  0.39735341 -0.01905116 -0.30382609 -0.21069927	 0.20154158 -0.05055845  3.91527728	-0.02434910 -0.05822110 -0.00281789	-0.02944529 -0.06258641 -0.00157146	-0.00002786 -0.00700489 -0.99997547	0.35000000	0.00000000	0.00000000	-0.92107701	0.32449391	0.66589445	-0.53944981	-0.65518367	1.08340251	-0.33883789	0.45428467	-1.02491903	0.30297863	0.30849597	-0.08081304	-0.30254680	0.32413030	0.69359201	-0.09650037	0.88711077	-0.43257740	0.32748619	0.34403166	0.79524541	-0.12643433	0.44387740	0.04558948	
0.00803700	 6.67972464  6.28742336  6.08822900 -0.24832959  0.18495408 -0.11463423	  -18.56661517   -79.86042626 -1050.39231143   -23.18446831   -66.44013987    14.89999369	   2.75975444   24.33726037  -24.50704759   45.19392700  -19.36740473  -14.50520235   23.13412638  -91.67323184  -20.78550716 -160.91027570  -38.05880785  -59.16133851	 0.01421121  0.07589575 -0.07289739  0.72635295 -0.60345001 -0.03635731  0.00988415  0.01063563 -0.39520474  0.81379369 -0.41938660 -0.01955727	 0.06514765  0.26641406 -1.12049684  2.40764814 -0.72410583 -0.58478943  0.00230199  0.13702482  0.35941503 -0.03668110 -0.30740484 -0.15811442	 0.08586216  0.26878883 -1.08100977  2.38088174 -0.69393837 -0.62734418  0.00074437  0.15426329  0.36670050 -0.00953047 -0.30023469 -0.16430095	 0.19929633 -0.04477167  3.91635025	-0.02340339 -0.04753974 -0.00213505	-0.02341127 -0.05103874 -0.00242641	-0.00044676 -0.00682237 -0.99997663	0.35000000	0.00000000	0.00000000	-0.93146497	0.37224144	0.69220972	-0.60766923	-0.62496692	1.10053074	-0.31511840	0.47140872	-1.04438937	0.27948642	0.27450383	-0.11682067	-0.27953094	0.31167001	0.69250655	-0.10643958	0.87125260	-0.43710616	0.36800045	0.28746992	0.75162208	-0.09425319	0.43351918	0.05448136	
0.00800100	 6.18521081  1.83748322  4.93153242 -0.13242208  0.18195260 -0.01166852	  -19.50369733   -76.37495847 -1037.90719984   -27.62803223   -66.41550807    15.62729667	   7.87758552   22.00805640  -22.81692164   41.34947291  -13.88888888  -22.39002910   25.34607824  -92.80529761  -21.21948606 -157.21643919  -38.00122449  -63.73864770	 0.01484801  0.07801220 -0.08222470  0.74633106 -0.60941065 -0.04089826  0.00993343  0.01179641 -0.39240338  0.81377549 -0.42175787 -0.02071498	 0.09944556  0.26882274 -1.23250540  2.63463060 -0.80589877 -0.60091044  0.00366620  0.14026242  0.31883599 -0.01878964 -0.28528987 -0.12794153	 0.08150560  0.26537474 -1.18212758  2.51806417 -0.75204196 -0.57644656  0.00633044  0.14316935  0.34540213 -0.00306987 -0.29445042 -0.14176592	 0.19729009 -0.03813524  3.91640339	-0.02219388 -0.03744949 -0.01153002	-0.02262566 -0.04079926 -0.00827219	-0.00078366 -0.00663924 -0.99997765	0.35000000	0.00000000	0.00000000	-0.92348528	0.40476930	0.73041826	-0.62697983	-0.62263370	1.12211359	-0.29641354	0.46991587	-1.00996292	0.26449758	0.33521438	-0.08769590	-0.27691042	0.29289645	0.69587034	-0.08129770	0.87327778	-0.47442579	0.39165521	0.24860159	0.73249620	-0.10109626	0.41893399	0.05642511	
0.00849800	 6.45411484  4.13737119  2.77355071 -0.18819156  0.14952331 -0.08187136	  -22.88963072   -76.05623533 -1024.82775812   -28.12810835   -65.76156555    15.22446119	   3.14249942   22.72493505  -18.43423129   29.17733704  -11.29927922  -17.98827821   24.46768717  -93.35346437  -18.12031700 -159.97353983  -37.61823410  -63.64903933	 0.01551153  0.08024204 -0.09279787  0.76825295 -0.61597776 -0.04553815  0.01005408  0.01291088 -0.38953503  0.81376488 -0.42426923 -0.02182706	 0.05245098  0.22975011 -1.19074558  2.43769039 -0.76907827 -0.50125196 -0.00354241  0.13087027  0.34634322  0.02100910 -0.29499643 -0.11905537	 0.07457645  0.26036274 -1.25084786  2.58040192 -0.77682273 -0.53297385  0.01186012  0.13142683  0.33620875 -0.00005028 -0.29523400 -0.12754887	 0.19660070 -0.03151415  3.91574707	-0.02112188 -0.03149996 -0.01686773	-0.02144193 -0.03319269 -0.01543948	-0.00107079 -0.00645574 -0.99997859	0.35000000	0.00000000	0.00000000	-0.95476180	0.42931873	0.73610365	-0.68533319	-0.56431657	1.10106432	-0.31761777	0.50330591	-1.05305457	0.26912326	0.28840247	-0.13724652	-0.27168018	0.28999889	0.68069404	-0.10733652	0.87406349	-0.44906956	0.42742261	0.21580033	0.71850610	-0.08312319	0.40058380	0.06268819	
0.00802100	 6.16057964  2.14891872  4.11362859 -0.15065855  0.18814848  0.01333663	  -19.88380355   -74.69628062 -1026.19710776   -30.44512260   -61.64520482    15.22003283	   9.25881584   27.95503163  -24.58632907   39.33925031   -9.88089073  -24.04957238   25.18987671  -93.85158658  -19.32669071 -156.95006031  -32.49653694  -66.09751028	 0.01610209  0.08236644 -0.10330534  0.78941535 -0.62223038 -0.04970548  0.01023067  0.01387741 -0.38696555  0.81376243 -0.42656723 -0.02276282	 0.10311097  0.27405645 -1.36948230  2.73257725 -0.79520249 -0.55251091  0.01607212  0.12352471  0.32692240  0.00950355 -0.25224488 -0.11080546	 0.07844652  0.26755761 -1.32710838  2.65874084 -0.78255318 -0.53195905  0.02176843  0.12112651  0.31902307  0.00089890 -0.28365411 -0.11670069	 0.19424002 -0.02602668  3.91488992	-0.02447231 -0.02170512 -0.02700001	-0.02327556 -0.02502525 -0.02355215	-0.00128258 -0.00627513 -0.99997949	0.35000000	0.00000000	0.00000000	-0.93837821	0.44146848	0.77132356	-0.68154675	-0.58402187	1.14089978	-0.27949575	0.48556393	-1.01999354	0.24974376	0.35096321	-0.09997726	-0.28780758	0.25182778	0.70395023	-0.08003635	0.86311299	-0.49074501	0.45147783	0.17532213	0.70266271	-0.09000675	0.36028683	0.07471912	
0.00849600	 7.32708332  4.55255233  1.21605443 -0.19140268  0.10705621 -0.08346121	  -24.83787884   -73.83744697 -1017.60742535   -31.78925140   -62.67610863    13.97416322	   3.62003327   22.40858209  -14.97137657   19.89606400  -13.00595999  -17.46873344   23.47397225  -95.68530607  -15.34305308 -154.85515165  -34.96606824  -67.03675324	 0.01677480  0.08469400 -0.11497192  0.81229459 -0.62901362 -0.05406153  0.01047802  0.01484293 -0.38431550  0.81376228 -0.42899053 -0.02364303	 0.03826907  0.23427498 -1.28620760  2.49910592 -0.73657822 -0.44014118  0.02795521  0.09875714  0.31821843 -0.00293430 -0.24818370 -0.07118762	 0.07351602  0.26739235 -1.36568807  2.67093922 -0.79609757 -0.49226819  0.02775758  0.10941999  0.31272331  0.00139589 -0.27996374 -0.10002310	 0.19460771 -0.01952845  3.91382964	-0.02165533 -0.02030180 -0.03130816	-0.02263431 -0.02056417 -0.03011195	-0.00145413 -0.00607661 -0.99998048	0.35000000	0.00000000	0.00000000	-0.97232908	0.47667825	0.76473635	-0.73617852	-0.50702983	1.11061275	-0.29728350	0.54046470	-1.04474354	0.26846236	0.30429858	-0.15255752	-0.27404124	0.24916844	0.68669981	-0.11235648	0.87095112	-0.47746080	0.48488796	0.15593295	0.68853354	-0.07520226	0.34211206	0.07084484	
0.00847700	 7.55681328  2.17673906  2.34732341 -0.14327082  0.16030155  0.03223746	  -28.98703422   -64.94132769 -1014.95389618   -37.54183036   -63.81854014    12.91778831	  10.60482030   29.53670311  -23.93108116   30.16009147  -11.32122901  -24.62209037   23.02561051  -91.26940465  -16.06677287 -151.81413633  -34.73732927  -72.52476013	 0.01747177  0.08710483 -0.12697727  0.83525709 -0.63596197 -0.05821925  0.01077505  0.01576441 -0.38172128  0.81374629 -0.43142560 -0.02453397	 0.10864089  0.34614807 -1.48462118  2.81472662 -0.84531927 -0.54763384  0.02114681  0.12866242  0.32179869 -0.00487460 -0.29544350 -0.14252137	 0.08827315  0.29199673 -1.42642463  2.71513952 -0.82085859 -0.50352046  0.03431153  0.11104372  0.30580114 -0.00214128 -0.28506459 -0.10764819	 0.19371129 -0.01598282  3.91226111	-0.02940661 -0.01415467 -0.03777331	-0.02674829 -0.01616116 -0.03570384	-0.00160014 -0.00586433 -0.99998152	0.35000000	0.00000000	0.00000000	-0.93673587	0.48261184	0.79745942	-0.69873250	-0.53235477	1.16233099	-0.22554938	0.50227314	-1.00081933	0.22046521	0.39679462	-0.10658506	-0.29261202	0.20351842	0.72054416	-0.06521132	0.85938615	-0.55464637	0.49951929	0.12352809	0.69180763	-0.09328301	0.29995322	0.11094811	
0.00852100	 6.70648493  4.21838127 -1.26804321 -0.15372320  0.07201513 -0.10581022	  -21.15894145   -65.68594798 -1020.14633879   -33.44226498   -56.49246547    13.05476892	   2.95000767   13.65255561  -10.50825940    9.10632409   -5.81804249  -14.17750944   23.15801883  -94.75847960  -15.64304217 -151.48204124  -28.01776081  -65.24990404	 0.01826076  0.08954617 -0.13930433  0.85822552 -0.64289471 -0.06219501  0.01113609  0.01662851 -0.37918421  0.81375603 -0.43383880 -0.02532136	 0.08965203  0.25638759 -1.34765907  2.49197184 -0.75073342 -0.34815143  0.04426811  0.09808932  0.28542815  0.00659745 -0.28222784 -0.06785549	 0.08642597  0.27871200 -1.43548704  2.66934744 -0.80508394 -0.43288176  0.04487799  0.09612664  0.29684589  0.00034850 -0.28194056 -0.08613515	 0.19431189 -0.00841615  3.91212763	-0.02198368 -0.01370267 -0.04426064	-0.02483754 -0.01362034 -0.04226032	-0.00171161 -0.00563577 -0.99998265	0.35000000	0.00000000	0.00000000	-0.97799015	0.50634503	0.77727413	-0.75476032	-0.45614290	1.12462711	-0.31123868	0.57476324	-1.03352439	0.28547391	0.33589953	-0.14046571	-0.27494496	0.20815416	0.70293343	-0.10997705	0.87693846	-0.50416893	0.55250400	0.09164180	0.64271837	-0.06246096	0.28305349	0.09904487	
0.00847500	 7.65925230  0.35903891  0.28626687 -0.09205316  0.14783373  0.02367076	  -28.90110109   -59.10676368 -1010.89372950   -38.33835089   -58.11897807    10.26886791	   6.95101135   27.98029590  -23.36297822   22.79365779   -6.91938259  -27.86404040   19.66274978  -87.23964405  -12.92728998 -150.93148929  -29.47472870  -72.23878312	 0.01888336  0.09193197 -0.15175493  0.88076967 -0.64959285 -0.06585004  0.01149956  0.01738939 -0.37666121  0.81375928 -0.43623852 -0.02595095	 0.08986685  0.28854370 -1.56965518  2.77170389 -0.79576512 -0.53407624  0.04698272  0.10386615  0.29988635 -0.00711173 -0.29219684 -0.10896902	 0.07443949  0.28840018 -1.49159938  2.68306751 -0.79243827 -0.46329031  0.04505940  0.09389745  0.29856168  0.00190595 -0.28588155 -0.08037172	 0.19384165 -0.00635864  3.91078303	-0.03170187 -0.00982696 -0.04088921	-0.02826126 -0.01111856 -0.04210439	-0.00181088 -0.00541636 -0.99998369	0.35000000	0.00000000	0.00000000	-0.94540912	0.53252965	0.81986636	-0.72609025	-0.46135256	1.16126227	-0.23000325	0.51746494	-0.99765831	0.25897488	0.40469378	-0.12909171	-0.27767354	0.17767949	0.73992097	-0.04767210	0.86087877	-0.55566621	0.56215626	0.05790488	0.66082406	-0.08975224	0.25129363	0.12170261	
0.00851200	 6.92134630  6.15742206 -3.69817441 -0.20621874  0.02417908 -0.09806400	  -24.12500354   -63.31303149 -1009.84931609   -37.73202293   -55.47082592    11.02006593	   5.74404517   18.64267886   -8.90903185    0.09822441   -4.82566486  -12.57365292   21.44706405  -96.07126021  -14.60214062 -147.56824923  -27.75488269  -70.24619532	 0.01949855  0.09441867 -0.16426993  0.90285162 -0.65605477 -0.06945765  0.01185148  0.01812317 -0.37415131  0.81375338 -0.43864342 -0.02654714	 0.08336139  0.26869402 -1.34227456  2.34276038 -0.66350095 -0.29440423  0.05001141  0.05932437  0.25100311 -0.01518020 -0.25698180 -0.04235402	 0.07174551  0.28664763 -1.45790209  2.56075154 -0.74760812 -0.38390532  0.04424614  0.07971422  0.29369118  0.00026109 -0.28236358 -0.06536681	 0.19563442 -0.00007127  3.91054230	-0.02576069 -0.01192761 -0.04546909	-0.02787461 -0.01115102 -0.04390316	-0.00189849 -0.00516534 -0.99998486	0.35000000	0.00000000	0.00000000	-0.98202521	0.55065507	0.77270615	-0.79206443	-0.36689219	1.10983682	-0.31182516	0.59536994	-1.04513371	0.29592010	0.33650872	-0.16529489	-0.27229017	0.16108775	0.70770055	-0.09031022	0.88943273	-0.51685178	0.60384274	0.05576075	0.61786944	-0.05376785	0.21645096	0.13205650	
0.00846400	 8.31807102 -0.28291303 -0.86418376 -0.06612471  0.14702257  0.04367006	  -37.92691558   -51.24992628 -1007.65390739   -45.78463669   -61.37485524     9.44173051	   8.02693936   26.49401534  -25.68687592   19.66320211   -6.07002718  -28.80599937   19.20626510  -86.93585753  -11.01270594 -147.69422108  -32.08999649  -79.46440482	 0.02006540  0.09686220 -0.17673919  0.92415700 -0.66221562 -0.07246885  0.01223425  0.01879890 -0.37161399  0.81375984 -0.44108734 -0.02711303	 0.07076513  0.33692027 -1.57096833  2.64667474 -0.72567151 -0.43910842  0.05147397  0.08458810  0.31628348  0.02904779 -0.31648656 -0.06394607	 0.06712617  0.29877068 -1.48985632  2.53219816 -0.72510030 -0.38756383  0.04661370  0.08340082  0.29948002  0.00259139 -0.29170188 -0.07073058	0.19633184 0.00120642 3.90926388	-0.03464561 -0.00973037 -0.04109078	-0.03121283 -0.01058834 -0.04282834	-0.00199190 -0.00492023 -0.99998591	0.35000000	0.00000000	0.00000000	-0.94413042	0.56440485	0.84080231	-0.77572608	-0.37269929	1.16495156	-0.21165532	0.53281069	-1.00804889	0.27713704	0.39938572	-0.15159568	-0.27019340	0.14139602	0.73663288	-0.02013168	0.86133420	-0.59173256	0.60848284	0.02471594	0.64485133	-0.07791196	0.19567841	0.17302544	
0.00805000	 7.66029436  2.46979090 -4.49844302 -0.09441826  0.03616457 -0.04333942	  -23.01054516   -53.46862939 -1016.06800849   -45.21413071   -50.56235930    10.30943163	   7.53512710   12.75104094  -12.75341938   -1.17479455   -4.02573431  -16.73035488   21.24160389  -95.07873559  -14.79276692 -145.96384358  -20.77032061  -76.31865776	 0.02065290  0.09922970 -0.18858618  0.94370029 -0.66774136 -0.07565280  0.01256545  0.01943862 -0.36924232  0.81375563 -0.44337161 -0.02773499	 0.07654713  0.25561528 -1.37370259  2.21178202 -0.63075642 -0.32031218  0.01398780  0.06630327  0.27990193 -0.01303237 -0.22929061 -0.04476009	 0.07385449  0.28872353 -1.46852353  2.40980032 -0.68100104 -0.37476604  0.04175633  0.07514048  0.29384425  0.00061009 -0.28179639 -0.07315969	0.19693075 0.00720205 3.91011098	-0.02663143 -0.00775967 -0.04781349	-0.02958000 -0.00838473 -0.04540836	-0.00205918 -0.00466779 -0.99998699	0.35000000	0.00000000	0.00000000	-0.99600929	0.58711427	0.79713154	-0.84144002	-0.29929227	1.11652386	-0.30571541	0.61454588	-1.04262352	0.31268594	0.35452080	-0.17096958	-0.26128238	0.14843324	0.69546676	-0.06775130	0.87200552	-0.52351272	0.64187175	0.01529359	0.61639446	-0.06015454	0.17172471	0.18491156	
0.00801100	 7.36523529  0.29125407 -1.01978026 -0.07709363  0.16231368  0.03520391	  -38.43330737   -47.95432215 -1009.78786268   -47.47907402   -57.97197527    10.47828939	   7.91096671   25.94683039  -26.62104139   20.92509109   -0.25124017  -26.60797474   20.82067504  -88.72222900   -9.75226465 -143.88197482  -28.62853414  -78.87386918	 0.02124518  0.10153914 -0.20043610  0.96260198 -0.67282732 -0.07865731  0.01295970  0.01999148 -0.36688581  0.81376144 -0.44565984 -0.02830817	 0.07900430  0.30494701 -1.40519773  2.26029703 -0.60458207 -0.40666706  0.05930549  0.04991853  0.29950743  0.03323753 -0.27187850 -0.08733279	 0.07573154  0.29467776 -1.48174487  2.35533483 -0.62532774 -0.39336554  0.04869040  0.06960095  0.29446530  0.00407875 -0.28321967 -0.07284934	0.19727916 0.00863498 3.90899755	-0.03443684 -0.00555493 -0.04633810	-0.03154593 -0.00626263 -0.04700099	-0.00211010 -0.00443185 -0.99998795	0.35000000	0.00000000	0.00000000	-0.97544444	0.57310402	0.81436974	-0.83211267	-0.28082132	1.11517835	-0.27725840	0.55752766	-1.06664109	0.31743637	0.35685918	-0.16524032	-0.25867319	0.12315558	0.72834390	0.00867783	0.87094611	-0.55123776	0.67215753	0.01882505	0.64702928	-0.06833556	0.14250129	0.21254279	
0.00847600	 8.80385308  1.40625759 -2.83037359 -0.07810454  0.14069706  0.00833461	  -36.63691823   -47.70136075 -1018.92260579   -49.77909791   -52.40043381     9.74349375	   8.54147550   17.13225067  -25.34743714    8.49506001   -2.54231870  -20.39701955   20.16273708  -94.93801904   -7.57291114 -143.59068751  -21.06428786  -79.91469765	 0.02194065  0.10409684 -0.21337050  0.98241099 -0.67767684 -0.08229093  0.01334663  0.02058990 -0.36440844  0.81375908 -0.44812240 -0.02888157	 0.11188460  0.28777902 -1.58508412  2.36154042 -0.56292672 -0.43263866  0.07098410  0.06765827  0.29407093 -0.00137434 -0.30340176 -0.06147235	 0.08447824  0.29674837 -1.52302809  2.31650814 -0.56229856 -0.42088365  0.04730402  0.06688822  0.29222093  0.00157097 -0.28937771 -0.06637689	0.19762310 0.01230540 3.90920951	-0.03280105 -0.00356758 -0.04494606	-0.03373380 -0.00417467 -0.04530685	-0.00214654 -0.00413791 -0.99998913	0.35000000	0.00000000	0.00000000	-0.96901870	0.58402359	0.82816678	-0.83479524	-0.25495377	1.13893628	-0.25768456	0.58670777	-1.03693271	0.31497550	0.40131012	-0.15323013	-0.27301180	0.10060734	0.71978778	-0.02386355	0.87643433	-0.57295227	0.68676555	-0.02362398	0.61402327	-0.08908401	0.09613562	0.22276008	
0.00803900	 7.39325536  3.99142192 -4.40291281 -0.14936402  0.03706075 -0.06396754	  -25.41669549   -44.26246608 -1008.52316895   -51.05181521   -44.85074154     7.63804038	   5.05963944   20.05424178  -15.66904477    3.16412878   -4.08589795  -17.27577218   17.46668156  -93.84760404  -10.83693659 -142.40435925  -15.53655803  -79.12802094	 0.02258851  0.10646200 -0.22558911  1.00037994 -0.68183435 -0.08528121  0.01368390  0.02104420 -0.36208099  0.81374956 -0.45040911 -0.02921298	 0.07640047  0.31205242 -1.44330136  2.07942113 -0.49760100 -0.31827753  0.03958792  0.03013378  0.28379633 -0.01891629 -0.28512891 -0.03994100	 0.08049341  0.29313091 -1.51411387  2.21219607 -0.51094379 -0.35737161  0.04161994  0.05305319  0.28923522 -0.00086497 -0.28458553 -0.03778557	0.19840915 0.01519841 3.90924477	-0.03185782 -0.00393717 -0.04092759	-0.03207124 -0.00374875 -0.04234779	-0.00217371 -0.00388223 -0.99999010	0.35000000	0.00000000	0.00000000	-0.99757338	0.60084218	0.80786538	-0.88524193	-0.19888750	1.11731720	-0.28817821	0.62475294	-1.06980884	0.33862871	0.35585743	-0.18507138	-0.26251799	0.09665845	0.72098732	-0.02974824	0.85492086	-0.54759878	0.71664798	-0.02037953	0.60209155	-0.06268981	0.06708987	0.25924164	
0.00844800	 7.74840328 -0.99687228 -3.05006665 -0.01272757  0.11429461  0.04351278	  -31.68797914   -40.59726259 -1011.24328660   -54.40622824   -47.21655318     9.20676278	   9.92790484   17.06298310  -24.55584508   11.97837965   -0.67059728  -25.13727543   20.28034101  -89.16681504   -9.30929653 -137.51744199  -17.72633019  -84.97725153	 0.02324367  0.10892407 -0.23856995  1.01871653 -0.68576902 -0.08825382  0.01403142  0.02149390 -0.35960882  0.81375151 -0.45282362 -0.02950357	 0.08148728  0.27285102 -1.44915947  2.03918456 -0.41478081 -0.39141097  0.01250830  0.06540838  0.28469398 -0.00610500 -0.27079908 -0.03924829	 0.08041971  0.29267462 -1.53337096  2.15291072 -0.45180717 -0.36638908  0.04052410  0.05403282  0.29126402  0.00026228 -0.28384554 -0.03850318	0.19839906 0.01791107 3.90896832	-0.03349002 -0.00109658 -0.04348247	-0.03290378 -0.00202375 -0.04257868	-0.00219474 -0.00360642 -0.99999109	0.35000000	0.00000000	0.00000000	-0.99140435	0.60985070	0.82673097	-0.91635936	-0.15919411	1.09948528	-0.28550833	0.60696936	-1.08387578	0.34740198	0.37207738	-0.18936339	-0.24486016	0.10174397	0.70854896	0.01059428	0.84827214	-0.55295843	0.73365593	-0.03084309	0.63498217	-0.07917278	0.05675405	0.29728353	
0.00802400	 8.62216046  1.87602520 -3.09464440 -0.08663978  0.10683515 -0.00869500	  -33.85026209   -41.85393942 -1016.36918436   -55.20294881   -44.21930587    10.67780797	   8.24284099   17.91674441  -24.43500255    9.14534901   -4.81975915  -19.58437631   21.85113669  -96.16261673   -5.14733925 -140.41171983  -13.54481366  -80.91405386	 0.02397018  0.11122837 -0.25095331  1.03545312 -0.68902749 -0.09118133  0.01440946  0.02184871 -0.35729392  0.81374650 -0.45512070 -0.02977852	 0.06140838  0.28673200 -1.38719374  1.85616388 -0.32153972 -0.31953192  0.05795813  0.00665021  0.26731325 -0.01130952 -0.28578472 -0.00745868	 0.08979749  0.28649653 -1.53544161  2.06637876 -0.39702583 -0.35423545  0.04813914  0.04039862  0.28848636 -0.00217999 -0.28599154 -0.02731714	0.19897835 0.02163753 3.90905129	-0.03087884 -0.00166974 -0.04731793	-0.03182316 -0.00142193 -0.04605845	-0.00220285 -0.00334788 -0.99999197	0.35000000	0.00000000	0.00000000	-1.00064743	0.60914862	0.80485708	-0.93727732	-0.10659629	1.07783639	-0.30651662	0.63475388	-1.11651778	0.38558054	0.33507437	-0.20913419	-0.25595504	0.09113693	0.71135628	0.00194008	0.84427541	-0.53261185	0.76439136	-0.03498390	0.61811066	-0.07692375	0.00875435	0.29713956	
0.00800700	 9.85091244 -0.51762102 -2.70594183 -0.02343742  0.13651294  0.05456309	  -35.48254640   -37.72510005 -1013.81894034   -59.48471091   -42.64558794     7.86211926	  10.77994723   19.35029602  -30.42463992   11.99930893   -6.77195238  -24.85272074   18.13818090  -90.21654725   -3.97459134 -134.58967730  -12.37921453  -89.98193324	 0.02481010  0.11351128 -0.26351325  1.05171972 -0.69203342 -0.09409876  0.01476945  0.02219205 -0.35499219  0.81375927 -0.45739796 -0.03006853	 0.11769765  0.27091087 -1.43872153  1.83543923 -0.32566110 -0.36748374  0.01705526  0.05010690  0.24930500  0.01542443 -0.26563540 -0.05064641	 0.10741019  0.28587559 -1.56086659  2.01265323 -0.36838517 -0.37133701  0.04299024  0.04282944  0.28489036  0.00310851 -0.28418280 -0.04074515	0.19877340 0.02295296 3.90887520	-0.03432491  0.00051892 -0.04501051	-0.03304353 -0.00023814 -0.04585772	-0.00220723 -0.00309086 -0.99999279	0.35000000	0.00000000	0.00000000	-0.97637326	0.63263482	0.79413706	-0.94851255	-0.07798808	1.09193277	-0.28246713	0.62425572	-1.09733534	0.37587151	0.35521290	-0.20636111	-0.23678948	0.07853167	0.69782758	0.04300836	0.85128862	-0.54083085	0.77118313	-0.05278390	0.63771963	-0.08292678	-0.02256446	0.33423978	
0.00800300	 8.57113277  1.55604953 -3.30543074 -0.07628084  0.12030417 -0.01824725	  -37.29500242   -39.98007398 -1018.52913297   -59.05598568   -41.96982179    10.37558309	   6.50457985   15.90627879  -25.25586566    8.34268217   -1.89341174  -19.64625941   21.57087804  -98.98215413   -2.29698785 -139.46755967  -11.26646825  -83.81120980	 0.02572786  0.11579409 -0.27628125  1.06750982 -0.69474140 -0.09713948  0.01513976  0.02248833 -0.35266394  0.81374306 -0.45971668 -0.03038693	 0.10710040  0.27668948 -1.53318266  1.85140653 -0.31403344 -0.36528735  0.06149800  0.00831806  0.29951677  0.00212258 -0.30760851 -0.03244899	 0.11193452  0.28366207 -1.59338128  1.95900780 -0.33073794 -0.37072321  0.04618032  0.03196040  0.29233492 -0.00208731 -0.29136078 -0.03443751	0.19993735 0.02678113 3.90898711	-0.02881271 -0.00240128 -0.04511689	-0.03081121 -0.00134434 -0.04502812	-0.00221162 -0.00283520 -0.99999354	0.35000000	0.00000000	0.00000000	-0.98163158	0.61476302	0.82253003	-0.95091802	-0.04829688	1.09512913	-0.29410866	0.64879841	-1.10348237	0.39608282	0.37552738	-0.19591278	-0.24507062	0.06322996	0.71419442	0.01724748	0.85117477	-0.56002682	0.79740369	-0.06660752	0.58886820	-0.09416181	-0.05095486	0.33280346	
0.00847500	 8.00543289  2.42016458 -4.60599433 -0.10101848  0.07286710 -0.03339164	  -25.08167812   -32.12830094 -1005.97689650   -61.25520722   -34.05867284     7.29090181	   6.38542651   18.93267858  -24.78956085    5.52850403   -2.06176624  -19.55226412   17.38658356  -91.23797989   -8.11115322 -135.11838701   -4.34618338  -88.39071059	 0.02666339  0.11810933 -0.28991127  1.08358868 -0.69708463 -0.09993002  0.01550802  0.02272792 -0.35019493  0.81374728 -0.46215759 -0.03055885	 0.08045639  0.29457008 -1.55571555  1.78519849 -0.25070458 -0.30687594  0.03071587  0.04056734  0.27661855 -0.01942987 -0.28138550 -0.02094695	 0.10649351  0.27496092 -1.60594309  1.87539937 -0.26706727 -0.32149429  0.04278582  0.02825395  0.28961376 -0.00136433 -0.28717818 -0.01841280	0.19925896 0.02821035 3.90898922	-0.03132430  0.00177039 -0.04100579	-0.03035906  0.00033749 -0.04235862	-0.00221634 -0.00258496 -0.99999420	0.35000000	0.00000000	0.00000000	-0.98030275	0.63616449	0.82450157	-0.98190373	-0.01553074	1.10458183	-0.28780755	0.65880692	-1.09961164	0.37999424	0.36956555	-0.20447928	-0.22831623	0.04699662	0.70832491	0.01957054	0.82361335	-0.55989391	0.81595463	-0.08835346	0.59047073	-0.08030906	-0.08191380	0.38791397	
0.00804000	 7.56565326 -0.02153218 -4.96273097 -0.01933877  0.05469130 -0.00522241	  -27.69132704   -32.25430474 -1009.77482192   -62.17970151   -34.11148930     8.27401529	   8.00078544   11.50170445  -20.74171227    3.87731650   -1.45045805  -21.06521735   19.44270109  -94.18442631   -5.31453774 -134.74701723   -5.14650180  -85.47591794	 0.02750724  0.12020790 -0.30280266  1.09795394 -0.69881843 -0.10225178  0.01583359  0.02288505 -0.34789666  0.81375543 -0.46443533 -0.03065674	 0.08763231  0.24372145 -1.46992212  1.61459823 -0.18373829 -0.27660060  0.03012040 -0.00677596  0.25350760  0.01653194 -0.23052236 -0.04059452	 0.10434093  0.25591565 -1.59107664  1.76101324 -0.20575428 -0.28472489  0.04045456  0.01684010  0.28450712  0.00041361 -0.27937463 -0.01282239	0.19987319 0.03169952 3.90911686	-0.02657927  0.00090722 -0.04264106	-0.02832599  0.00140296 -0.04190290	-0.00220062 -0.00234965 -0.99999482	0.35000000	0.00000000	0.00000000	-0.98603439	0.64492512	0.81599689	-1.01327395	0.04338001	1.07284248	-0.33144975	0.68454158	-1.11773682	0.43801376	0.35429984	-0.20938590	-0.21512373	0.04904366	0.71377480	0.03967050	0.83381945	-0.53697944	0.83762264	-0.07837942	0.57703161	-0.08312908	-0.10233061	0.38598570	
0.00843900	 8.91105726  0.31314997 -4.77345347 -0.04844433  0.10901516  0.01435155	 -38.09482878  -30.72588594 -999.81354099  -61.89889405  -38.82086298    8.25274833	   7.60938597   19.90150499  -29.18750593    5.33118315   -1.47041432  -23.73113441   18.86615127  -89.21307755   -3.04626322 -135.10697496   -9.46355525  -89.26377010	 0.02839089  0.12237025 -0.31649882  1.11236112 -0.70011394 -0.10473573  0.01618968  0.02302174 -0.34543003  0.81375797 -0.46691115 -0.03071311	 0.12203548  0.28998042 -1.81369866  1.85319909 -0.14019116 -0.37392947  0.05094489  0.04147339  0.34433488  0.03247016 -0.30979286 -0.00254956	 0.10398678  0.26047977 -1.63164093  1.69888389 -0.14537071 -0.30354584  0.04229393  0.01987856  0.29390631  0.00163703 -0.29325775 -0.00861301	0.20059285 0.03238489 3.90830382	-0.03171456  0.00172495 -0.03854652	-0.02995221  0.00143496 -0.03998108	-0.00218978 -0.00210643 -0.99999538	0.35000000	0.00000000	0.00000000	-0.95736402	0.62993056	0.88081133	-0.99495620	0.04795244	1.11665225	-0.26228186	0.65046757	-1.08038735	0.39588535	0.40729794	-0.19348291	-0.22604351	-0.00516041	0.74957848	0.04568173	0.82866466	-0.59872186	0.83623809	-0.10476515	0.56823653	-0.10169862	-0.14725307	0.43046129	
0.00804400	 6.54457290  2.64388555 -7.40584745 -0.07370729 -0.06083681 -0.10536903	  -11.50999945   -24.22575338 -1004.14746583   -64.29348420   -21.69687320     6.35370962	   3.48490945    8.06128344  -11.90701121   -5.30366826   -4.67256463  -14.03502555   16.69029859  -96.30147338  -10.79314366 -137.29100960    7.92784815  -85.55165935	 0.02914974  0.12430769 -0.32933086  1.12499862 -0.70088457 -0.10671165  0.01650344  0.02312254 -0.34309975  0.81372741 -0.46922067 -0.03075214	 0.09815277  0.21219423 -1.49196632  1.44902689 -0.10710858 -0.17197580  0.06717443  0.03086003  0.26317816 -0.01401939 -0.28660976  0.01141863	 0.08870969  0.23480419 -1.58423351  1.54600632 -0.09368188 -0.21860472  0.04104600  0.01354226  0.28782342 -0.00628256 -0.28425444 -0.00191214	0.20071305 0.03508308 3.90918373	-0.02858022  0.00243369 -0.03840948	-0.02947534  0.00218205 -0.03836300	-0.00217248 -0.00186474 -0.99999590	0.35000000	0.00000000	0.00000000	-0.97813165	0.63651633	0.82390177	-1.05212212	0.10154425	1.07521343	-0.36936933	0.74279886	-1.11959672	0.44599846	0.34459579	-0.20587721	-0.20346074	0.01537036	0.71375799	0.01941563	0.82469320	-0.50110322	0.86493134	-0.09710525	0.54923362	-0.06847995	-0.18429199	0.43162033	
0.00849300	 8.24754898 -1.88640012 -4.23884671  0.00812500  0.06347595  0.00533093	  -22.95246201   -28.97463900 -1003.21829372   -64.25582812   -24.22537339     4.54204059	   4.77140175   17.88691163  -26.57378211    8.63380152    2.53388687  -27.73187634   14.15742378  -90.93395138   -4.07343748 -131.63154364    3.49958151  -88.56095314	 0.02967874  0.12620557 -0.34280769  1.13734046 -0.70130493 -0.10845352  0.01677048  0.02318466 -0.34064621  0.81370517 -0.47161244 -0.03078912	 0.02553001  0.22841759 -1.48436682  1.32503672 -0.01587569 -0.23629714  0.00194388  0.02833751  0.25651856  0.00755984 -0.25833635 -0.01298721	 0.05748103  0.22541027 -1.58601759  1.43784668 -0.04125834 -0.23048680  0.02852851  0.00975946  0.28556228 -0.00200861 -0.28111783 -0.00376345	0.20004829 0.03553379 3.90868065	-0.03129986  0.00474286 -0.02603341	-0.03038460  0.00400868 -0.03010512	-0.00214158 -0.00161266 -0.99999641	0.35000000	0.00000000	0.00000000	-0.97681075	0.63910264	0.84474683	-1.07192266	0.15088941	1.05247903	-0.32591012	0.67949331	-1.14702630	0.46930540	0.33798137	-0.23793659	-0.17413308	0.03329663	0.69679224	0.07317188	0.79393870	-0.51012081	0.89205819	-0.10500127	0.58674353	-0.08362156	-0.19579697	0.47920978	
0.00803000	 8.78119294 -1.26535808 -4.93020386  0.02167200  0.04035936  0.03246741	  -28.59526619   -26.36641854 -1004.30976568   -64.22461744   -26.93317849     9.65492471	  11.72767849   12.28633648  -23.59977824    3.64899467   -1.14079675  -22.33159789   22.06949828  -96.68419862   -3.22696195 -132.58937243    1.69856445  -87.26385057	 0.03016074  0.12796213 -0.35554314  1.14826611 -0.70147808 -0.11069474  0.01700845  0.02321902 -0.33831885  0.81369626 -0.47389991 -0.03078825	 0.09551895  0.21964780 -1.66554323  1.35692804  0.00303217 -0.31280021  0.02930705  0.00097967  0.30060562 -0.00489870 -0.31971565  0.01984661	 0.06474277  0.21538768 -1.57270498  1.33393689 -0.01747748 -0.27555210  0.03036250  0.00348415  0.28777135 -0.00093934 -0.28403906  0.00065061	0.20069486 0.03845408 3.90841492	-0.03095608  0.00369082 -0.03586068	-0.03100159  0.00409496 -0.03232362	-0.00210596 -0.00136362 -0.99999685	0.35000000	0.00000000	0.00000000	-0.96129066	0.63774848	0.85505348	-1.07458007	0.18060547	1.05782378	-0.32768208	0.70846432	-1.13054693	0.47147316	0.38108486	-0.21430054	-0.19809888	-0.00083166	0.72412950	0.06170715	0.80248505	-0.54373050	0.88732499	-0.10585009	0.54993737	-0.10735277	-0.22644722	0.48355588	
0.00844500	 7.34406561  2.48809856 -5.68964452 -0.08332210 -0.03743745 -0.08665769	  -12.48215598   -29.48376791 -1003.79642589   -64.67134573   -15.91281504     5.30874872	   3.87453622   14.22425982  -17.63247333    1.31675459    2.05353269  -17.05285572   15.22291777  -93.92597580   -8.05014900 -131.95981461   12.08824687  -91.39177227	 0.03070515  0.12969268 -0.36894384  1.15890935 -0.70155074 -0.11270034  0.01732178  0.02323994 -0.33587976  0.81368721 -0.47630573 -0.03083327	 0.04305665  0.18342097 -1.61723215  1.22042445  0.01701709 -0.19259631  0.02866301 -0.02662281  0.29280567  0.01092321 -0.28038244  0.00446884	 0.05599578  0.19963997 -1.58006550  1.23479919 -0.00618815 -0.21942466  0.03660467 -0.00032650  0.28834437 -0.00053460 -0.28207377 -0.00750811	0.20032655 0.04030062 3.90874633	-0.03094864  0.00504392 -0.03286032	-0.03094661  0.00454596 -0.03408489	-0.00206989 -0.00110117 -0.99999725	0.35000000	0.00000000	0.00000000	-0.95421374	0.66914892	0.84060127	-1.12037671	0.22606421	1.07727361	-0.34535927	0.74027854	-1.14213705	0.48756775	0.34330097	-0.22592694	-0.17281477	-0.01113753	0.70034897	0.04589935	0.79006445	-0.51471227	0.91714150	-0.11667867	0.51315302	-0.08352321	-0.24739456	0.51240242	
0.00803100	 8.14463556 -0.12769746 -5.79078961 -0.02276974 -0.02597524 -0.00470997	  -17.80616478   -37.93802458 -1012.12335601   -65.10628410   -19.41262484     5.42884903	   9.06241272   16.31816441  -19.33524786   -0.65999732    7.85771484  -23.66011509   16.49516950  -93.89321661   -7.02076100 -126.36616820    7.40965330  -95.11001754	 0.03112343  0.13120878 -0.38136106  1.16790349 -0.70159450 -0.11418281  0.01758757  0.02326521 -0.33359100  0.81368066 -0.47856924 -0.03109897	 0.05560055  0.19477133 -1.60370751  1.08111013 -0.00125139 -0.18117807  0.04229029  0.01974343  0.28863016 -0.02478712 -0.31674329 -0.05291771	 0.05332493  0.18703496 -1.54004359  1.09817964 -0.00645921 -0.19192259  0.03524060  0.00398592  0.28389086 -0.00273784 -0.28191274 -0.04154764	0.20049197 0.04277342 3.90964005	-0.02845917  0.00602979 -0.03383361	-0.02925925  0.00575417 -0.03343452	-0.00202438 -0.00086394 -0.99999758	0.35000000	0.00000000	0.00000000	-0.94630080	0.66317379	0.84207791	-1.11656153	0.26107624	1.05690885	-0.33965722	0.72434765	-1.13208818	0.47890162	0.36491731	-0.21182770	-0.14987877	-0.02481054	0.68669713	0.08689445	0.80346984	-0.52032715	0.92777282	-0.10533452	0.52756339	-0.09042923	-0.26241633	0.54620069	
0.00800800	 6.01749322 -0.48481377 -5.75580323 -0.00041600 -0.04701762 -0.03466831	  -10.42479520   -18.71923746 -1000.22394286   -64.55015099   -12.39587006     3.04031941	   5.28194961   12.15724778  -15.25009819    3.00356226   14.14919829  -21.21059287   12.81419436  -97.17035937   -7.45022961 -131.77978837   14.67386122  -85.74076056	 0.03146727  0.13263891 -0.39359058  1.17591868 -0.70149940 -0.11577011  0.01784069  0.02329070 -0.33127591  0.81364872 -0.48084024 -0.03145450	 0.01274028  0.16135522 -1.43769707  0.88833759  0.04126289 -0.15008558  0.02759469  0.00146488  0.28629637 -0.01176125 -0.25613104 -0.01426150	 0.03751289  0.17336434 -1.50794685  0.97513505  0.01657183 -0.18969533  0.03187782  0.00236308  0.28674256 -0.00648011 -0.27983412 -0.03586959	0.20063342 0.04320040 3.90961298	-0.03373132  0.00548817 -0.02771112	-0.03202491  0.00568047 -0.02983063	-0.00197766 -0.00061707 -0.99999785	0.35000000	0.00000000	0.00000000	-0.95238602	0.63534266	0.84124726	-1.12312388	0.29980871	1.03443062	-0.39571047	0.74005353	-1.16694140	0.53640044	0.33883414	-0.22751456	-0.12893598	0.00624498	0.68085933	0.07468038	0.77466089	-0.48672900	0.96318978	-0.10553847	0.51250428	-0.07932989	-0.27988568	0.55976933	
0.00801200	 7.19783616 -1.42311372 -5.48064849  0.01654677  0.01112949  0.02438322	 -20.48779867  -27.96080535 -993.47741765  -63.90391229  -17.90861013    4.76241743	   9.49897215   14.65533650  -22.57072385    3.06726736   15.02241473  -24.26568770   15.79586510  -94.59642601   -6.51233079 -125.82645985    8.07755017  -90.02577519	 0.03175000  0.13401648 -0.40563570  1.18301801 -0.70114930 -0.11741172  0.01805813  0.02328812 -0.32895313  0.81359865 -0.48312366 -0.03170465	 0.05304265  0.14565324 -1.43088292  0.80367213  0.06676605 -0.19683382  0.04956855 -0.02031500  0.27346423 -0.00511450 -0.27133838 -0.03807367	 0.03735790  0.16727972 -1.48528271  0.86334489  0.04900371 -0.20823079  0.02998117 -0.00104188  0.28429531 -0.00655968 -0.28340254 -0.03207890	0.20054140 0.04465321 3.90884595	-0.03520023  0.00765165 -0.02631202	-0.03472731  0.00691779 -0.02670187	-0.00192577 -0.00033994 -0.99999809	0.35000000	0.00000000	0.00000000	-0.92299312	0.64498723	0.81945980	-1.12662435	0.34467822	1.01510513	-0.40391421	0.71769565	-1.15875363	0.55110788	0.34489423	-0.21435168	-0.12053549	-0.02041818	0.67253911	0.12173455	0.78757417	-0.50350910	0.97057348	-0.09498860	0.51710784	-0.09357239	-0.30192733	0.57108408	
0.00845400	 6.76705534  1.42081874 -6.27193513 -0.05930713  0.00409780 -0.03207930	 -22.38019590  -32.01957228 -993.97503795  -64.02017455  -16.30614800    3.15722820	   6.42041356   15.52470303  -20.22887123   -0.89454034   17.30838025  -19.37349263   13.17795005  -97.97057414   -4.02517737 -127.68810612   10.80612472  -90.92707324	 0.03202232  0.13538692 -0.41831539  1.18952687 -0.70036975 -0.11918389  0.01823536  0.02331040 -0.32648324  0.81357356 -0.48560044 -0.03204454	 0.05128070  0.16370341 -1.54229179  0.71352532  0.13430987 -0.19854958 -0.00022073  0.03476691  0.28251937 -0.03787102 -0.29295378 -0.03605258	 0.03247232  0.15790692 -1.49202993  0.74509557  0.10257410 -0.19834936  0.01848285  0.00329128  0.28958337 -0.00469736 -0.29305963 -0.04325157	0.20139812 0.04570364 3.90814170	-0.03563700  0.00640873 -0.01686802	-0.03548416  0.00687611 -0.01998515	-0.00186422 -0.00003891 -0.99999826	0.35000000	0.00000000	0.00000000	-0.91295433	0.62169003	0.83885819	-1.12194228	0.38528243	1.02485430	-0.36975771	0.72409886	-1.16487324	0.53990495	0.36697504	-0.22893122	-0.11981905	-0.02327587	0.65770054	0.08408266	0.77794421	-0.51496923	0.97107577	-0.11121170	0.49969923	-0.10225376	-0.33520743	0.62507004	
0.00802100	 3.47209701  0.20646437 -6.28583671 -0.00439314 -0.07953888 -0.04419307	  -9.98188121  -18.29524459 -991.72709250  -64.05388269  -11.17016521    5.19370360	   5.65934235    8.75035775   -8.89697209    2.59165169   18.90554693  -18.04978657   16.46899449 -101.31395435  -11.41232202 -131.42369783   15.11442339  -84.90867364	 0.03214972  0.13656613 -0.42994875  1.19459303 -0.69917754 -0.12028183  0.01837363  0.02329212 -0.32410958  0.81356769 -0.48795770 -0.03232537	 0.03006970  0.14844688 -1.48764816  0.56556087  0.19618581 -0.08303232  0.02218672 -0.00771524  0.29311544  0.01557176 -0.27102002 -0.00711553	 0.01569871  0.14298187 -1.44154451  0.60970543  0.15745996 -0.12285149  0.01641284 -0.00116070  0.29423140 -0.00111067 -0.29007462 -0.02889470	0.20253233 0.04746850 3.90749030	-0.03833044  0.00395119 -0.02083509	-0.03745238  0.00476230 -0.01922606	-0.00182311  0.00025667 -0.99999831	0.35000000	0.00000000	0.00000000	-0.91436082	0.60544080	0.85555583	-1.15831709	0.43178546	1.01933908	-0.42215237	0.76370507	-1.18048024	0.59337217	0.35001948	-0.22186857	-0.11733511	-0.02776156	0.67383051	0.08088850	0.75730324	-0.49418339	0.97764325	-0.09402652	0.45596671	-0.07737245	-0.34881535	0.64712048	
0.00800200	 4.00568885 -3.05682751 -6.45811293  0.06836863 -0.04931343  0.03516902	 -12.51708450  -27.26256827 -997.42120389  -64.41785860  -12.57555849    1.79136564	   6.23181891   10.63271388  -13.20931630    0.78396937   21.31652892  -25.43902159   11.90172120  -95.90565276  -11.95456932 -129.81593317   12.99299902  -91.14590704	 0.03219624  0.13757638 -0.44120280  1.19860209 -0.69742190 -0.12121305  0.01855227  0.02326386 -0.32172129  0.81352726 -0.49033052 -0.03260203	-0.00596434  0.12701862 -1.27851352  0.38973680  0.21850118 -0.14360845  0.03991915 -0.00015000  0.26193658 -0.02957883 -0.27931730 -0.05871098	 0.00455158  0.12578541 -1.39321156  0.47807829  0.22723523 -0.12822476  0.02181887 -0.00022670  0.29525929 -0.00568595 -0.29410766 -0.03974185	0.20323847 0.04890978 3.90739137	-0.03898085  0.00468890 -0.01806779	-0.03882430  0.00441538 -0.01912567	-0.00178993  0.00056708 -0.99999824	0.35000000	0.00000000	0.00000000	-0.89012736	0.61744487	0.83131570	-1.15439868	0.48140588	0.98092222	-0.43733600	0.73443639	-1.18942297	0.61781251	0.34387970	-0.22058508	-0.08783871	-0.02149488	0.63834578	0.14068621	0.74742937	-0.47711670	0.99037004	-0.05943696	0.49928176	-0.09087507	-0.35674089	0.67196447	
0.00847200	 4.03483389 -0.81464677 -6.41271259  0.01793907 -0.01387478  0.01993722	 -18.54075220  -21.17454094 -988.18505212  -63.75820029  -13.13474886    2.02608266	   9.36369822   10.68225196  -16.23490898    1.66799878   23.68856183  -19.91177486   12.46849819 -100.61312342   -8.41321889 -127.33258402   13.00742546  -87.34333205	 0.03224099  0.13852424 -0.45285760  1.20169998 -0.69476597 -0.12232291  0.01867552  0.02323956 -0.31916479  0.81351580 -0.49288826 -0.03302297	 0.00086517  0.08374818 -1.26489056  0.27894536  0.36819315 -0.08436738 -0.00773517 -0.01085281  0.30367375 -0.00320335 -0.28614541 -0.03669646	 0.00422444  0.10982528 -1.36680405  0.34483535  0.33050506 -0.11943746  0.01388320 -0.00187283  0.30256416 -0.00448440 -0.30254461 -0.04814128	0.20437383 0.04948799 3.90640333	-0.04349569  0.00425958 -0.01309940	-0.04203940  0.00443609 -0.01467786	-0.00175119  0.00091656 -0.99999805	0.35000000	0.00000000	0.00000000	-0.88290101	0.59184396	0.83300161	-1.19246233	0.53542364	0.95991397	-0.44435227	0.73446310	-1.21760547	0.65008485	0.32469299	-0.25405052	-0.08909264	-0.02524284	0.61386049	0.10666756	0.73086101	-0.47398886	1.00690842	-0.05755758	0.47165763	-0.09254334	-0.38718981	0.69455230	
0.00852800	 5.05283813 -0.98367009 -6.16636672  0.01184022 -0.03220714  0.01773275	 -13.40724031  -29.46051769 -996.48703398  -64.54091814   -7.90348839    4.30043433	  10.08548335   13.33719051  -15.75140560   -0.27529535   17.30697101  -22.49745229   15.85954604 -103.16728234   -9.98693469 -123.24016106   19.30303158  -90.48758507	 0.03233759  0.13936887 -0.46419502  1.20362014 -0.69142612 -0.12322977  0.01881384  0.02324198 -0.31661610  0.81352938 -0.49545918 -0.03345920	 0.02385567  0.08343787 -1.19205286  0.13931176  0.37412599 -0.12538390  0.03828967  0.00353259  0.28072918  0.01886282 -0.27143784 -0.05701349	 0.01409083  0.09717104 -1.31510041  0.20001434  0.39785072 -0.10894168  0.01865988  0.00036424  0.29755263  0.00187535 -0.29991060 -0.05529930	0.20472208 0.05143048 3.90631670	-0.04459708  0.00635842 -0.01803105	-0.04430411  0.00567039 -0.01636704	-0.00170704  0.00129277 -0.99999771	0.35000000	0.00000000	0.00000000	-0.86017561	0.59005815	0.80156296	-1.18364906	0.56830919	0.94998735	-0.45354676	0.74434167	-1.19916320	0.66182280	0.34614110	-0.23732719	-0.08968739	-0.03708929	0.59707266	0.13432711	0.72027647	-0.45208937	1.00137627	-0.03516835	0.48257595	-0.10163695	-0.42026624	0.71419710	
0.00847000	 2.81254277 -0.97617467 -3.10868209  0.02136109  0.01885115  0.01817360	  -16.86861053   -25.16269146 -1003.14333897   -65.00246873    -6.36428005     1.07364206	   6.82859481    9.98221788  -16.68517918    2.92063215   22.41925013  -18.08936034   10.33347107 -107.54185104   -5.73628983 -126.67297590   20.36068051  -87.71712160	 0.03244395  0.14004002 -0.47525394  1.20447702 -0.68747294 -0.12388077  0.01892734  0.02319123 -0.31403994  0.81352187 -0.49802713 -0.03387493	 0.00236746  0.08083103 -1.35322753  0.03252941  0.52758646 -0.02282130  0.01135890  0.00006047  0.33688685  0.02058110 -0.33341818 -0.03843213	 0.01200015  0.07593090 -1.30007932  0.08604235  0.48117051 -0.06370228  0.01171124 -0.00686184  0.30621715  0.00190713 -0.30490313 -0.04227964	0.20602997 0.05314476 3.90539195	-0.04400824  0.00295899 -0.00922154	-0.04411240  0.00429766 -0.01190339	-0.00166371  0.00166870 -0.99999722	0.35000000	0.00000000	0.00000000	-0.85974634	0.55095810	0.84505469	-1.22162890	0.62043101	0.96314400	-0.42231917	0.74173701	-1.22685790	0.69783700	0.32461196	-0.25476021	-0.09291004	-0.04422931	0.58484828	0.08742955	0.70733225	-0.45512539	1.00917041	-0.03889274	0.44079325	-0.09991119	-0.45258650	0.76091689	
0.00803300	-1.05095850 -3.69152927 -1.42277551  0.09315235 -0.08270894  0.04570985	    5.81576340   -25.89618265 -1014.13384997   -66.20816076     4.79900997     0.71473248	  10.13018183    8.48491964   -4.23444712    2.47197477   20.05717447  -23.62687248   11.89385381 -107.50867009  -16.91101579 -125.05414370   30.42376417  -89.82947087	 0.03249208  0.14049739 -0.48544299  1.20476107 -0.68312366 -0.12432974  0.01901540  0.02305767 -0.31159588  0.81350916 -0.50043468 -0.03410103	 0.00724923  0.06636458 -1.15874712  0.00106804  0.53149869 -0.08041618  0.00463029 -0.02130228  0.26836091  0.01065829 -0.30103403 -0.00078700	 0.00527652  0.05425312 -1.25521555  0.02659663  0.54633397 -0.06059397  0.01172301 -0.01854778  0.30108278 -0.00133975 -0.29852087 -0.02572216	0.20649659 0.05631362 3.90484695	-0.04255512  0.00059025 -0.01459259	-0.04306121  0.00128458 -0.01269125	-0.00165194  0.00201520 -0.99999661	0.35000000	0.00000000	0.00000000	-0.83475882	0.56306553	0.82998741	-1.23781657	0.64510137	0.94719529	-0.46621311	0.76241952	-1.21483588	0.72261322	0.36337525	-0.23425126	-0.08241197	-0.03535356	0.57493430	0.12509835	0.66646791	-0.43181592	1.00829244	0.00999582	0.43837503	-0.10085064	-0.45848784	0.77955508	
0.00802500	 0.47269433 -2.14693484 -1.61634951  0.05548813 -0.02951896  0.02995993	   -6.09294278   -31.26049658 -1017.35761015   -66.24992678    -0.29550921     0.86462554	   8.39002145    7.92397469  -11.36915124   -1.07673863   20.52152820  -19.29398146   11.67198155 -106.83587599  -10.81905809 -126.10037500   24.14959757  -92.61289597	 0.03253837  0.14074376 -0.49539438  1.20456949 -0.67826774 -0.12471602  0.01912810  0.02290713 -0.30910634  0.81350174 -0.50281745 -0.03442140	 0.00032869  0.01060652 -1.11686787 -0.04616073  0.59718349  0.00646307  0.01304874 -0.03231486  0.27352256 -0.02023702 -0.27124491 -0.04882401	 0.00437307  0.02597822 -1.22272935 -0.03242045  0.60870048 -0.03851011  0.01195833 -0.01894077  0.30630215 -0.00319270 -0.29444313 -0.04349342	0.20780675 0.05884759 3.90454806	-0.04174209 -0.00289780 -0.01399030	-0.04180370 -0.00169976 -0.01429928	-0.00166119  0.00234996 -0.99999586	0.35000000	0.00000000	0.00000000	-0.78628814	0.55991423	0.81417876	-1.24047565	0.69945037	0.93616992	-0.45165977	0.76036453	-1.21845675	0.74781913	0.34082520	-0.25985083	-0.06095488	-0.04295748	0.53415942	0.11273114	0.66906166	-0.44333872	1.01796603	0.01364307	0.42226598	-0.10694189	-0.47893700	0.77168244	
0.00842400	 1.60131289 -0.56647719 -2.86074062 -0.00394739 -0.05236747  0.00851673	  -10.99781156   -34.21807656 -1002.52170240   -65.07492088    -4.63140444     0.78958370	   9.21904843   13.07060120  -10.78464628   -7.26986025   16.78725033  -21.62225807   11.85756855 -109.77498651  -12.67664999 -121.74253780   19.74986418  -90.57333958	 0.03256226  0.14085872 -0.50569049  1.20375760 -0.67261136 -0.12493064  0.01924602  0.02274253 -0.30639177  0.81351212 -0.50544786 -0.03497948	 0.01998144  0.00323965 -1.24297534 -0.14341405  0.69278845  0.01208354 -0.00553810 -0.00515123  0.33736419  0.00359211 -0.29973312 -0.07714150	 0.00312533  0.01118989 -1.21377970 -0.11345285  0.67710892 -0.02228692  0.01247553 -0.01821643  0.32269373  0.00093696 -0.31175060 -0.06721311	0.20976119 0.06090115 3.90364343	-0.04230179 -0.00504660 -0.01240913	-0.04200093 -0.00436461 -0.01290701	-0.00169641  0.00270592 -0.99999490	0.35000000	0.00000000	0.00000000	-0.78474879	0.54120421	0.84033257	-1.25279486	0.74186873	0.91776192	-0.42649576	0.75417423	-1.20328820	0.74672693	0.34975210	-0.27275506	-0.06646150	-0.06255113	0.53669107	0.10475246	0.65557885	-0.44700295	0.99311006	0.02473488	0.40589431	-0.11137822	-0.50916004	0.80036324	
0.00801700	-0.95200745  0.55080629 -2.50489012 -0.04557463 -0.11897816 -0.01363543	    2.33051481   -33.54637133 -1002.40394076   -65.39351334     3.95878688    -0.49395812	   7.26438077    9.49963173   -2.83425262   -3.58145254   17.55089065  -19.21559083   10.93910864 -114.02485871  -17.75460521 -125.90891087   28.95241615  -85.33990991	 0.03257493  0.14091125 -0.51503360  1.20230401 -0.66690168 -0.12504357  0.01936464  0.02253086 -0.30380013  0.81351320 -0.50796130 -0.03539185	 0.00259138  0.02174274 -1.21990955 -0.23246571  0.78218159  0.00613406  0.04121513 -0.04536229  0.36310830  0.00695313 -0.31310295 -0.02425459	 0.00279600  0.00794710 -1.16428066 -0.19417671  0.72168866 -0.01076749  0.01715388 -0.02874458  0.32646030  0.00170388 -0.31106077 -0.04524309	0.21129900 0.06329885 3.90273109	-0.04283428 -0.00714953 -0.01611930	-0.04266741 -0.00645206 -0.01480462	-0.00174605  0.00304679 -0.99999383	0.35000000	0.00000000	0.00000000	-0.78370887	0.51289672	0.85400695	-1.26607811	0.76730537	0.91641152	-0.45962867	0.77526706	-1.21945357	0.79065561	0.34943989	-0.24780720	-0.07730724	-0.07169649	0.54690629	0.09555895	0.62218022	-0.42565802	1.00035119	0.06135424	0.38211423	-0.11055786	-0.53407443	0.82854480	
0.00851200	-1.26310727  0.07402068 -3.02000022 -0.02835487 -0.14717649  0.00370492	    8.99530711   -36.15076782 -1003.58146008   -65.70085112     8.15804230    -4.52371956	   8.55462255    7.70941514   -2.14522828   -5.39324858   16.83151214  -19.77496910    5.91726355 -109.58844304  -20.61456798 -121.23848674   31.46254063  -91.48745084	 0.03257920  0.14091961 -0.52449623  1.19999706 -0.66046024 -0.12509960  0.01948851  0.02228113 -0.30104915  0.81350140 -0.51061379 -0.03571803	 0.00034339 -0.01477196 -0.98859394 -0.31013935  0.72537241 -0.00716730  0.03098732 -0.01809539  0.26876542 -0.02820379 -0.26948822 -0.03727533	 0.00304410  0.00070765 -1.10031112 -0.28666952  0.76454097 -0.00587900  0.01651550 -0.02867907  0.32068694 -0.00278295 -0.30826717 -0.04206821	0.21210665 0.06443467 3.90229353	-0.04610107 -0.00602309 -0.01309452	-0.04500776 -0.00641177 -0.01416248	-0.00180372  0.00342364 -0.99999251	0.35000000	0.00000000	0.00000000	-0.72779143	0.51477212	0.80307359	-1.24910212	0.79834342	0.90212679	-0.48133451	0.77899730	-1.20118666	0.80168498	0.35834903	-0.23857763	-0.04087569	-0.06074010	0.50064665	0.13063768	0.60848194	-0.42015296	1.01128340	0.09226157	0.40397352	-0.11652848	-0.54644084	0.83596045	
0.00801500	-0.91009870  1.10481185 -3.38051165 -0.06781380 -0.11181027 -0.00359209	  -4.96091516  -38.12269356 -993.47050160  -64.66802039    0.26974395   -3.18973951	   7.59649819    5.89013064   -4.11105135   -7.51020888   19.58391050  -16.96725209    8.20770570 -114.91362286  -15.87043853 -124.06303477   22.80820164  -88.15962756	 0.03257203  0.14093005 -0.53297107  1.19706001 -0.65399063 -0.12511792  0.01958130  0.02202732 -0.29840522  0.81350318 -0.51316201 -0.03604313	-0.01455942 -0.00874348 -0.95352914 -0.38802327  0.78704381 -0.01966160  0.00957924 -0.05473638  0.33006562 -0.02769468 -0.29827372 -0.01571819	-0.00070098  0.00051977 -1.04186439 -0.37732161  0.81359629 -0.00360012  0.01300982 -0.03514951  0.32913894 -0.00224693 -0.31673953 -0.03317151	0.21468185 0.06598494 3.90092485	-0.04667591 -0.00934036 -0.00921092	-0.04654048 -0.00815454 -0.01049544	-0.00186374  0.00379631 -0.99999106	0.35000000	0.00000000	0.00000000	-0.70225817	0.47845480	0.81448472	-1.24544954	0.84752762	0.88087702	-0.47658932	0.77318299	-1.21426654	0.83842576	0.36274466	-0.25560340	-0.04150502	-0.05636852	0.48302716	0.11634573	0.58903104	-0.45305029	1.00968742	0.11761057	0.38613722	-0.13415083	-0.55991268	0.84280944	
0.00800700	-0.30798767  1.00315014 -4.15064354 -0.06063359 -0.13415530 -0.02036351	   0.96249158  -41.37063031 -996.66338680  -65.05460780    3.51051024   -1.60013022	   9.46879026    5.20123351   -3.79444128  -11.41273256   16.62503640  -15.92567413   10.26704796 -111.88784361  -21.50893792 -118.80975181   27.66155577  -91.73084247	 0.03256728  0.14094124 -0.54096877  1.19327992 -0.64709739 -0.12511625  0.01965896  0.02175508 -0.29573434  0.81350566 -0.51576376 -0.03632174	-0.00494105 -0.00189842 -0.86363525 -0.47404110  0.81936930  0.00834853  0.02620421 -0.04036340  0.31149200 -0.02305969 -0.29026313 -0.03098930	-0.00201501  0.00267982 -0.98132317 -0.48377529  0.86135049  0.00136144  0.01281596 -0.03371246  0.33001629 -0.00132972 -0.32356502 -0.03684905	0.21592650 0.06769927 3.90055687	-0.04798607 -0.00641182 -0.01136193	-0.04751007 -0.00745894 -0.01058859	-0.00192969  0.00417431 -0.99998943	0.35000000	0.00000000	0.00000000	-0.66833031	0.47747746	0.78436530	-1.24647617	0.87881929	0.87576306	-0.48668224	0.78292054	-1.19449747	0.84776396	0.37261224	-0.24390820	-0.03467207	-0.06909578	0.45253801	0.12740776	0.56100768	-0.45347530	1.00477946	0.13991010	0.38712990	-0.13467827	-0.57980657	0.87130857	
0.00847000	-0.39372284  0.67477433 -4.06123370 -0.04969334 -0.13548800 -0.00507125	  -2.58396264  -39.40200867 -993.19249187  -64.83468610    4.44604020   -3.74623716	   7.29682413   -0.84049784   -2.79192002  -10.87940420   16.11466429  -15.76400752    7.43097352 -114.27869058  -17.75040012 -120.26114979   28.39912033  -88.64550054	 0.03257615  0.14091148 -0.54892479  1.18826696 -0.63943067 -0.12512895  0.01973230  0.02141599 -0.29287798  0.81351225 -0.51855096 -0.03667606	-0.00672888 -0.02129362 -0.88066283 -0.60742109  0.92307760  0.01075311 -0.01224083 -0.05599629  0.33926695  0.01077564 -0.34659023 -0.02928994	 0.00065590 -0.00383960 -0.92351864 -0.60701958  0.90904099 -0.00062563  0.00727480 -0.04257879  0.33739894  0.00159905 -0.33029104 -0.03662559	0.21823959 0.06993637 3.89973127	-0.04644958 -0.00751725 -0.00839485	-0.04698297 -0.00706927 -0.00942988	-0.00198683  0.00457677 -0.99998755	0.35000000	0.00000000	0.00000000	-0.65743876	0.44917953	0.79886919	-1.26826012	0.92861778	0.86757410	-0.47612363	0.78514928	-1.20861018	0.90252137	0.36859280	-0.25701499	-0.03946888	-0.05930457	0.44462726	0.11125220	0.53605270	-0.44875991	0.99802244	0.16644251	0.37188736	-0.14916338	-0.59957111	0.89996111	
0.00800100	-1.88823521  0.68209864 -4.43090685 -0.04818831 -0.19458373 -0.02591331	  10.62415664  -40.26785550 -995.78240768  -65.35396514   12.35687562   -2.58492275	   9.24101683   -0.84312564    3.58355274  -11.09965577   15.41406892  -15.41314942    9.79062065 -113.33807039  -24.15163691 -119.50432819   36.37617087  -89.88237607	 0.03256652  0.14082857 -0.55579908  1.18258469 -0.63191661 -0.12512789  0.01982559  0.02103599 -0.29018742  0.81350085 -0.52117057 -0.03686918	-0.01204199 -0.00979407 -0.76433936 -0.71553923  0.90693946  0.00884347  0.03970063 -0.06285488  0.29125781 -0.02505460 -0.32062969 -0.03398398	-0.00190047 -0.01225123 -0.84898815 -0.72748746  0.94595286  0.00049351  0.01391370 -0.05001469  0.33526146 -0.00312830 -0.32808362 -0.02520156	0.21961864 0.07282957 3.89957887	-0.04489462 -0.00636905 -0.01439218	-0.04540645 -0.00686688 -0.01207012	-0.00204480  0.00494143 -0.99998570	0.35000000	0.00000000	0.00000000	-0.62290782	0.44411561	0.76354444	-1.24970472	0.95368487	0.86559355	-0.50150859	0.80336607	-1.19245136	0.92273057	0.38919491	-0.22975838	-0.03202195	-0.06495801	0.42954621	0.12903121	0.50833344	-0.43940273	0.99747384	0.20387982	0.36552081	-0.15021776	-0.60932982	0.92119074	
0.00800000	-2.58012547 -0.68556949 -4.86633830 -0.00219393 -0.20152685  0.02185159	   5.74671659  -40.38449517 -992.12207425  -64.96681745    8.82869357   -7.65191165	   7.19280391   -5.58504513    5.00538749  -11.58514287   17.98183961  -13.67565086    2.84280737 -113.44676065  -22.78795823 -120.80941072   30.46754301  -88.74709594	 0.03258101  0.14065475 -0.56200273  1.17589847 -0.62409799 -0.12511902  0.01992557  0.02055784 -0.28746351  0.81350343 -0.52378693 -0.03698743	 0.00427356 -0.02608349 -0.68946172 -0.83204603  0.93784583  0.00779377  0.00994251 -0.06695833  0.32050953 -0.00357503 -0.32057867 -0.01352999	 0.00263816 -0.02668340 -0.76163816 -0.85139563  0.98368811  0.00224493  0.01292907 -0.06201845  0.34047406 -0.00170426 -0.32827382 -0.01338505	0.22214578 0.07599672 3.89917019	-0.03901376 -0.00815440 -0.00877921	-0.04103490 -0.00748905 -0.01083431	-0.00210185  0.00527767 -0.99998386	0.35000000	0.00000000	0.00000000	-0.58982527	0.40583605	0.76207608	-1.23997867	0.99672025	0.85577971	-0.51485896	0.80041564	-1.19056714	0.96894950	0.38519016	-0.23007661	-0.01779585	-0.05690059	0.41408414	0.12716216	0.50247705	-0.45163953	0.99150085	0.24224083	0.35931972	-0.15901582	-0.61809230	0.93926430	
0.00850100	-3.86927078 -1.42072998 -4.56899691  0.02382775 -0.22143454  0.01839955	  10.56630075  -39.56067562 -995.67672964  -65.27389818   10.56113891   -5.29076604	   7.20819630   -7.41069841    7.59827396   -8.94078471   18.40854102  -12.35013290    6.83525145 -111.91045284  -27.79872603 -123.53493658   32.65092400  -89.13711226	 0.03257339  0.14027831 -0.56782537  1.16767530 -0.61536016 -0.12512974  0.02000271  0.01992253 -0.28451474  0.81351634 -0.52662509 -0.03705261	-0.01849212 -0.06505156 -0.60106774 -0.97207158  0.97181573 -0.02073441  0.02272025 -0.04272131  0.34504818  0.01985310 -0.29864687 -0.00667917	-0.00033542 -0.05074490 -0.67136115 -0.98947652  1.03796093 -0.00103970  0.01205850 -0.07496905  0.34829578  0.00341598 -0.33452164 -0.00845719	0.22440500 0.08062249 3.89917234	-0.03193768 -0.00755013 -0.01129656	-0.03415948 -0.00778296 -0.01038142	-0.00217037  0.00557743 -0.99998209	0.35000000	0.00000000	0.00000000	-0.56241596	0.37752849	0.75734931	-1.23783219	1.02980852	0.84458166	-0.55021483	0.81627691	-1.19702566	0.98869354	0.39276987	-0.22384155	-0.00867581	-0.04802094	0.40069452	0.12100773	0.47924101	-0.43213058	0.97539258	0.28105524	0.36431593	-0.16967344	-0.61642683	0.96547896	
0.00802100	-4.69547260 -2.42295453 -2.84019450  0.05587772 -0.20327615  0.04800724	    9.56905912   -42.33439387 -1005.77914170   -66.00004438    11.98250675    -7.62959201	   6.05581308   -9.92905506    5.96254626   -1.77547826   17.94555683   -8.17602118    3.61397022 -114.36048484  -26.91921500 -128.69153145   34.55588230  -85.70220220	 0.03258070  0.13970928 -0.57261259  1.15905973 -0.60672634 -0.12513758  0.02008352  0.01916888 -0.28173179  0.81350107 -0.52932402 -0.03705904	 0.01600006 -0.09643314 -0.59551412 -1.13116486  1.10471106  0.00074788  0.00978039 -0.09235984  0.34115996 -0.02443723 -0.36582189  0.00346707	 0.00246753 -0.07567350 -0.58811617 -1.08332044  1.08021967 -0.00298041  0.01100764 -0.09464625  0.34710413 -0.00237980 -0.33731906 -0.00115255	0.22665431 0.08579871 3.89929203	-0.02209334 -0.00773203 -0.00823819	-0.02538709 -0.00763815 -0.00935914	-0.00223133  0.00579246 -0.99998073	0.35000000	0.00000000	0.00000000	-0.54111886	0.34218368	0.74689716	-1.25577307	1.06921709	0.83227092	-0.57742155	0.82151175	-1.23252296	1.04627454	0.36151183	-0.22037393	-0.02318349	-0.05158161	0.39860272	0.11021853	0.47170338	-0.40640858	0.96987551	0.31576756	0.34692162	-0.18271735	-0.64432859	0.97745067	
0.00800500	-6.59174349 -1.34524149 -3.63819995  0.02185915 -0.29955264  0.01777889	  22.74791562  -40.85766041 -998.97470978  -65.82171150   18.09387979   -9.09036697	   5.70970505   -5.62839937   15.93401460   -2.95958655   15.38973816   -8.09761200    2.70276891 -111.36627555  -33.84431112 -126.26085001   39.21014759  -89.57702589	 0.03258135  0.13891489 -0.57670304  1.14965707 -0.59781257 -0.12512398  0.02015851  0.01827878 -0.27891191  0.81351668 -0.53202480 -0.03706489	 0.02030749 -0.07641160 -0.43837933 -1.14727475  1.04267478 -0.00478899  0.02269157 -0.13942075  0.32814432  0.01400649 -0.29231213  0.02879858	 0.00260530 -0.09879558 -0.49752739 -1.18647508  1.11339113  0.00050647  0.01218892 -0.11468497  0.35159300  0.00186526 -0.33514119  0.00203681	0.22858106 0.09007347 3.89935660	-0.01700624 -0.00760850 -0.00996209	-0.01863861 -0.00766481 -0.00930857	-0.00229342  0.00594504 -0.99997970	0.35000000	0.00000000	0.00000000	-0.48967212	0.35637477	0.70522094	-1.23956645	1.08998942	0.85005414	-0.60516685	0.83532679	-1.19672012	1.06954539	0.37624896	-0.20004216	-0.00855508	-0.06801106	0.39113370	0.13324517	0.44594479	-0.41262668	0.96648073	0.37044948	0.32661626	-0.17647006	-0.64505780	0.98291838	
0.00843900	-5.59586838 -2.30470413 -4.27746592  0.05479657 -0.24982230  0.04885505	    8.89957989   -44.95605932 -1002.04265202   -65.72494139     9.71780277    -8.89950423	   5.13404159   -9.58178553   10.81491080   -6.74419465   19.12953387   -6.59334356    1.75826471 -108.46822119  -30.55093770 -128.34351978   30.37480491  -92.75091255	 0.03257780  0.13788672 -0.58020053  1.13872616 -0.58799751 -0.12513729  0.02021451  0.01729463 -0.27587858  0.81351348 -0.53496283 -0.03729103	-0.00960331 -0.10811651 -0.39603880 -1.40614122  1.25016338 -0.00103645 -0.00654388 -0.11308599  0.38756366  0.01024424 -0.38203529 -0.08348889	 0.00028269 -0.12401672 -0.40348111 -1.32527527  1.18245189 -0.00214030  0.00651993 -0.11748088  0.36399584  0.00137531 -0.35297642 -0.03816276	0.23185505 0.09466105 3.89962324	-0.01110716 -0.00834333 -0.00514018	-0.01295453 -0.00803319 -0.00662886	-0.00236070  0.00606297 -0.99997883	0.35000000	0.00000000	0.00000000	-0.48627508	0.33745348	0.70971107	-1.27513599	1.16257811	0.80935037	-0.59801507	0.81921816	-1.25246906	1.09978342	0.33918414	-0.22931615	-0.01334839	-0.07095806	0.36436090	0.12155662	0.43887222	-0.39321858	0.94678950	0.42163867	0.34732628	-0.20242903	-0.64510357	1.03617501	
0.00805700	-7.81353063 -2.11652858 -2.47768206  0.05079522 -0.33091858  0.02601948	   27.61447865   -38.52661980 -1001.79041937   -66.14791167    22.01510016    -9.99983559	   8.80740861   -7.68694073   17.38280329    3.79223318   11.43085805   -4.36995502    2.10717399 -110.89064503  -37.91990821 -130.23250329   43.66693175  -83.58017623	 0.03257040  0.13670056 -0.58270971  1.12758344 -0.57852939 -0.12512772  0.02026340  0.01626174 -0.27299494  0.81349895 -0.53774891 -0.03761050	-0.01725545 -0.17386081 -0.26226033 -1.32332366  1.10410159  0.01009726 -0.00834962 -0.15810179  0.33039302 -0.01995202 -0.32090660 -0.04781843	-0.00110950 -0.15137312 -0.30288144 -1.39680200  1.17851773  0.00077080  0.00650741 -0.13339050  0.35940102 -0.00335315 -0.34560808 -0.03495707	0.23351388 0.10002249 3.89968906	-0.00596288 -0.00627523 -0.00800482	-0.00768814 -0.00701408 -0.00698400	-0.00242067  0.00612997 -0.99997828	0.35000000	0.00000000	0.00000000	-0.43373916	0.33050460	0.66460234	-1.25111067	1.15208519	0.82495266	-0.64420807	0.85121912	-1.21894908	1.12741590	0.34875989	-0.22171521	0.00374627	-0.03534535	0.37389502	0.11256234	0.38479704	-0.38012239	0.95048589	0.43992910	0.30440384	-0.20334269	-0.64276409	0.98435837	
0.00846800	-7.21851935 -0.30325742 -4.70512199 -0.01376377 -0.29546379  0.01754479	  13.23448761  -42.39074685 -982.76768449  -64.55040062   13.16659780  -10.81255830	   7.84825462   -2.61815144   15.56734364   -6.33869906   19.85475111   -2.68236553    0.54738383 -109.70937133  -32.72098897 -128.96575665   32.37723845  -87.54739356	 0.03256709  0.13531371 -0.58450263  1.11490782 -0.56826452 -0.12513242  0.02030986  0.01505655 -0.26990886  0.81351512 -0.54073702 -0.03775875	-0.01413068 -0.19088940 -0.16361319 -1.61191619  1.28825185 -0.01980898  0.00718637 -0.14739909  0.36489558  0.01206411 -0.36538083 -0.01568108	-0.00219139 -0.16646952 -0.19200015 -1.51866721  1.22338491 -0.00158049  0.00375463 -0.14488250  0.36495437  0.00250107 -0.35416101 -0.01660964	0.23708441 0.10426375 3.89848628	-0.00376002 -0.00810268 -0.00429922	-0.00442841 -0.00742262 -0.00548046	-0.00247996  0.00616917 -0.99997790	0.35000000	0.00000000	0.00000000	-0.42574894	0.31650683	0.64860249	-1.25576913	1.22387016	0.78098559	-0.65860802	0.82449257	-1.26585579	1.15973699	0.31399280	-0.24638358	0.00529517	-0.05822012	0.36227071	0.11359008	0.40383589	-0.35632202	0.94411474	0.50519663	0.31630415	-0.22261773	-0.64472628	1.02643549	
0.00851800	-7.91504452 -1.14066272 -1.39378985  0.01795049 -0.31295457  0.01959524	   21.53379077   -44.02323892 -1004.91117445   -66.21500817    18.46618285   -11.38715359	   8.46457804   -4.35908622   17.30506002    7.31844707    9.81639435    1.60610254   -0.76414103 -111.17592931  -39.05365296 -134.21433699   40.08907869  -87.74490499	 0.03258038  0.13384236 -0.58544311  1.10139511 -0.55777697 -0.12513088  0.02033814  0.01375841 -0.26673561  0.81349113 -0.54378598 -0.03782215	-0.00037074 -0.14294141 -0.05708119 -1.48960333  1.13752992 -0.01953468 -0.01615873 -0.15881790  0.35591935  0.01355140 -0.32019316 -0.00061463	 0.00122648 -0.17330003 -0.09736135 -1.59428648  1.22568879 -0.00063493  0.00141166 -0.15458108  0.37185301 -0.00144535 -0.35554899 -0.00843140	0.23945153 0.10903351 3.89831794	-0.00169644 -0.00536519 -0.00196211	-0.00228159 -0.00675476 -0.00259784	-0.00254308  0.00619130 -0.99997760	0.35000000	0.00000000	0.00000000	-0.34222066	0.28176463	0.61135656	-1.21305418	1.20778823	0.82694459	-0.66799003	0.84753829	-1.22823250	1.15977013	0.34264943	-0.21777689	0.01010212	-0.03268671	0.35146457	0.11253458	0.35802680	-0.38269287	0.92301095	0.53344375	0.30446455	-0.22671658	-0.65568185	1.01422989	
0.00802700	-4.57920432 -3.31594623 -1.42541186  0.09226279 -0.15330700  0.05972669	    5.57267262   -43.46520709 -1023.76020527   -67.18305535    12.36382155    -5.49497733	   7.35555911  -12.67753413   16.20214609    0.16106823   17.68398374    2.51190701    1.82239658 -110.36392593  -35.43513730 -136.72167298   36.24750397  -88.68988669	 0.03258080  0.13226685 -0.58579895  1.08819299 -0.54785003 -0.12512446  0.02034704  0.01243995 -0.26379232  0.81340587 -0.54666445 -0.03782875	 0.02062540 -0.20714950 -0.03689297 -1.60529805  1.18044057  0.02456271 -0.02309987 -0.16346921  0.36802226 -0.01748552 -0.33243643  0.03203880	 0.00331639 -0.19961830 -0.03961111 -1.64132167  1.23304661  0.00182133 -0.00067173 -0.16454896  0.36367803 -0.01064567 -0.35510496  0.00116448	0.23933726 0.11520498 3.90046272	 0.00477509  0.00867404 -0.00082392	 0.00260603  0.00395829 -0.00117242	-0.00253059  0.00617962 -0.99997770	0.35000000	0.00000000	0.00000000	-0.31305856	0.27754569	0.61238128	-1.22150683	1.24712598	0.82202220	-0.68791032	0.84914678	-1.23079026	1.20758700	0.32780823	-0.22091389	0.02941511	-0.02871480	0.33602196	0.10106126	0.36205345	-0.37185436	0.91912675	0.55889487	0.27588162	-0.24052319	-0.64118326	1.01449049	
0.00846200	-6.40182352 -2.51213885 -0.21480531  0.06631029 -0.19296220  0.04635935	    6.87198516   -41.76040534 -1025.11307448   -67.36149106    14.44691455    -6.55157244	   5.81486779   -7.63128623   22.67491060    8.16178066   14.07904100    2.68688788    0.76395449 -106.96199679  -36.04027092 -136.49689427   39.34338292  -89.63924170	 0.03257877  0.13037568 -0.58581797  1.07371839 -0.53700754 -0.12512629  0.02035650  0.01091755 -0.26076184  0.81324018 -0.54969688 -0.03785699	 0.00291545 -0.21041844  0.00733128 -1.65629716  1.20622125  0.01596495 -0.00028894 -0.18864687  0.30728452 -0.02443377 -0.36133671 -0.01190141	 0.00066221 -0.22519713  0.00532541 -1.71390464  1.27909980  0.00129991  0.00053177 -0.18130920  0.35524543 -0.02116022 -0.35855403 -0.00358182	0.23984955 0.12043170 3.90217699	 0.00456185  0.01900117 -0.00032081	 0.00488130  0.01600600 -0.00045939	-0.00240580  0.00613430 -0.99997829	0.35000000	0.00000000	0.00000000	-0.26810828	0.27797291	0.57995778	-1.21055853	1.26978433	0.83071172	-0.68589729	0.85922229	-1.24265206	1.23039269	0.32430127	-0.22813767	0.02919126	-0.02986249	0.35137343	0.11096325	0.34183401	-0.35355970	0.90976232	0.60561705	0.26188919	-0.24545710	-0.64317775	1.01989627	
0.00850400	-7.16767226 -2.12658515 -1.45867886  0.05515442 -0.25092050  0.03997338	    4.86969954   -44.79040091 -1025.21282465   -67.32655203    13.28403137    -7.67448023	   8.44360578   -7.45015568   30.42163404    2.99017678   13.70515770    4.94927076   -2.59569731 -108.70482302  -34.91646478 -138.88564825   38.09683067  -88.50360537	 0.03258180  0.12836075 -0.58529246  1.05881864 -0.52605880 -0.12513819  0.02036886  0.00934955 -0.25766853  0.81295057 -0.55267566 -0.03785354	 0.01292400 -0.23470244  0.07507616 -1.67719720  1.20398555 -0.00581518  0.00930839 -0.19685122  0.35233461 -0.04658536 -0.31706340  0.00671981	 0.00245454 -0.24005513  0.07412061 -1.75969520  1.28398263 -0.00240629  0.00379240 -0.18643882  0.36443534 -0.03885178 -0.34993292 -0.00082032	0.24263352 0.12583751 3.90396555	 0.00534865  0.02070592 -0.00015855	 0.00504143  0.02030690 -0.00020369	-0.00223272  0.00609337 -0.99997894	0.35000000	0.00000000	0.00000000	-0.23087963	0.26846337	0.56285477	-1.17692900	1.28866208	0.83245808	-0.69483501	0.86727107	-1.22342527	1.25842750	0.33240801	-0.23128378	0.04369668	-0.02914924	0.35499734	0.09697709	0.33563706	-0.34987012	0.89716256	0.66086984	0.23764780	-0.25519159	-0.63493526	1.01306415	
0.00802300	-7.81993198 -1.82097618 -1.08532234  0.04587831 -0.25829326  0.03573887	    3.14833537   -45.37008690 -1013.68223127   -66.52047628    11.84303107    -7.85912067	   7.16929602   -6.13109356   29.66841688    6.81278971   13.13824674    8.23987327   -3.13776217 -106.83573079  -37.21576092 -136.59729451   35.68659630  -88.73086917	 0.03257674  0.12633230 -0.58414030  1.04429575 -0.51566345 -0.12511906  0.02035724  0.00783348 -0.25467127  0.81256903 -0.55547386 -0.03785897	 0.02212365 -0.27525025  0.15533222 -1.72693401  1.24159455  0.01211827 -0.00027782 -0.16071070  0.36873179 -0.04644110 -0.32169883  0.00333743	 0.00208457 -0.25422114  0.15090715 -1.80234317  1.28696245  0.00243732 -0.00089390 -0.18784524  0.37231062 -0.04775684 -0.34613700 -0.00121436	0.24537667 0.13071921 3.90451442	 0.00484595  0.02252847 -0.00010001	 0.00505404  0.02188505 -0.00010911	-0.00206027  0.00605161 -0.99997957	0.35000000	0.00000000	0.00000000	-0.19378743	0.23715751	0.54365891	-1.16731822	1.30487168	0.82450503	-0.71149164	0.87161571	-1.22803235	1.26227915	0.31669354	-0.23701546	0.05795697	-0.02650004	0.34605047	0.08301657	0.32555178	-0.33517095	0.88289970	0.70560521	0.23782578	-0.26261252	-0.63262868	1.01981783	
0.00800600	-8.52995453 -2.18534262  0.81901986  0.05951398 -0.25879706  0.04192181	    1.33651472   -49.97025427 -1036.50890809   -68.06723429    13.29267493    -7.95749685	   6.13023631   -7.05830204   29.77046974   13.48572469    9.47134821   10.28455617   -1.92001710 -111.43247843  -35.42158930 -141.28075853   39.84709096  -85.79960239	 0.03257049  0.12421780 -0.58243419  1.02949490 -0.50531603 -0.12513420  0.02037533  0.00624562 -0.25158737  0.81206080 -0.55826416 -0.03785711	-0.01575949 -0.26345015  0.24563638 -1.69636064  1.16045946 -0.01725211  0.02699108 -0.18299787  0.36617984 -0.04982988 -0.32579715 -0.00150928	-0.00108189 -0.26566398  0.22201334 -1.83368898  1.27707685 -0.00286718  0.00355543 -0.19706625  0.38433657 -0.06470597 -0.34493025 -0.00080985	0.24895529 0.13649685 3.90602252	 0.00669578  0.02131455 -0.00015916	 0.00604819  0.02179086 -0.00013931	-0.00188331  0.00600628 -0.99998019	0.35000000	0.00000000	0.00000000	-0.14438716	0.20755044	0.51394117	-1.12331188	1.30457902	0.83832508	-0.71977437	0.88645321	-1.22138214	1.28283191	0.32562822	-0.22116736	0.06008404	0.00012488	0.34652641	0.07830223	0.30109349	-0.32826775	0.87316155	0.74452072	0.22988886	-0.28390592	-0.63205254	0.99664819	
0.00844300	-8.21218862 -2.20200610  0.16559635  0.06118783 -0.23854992  0.04529904	   -1.73584744   -50.21920577 -1038.41817416   -68.19443234    13.24344699    -7.33433546	   8.37372844   -7.41765836   28.23224249    9.37352227   12.94398766   13.36582348   -4.30203859 -109.77639699  -35.15199308 -140.70725328   40.08701116  -86.43320823	 0.03256159  0.12182096 -0.58005206  1.01358839 -0.49441211 -0.12513813  0.02037205  0.00448000 -0.24812593  0.81130715 -0.56116186 -0.03785282	-0.04086613 -0.31493081  0.34342623 -2.03431504  1.39946466 -0.04196567  0.00876933 -0.20986813  0.46098062 -0.12868242 -0.35814472  0.00191911	-0.00440694 -0.28803948  0.29636393 -1.89563749  1.29779125 -0.00382950  0.00208154 -0.21029978  0.41293720 -0.09370180 -0.34180924  0.00107854	0.25288549 0.14268546 3.90812315	 0.00817195  0.02061006 -0.00011858	 0.00773041  0.02080283 -0.00013212	-0.00170615  0.00594214 -0.99998089	0.35000000	0.00000000	0.00000000	-0.18503621	0.20688877	0.49843565	-1.18434715	1.35385931	0.79101688	-0.74391437	0.89022148	-1.28447127	1.33270085	0.25325668	-0.24412170	0.05312495	-0.01372495	0.33700207	0.04911752	0.28121907	-0.27290988	0.86548930	0.81284326	0.24264985	-0.30172998	-0.62367547	1.04527152	
0.00802500	-11.21508002  -1.07677173   2.07251510   0.02535278  -0.31043896   0.02473091	   13.57804713   -49.35746110 -1010.35698665   -66.76256226    22.23731571   -11.12813438	  11.36650681   -1.85420911   31.41372046   25.59305625    7.15594346   15.77668592   -5.54793420 -105.99862909  -42.78049776 -129.89754012   45.41028482  -87.49566579	 0.03257992  0.11949385 -0.57736075  0.99860445 -0.48427814 -0.12512079  0.02036079  0.00277824 -0.24480659  0.81052681 -0.56387229 -0.03786470	 0.02006827 -0.28879889  0.32102942 -1.80841982  1.23527950  0.00244389 -0.00312931 -0.22629705  0.39957760 -0.09789108 -0.36211883 -0.03158694	 0.00330669 -0.28930694  0.33942395 -1.86522042  1.26264876  0.00253394 -0.00271633 -0.21319968  0.41304798 -0.09495945 -0.33995422 -0.00307184	0.25484967 0.14704974 3.90686133	 0.00332338  0.02325545 -0.00020345	 0.00498697  0.02232069 -0.00017585	-0.00153178  0.00589456 -0.99998145	0.35000000	0.00000000	0.00000000	-0.10013957	0.18972282	0.44493052	-1.15356016	1.32386792	0.84429801	-0.74225771	0.89389026	-1.22766995	1.31053746	0.28315821	-0.19801277	0.06887580	-0.02507454	0.34226444	0.06503849	0.26040447	-0.30597088	0.85982883	0.83988863	0.20858344	-0.29122052	-0.63068831	1.02864802	
0.00850600	-9.99490045 -1.76836892 -1.01297512  0.04940869 -0.31227189  0.04016646	    6.98814498   -53.58486959 -1027.30671860   -67.77898005    20.23737546   -10.18455361	   7.40294580   -7.03915766   36.56166716    7.00056322   13.84963133   16.05606709   -4.93784130 -110.12415051  -36.87025748 -138.00153702   44.92607778  -85.96070254	 0.03257747  0.11696980 -0.57397654  0.98273497 -0.47370523 -0.12513552  0.02037587  0.00095139 -0.24121542  0.80965651 -0.56672636 -0.03784972	 0.01637200 -0.30273643  0.41195656 -1.78285326  1.19162577 -0.02446540  0.01652567 -0.19507342  0.39645751 -0.09457678 -0.34220615  0.02553115	 0.00204944 -0.29931972  0.41087890 -1.86748565  1.24391713 -0.00206600  0.00142967 -0.21543532  0.42381468 -0.10642940 -0.33618266  0.00174367	0.25907622 0.15328904 3.90787088	 0.00538200  0.01993452 -0.00029957	 0.00446466  0.02121898 -0.00027016	-0.00134382  0.00586303 -0.99998191	0.35000000	0.00000000	0.00000000	-0.05934510	0.17911278	0.44162676	-1.08547282	1.33980668	0.84343171	-0.74286276	0.88885164	-1.19649172	1.33572865	0.30861005	-0.19071287	0.08778404	-0.00729720	0.33456069	0.04788700	0.25846118	-0.29612917	0.84882104	0.88403451	0.18401562	-0.31788415	-0.61070848	1.01548648	
0.00852100	-10.03288794  -2.38831464   1.55448896   0.07498673  -0.28810278   0.04823882	    2.38254151   -53.07490853 -1042.48179345   -68.66041118    17.95402937    -8.78824852	   6.07597031   -7.57742164   30.34314616   18.80192360    7.64936344   19.25757265   -4.02551080 -108.22424197  -39.09701283 -141.81934720   44.00020534  -86.41721892	 0.03257954  0.11431808 -0.56990308  0.96664381 -0.46324266 -0.12512877  0.02037311 -0.00096946 -0.23742338  0.80854875 -0.56955037 -0.03785331	 0.00180795 -0.26252311  0.45463635 -1.72081696  1.08211843 -0.00665140 -0.00084333 -0.21536651  0.39104994 -0.14738808 -0.30990808  0.00379686	 0.00302315 -0.31011423  0.48264800 -1.87442540  1.21459069 -0.00093719 -0.00005137 -0.22414141  0.44437268 -0.13474487 -0.33222003  0.00100740	0.26330649 0.15956221 3.90975441	 0.00543179  0.01914189 -0.00036575	 0.00547649  0.01935482 -0.00034516	-0.00117963  0.00581526 -0.99998240	0.35000000	0.00000000	0.00000000	-0.00203761	0.15981956	0.40666041	-1.05141103	1.32647240	0.86825681	-0.73102528	0.90460831	-1.18313718	1.33162630	0.29593423	-0.16911340	0.09687980	0.01797391	0.33430853	0.04755966	0.22673088	-0.31954661	0.82926780	0.90468144	0.18010499	-0.32614544	-0.60304427	0.99992359	
0.00845500	-9.91798690 -3.26642763  0.04393260  0.10562294 -0.28874521  0.06753105	   -5.14621459   -53.78244802 -1030.34430026   -67.67842352    13.20067123    -7.77208323	   7.10383121  -11.62699643   32.82344744   12.41772867   11.83804936   20.02988644   -2.57419659 -106.86057329  -38.49564146 -140.50647002   38.62340730  -85.30967271	 0.03257350  0.11148176 -0.56526650  0.95054153 -0.45296763 -0.12512792  0.02037664 -0.00298541 -0.23341360  0.80721454 -0.57234653 -0.03784821	 0.02225178 -0.38861214  0.61226226 -1.97050634  1.24092508 -0.00324152  0.01991589 -0.25645374  0.48128324 -0.18639088 -0.31777292  0.00611561	 0.00142059 -0.34137630  0.56493828 -1.91632337  1.22104627 -0.00091449  0.00124868 -0.24276597  0.47932765 -0.16235022 -0.33296673  0.00171116	0.26876139 0.16695135 3.91089160	 0.00979585  0.01585392 -0.00042959	 0.00832257  0.01698381 -0.00041469	-0.00102993  0.00575201 -0.99998293	0.35000000	0.00000000	0.00000000	-0.03291498	0.17340060	0.38436595	-1.10517764	1.36748922	0.81249899	-0.78591657	0.92393976	-1.22251582	1.39969206	0.21536259	-0.17985120	0.11198672	0.00415580	0.34033585	0.03747205	0.23525786	-0.25763381	0.82277298	0.97721940	0.17178024	-0.33644500	-0.57402480	1.00358820	
0.00802900	-11.47462437   0.64634819   1.81710666  -0.02395000  -0.30840973  -0.00182853	   1.54020979  -52.46564323 -996.73471089  -65.62683918   16.51712186  -10.11799097	   5.62129307    4.47337736   28.50368848   26.48992313    7.30548421   20.57377507   -6.09351749 -100.90836406  -44.38582818 -131.55829117   40.00879213  -86.46493948	 0.03256820  0.10877555 -0.56046285  0.93549061 -0.44346048 -0.12513139  0.02037361 -0.00487656 -0.22951962  0.80587619 -0.57504236 -0.03785542	 0.01666604 -0.33751689  0.64119422 -1.82291978  1.20051344  0.00545411 -0.01102360 -0.19765886  0.49930450 -0.16337183 -0.33211936 -0.01783048	-0.00003481 -0.33469998  0.60414268 -1.86634381  1.18268511 -0.00052964 -0.00077446 -0.23238575  0.48610249 -0.16518707 -0.33604107 -0.00005358	0.27192439 0.16973293 3.90831963	-0.00305205  0.01902466 -0.00050784	 0.00141773  0.01788307 -0.00048073	-0.00089305  0.00571968 -0.99998324	0.35000000	0.00000000	0.00000000	0.01553215	0.13336110	0.35947311	-1.07650256	1.33866727	0.83416301	-0.75641572	0.89303064	-1.19943452	1.34195912	0.21596608	-0.16843322	0.12287496	-0.01109710	0.33769393	0.03500285	0.19510120	-0.27238512	0.80541158	1.01369214	0.18346366	-0.32932806	-0.58133984	1.02964807	
0.00850500	-10.29361200  -1.29068852   2.04017279   0.06074075  -0.28626999   0.03135441	   -1.21900286   -63.20293095 -1037.13364721   -68.51673316    22.05747467    -9.15996406	   5.89734822  -10.47390562   28.84055246   20.58210072    6.71163574   24.31121665    0.22851417 -113.14408040  -38.51741153 -135.86828387   49.49995726  -81.30383766	 0.03256264  0.10592691 -0.55506443  0.91989759 -0.43374742 -0.12492401  0.02038708 -0.00691480 -0.22536373  0.80440036 -0.57789995 -0.03785005	-0.00499962 -0.30898357  0.61153277 -1.69097331  1.01125339  0.02652581  0.02576993 -0.20651457  0.44170163 -0.18461659 -0.30944756  0.01269493	-0.00166579 -0.33862750  0.64147629 -1.81972470  1.12881878  0.03252676  0.00245972 -0.24078842  0.48872938 -0.17699377 -0.33207812  0.00263620	0.27611405 0.17781580 3.90899105	 0.00384132  0.01854821 -0.00054450	 0.00133051  0.01880856 -0.00053350	-0.00073083  0.00572607 -0.99998334	0.35000000	0.00000000	0.00000000	0.06326130	0.10634741	0.33424962	-1.00718188	1.31500983	0.86962539	-0.75193530	0.91967291	-1.14048600	1.36187410	0.25933608	-0.11123251	0.13034917	0.03202587	0.31922925	0.00955676	0.18184370	-0.28266773	0.79776442	1.01404977	0.14359918	-0.35856485	-0.57432854	0.98230922	
0.00849600	-10.20952619  -1.27783999   1.45533773   0.06220963  -0.26554350   0.03454840	   -8.05424791   -58.11778075 -1039.86075791   -68.54432428    18.97402647    -7.41037437	   4.75995732   -8.92946765   28.04726543   18.58195087   10.33414923   24.17625248   -4.49233213 -105.27218819  -37.09808102 -138.71006626   46.49693879  -82.93755168	 0.03257353  0.10282455 -0.54924183  0.90453734 -0.42430734 -0.12423151  0.02037875 -0.00909324 -0.22099477  0.80273617 -0.58072541 -0.03785335	 0.01771143 -0.34829888  0.65450872 -1.68957811  1.03846246  0.10377846 -0.02065541 -0.25678497  0.48944926 -0.19757222 -0.32700124  0.01103472	 0.00259206 -0.36391184  0.69077759 -1.79561840  1.10318886  0.08903166 -0.00153422 -0.25721763  0.51579509 -0.20064835 -0.33106458  0.00167501	0.28144827 0.18475723 3.91019819	 0.00427970  0.01575862 -0.00046263	 0.00430285  0.01668100 -0.00048269	-0.00058462  0.00568681 -0.99998366	0.35000000	0.00000000	0.00000000	0.08087431	0.12378539	0.32345864	-1.03522837	1.32640135	0.87376612	-0.74971271	0.91788763	-1.14749658	1.39366341	0.20312856	-0.11652977	0.14952934	0.02151447	0.33230883	0.00012103	0.16748330	-0.26787814	0.79537362	1.05386662	0.10896470	-0.35504454	-0.55084717	0.98217356	
0.00800700	  -0.92373465   30.97786640 -194.45596378  -11.42730808  -32.03387480   -6.43914058	  11.73453958  -60.16249299 -950.73042342  -63.01882528   23.56432167  -11.02698558	   5.17054394   -4.28031948   27.96480956   16.57293515    9.22554380   20.52012037    1.01806644 -101.27674937  -41.61232847 -130.96955836   47.48315021  -83.48371601	 0.03256982  0.09982166 -0.54339664  0.89035269 -0.41552036 -0.12332777  0.02037935 -0.01117207 -0.21673317  0.80097239 -0.58334260 -0.03787186	 0.00723779 -0.40341817  0.74980577 -1.69654682  1.19527519  0.17106165 -0.02710547 -0.28341431  0.55802283 -0.26111827 -0.33360003 -0.00087265	 0.00186043 -0.37535588  0.73353600 -1.75099467  1.10655183  0.11916305 -0.00251742 -0.26136326  0.53393920 -0.22443239 -0.32716530 -0.00354205	0.28613754 0.18967361 3.91322752	 0.00723199  0.01444628 -0.00173295	 0.00308338  0.01625217 -0.00086929	-0.00045456  0.00566532 -0.99998385	0.35000000	0.00000000	0.00000000	0.05742937	0.14645703	0.31910437	-1.09957397	1.33236527	0.84400064	-0.75272077	0.91160107	-1.15000117	1.40842462	0.15141976	-0.13298920	0.16224334	0.00212489	0.32139406	-0.01534411	0.12875602	-0.23839182	0.78761637	1.10733676	0.09648518	-0.35292944	-0.52454257	0.99101162	
0.00848900	 -38.31240283   62.64123121 -361.25379075  -21.19387294  -58.00977321   -8.98633477	  30.95923423  -60.65333444 -858.21051587  -57.30893839   30.76581253  -13.78061573	   5.23253405    0.86109462   21.01078922   21.28146586   -0.21541018   18.77622510    2.30696031  -97.81462574  -40.12021419 -122.18598869   51.12263569  -80.47237408	 0.03257700  0.09640073 -0.53743709  0.87844292 -0.40441300 -0.12052784  0.02044887 -0.01354720 -0.21174225  0.79851913 -0.58584436 -0.03812432	 0.02663145 -0.39266207  0.64563268 -1.12522300  1.33200691  0.42212567  0.01516117 -0.28171756  0.59522894 -0.29637397 -0.24060446 -0.04186163	 0.00328526 -0.40590712  0.68422463 -1.32278433  1.33790783  0.36986073  0.00847096 -0.28245776  0.59729964 -0.30176417 -0.28616246 -0.03477470	0.29312730 0.19458933 3.92704585	 0.03020176 -0.00101884 -0.01234260	 0.02471536  0.00302368 -0.00927405	-0.00040899  0.00548119 -0.99998489	0.35000000	0.00000000	0.00000000	0.10320260	0.13084283	0.33470047	-1.09409797	1.27035701	0.88394070	-0.70542073	0.88093138	-1.06954622	1.38893366	0.14914624	-0.13070777	0.19377269	-0.02169120	0.28657401	-0.05761327	0.09124281	-0.26199120	0.80256921	1.11775577	0.05838415	-0.34200802	-0.52941978	0.93129051	
0.00802000	 -29.79991055   38.82897149 -285.30612687  -16.87898597  -45.72898959   -5.04300341	   9.81456681  -51.29057128 -884.87910330  -58.78858422   27.67949277   -7.55597475	   0.32435238   -0.16424407    5.04421651    3.09217793  -23.07081842   10.56265046    8.50578817  -91.61769748  -30.93403812 -123.48052046   52.10478812  -69.41618621	 0.03256824  0.09305547 -0.53252668  0.87027634 -0.39315741 -0.11669370  0.02059755 -0.01592313 -0.20660294  0.79555777 -0.58791469 -0.03834141	 0.00107062 -0.39866720  0.53131139 -0.81409617  1.25152300  0.45550350  0.01678419 -0.28487821  0.62846582 -0.37327804 -0.24306465 -0.00568928	 0.00057933 -0.41438318  0.59959361 -0.97833159  1.38684092  0.47330247  0.02049896 -0.29706375  0.64569787 -0.37929692 -0.25178347 -0.02156142	0.29726169 0.19856800 3.93692571	 0.03724996 -0.00275479 -0.02268851	 0.03531387 -0.00262003 -0.01937278	-0.00043327  0.00520318 -0.99998637	0.35000000	0.00000000	0.00000000	0.11578456	0.15607767	0.34389520	-1.05496860	1.21887898	0.89128476	-0.65596056	0.85467470	-0.97312838	1.37920368	0.12254763	-0.15074408	0.21725553	0.01038154	0.31283772	-0.07028402	0.01589247	-0.27666754	0.78504294	1.10079694	0.06356409	-0.36560717	-0.53249049	0.83202708	
0.00849900	 -15.37607420   21.78451782 -198.57878103  -11.78165297  -31.87351932   -2.88593514	  -3.52774371  -45.64417439 -901.79870106  -59.98450746   30.83330776   -2.49960518	   1.51881813   -0.43561062   -2.98188891   -2.79174430  -25.50479802   10.51694836   12.57969855  -83.70745254  -25.11851040 -113.62445885   57.26846123  -65.03150558	 0.03255980  0.08964441 -0.52788057  0.86364888 -0.38179118 -0.11272739  0.02083389 -0.01848415 -0.20085747  0.79173325 -0.58979766 -0.03844675	 0.00079796 -0.38843881  0.52951889 -0.68282085  1.29498395  0.45513530  0.02242985 -0.26446644  0.66690252 -0.48743058 -0.23672446 -0.00065071	-0.00086624 -0.39358043  0.53236833 -0.74399626  1.30702361  0.45340324  0.02982950 -0.29488246  0.67248853 -0.45520333 -0.21718185 -0.00857309	0.29945926 0.20129685 3.94338612	 0.03127928  0.00485130 -0.03344993	 0.03359021  0.00221283 -0.03021551	-0.00042896  0.00490472 -0.99998788	0.35000000	0.00000000	0.00000000	0.08635697	0.15940671	0.32195720	-1.06265521	1.17043352	0.88069057	-0.65462261	0.84509140	-0.96350694	1.35674858	0.08850431	-0.14524513	0.24852403	0.01932091	0.31612962	-0.09116941	-0.03543546	-0.26700714	0.80676395	1.11381078	0.09395532	-0.37423807	-0.51928782	0.82168597	
0.00845000	   0.45688714   10.66113611 -141.65298073   -8.50421845  -23.13217607   -1.96069735	  -8.29912325  -44.15237964 -913.36850627  -61.08887211   39.19872091   -1.56750506	   1.09277244   -2.32089879   -9.25132856   -0.25997413  -35.87284657   10.97177033   12.59843042  -80.68012452  -19.57374481 -101.75426009   65.97949040  -60.38911122	 0.03255521  0.08647088 -0.52377085  0.85861820 -0.37186325 -0.10934930  0.02115149 -0.02097428 -0.19499943  0.78747087 -0.59141504 -0.03850127	-0.01717176 -0.38976727  0.48555283 -0.53842793  1.11616747  0.36343813  0.01358770 -0.28823227  0.72181701 -0.56784632 -0.20306358 -0.00859884	-0.00292907 -0.37220422  0.47789244 -0.56858018  1.13993919  0.38888134  0.03642077 -0.29179427  0.69213888 -0.51139194 -0.19094737 -0.00542949	0.29948417 0.20304722 3.94604896	 0.01856051  0.01757050 -0.03942042	 0.02272910  0.01343928 -0.03769907	-0.00033439  0.00469302 -0.99998893	0.35000000	0.00000000	0.00000000	0.07033917	0.16528893	0.27662608	-1.05660427	1.10426891	0.89779907	-0.64883012	0.85536122	-0.91964918	1.33418512	0.07113511	-0.11834454	0.28542399	0.05631306	0.32679957	-0.09995452	-0.08880966	-0.27424726	0.82151586	1.11340535	0.11967751	-0.38624147	-0.51109099	0.77909160	
0.00801600	   3.80091685   17.39402173 -126.98049826   -7.39583429  -20.34048698   -3.11396644	  -6.66245803  -44.05611626 -883.27208255  -59.49820921   47.32908894   -1.48295849	  4.38570806   0.08410099  -9.66803151 -11.07869527 -28.21746826  15.52226207  12.60163593 -77.63430119 -14.10558696 -84.75103128  70.86436701 -58.82282734	 0.03256432  0.08374030 -0.52027762  0.85502518 -0.36413941 -0.10667281  0.02148884 -0.02320088 -0.18954840  0.78329894 -0.59277236 -0.03850951	-0.01395317 -0.34504898  0.44492815 -0.38307682  0.90374772  0.29069296  0.05713145 -0.26879816  0.66501539 -0.51420614 -0.15057201  0.00707837	-0.00066523 -0.34083508  0.43473448 -0.43687690  0.94696297  0.33159041  0.04369724 -0.27679642  0.67894483 -0.52284891 -0.16942574 -0.00172061	0.29829847 0.20344035 3.94512398	 0.00307170  0.02910139 -0.04158604	 0.00826811  0.02524369 -0.04091790	-0.00014610  0.00460893 -0.99998937	0.35000000	0.00000000	0.00000000	0.08552809	0.17399314	0.21488905	-0.99212772	1.06013572	0.91649950	-0.65642762	0.83456528	-0.86511111	1.27893829	0.10498444	-0.06901366	0.32728690	0.06497665	0.33475617	-0.09668975	-0.09457267	-0.30124834	0.85888183	1.11561322	0.11560929	-0.39568338	-0.49814329	0.75638354	
0.00852400	  10.40233190   20.11771037 -113.97287455   -6.51626017  -18.12977126   -3.86747881	 -15.88602453  -46.23940358 -897.77819665  -60.45726511   47.70352923   -3.20184756	  3.76309767  -4.30217248  -9.99962247 -18.19756705 -27.78034151  20.25178997   9.57098319 -78.47479773  -6.16614741 -86.84817928  72.34628427 -56.72474575	 0.03255839  0.08097622 -0.51677952  0.85194252 -0.35742861 -0.10377944  0.02179069 -0.02540529 -0.18379628  0.77877727 -0.59415886 -0.03852160	-0.02687350 -0.31303620  0.37619250 -0.31593468  0.65088248  0.32340636  0.01891788 -0.23711149  0.62777370 -0.49784666 -0.15609859  0.00170868	-0.00211803 -0.32679562  0.41175416 -0.35383509  0.75962934  0.34846451  0.03345684 -0.25709242  0.67642649 -0.53527021 -0.16208794 -0.00255915	0.29845498 0.20330448 3.94441767	-0.01155366  0.03579358 -0.03101324	-0.00701182  0.03380230 -0.03452873	 0.00013287  0.00464958 -0.99998918	0.35000000	0.00000000	0.00000000	0.11786911	0.16523527	0.18826473	-0.93929863	1.03849924	0.94901234	-0.62652093	0.83773196	-0.83090580	1.23837626	0.11718740	-0.06358557	0.35944587	0.11170135	0.33716518	-0.11483128	-0.10871097	-0.32868370	0.85523117	1.09620142	0.09486161	-0.39749396	-0.49190119	0.73011428	
0.00801500	   5.16713192   14.82301011 -116.44519559   -6.62443795  -18.26666629   -2.75440548	 -13.98360779  -48.91769855 -904.84472192  -61.06255865   50.71868432   -1.39470751	  6.24340352  -8.93439916  -4.17955263 -23.07169420 -19.78700539  18.21405539  13.00031231 -80.40162992  -7.35830052 -86.22862101  75.73034799 -55.60104203	 0.03256331  0.07838750 -0.51349181  0.84940648 -0.35233024 -0.10074667  0.02202374 -0.02740312 -0.17830028  0.77432591 -0.59538455 -0.03852872	 0.00118406 -0.34070287  0.38791750 -0.30032719  0.56338518  0.38906519  0.05249111 -0.23857679  0.67495451 -0.51636055 -0.13694319 -0.02858701	-0.00081301 -0.32518846  0.41036393 -0.31367091  0.61786344  0.38072284  0.02974823 -0.24614330  0.68544691 -0.55417374 -0.15107653 -0.00328483	0.29933665 0.20518974 3.94462975	-0.01824749  0.03851401 -0.02864096	-0.01627617  0.03770981 -0.02910277	 0.00043186  0.00477582 -0.99998850	0.35000000	0.00000000	0.00000000	0.11397620	0.16894720	0.18173745	-0.93430078	1.02365434	0.94875693	-0.64671457	0.84722656	-0.81276566	1.23829401	0.12230220	-0.03925533	0.39304280	0.12946796	0.33493578	-0.11192191	-0.11378644	-0.31390923	0.85341311	1.10734296	0.06448050	-0.38553703	-0.46869817	0.71385270	
0.00844900	   0.35038359   12.86762483 -126.51602599   -7.26395695  -19.79299103   -2.06356388	  -8.26972378  -48.86478395 -892.70094474  -60.46027798   55.02814053   -5.19769555	  4.20655998  -5.16618747  -4.60274790 -22.53235620 -18.83431122  15.10525391   8.53236263 -78.06595778  -8.88223761 -81.90775886  78.74299622 -52.07717663	 0.03257355  0.07566683 -0.50991208  0.84691082 -0.34790052 -0.09747720  0.02222612 -0.02950186 -0.17240595  0.76941055 -0.59662951 -0.03852383	 0.01034830 -0.32277234  0.41914941 -0.30941071  0.46785917  0.38950102  0.01988127 -0.26990942  0.71054864 -0.58159967 -0.15778695  0.01294653	 0.00255210 -0.32397576  0.42444329 -0.29415772  0.50713565  0.38313919  0.02184395 -0.24843805  0.70138620 -0.58477121 -0.14592989 -0.00082221	0.29954646 0.20594691 3.94464221	-0.02748650  0.04259112 -0.02333642	-0.02451189  0.04128330 -0.02512007	 0.00077564  0.00497084 -0.99998734	0.35000000	0.00000000	0.00000000	0.10398202	0.17029493	0.17024741	-0.93578219	1.00398123	0.95020264	-0.64051437	0.83122569	-0.79146403	1.23600197	0.10711214	-0.03401799	0.42072493	0.14864600	0.34048697	-0.11066478	-0.15466321	-0.32444540	0.85653615	1.11685061	0.05326365	-0.37481514	-0.46093467	0.70445508	
0.00853700	  -5.34874651   12.43238760 -133.25880265   -7.58088080  -20.63844251   -1.73523326	   1.57415151  -47.68914853 -871.61498684  -59.45254876   63.33848840   -3.18340186	  6.93408629  -9.04377565  -1.30912857 -24.71804021 -13.56439322  15.56026882  12.33542246 -75.84252977 -10.76942682 -71.16783150  84.30748022 -53.58368862	 0.03256537  0.07302940 -0.50630158  0.84460268 -0.34427787 -0.09434712  0.02244309 -0.03153047 -0.16648364  0.76441201 -0.59779788 -0.03851645	 0.00637601 -0.28235954  0.39166389 -0.25349051  0.33808818  0.34221511  0.02284351 -0.21525411  0.62908075 -0.50996489 -0.13548083  0.01143987	-0.00043682 -0.30879135  0.42448531 -0.27101498  0.41173724  0.36668814  0.02569635 -0.23586173  0.69069500 -0.58042791 -0.13608625  0.00076023	0.29860107 0.20819813 3.94342873	-0.03245491  0.04694642 -0.02877620	-0.03102810  0.04557853 -0.02691077	 0.00115591  0.00522979 -0.99998566	0.35000000	0.00000000	0.00000000	0.12683119	0.16967197	0.14122856	-0.89367127	0.98899037	0.96826714	-0.63033986	0.82302392	-0.75593805	1.20052707	0.16459325	0.00264312	0.44472021	0.17041954	0.33009967	-0.10691294	-0.17483658	-0.35054755	0.85621953	1.12349474	0.04934448	-0.37865379	-0.44551107	0.71735704	
0.00801300	  83.87721075   58.01081806 -316.16041071  -22.14276675   26.47409251   -0.76873705	  -0.76803320  -51.62924199 -845.37166788  -57.66525761   60.66109168   -2.82520320	  5.09215041 -16.11033058   0.69841740 -24.80967255 -14.46527660  19.70355029  10.69402125 -79.31493473  -4.92376196 -81.07491145  86.59045029 -49.33418983	 0.03257236  0.07041937 -0.50282241  0.84252643 -0.34165721 -0.09109554  0.02266175 -0.03349582 -0.16089549  0.75957721 -0.59882246 -0.03851963	 0.00707840 -0.33309618  0.42033298 -0.22718933  0.19786393  0.43724627  0.04013858 -0.24932273  0.64599333 -0.58641058 -0.11018451 -0.00435035	 0.00135523 -0.33281976  0.43422448 -0.25453293  0.29038427  0.42934602  0.02626733 -0.24666758  0.69649567 -0.60942787 -0.12164015  0.00072846	0.29434915 0.21120056 3.95123943	-0.02254616  0.05351309 -0.02227467	-0.02788835  0.04937733 -0.02581441	 0.00153960  0.00547169 -0.99998384	0.35000000	0.00000000	0.00000000	0.15107878	0.16083859	0.12488691	-0.87007391	0.97526306	0.98165286	-0.63684428	0.85017163	-0.73800319	1.22562528	0.14667572	0.00628994	0.47696543	0.20783679	0.32246149	-0.13464329	-0.17982873	-0.34983084	0.85768056	1.11611640	0.00498501	-0.37462586	-0.43742588	0.65952027	
0.00847600	 108.19609994   66.43461876 -373.11062308  -26.74164682   42.51260415   -5.16926115	   1.84828711  -47.97501576 -787.69936720  -53.85155048   59.79452231    3.10190518	  6.77636140  -8.54950893   1.88584732 -26.58097410  -8.49806220  13.94203083   9.30142279 -72.63674784  -5.66309604 -72.36741927  87.11152232 -48.04491866	 0.03257581  0.06713086 -0.49916379  0.84077951 -0.34146705 -0.08607855  0.02276080 -0.03577934 -0.15491908  0.75379187 -0.59941796 -0.03852743	 0.00727813 -0.40214958  0.42167637 -0.15506328 -0.11676657  0.68680712  0.01117237 -0.30995695  0.69796534 -0.69901775 -0.02679387 -0.02454803	 0.00277393 -0.39282364  0.42919935 -0.19729692 -0.02661514  0.61377989  0.00924688 -0.27403703  0.70474312 -0.69077945 -0.06061914 -0.00237716	0.28089836 0.21187195 3.96737023	-0.00705306  0.07309233 -0.01025740	-0.01129492  0.06753245 -0.01330718	 0.00208635  0.00558595 -0.99998222	0.35000000	0.00000000	0.00000000	0.16879238	0.20871817	0.11281910	-0.88250136	0.93964344	1.01015294	-0.63329375	0.84817177	-0.66009390	1.22003722	0.11840217	0.00136969	0.56390220	0.22215953	0.30743963	-0.13899736	-0.20196861	-0.38425007	0.89430499	1.08484709	-0.07737974	-0.33294868	-0.40754983	0.58030838	
0.00850800	  84.38638930   46.16159365 -362.73814406  -25.70692320   34.91344919   -2.53322133	  -6.61242077  -43.56423940 -739.87895663  -50.45751742   53.83284873    3.15194649	  9.82950418  -4.90756324   5.36351551 -27.40239224   3.41153177   3.36985673  11.63602007 -65.86604977   2.13134643 -64.13255841  89.43430817 -42.34547400	 0.03263608  0.06359969 -0.49547779  0.83935143 -0.34337227 -0.08060078  0.02281569 -0.03817381 -0.14890320  0.74742924 -0.59966200 -0.03853021	 0.04006919 -0.37544463  0.41458023 -0.15221727 -0.26574269  0.57893481  0.00826617 -0.26058129  0.66853776 -0.71161177 -0.00708600 -0.03195361	 0.01178384 -0.41268625  0.43396630 -0.16364801 -0.24789159  0.63324477  0.00572484 -0.28209219  0.71058341 -0.75495539 -0.02320393 -0.00315861	0.27208333 0.21215644 3.97551167	 0.00259634  0.07595603 -0.00661028	-0.00029293  0.07557755 -0.00758379	 0.00272995  0.00560057 -0.99998059	0.35000000	0.00000000	0.00000000	0.16188021	0.21418503	0.10921278	-0.81428838	0.90202916	1.00772834	-0.61791116	0.81007510	-0.64141613	1.21781802	0.16662198	0.00966393	0.61105239	0.26635888	0.33773351	-0.10785051	-0.22039929	-0.39114016	0.92000288	1.09806418	-0.07717572	-0.33935100	-0.37468651	0.57407773	
0.00848300	  51.66021049   29.47010405 -251.25239634  -17.61756423   22.25379598   -2.72133705	 -18.93640619  -44.13087187 -792.02049352  -53.71928793   52.14952807    4.55348502	  7.86671606 -10.25116751   6.41324266 -19.03379071   1.59923660  11.49277946  10.40880547 -65.31814575   3.46072719 -70.35807519  94.87164366 -34.77339596	 0.03270584  0.06004597 -0.49171166  0.83814826 -0.34645356 -0.07533931  0.02282782 -0.04065013 -0.14264918  0.74061597 -0.59973669 -0.03851276	-0.01395627 -0.39876376  0.46288529 -0.13238208 -0.41520460  0.62729585 -0.01050959 -0.28764304  0.79357459 -0.84744243 -0.00619277  0.00093985	 0.00923770 -0.41767847  0.44698215 -0.14131724 -0.37471997  0.62416813  0.00157077 -0.29100855  0.74535875 -0.81357365 -0.00623225  0.00260339	0.26901018 0.21380069 3.97712187	 0.00447535  0.06720748 -0.00440275	 0.00418060  0.07023014 -0.00503127	 0.00334162  0.00556487 -0.99997893	0.35000000	0.00000000	0.00000000	0.14924154	0.19758061	0.10504850	-0.82507408	0.86054891	1.02045083	-0.62880790	0.84672052	-0.65524971	1.21969962	0.12880513	-0.01231326	0.64646667	0.32374382	0.33586389	-0.16836981	-0.27336770	-0.40476659	0.94170582	1.08493149	-0.10137199	-0.32551211	-0.35194910	0.53415620	
0.00853100	  47.18645303   23.69546523 -261.32114235  -18.29100824   22.44076962    2.64635853	  -6.81390147  -38.43055463 -765.43422291  -52.37504243   61.00528689   -1.33199458	 13.91621302  -8.18243989   3.68507506 -19.70242082  11.88004515   6.07448646  12.11168446 -58.41089344  -2.77922220 -54.77736109 101.61157322 -34.59713268	 0.03280396  0.05650859 -0.48784385  0.83704512 -0.35008404 -0.07021231  0.02284913 -0.04311851 -0.13621087  0.73348881 -0.59961609 -0.03851250	 0.02619136 -0.37820555  0.43308019 -0.12618014 -0.40008665  0.53137612 -0.00399956 -0.26036046  0.73105460 -0.78467580  0.03066634  0.02903606	 0.01231222 -0.41127855  0.44925459 -0.12747377 -0.42561476  0.58991645  0.00309822 -0.28686893  0.75365850 -0.83523205  0.01636669  0.00294314	0.26332239 0.21437890 3.97706320	 0.00123581  0.06652381 -0.00583654	 0.00232967  0.06638785 -0.00523914	 0.00390163  0.00553945 -0.99997705	0.35000000	0.00000000	0.00000000	0.13853210	0.22553201	0.08287044	-0.81121945	0.83817273	1.00947666	-0.65084910	0.80555737	-0.65005100	1.20612013	0.15598485	0.01750649	0.67186391	0.33535296	0.34224012	-0.13660014	-0.29476270	-0.39830473	0.95851374	1.08757973	-0.09513088	-0.32480893	-0.33366686	0.55033207	
0.00849000	  29.25761555   18.71933846 -209.83482535  -14.37968082   13.47870911   -0.46896275	 -14.68687670  -40.40052730 -793.72306426  -54.12753223   59.46647153    1.05126995	  9.33817945 -10.83819517   7.03490028 -17.49767760   4.29270118  11.55436821   9.89814721 -59.13223171   1.69943431 -60.97253904 100.20588684 -31.39717683	 0.03291187  0.05311825 -0.48397479  0.83602920 -0.35393074 -0.06545174  0.02285371 -0.04554484 -0.12972720  0.72623447 -0.59938122 -0.03852722	 0.00821279 -0.40373474  0.47090800 -0.12446897 -0.47122187  0.55782124 -0.01191550 -0.28892606  0.76948605 -0.87401999 -0.00121324  0.00601686	 0.01317439 -0.39687950  0.45736539 -0.12017142 -0.45321761  0.55835595 -0.00061428 -0.28353005  0.76625964 -0.85639042  0.02731277 -0.00124593	0.26159647 0.21512637 3.97439312	-0.00555249  0.05630362 -0.00487544	-0.00334644  0.05976595 -0.00519164	 0.00442749  0.00555772 -0.99997475	0.35000000	0.00000000	0.00000000	0.13973545	0.21742694	0.06648012	-0.81282824	0.82703316	1.00696611	-0.64196318	0.82641149	-0.65675658	1.20891798	0.12443510	-0.00981307	0.69377220	0.36503318	0.34064972	-0.16421616	-0.31728441	-0.40781608	0.95687336	1.09383476	-0.11008805	-0.31479672	-0.33113495	0.51069301	
0.00846200	  31.17571738   24.66503736 -262.35946061  -17.90656328   15.01860991    1.66320310	   1.34843541  -38.73226715 -741.57146723  -51.00250953   64.97932755   -3.65340340	 12.86460668  -6.08445683   5.88077083 -22.81184387  11.62030390   6.42048334  10.66862654 -56.21400189  -7.00404399 -47.56342691 101.61380947 -30.16234943	 0.03300736  0.04981749 -0.48007926  0.83503556 -0.35780708 -0.06094177  0.02287712 -0.04790457 -0.12318762  0.71891296 -0.59906044 -0.03852671	 0.01414901 -0.44697584  0.50623202 -0.13375109 -0.47516107  0.52886971  0.02298172 -0.27624148  0.80264932 -0.95350639  0.04263775  0.00848331	 0.01346525 -0.38913128  0.45997763 -0.11849318 -0.45560314  0.52149779  0.00349875 -0.27787972  0.76895561 -0.86658391  0.03640307 -0.00028273	0.25613165 0.21488361 3.97212636	-0.01118552  0.05701857 -0.00663659	-0.00949831  0.05657562 -0.00601020	 0.00490240  0.00563193 -0.99997212	0.35000000	0.00000000	0.00000000	0.10784353	0.23651403	0.05368508	-0.81877881	0.80682319	0.96983808	-0.66652495	0.79246694	-0.62970847	1.19040155	0.11961652	0.01091536	0.73450065	0.36211249	0.32059634	-0.14525576	-0.34330356	-0.40742680	0.96954548	1.10472631	-0.11556935	-0.30174667	-0.31086850	0.49654248	
0.00803000	  24.10322946   30.20905524 -274.64467524  -18.56097635   12.39526202   -0.34511291	   9.84584183  -40.52530133 -701.27906874  -48.57518846   69.06945226   -5.67238271	 10.71270103  -2.32191387   7.76109884 -20.74009092   9.24131497   6.99870605   6.78872072 -56.47799408  -6.63181833 -37.23457035 101.33771896 -25.55455321	 0.03308581  0.04688539 -0.47653323  0.83419435 -0.36141817 -0.05716635  0.02289899 -0.05007946 -0.11716282  0.71220396 -0.59872738 -0.03853158	-0.00939295 -0.33462261  0.43713941 -0.08912197 -0.45303593  0.42630072  0.01773078 -0.26915468  0.73519983 -0.81119594  0.06356561 -0.01770577	 0.00890681 -0.36337094  0.43965146 -0.10287246 -0.45011747  0.46159047  0.00323324 -0.27196757  0.74896299 -0.83413920  0.04087174 -0.00263932	0.25040261 0.21398795 3.96733714	-0.01562414  0.05673182 -0.00533915	-0.01419640  0.05688106 -0.00574300	 0.00535831  0.00574108 -0.99996916	0.35000000	0.00000000	0.00000000	0.10285169	0.21321459	0.03689973	-0.77992415	0.79441786	0.96758384	-0.64073628	0.75972110	-0.61987334	1.16464734	0.15732135	0.01759282	0.72656786	0.37688524	0.32859635	-0.13655880	-0.36724040	-0.43898478	0.96915758	1.11254859	-0.10571933	-0.30264586	-0.32522926	0.50952613	
0.00850300	  16.31358673   30.28388531 -262.86758209  -17.36009926    7.06031686    0.96912040	   6.17133808  -37.13900315 -714.40067962  -49.26933402   66.51153617   -5.23902196	 11.90058488 -12.53984424  12.19709305 -27.33436778   6.20946016  13.03632732   9.41653514 -52.52716184  -5.45021273 -45.25624543  99.50655019 -20.85341349	 0.03318083  0.04378866 -0.47281907  0.83336481 -0.36516685 -0.05320151  0.02292103 -0.05237289 -0.11088896  0.70528062 -0.59845545 -0.03852874	 0.01661325 -0.33738195  0.40338383 -0.08720004 -0.41636006  0.46049255  0.02702687 -0.28521040  0.72263206 -0.79827647  0.01656130 -0.00855579	 0.01164846 -0.36319856  0.43524666 -0.09984477 -0.43749993  0.47447894  0.00497097 -0.27151571  0.73750739 -0.81178984  0.02991323 -0.00209588	0.24705828 0.21467526 3.96251171	-0.01678747  0.05096735 -0.00628952	-0.01647237  0.05287805 -0.00597179	 0.00581729  0.00588098 -0.99996579	0.35000000	0.00000000	0.00000000	0.11491938	0.20796078	0.02775703	-0.76990020	0.79793531	0.96377796	-0.65541416	0.76517922	-0.61729223	1.18255448	0.15484980	0.01243592	0.72426164	0.38343495	0.34457833	-0.15795909	-0.38079819	-0.45685533	0.96145338	1.12127531	-0.13237093	-0.29851556	-0.32232824	0.49339026	
0.00800300	   8.58020363   28.54810970 -297.89889807  -19.46342959    2.42526855   -1.49546438	  17.30906110  -30.14659455 -689.29499224  -47.71888141   69.17361387   -5.92298307	  9.36684915 -10.67364731  14.24346540 -30.16326101   3.37910577   7.61870527   7.08040272 -45.33989382 -11.43278315 -42.44047822 100.37682080 -19.18499620	 0.03324013  0.04082652 -0.46924392  0.83245352 -0.36856653 -0.04918642  0.02292517 -0.05449828 -0.10499777  0.69882520 -0.59821469 -0.03852254	 0.01237091 -0.36564376  0.43058926 -0.12910306 -0.40820421  0.51574378  0.00524237 -0.24515191  0.71605288 -0.79253964  0.02944113  0.00919328	 0.00722115 -0.36732439  0.44520628 -0.11450027 -0.42207485  0.50064661  0.00069934 -0.26424409  0.73275833 -0.80319959  0.02895294  0.00042781	0.24334123 0.21366172 3.95892637	-0.02098684  0.04823560 -0.00519419	-0.01959110  0.04909874 -0.00552564	 0.00621150  0.00603205 -0.99996252	0.35000000	0.00000000	0.00000000	0.10442038	0.21706021	0.02862449	-0.77756089	0.79360002	0.95006859	-0.65283585	0.74696237	-0.59467030	1.18231678	0.13614856	0.00055750	0.75065124	0.38822541	0.34350535	-0.14652924	-0.41668791	-0.45596334	0.94935960	1.13060236	-0.13539869	-0.27349848	-0.31464249	0.49138421	
0.00846000	   4.37849079   22.18123546 -312.01561852  -20.47173570    2.12940765   -2.32207749	  20.97571825  -30.45107144 -675.70198368  -46.86523644   70.25999242   -6.15928256	  8.80010938 -12.41015229  15.64955359 -26.01874310   3.76477899   3.61627635   8.95244110 -47.94008708 -12.54420720 -39.82297069  99.74432015 -15.29036398	 0.03329919  0.03775033 -0.46549545  0.83155464 -0.37210409 -0.04510438  0.02294320 -0.05678092 -0.09879271  0.69209344 -0.59798941 -0.03844900	 0.00811069 -0.37688363  0.46630317 -0.10929190 -0.43037180  0.48938690  0.00673317 -0.28898565  0.78323204 -0.82704312  0.03456950  0.01920878	 0.00675296 -0.36451019  0.44556405 -0.10455469 -0.41789686  0.47833885  0.00166424 -0.27434409  0.73581920 -0.79679596  0.02633197  0.01128618	0.23935895 0.21378194 3.95476495	-0.01897893  0.04447596 -0.00492083	-0.01976008  0.04569259 -0.00500150	 0.00660501  0.00620542 -0.99995893	0.35000000	0.00000000	0.00000000	0.08576041	0.20168115	0.03289679	-0.79095244	0.77505279	0.93575341	-0.66456693	0.73687619	-0.57997912	1.20305407	0.13655952	0.01492166	0.76854461	0.40308103	0.33666506	-0.13952035	-0.44264600	-0.46685925	0.95445508	1.15241766	-0.14701238	-0.26470721	-0.30236578	0.46398699	
0.00802800	   6.83540452   31.04128325 -353.94799482  -23.26003013    3.84638941   -2.19404905	  34.46947602  -27.03924244 -631.29505236  -44.25976292   76.37554708   -7.40823413	  9.59883786  -9.33620569  15.30580783 -30.82656837   7.86124371   3.27622166   8.04848970 -40.24429798 -16.13626859 -28.91322334 102.88914514 -13.80521642	 0.03336029  0.03490763 -0.46208647  0.83079807 -0.37535887 -0.04159777  0.02295905 -0.05893160 -0.09308724  0.68597750 -0.59783919 -0.03830078	 0.00880375 -0.32123314  0.42922750 -0.08211316 -0.39230509  0.40485634 -0.00134521 -0.23349545  0.70945916 -0.72136926 -0.00074613 -0.00560665	 0.00914013 -0.35336832  0.42514896 -0.09316810 -0.40385855  0.43449854  0.00224864 -0.26715942  0.71077997 -0.75838834  0.01674124  0.01451184	0.23285995 0.21251051 3.95100426	-0.01990542  0.04698089 -0.00765602	-0.01960012  0.04602552 -0.00669228	 0.00696766  0.00636018 -0.99995550	0.35000000	0.00000000	0.00000000	0.09121060	0.19900553	0.01013298	-0.76786244	0.76728827	0.93161947	-0.65834099	0.69076598	-0.57005852	1.17443013	0.17385127	0.02900098	0.76222581	0.39715892	0.33787480	-0.12509516	-0.47020352	-0.48771921	0.96212858	1.16734064	-0.13655522	-0.26501918	-0.30638936	0.49369660	
0.00850700	  -1.65404434   31.99526856 -336.89710644  -21.82612835   -0.57928876   -3.74259247	  37.88029208  -16.64546502 -634.77214834  -44.43336275   80.10518863   -7.17757768	  7.45021464 -14.95540321  19.55296233 -30.93617146   2.29563683   8.53320983   8.71197714 -41.72725284 -13.14525232 -33.46211125 107.35870171  -7.29995564	 0.03342445  0.03187325 -0.45859906  0.83010095 -0.37872607 -0.03781215  0.02299729 -0.06128733 -0.08724152  0.67969528 -0.59765716 -0.03789343	 0.01675556 -0.34719039  0.38614040 -0.08235886 -0.37205375  0.42765967 -0.00384956 -0.26735223  0.62386770 -0.66156242  0.00629762  0.10493298	 0.00751669 -0.35828819  0.40983861 -0.08339446 -0.39325355  0.45356073  0.00359870 -0.28216270  0.68373806 -0.73333487  0.02100803  0.06625820	0.22746989 0.21251060 3.94603404	-0.01848154  0.04497259 -0.00968580	-0.01905475  0.04578823 -0.00908637	 0.00736176  0.00652575 -0.99995161	0.35000000	0.00000000	0.00000000	0.11060850	0.20185412	-0.01625674	-0.76829237	0.77046496	0.94121802	-0.67570692	0.70328879	-0.56424737	1.21573639	0.16356565	0.01992609	0.75980937	0.41003513	0.35872805	-0.15033302	-0.48701066	-0.49265894	0.96952873	1.16920519	-0.17505118	-0.25293905	-0.31411281	0.45511696	
0.00801200	  -5.30510553   34.98032579 -384.68566812  -24.80829454   -3.98701757   -4.95160085	  38.70002209  -21.58092035 -610.91741596  -42.90139308   76.61370522   -7.17590478	  6.54401542 -10.39505938  22.27346337 -38.59756583   1.02788685   3.16692689   7.81544344 -33.91972780 -13.35143119 -31.61276416 100.55466199 -12.04665522	 0.03350908  0.02899008 -0.45532794  0.82945681 -0.38183916 -0.03399862  0.02304705 -0.06357022 -0.08174698  0.67382065 -0.59749321 -0.03713407	 0.02530427 -0.34547639  0.40769744 -0.08742666 -0.36840977  0.45752469  0.00168478 -0.27271956  0.65186752 -0.73125327  0.01703744  0.08789269	 0.01224833 -0.35896086  0.40775682 -0.08314020 -0.38598443  0.47375442  0.00422126 -0.28444798  0.68127901 -0.72955126  0.01937610  0.08918110	0.22389287 0.21039271 3.94281099	-0.02073867  0.03828616 -0.00946149	-0.01997867  0.04055388 -0.00955167	 0.00769466  0.00668203 -0.99994807	0.35000000	0.00000000	0.00000000	0.12067780	0.22314309	-0.03037068	-0.77543747	0.77951056	0.93857664	-0.65695459	0.67827445	-0.53295571	1.22209823	0.15741569	0.01480424	0.78239858	0.38580590	0.35249975	-0.12979648	-0.50000876	-0.52522397	0.96606171	1.20311856	-0.17418265	-0.22915222	-0.31003097	0.45512950	
0.00847500	  -8.29933723   34.71952334 -407.91885886  -26.28637097   -5.12296607   -6.51191766	  49.91779081  -17.00689712 -573.73263350  -40.65494082   81.42428137   -7.70086825	  5.07394762 -11.98385760  21.00515173 -37.99770088   1.18094448   1.61186617   7.45207852 -32.89866853 -18.13400412 -21.14573562  99.49653339  -7.63903944	 0.03356585  0.02594470 -0.45185855  0.82883639 -0.38512826 -0.02994460  0.02309616 -0.06595530 -0.07599006  0.66780773 -0.59739107 -0.03632827	 0.02080432 -0.36520431  0.41975999 -0.05985903 -0.41522185  0.49071664 -0.00818012 -0.27175842  0.70067061 -0.74482344  0.03246485  0.12185760	 0.00680230 -0.35977037  0.40624475 -0.06964007 -0.38628072  0.47718037  0.00452026 -0.28218395  0.67243912 -0.70333693  0.01107730  0.09917061	0.21791929 0.20847218 3.93837358	-0.01889370  0.03706662 -0.00945646	-0.01957573  0.03733289 -0.00931513	 0.00801067  0.00685319 -0.99994443	0.35000000	0.00000000	0.00000000	0.11105376	0.21905631	-0.05197781	-0.81266993	0.77419746	0.94272673	-0.67478013	0.66699034	-0.50506508	1.24779868	0.14060822	0.03594305	0.79371637	0.37366623	0.34272838	-0.13440979	-0.53456134	-0.56551188	0.98267031	1.21863878	-0.18215343	-0.19837426	-0.31084198	0.43857512	
0.00850500	  -2.89671596   37.43312678 -450.98789431  -29.37447790   -0.35726336   -7.10975225	  46.87282753  -11.72453480 -546.94348318  -38.85971463   80.11352559   -5.19032018	  4.85122932 -10.22044972  22.54290283 -40.78166507   8.04294540  -1.89448496   8.04031467 -27.30721658 -17.71469994 -14.33573002 102.82474387  -5.40693922	 0.03364305  0.02292882 -0.44854900  0.82833783 -0.38835807 -0.02598267  0.02311527 -0.06838744 -0.07052801  0.66222847 -0.59731215 -0.03539530	-0.01848226 -0.32474827  0.38402284 -0.02941756 -0.36091410  0.44024342  0.00083272 -0.27804869  0.62042181 -0.63615826  0.03614690  0.10518763	 0.00753350 -0.35269874  0.38669151 -0.05328502 -0.37791306  0.46112945  0.00041452 -0.28501867  0.63662310 -0.64593854  0.01437808  0.11190968	0.21127101 0.20562895 3.93483096	-0.01824801  0.03408404 -0.01316039	-0.01844830  0.03507041 -0.01198900	 0.00831305  0.00701099 -0.99994087	0.35000000	0.00000000	0.00000000	0.13963680	0.22627553	-0.08608166	-0.83117449	0.79448026	0.95301110	-0.68706894	0.63080835	-0.49977678	1.28609121	0.16117266	0.04714563	0.78290665	0.36093572	0.34636992	-0.13206324	-0.58458388	-0.59298235	1.00308621	1.28497124	-0.19316605	-0.17098826	-0.30468857	0.47949222	
0.00802000	  -7.08964028   44.86252071 -471.26589672  -30.36670812   -4.51328201   -6.57559865	  43.57607576   -0.87246983 -518.88724066  -36.75586285   76.16406116   -3.23813962	  5.85829349 -12.21980777  25.75571521 -48.77837574   3.77922156   1.77410525   7.03842967 -21.53445691 -16.45778477 -12.71032620  98.95538807   0.04851782	 0.03376934  0.02011611 -0.44545963  0.82791330 -0.39131158 -0.02220473  0.02313179 -0.07069880 -0.06569911  0.65748335 -0.59715169 -0.03419638	 0.00084299 -0.29959194  0.34910147 -0.06449111 -0.34744987  0.45596000  0.00012766 -0.25867494  0.55405491 -0.51982010  0.05674686  0.14210705	 0.01542227 -0.34734803  0.38517991 -0.05399750 -0.36565047  0.47878247 -0.00003125 -0.28654193  0.59731186 -0.58073471  0.02515514  0.15615645	0.20668960 0.20280308 3.93088485	-0.01909309  0.02634203 -0.02206339	-0.01882712  0.02897194 -0.01906222	 0.00855431  0.00716130 -0.99993777	0.35000000	0.00000000	0.00000000	0.27147269	0.12341490	-0.13518175	-0.65080762	0.68130887	0.84724140	-0.72808945	0.58429575	-0.34632510	1.26637328	0.20415238	0.02581004	0.78739715	0.41883144	0.27147532	-0.21955290	-0.68326437	-0.61068219	0.88724995	1.56746209	-0.26816237	-0.08255420	-0.19769213	0.54649740	
0.00847100	 -20.12489155   70.38548688 -555.62528229  -35.13980243  -13.70385434  -18.14947709	  29.01365634   38.54830202 -382.96010774  -26.86083392   56.79625512    3.90162249	 -7.16374965  -7.60995525  33.34708731 -64.26258262  -1.80359218   6.22977181   4.40719482   0.14400163 -23.77022950  15.91561374  76.69683015  18.78956643	 0.03393900  0.01705631 -0.44202524  0.82736273 -0.39442452 -0.01725647  0.02312966 -0.07324240 -0.06111374  0.65347736 -0.59685366 -0.03195096	 0.03284604 -0.37540621  0.41538814 -0.07645239 -0.35760824  0.66759310  0.00343144 -0.30056981  0.48512783 -0.38652388  0.03030916  0.33640391	 0.02001917 -0.36046978  0.41079326 -0.06922079 -0.36522649  0.61580541 -0.00136532 -0.30154058  0.52223053 -0.43729022  0.03925966  0.29524826	0.20411299 0.19392311 3.92090366	-0.03199856  0.00819378 -0.02098618	-0.02787880  0.01407273 -0.02148800	 0.00870052  0.00737819 -0.99993493	0.35000000	0.00000000	0.00000000	0.29322028	-0.02802748	-0.27238700	-0.30856296	0.38813049	0.59890354	-0.95830965	0.50558221	0.02602782	1.31237173	0.24587482	-0.08478919	0.80646628	0.36293042	0.14925109	-0.41989768	-0.80485463	-0.70806652	0.60530066	1.93634784	-0.39251643	0.17505595	0.10947782	0.57861817	
0.00800800	 -38.11482629   90.84160938 -819.75252823  -44.63691984  -33.05648357  -29.94977383	  19.50458438   93.58642030 -126.31954197   -8.55810063   20.09454107   12.71149088	-18.70752701  11.74026212  33.08937743 -97.36167857 -12.18031673  -7.03647286   1.28730213  44.99264503 -46.11374901  76.61595052  29.94878331  42.49081242	 0.03405191  0.01427153 -0.43866358  0.82678862 -0.39739590 -0.01131272  0.02313954 -0.07559016 -0.05797311  0.65196572 -0.59637600 -0.02828791	 0.02289515 -0.34004280  0.40649016 -0.04586705 -0.38906338  0.80147026  0.00678527 -0.30536030  0.26574184 -0.00378703  0.09319301  0.59226466	 0.01526867 -0.33919719  0.41707632 -0.06706265 -0.37427528  0.75499349  0.00101433 -0.28963513  0.35360269 -0.12944810  0.06265830  0.48811995	0.20019145 0.17320615 3.90926948	-0.06688997 -0.00479630 -0.01418134	-0.05574140 -0.00031508 -0.01659287	 0.00870815  0.00777467 -0.99993186	0.35000000	0.00000000	0.00000000	0.24689183	-0.07731447	-0.37899035	-0.07183676	0.22629991	0.34305274	-1.08036685	0.29861587	0.36760330	1.30816412	0.30787870	-0.09595350	0.87103647	0.17056459	0.20264103	-0.45075619	-0.92498213	-0.96127546	0.50224084	2.17712235	-0.43512335	0.35308355	0.26272160	0.54402238	
0.00801000	  -42.68692737    19.53600254 -1063.25934344   -26.24649723   -51.04039865   -23.02726280	 15.73237936  95.87326599 -74.57234428  -5.69947717  13.36773548  11.50740365	 -17.30590003   -0.63714653   28.23269709 -125.14309743  -23.08388525  -14.76509038    7.05372530   55.96505141  -54.55279806   90.62307152  -11.23240435   47.83327806	 0.03409833  0.01200255 -0.43527469  0.82645071 -0.40047343 -0.00625758  0.02313091 -0.07781036 -0.05660102  0.65389374 -0.59612754 -0.02258209	-0.00816590 -0.27573280  0.43844716 -0.03509622 -0.40928362  0.50223487 -0.03405152 -0.28757558  0.05156907  0.47469982 -0.00789754  0.87046668	 0.00508770 -0.27526994  0.42329612 -0.03661716 -0.38652346  0.58437901 -0.00369286 -0.27640545  0.13929549  0.30453979  0.01420066  0.76045251	0.19957545 0.15671016 3.91350331	-0.06651744 -0.03195876 -0.00803526	-0.06607495 -0.02302902 -0.00979901	 0.00855702  0.00831187 -0.99992884	0.35000000	0.00000000	0.00000000	0.23207757	-0.11365883	-0.38270956	0.00161686	0.24098301	0.16610402	-1.09871352	0.18301111	0.48694313	1.30144429	0.40691304	-0.07115693	0.88007075	0.11888273	0.22359811	-0.42679185	-1.00875378	-1.15347278	0.41878873	2.31235409	-0.40687063	0.33641538	0.31311789	0.54006749	
0.00847500	  -41.96793656    12.99173082 -1074.45473617   -14.15172943   -56.85474366   -19.70367375	 15.20023018  61.88009665 -31.57519308  -3.19966018   6.69311802   5.39532909	 -14.81363493   -5.06657115   16.92868462 -130.11155275  -25.09366764    3.02095864   16.01716921   61.69004822  -62.83869630   85.14776596  -20.23284557   36.46480158	 0.03412949  0.01007534 -0.43165645  0.82631395 -0.40383536 -0.00272181  0.02333183 -0.07991915 -0.05710539  0.65985204 -0.59697410 -0.01439675	-0.00541509 -0.22037379  0.43444958  0.01600399 -0.41308669  0.38195886  0.05425560 -0.23090048 -0.16273060  0.97382540 -0.17303684  1.09246401	 0.00210072 -0.22597205  0.42402186 -0.01282057 -0.39540296  0.39936896  0.03350904 -0.23859564 -0.10028409  0.78124703 -0.12497675  0.98868194	0.19586487 0.14165056 3.91786930	-0.05858091 -0.03946649 -0.00511236	-0.06268917 -0.03749943 -0.00592710	 0.00823975  0.00885755 -0.99992682	0.35000000	0.00000000	0.00000000	0.30722874	-0.13227479	-0.43374392	0.00066053	0.24909717	0.12732483	-1.12815464	0.14519371	0.48443550	1.23402667	0.43764678	-0.01732946	0.85890847	0.06664110	0.20110524	-0.44247803	-1.03194976	-1.24213791	0.37061855	2.38157845	-0.41610885	0.30506852	0.27942079	0.59773588	
0.00851300	  -42.67228445    12.46977998 -1059.23062114    -4.03069253   -54.84516442   -15.83134405	10.95396388 25.20696124  4.11826238 -0.88094140  0.83283834  0.10003336	 -17.84057976   -2.68953733   16.67344568 -135.66902509  -22.08909604   16.35842547   13.98441070   55.48772001  -64.15955788   69.07334056  -19.32156497   23.40422440	 0.03414088  0.00822498 -0.42814198  0.82625259 -0.40708315  0.00001028  0.02428623 -0.08126025 -0.05978655  0.66942039 -0.59869600 -0.00542256	 0.01028289 -0.22679455  0.41102205  0.01853520 -0.35475745  0.29894838  0.13847466 -0.12844772 -0.41960395  1.27907824 -0.23820594  0.98036258	 0.00095980 -0.22131985  0.40963166 -0.00420510 -0.37777002  0.31648375  0.12658075 -0.14097471 -0.35217978  1.18128817 -0.21690455  1.04295714	0.19111046 0.13129431 3.91898715	-0.02890961 -0.03829278 -0.00386420	-0.03789581 -0.03873236 -0.00422006	 0.00790630  0.00922284 -0.99992621	0.35000000	0.00000000	0.00000000	0.34162086	-0.14497313	-0.46321744	0.02362020	0.26271740	0.08677727	-1.13158429	0.14029941	0.45141309	1.16208041	0.46424422	0.00023911	0.81630206	0.02576135	0.11957256	-0.46258175	-0.99421370	-1.22515500	0.29553565	2.44078231	-0.42503738	0.27259812	0.23616187	0.66823727	
0.00851600	  -50.61238760    25.73371240 -1027.60741481     2.76121097   -60.77508370   -14.97961979	11.71596014 17.29436840  4.13815161 -0.54894621  0.47156239 -0.19342767	 -19.65302533   13.53219256   14.72306349 -137.74232405  -29.97902226   26.08703363    8.87365495   45.50229657  -58.98269676   55.20903820  -19.21325751   24.62915742	 0.03415118  0.00622925 -0.42474174  0.82622325 -0.41020820  0.00241732  0.02582856 -0.08182874 -0.06435358  0.68180804 -0.60104273  0.00346424	 0.02062213 -0.23364210  0.35975023 -0.02102482 -0.34904534  0.24948499  0.19843574 -0.03213302 -0.56638896  1.51937301 -0.29460740  0.96804318	 0.00233491 -0.23658761  0.39675245 -0.00263170 -0.36227338  0.27991575  0.18617215 -0.05952427 -0.56287120  1.49407196 -0.28640052  1.04003961	0.18818164 0.12407158 3.91796387	 0.00066453 -0.03806637 -0.00329221	-0.00939613 -0.03812061 -0.00345500	 0.00758231  0.00934377 -0.99992760	0.35000000	0.00000000	0.00000000	0.35149342	-0.17440566	-0.49503112	0.07389249	0.25295731	0.03661295	-1.11284173	0.13479090	0.42311847	1.09458685	0.44245785	-0.02830359	0.77288538	0.01881013	0.09222563	-0.47572351	-0.96054268	-1.18791151	0.24448119	2.47213411	-0.43818754	0.26066193	0.18434903	0.67737907	
0.00800100	  -56.95403887    37.07359593 -1011.81013686     8.45185727   -65.85773241   -13.60559338	12.68064314 10.37841204  2.95564394 -0.33484230  0.43010775 -0.20202951	 -21.22696821   28.84300411   12.42515467 -141.46559075  -35.45185322   33.90425956    3.29020089   33.89180160  -55.82284582   43.48371655  -17.29270501   20.12829214	 0.03415728  0.00416743 -0.42158855  0.82620725 -0.41310668  0.00460870  0.02732971 -0.08203739 -0.07014582  0.69544023 -0.60377406  0.01168116	 0.03093611 -0.27803171  0.41483323 -0.03263173 -0.36962245  0.31131895  0.18361614 -0.01602109 -0.81648787  1.85924349 -0.37559309  0.98995781	 0.00227218 -0.26097853  0.39308399 -0.00433386 -0.36005440  0.27452834  0.18180654 -0.02226233 -0.74336284  1.72630579 -0.34767915  1.01085261	0.18677024 0.11932571 3.91580048	 0.02507814 -0.03799761 -0.00298684	 0.01722811 -0.03801502 -0.00308185	 0.00727795  0.00922985 -0.99993092	0.35000000	0.00000000	0.00000000	0.42158052	-0.15973961	-0.53826565	0.08454308	0.28612506	-0.00029433	-1.12268937	0.14149562	0.39635897	1.04253340	0.38773602	-0.05033796	0.74619579	0.02886426	0.07919376	-0.46457329	-0.91083032	-1.10908747	0.20626923	2.53989172	-0.49580768	0.25187224	0.14293063	0.66814971	
0.00800300	  -47.21596143    55.61445505 -1020.27323149     3.79437534   -62.41612685   -11.98943058	12.33590131  4.00399900  2.45158853 -0.16729655  0.37054849 -0.12975268	 -19.85593498   44.98999691    5.16251217 -142.46572596  -31.91775584   30.03879347    2.07733650   30.73067117  -46.41149545   33.85916461  -15.54151516   11.17235520	 0.03414630  0.00208066 -0.41846452  0.82621138 -0.41595168  0.00665523  0.02859694 -0.08196804 -0.07709303  0.71044383 -0.60688141  0.01889322	-0.00800928 -0.24885183  0.39666534  0.00944558 -0.33126190  0.23725555  0.13786212  0.02240551 -0.89578429  1.84289264 -0.38789278  0.77540834	-0.00207148 -0.25570962  0.38910520  0.00004290 -0.35352536  0.24937806  0.15120321  0.01558012 -0.88093062  1.88145010 -0.39136767  0.85964308	0.18544870 0.11167444 3.91466105	 0.02666593 -0.03667758 -0.00152794	 0.02654741 -0.03715487 -0.00202552	 0.00697845  0.00900905 -0.99993507	0.35000000	0.00000000	0.00000000	0.40599981	-0.16142966	-0.53806740	0.11473296	0.27876121	-0.04523870	-1.06417263	0.11201261	0.38966209	0.96193117	0.38201359	-0.08893339	0.74088514	0.02370578	0.00362303	-0.45227757	-0.89861304	-1.05195248	0.15571511	2.58985639	-0.48090521	0.24144810	0.14560513	0.72359461	
0.00800200	  -48.33340476    57.31041110 -1013.97288283     9.82950334   -65.46031941   -12.01417711	 9.96654121  4.91271141  2.54402353 -0.16291651  0.36486027 -0.14639035	 -16.27587256   48.72647703    1.75820005 -147.35265183  -36.55854079   38.31110358    3.77111982   21.06748462  -44.21305099   38.98574363   -8.03840509   19.27391815	 0.03413749  0.00008478 -0.41541338  0.82621814 -0.41873025  0.00856673  0.02953169 -0.08153399 -0.08505766  0.72650815 -0.61012526  0.02473142	-0.00984774 -0.22256786  0.37246481  0.03184719 -0.30772633  0.22955531  0.09395506  0.08351918 -1.00418625  1.94846070 -0.37549916  0.67780903	-0.00299279 -0.24629817  0.37894984  0.00257590 -0.34579453  0.23822015  0.11147821  0.05661016 -1.00729472  2.01612395 -0.40035499  0.72189317	0.18445471 0.10575093 3.91282764	 0.03426923 -0.03514319 -0.00181031	 0.03144410 -0.03562903 -0.00172242	 0.00669162  0.00876934 -0.99993916	0.35000000	0.00000000	0.00000000	0.38029015	-0.19259422	-0.56595105	0.15977903	0.25248882	-0.09387769	-1.05790770	0.10497883	0.38467669	0.88510263	0.39222592	-0.09263783	0.71354651	0.04185718	-0.02554049	-0.48450944	-0.90228885	-1.01624227	0.14571461	2.61871386	-0.48355645	0.21794835	0.11644118	0.72388840	
0.00844700	  -49.88081756    62.96181826 -1015.27458582    15.25101652   -69.70152663   -11.08375899	 9.21596320  4.49373984  1.95065119 -0.13839960  0.31074170 -0.15633522	 -17.91015565   59.95773149   -2.75164587 -151.72833490  -41.36869499   44.29341841    2.27062853   16.71895111  -36.98858401   32.71717110   -7.55478027   20.85477149	 0.03414508 -0.00203606 -0.41219082  0.82621664 -0.42166737  0.01055727  0.03014924 -0.08091560 -0.09453143  0.74465438 -0.61347786  0.03043092	 0.00988469 -0.24544494  0.37371667 -0.00285093 -0.36264859  0.24381851  0.04351235  0.11813400 -1.22711968  2.32180810 -0.41099055  0.66795882	-0.00064467 -0.24804490  0.38138214  0.00272876 -0.34744907  0.23605403  0.06372061  0.07942110 -1.13902351  2.16833976 -0.39578323  0.67110511	0.18480912 0.09912109 3.91097287	 0.03943260 -0.03555030 -0.00177860	 0.03779457 -0.03537243 -0.00182054	 0.00639212  0.00845326 -0.99994384	0.35000000	0.00000000	0.00000000	0.44541043	-0.17544061	-0.60754943	0.20659368	0.28095624	-0.11862127	-1.06180406	0.09273148	0.36405438	0.83684182	0.35349858	-0.11122078	0.68525016	0.06030798	0.00684807	-0.46236330	-0.86590070	-0.95046729	0.13927297	2.68452597	-0.52363211	0.20991290	0.07092114	0.71262836	
0.00801300	  -40.26257864    76.87230603 -1015.19335627    11.02743359   -64.79709571   -11.57436179	 9.45327099 -0.62913721  0.10781495  0.00880029  0.21415401 -0.03346496	 -18.46245079   70.69127512   -7.88063438 -154.27395511  -36.65777260   40.59345794    2.60993788   11.45786363  -26.12140348   18.56629267  -10.08840767   14.41563974	 0.03413923 -0.00394313 -0.40914480  0.82620789 -0.42442344  0.01233269  0.03041487 -0.08015791 -0.10408440  0.76222349 -0.61654956  0.03511066	-0.03121505 -0.24345618  0.39234919  0.00525143 -0.33694788  0.21716439  0.00670225  0.12648422 -1.22561774  2.27398139 -0.39682449  0.50799194	-0.00267910 -0.23633282  0.38320712  0.00004825 -0.34245930  0.21848431  0.02982020  0.10179793 -1.20337445  2.20579776 -0.38679353  0.56043593	0.18585502 0.09133182 3.90997245	 0.03860778 -0.03667145 -0.00153791	 0.03891506 -0.03629515 -0.00159614	 0.00610306  0.00813887 -0.99994825	0.35000000	0.00000000	0.00000000	0.43695647	-0.17291541	-0.58424336	0.23342645	0.27453709	-0.15632701	-1.01234436	0.06854870	0.35928911	0.78555149	0.32509574	-0.15103316	0.68409729	0.06232770	-0.05265438	-0.45314774	-0.83703333	-0.89239401	0.10853878	2.73446369	-0.52716905	0.20074700	0.08290347	0.73503911	
0.00800900	  -38.90115972    82.31202388 -1017.82756913    10.84883485   -64.41492097   -13.37486364	 8.45925256  0.08192060  0.69563662  0.01224422  0.23045002 -0.02541536	 -14.77038538   74.54755306  -10.56177440 -153.24576777  -36.78575143   41.84728748    4.33906413    6.00385094  -28.70033241   24.71564153   -6.25570640   19.94414553	 0.03413857 -0.00571586 -0.40612999  0.82620050 -0.42715601  0.01388338  0.03051912 -0.07922018 -0.11406011  0.77991424 -0.61954352  0.03889460	-0.00843726 -0.23412936  0.40361334 -0.01355858 -0.34425022  0.17959353 -0.01382871  0.12825035 -1.32625091  2.33409541 -0.38847450  0.47501680	-0.00188131 -0.22019446  0.37696306 -0.00276685 -0.33920145  0.19068927  0.01152226  0.11975965 -1.25547265  2.21742631 -0.37068147  0.46934217	0.18601960 0.08392371 3.90912136	 0.03912187 -0.03415353 -0.00151988	 0.03888053 -0.03502391 -0.00153264	 0.00581860  0.00782915 -0.99995242	0.35000000	0.00000000	0.00000000	0.43274647	-0.17561685	-0.59587002	0.26717287	0.24616838	-0.19840685	-1.02639747	0.04814272	0.36182559	0.73773861	0.32392839	-0.13059852	0.67745388	0.08214092	-0.05326530	-0.44407025	-0.83292389	-0.85531598	0.11081623	2.78325796	-0.53823990	0.18591167	0.07515177	0.72258490	
0.00851000	  -32.92584141    86.83161436 -1023.20960793    11.98823479   -61.34070252   -12.30354633	 7.43955542 -1.08993836  0.61396413  0.04330019  0.17552491  0.00713615	 -17.72234688   80.15429044  -13.88894826 -153.54630530  -34.42769507   44.05835783    3.39385950    6.15696973  -21.68142510   22.26538303   -6.76674591   17.93565129	 0.03415185 -0.00744892 -0.40296063  0.82620691 -0.43001963  0.01536287  0.03057749 -0.07804954 -0.12515103  0.79891489 -0.62253639  0.04239092	 0.00281173 -0.17814172  0.35876605  0.01044225 -0.31724641  0.12183033  0.01054843  0.14622620 -1.25866325  2.12375274 -0.33666930  0.34799269	 0.00113644 -0.20065272  0.37369575 -0.00041022 -0.33415345  0.16707319  0.00841438  0.14246705 -1.30901425  2.23201369 -0.34859869  0.39680328	0.18656210 0.07512587 3.90866190	 0.03521276 -0.03296161 -0.00132232	 0.03647805 -0.03328337 -0.00138499	 0.00553467  0.00751210 -0.99995647	0.35000000	0.00000000	0.00000000	0.39534551	-0.21110173	-0.58143765	0.33062428	0.17561160	-0.22641046	-0.98811471	0.02608034	0.38040715	0.67229664	0.32868537	-0.13092482	0.68272835	0.06279493	-0.10849250	-0.46452880	-0.80636179	-0.83374888	0.10258085	2.80534053	-0.51247489	0.17506869	0.07792709	0.73979700	
0.00801700	  -37.48822324    77.70223758 -1022.98083581    22.31800053   -63.85102895   -13.11035582	 6.69162371  0.93859607  1.53113217  0.00607005  0.20994764 -0.02644417	 -19.51324211   79.85294461  -14.22973713 -155.30736184  -37.40654156   54.96427000    1.80178376    0.98365811  -26.01461254   29.15153718   -3.41590708   24.71202031	 0.03415115 -0.00897055 -0.40001450  0.82620210 -0.43270915  0.01674498  0.03059172 -0.07683293 -0.13599929  0.81700247 -0.62510878  0.04544978	-0.01008660 -0.15296439  0.35722085  0.00185027 -0.32660413  0.18080649  0.00388989  0.14214480 -1.37372042  2.27827945 -0.29753946  0.42496228	 0.00004691 -0.18758744  0.36782674 -0.00156948 -0.33443829  0.17393412  0.00378785  0.15109340 -1.35807690  2.25805599 -0.31455163  0.39372207	0.18674764 0.06945128 3.90788056	 0.03806526 -0.03012860 -0.00123068	 0.03696537 -0.03107524 -0.00126061	 0.00528210  0.00722234 -0.99995997	0.35000000	0.00000000	0.00000000	0.41891292	-0.23118518	-0.59405154	0.36636105	0.13860136	-0.24560103	-1.01459277	0.03154524	0.38222915	0.61929411	0.31803140	-0.10787838	0.67145646	0.08471566	-0.09219798	-0.48985791	-0.78536755	-0.80770350	0.11863545	2.82560277	-0.54027599	0.15907985	0.04912847	0.72135055	
0.00851000	  -35.39423839    77.08279513 -1024.88892009    25.71459689   -62.38348958   -11.81337673	 7.32198534 -2.13949942  0.73981202  0.07711548  0.14043097  0.03009967	 -18.76008791   85.93736601  -15.79787325 -154.39577556  -36.26659477   56.84361672    0.25688506    2.82139558  -19.13123424   21.15121771   -9.08352144   17.73121256	 0.03415187 -0.01054660 -0.39691359  0.82621040 -0.43555424  0.01826995  0.03060045 -0.07549353 -0.14797189  0.83639780 -0.62761088  0.04868294	 0.00166511 -0.15258813  0.34328661 -0.01402644 -0.32278415  0.15660544  0.01164259  0.14078533 -1.33663711  2.15591202 -0.28123136  0.33576067	-0.00034681 -0.17842226  0.36152450  0.00056504 -0.33291474  0.17646425  0.00257514  0.15905389 -1.39883959  2.25863482 -0.29325510  0.36151241	0.18804307 0.06256001 3.90747044	 0.03547138 -0.03005094 -0.00103373	 0.03634997 -0.03000537 -0.00108905	 0.00502805  0.00690738 -0.99996350	0.35000000	0.00000000	0.00000000	0.42304340	-0.24244748	-0.58767861	0.41862282	0.09806451	-0.26503515	-0.98056889	0.02299888	0.38227379	0.56957150	0.29903498	-0.11792383	0.67541677	0.07298674	-0.12876371	-0.48735571	-0.73411137	-0.77563351	0.09988368	2.86274505	-0.53218758	0.14826281	0.05771728	0.72208959	
0.00848000	  -34.79943586    76.21607506 -1027.43206569    28.07240259   -60.96785789   -12.33705486	 6.77331827 -1.99497904  1.26253935  0.08743209  0.15876690  0.02173511	 -20.46442947   88.51741838  -17.12551863 -154.19967771  -34.63562635   58.74270767   -1.36910763   -2.38361824  -22.04259280   25.32768077   -5.82449817   21.26340160	 0.03416405 -0.01202383 -0.39380600  0.82620995 -0.43837718  0.01975024  0.03059316 -0.07404929 -0.16027914  0.85585268 -0.62999146  0.05142717	 0.02349539 -0.15522689  0.36020341 -0.00550553 -0.30472355  0.16083385 -0.01178405  0.19015446 -1.36528096  2.17139396 -0.25642473  0.30878055	 0.00346528 -0.17167967  0.36554690  0.00004208 -0.33139481  0.17029718 -0.00170280  0.17066692 -1.45185949  2.28820532 -0.27300375  0.32455708	0.18858287 0.05653461 3.90721028	 0.03534070 -0.02715272 -0.00088948	 0.03528930 -0.02809266 -0.00092408	 0.00478409  0.00660842 -0.99996672	0.35000000	0.00000000	0.00000000	0.40723369	-0.25977224	-0.58319384	0.46220791	0.06245459	-0.28092778	-0.97355473	0.00558203	0.38593978	0.53218549	0.29148597	-0.10008829	0.65823728	0.06827553	-0.14550410	-0.48256165	-0.71283287	-0.74444520	0.10310215	2.87903166	-0.53864533	0.14037150	0.04265221	0.71314025	
0.00850900	  -35.47932429    84.12330203 -1027.12936203    26.97774247   -59.30964828   -14.22989377	 7.19224506 -4.54413058  0.80225939  0.17641696  0.13529377  0.05903218	 -23.39768265   96.24527526  -16.24514346 -153.56194627  -32.99135953   58.21617872   -2.32624918   -9.19751844  -19.48473244   21.01730910   -7.72835407   20.20720470	 0.03415203 -0.01338501 -0.39074423  0.82620598 -0.44121410  0.02111322  0.03059167 -0.07264133 -0.17295161  0.87531758 -0.63221542  0.05403920	 0.01061778 -0.16154315  0.33177370 -0.00806103 -0.32154087  0.16256541 -0.01149932  0.14524387 -1.38867100  2.10716681 -0.22904935  0.27603216	-0.00053649 -0.15944397  0.35996202 -0.00095428 -0.33229135  0.15579877 -0.00246422  0.16523315 -1.48575726  2.27370669 -0.25793671  0.30317116	0.18976675 0.05015827 3.90696458	 0.03399739 -0.02645221  0.00209561	 0.03443822 -0.02660839  0.00112907	 0.00455792  0.00631320 -0.99996968	0.35000000	0.00000000	0.00000000	0.41704530	-0.25921741	-0.56606495	0.49561375	0.03590091	-0.29717144	-0.95477021	-0.00199425	0.39542532	0.50371504	0.27493292	-0.10088102	0.65845877	0.07083369	-0.15881284	-0.47157380	-0.66625339	-0.70184803	0.09843609	2.90567398	-0.56864256	0.13442177	0.04215597	0.68476880	
0.00801000	  -33.75979214    87.46794972 -1033.49915171    25.65805786   -56.99556393   -12.93511046	 6.89230292 -4.77746551  1.23150765  0.17798932  0.12442472  0.05980471	 -21.75823651   98.75553632  -17.09149970 -156.26757640  -30.55617911   57.21010423   -3.15461931   -7.78554240  -19.08673001   22.99152990   -7.95072336   19.56006831	 0.03412662 -0.01451014 -0.38787572  0.82620142 -0.44386246  0.02217971  0.03059481 -0.07134424 -0.18510756  0.89359986 -0.63418909  0.05624561	-0.00639125 -0.10587463  0.35140680 -0.02904651 -0.35246868  0.12652538 -0.01147696  0.19294660 -1.48282863  2.24118461 -0.23880528  0.24701990	-0.00161031 -0.13630928  0.35638812 -0.00219471 -0.33141670  0.13125408 -0.00236835  0.16355700 -1.51384706  2.27138042 -0.24481209  0.26920993	0.19086123 0.04329329 3.90713367	 0.02946207 -0.02601974  0.00314371	 0.03099879 -0.02615754  0.00283538	 0.00434828  0.00605884 -0.99997219	0.35000000	0.00000000	0.00000000	0.43218720	-0.26819679	-0.56130397	0.55548471	0.01277748	-0.31195566	-0.93475556	-0.02521568	0.39852881	0.46401292	0.29364350	-0.08248814	0.64445043	0.07301798	-0.14709596	-0.44073883	-0.63940603	-0.67539626	0.09105920	2.94215870	-0.56034487	0.11974828	0.02077147	0.71463197	
0.00847700	  -27.95060642    82.62915731 -1016.20972806    32.12197627   -51.34233310   -12.47779278	 6.83307728 -6.93846663 -1.06799226  0.25795384  0.07027696  0.08622070	 -21.72674462   98.07840014  -18.25803477 -150.17515862  -26.42548178   64.96251708   -4.15567564  -16.21512645  -15.13505579   13.47715058   -6.82813602   19.92084923	 0.03408030 -0.01562356 -0.38483360  0.82621528 -0.44664947  0.02318273  0.03061240 -0.07008138 -0.19820069  0.91278629 -0.63616543  0.05831858	-0.00171189 -0.13970376  0.34136454  0.03492281 -0.34616909  0.11626167  0.00089098  0.11442045 -1.58237299  2.31516642 -0.24825741  0.26396037	-0.00517924 -0.13134802  0.35615557  0.00255566 -0.32924351  0.11894383  0.00296120  0.14356331 -1.54186727  2.25237757 -0.23069333  0.24137988	0.19198760 0.03873999 3.90665706	 0.03195085 -0.02469260  0.00568297	 0.03102998 -0.02511284  0.00484980	 0.00413292  0.00580114 -0.99997463	0.35000000	0.00000000	0.00000000	0.49070546	-0.27861455	-0.56175506	0.59311348	0.00012311	-0.31814325	-0.95497024	-0.02087665	0.39236492	0.45487034	0.28066418	-0.06580715	0.63338995	0.09990269	-0.14582004	-0.44977126	-0.58505309	-0.62516558	0.08653719	2.99386048	-0.62673938	0.09914183	0.01555211	0.68620205	
0.00847800	  -26.13983474    87.21323911 -1029.00299871    29.81344614   -48.87992788   -11.99307063	 6.63291335 -7.12652463 -1.51993154  0.23826619  0.04202635  0.10198212	 -21.53201745  104.07361531  -18.41606474 -157.42915988  -24.06517428   61.66079021   -5.06402096   -7.09585792  -12.32033794   10.65878012   -6.62510604   15.76235887	 0.03401043 -0.01660688 -0.38178937  0.82621202 -0.44943743  0.02411584  0.03060162 -0.06889896 -0.21129208  0.93136434 -0.63794794  0.05983466	 0.00153869 -0.09942631  0.35013894  0.01918589 -0.33292340  0.08587159  0.00563170  0.11926535 -1.52991227  2.15922844 -0.20242564  0.12997754	-0.00905980 -0.11197645  0.35902130  0.00184599 -0.33009518  0.10560223 -0.00074159  0.14048356 -1.54396140  2.18225567 -0.20685494  0.16010992	0.19377471 0.03053803 3.90741507	 0.02172631 -0.02578958  0.01075872	 0.02516587 -0.02539687  0.00913560	 0.00391983  0.00556821 -0.99997681	0.35000000	0.00000000	0.00000000	0.46855113	-0.28040367	-0.53792596	0.64851272	-0.05192295	-0.33761278	-0.90880436	-0.05221836	0.41586548	0.40497315	0.29352996	-0.06234454	0.63976800	0.07585993	-0.17070486	-0.44624585	-0.56766880	-0.60825139	0.08139412	3.02979326	-0.59988236	0.08014568	0.01932876	0.70958549	
0.00854300	  -25.82882804    78.26635486 -1017.13113705    35.00784676   -47.57097294   -12.06813571	 6.26357498 -4.87180575 -1.15352515  0.20088623  0.05812264  0.05171954	 -21.95808206   98.15278935  -19.62597732 -152.96603894  -23.47869533   67.08790219   -6.27057839  -15.07182002  -16.75103219   15.75394585   -5.51748766   23.93942577	 0.03389857 -0.01744044 -0.37877101  0.82621388 -0.45218562  0.02491015  0.03058285 -0.06776155 -0.22436325  0.94935855 -0.63951324  0.06096876	 0.01017490 -0.09226047  0.31084866  0.02494926 -0.29051341  0.05450819 -0.02387415  0.11174399 -1.41267210  1.90755144 -0.16160092  0.15782472	-0.01192191 -0.09939418  0.35080843  0.00189117 -0.31969636  0.09221319 -0.00360563  0.12615824 -1.52740006  2.09153156 -0.17687583  0.14633880	0.19439409 0.02554700 3.90721412	 0.02293569 -0.02215491  0.01652373	 0.02231835 -0.02334299  0.01474412	 0.00371521  0.00538459 -0.99997860	0.35000000	0.00000000	0.00000000	0.41420835	-0.33935559	-0.49921477	0.68069750	-0.12575163	-0.36241227	-0.89662480	-0.05386120	0.42589420	0.37202010	0.29748860	-0.04270566	0.63300836	0.08830450	-0.21608639	-0.49213609	-0.56907946	-0.61558157	0.08823575	3.01490307	-0.60354650	0.05652577	0.03656318	0.67852861	
0.00848000	  -36.60395545    77.39926482 -1024.22488748    39.00956838   -50.81955159   -13.63209211	 6.63736302 -5.15388378 -0.08575386  0.20358242  0.11330633  0.05416487	 -23.95698425  103.45307136  -14.52262204 -155.35342348  -25.85664801   70.72953039   -6.00570903  -13.99177364  -21.17136851   19.54066679   -3.74228586   22.63578549	 0.03373534 -0.01821897 -0.37578941  0.82620918 -0.45495892  0.02572691  0.03052121 -0.06686091 -0.23759184  0.96700483 -0.64079011  0.06253495	 0.01075040 -0.07837652  0.34997148  0.01126235 -0.30336531  0.07140545 -0.01118313  0.08865206 -1.58411699  2.13156856 -0.13474318  0.22283734	-0.01734622 -0.08873537  0.34890578  0.00116591 -0.32451397  0.09445444 -0.00840634  0.10181949 -1.55931736  2.07487651 -0.14455934  0.19043188	0.19581262 0.02041333 3.90687029	 0.02200097 -0.02169861  0.02213999	 0.02242929 -0.02168985  0.02039807	 0.00353281  0.00519033 -0.99998029	0.35000000	0.00000000	0.00000000	0.47081104	-0.32117829	-0.51145232	0.71573615	-0.13236962	-0.35522622	-0.91920596	-0.05347668	0.43013358	0.33804178	0.29960582	-0.01813425	0.61991650	0.09626073	-0.16098151	-0.46728414	-0.52653474	-0.57350820	0.09951843	3.06798244	-0.63289511	0.04046165	0.00633376	0.66849196	
0.00847800	  -29.95535690    76.08380301 -1017.02778783    40.22633793   -46.44050941   -13.33889198	 7.57036627 -8.06332665 -2.26779765  0.27571603  0.01635754  0.08848522	 -24.17540042  104.37950373  -18.30754356 -152.80032730  -21.75035919   71.28238827   -8.29255924  -13.62295014  -14.18783512    8.39257869  -11.19314928   16.84034441	 0.03347817 -0.01893604 -0.37280010  0.82621353 -0.45775595  0.02651360  0.03035775 -0.06611348 -0.25090178  0.98419729 -0.64186242  0.06391009	-0.06131757 -0.08949748  0.35270573  0.00242397 -0.31388052  0.09245721 -0.05129951  0.09068491 -1.53755611  1.98110564 -0.10717522  0.08671920	-0.03346993 -0.08297456  0.35153797  0.00129690 -0.32985549  0.09314353 -0.02494534  0.08662136 -1.57315808  2.02409009 -0.12882860  0.14374184	0.19769304 0.01409257 3.90694140	 0.01767272 -0.02133989  0.03555981	 0.01906009 -0.02145738  0.03122095	 0.00335094  0.00502072 -0.99998178	0.35000000	0.00000000	0.00000000	0.45739737	-0.34206244	-0.46424341	0.73598516	-0.15454169	-0.37146807	-0.85918862	-0.06365863	0.42126381	0.30163577	0.27846277	-0.04989807	0.61983609	0.09987051	-0.21766251	-0.49038482	-0.50377309	-0.56162703	0.06980334	3.09267068	-0.63029987	0.02061373	0.02629229	0.68951184	
0.00803500	  -27.46707613    76.86321558 -1015.60169571    38.47036801   -40.48300914    -7.46220115	 7.15048345 -6.17910908 -1.74837770  0.24767098  0.04784579  0.05550717	 -16.05425832  105.20319200  -15.67891380 -150.55955106  -16.08490500   68.75833917   -5.59133633  -19.36935484  -19.10599584   13.38241976   -7.06280923   24.15043065	 0.03322567 -0.01948663 -0.36998649  0.82619895 -0.46037038  0.02710777  0.03012292 -0.06560549 -0.26340927  0.99975702 -0.64288761  0.06500538	-0.01366990 -0.04717864  0.32065733 -0.02653235 -0.32049843  0.05540217 -0.01574114  0.03343513 -1.45968918  1.78465239 -0.12422169  0.15962728	-0.02957316 -0.06759721  0.34861787 -0.00235139 -0.32616116  0.07094371 -0.02707121  0.05779414 -1.55829435  1.92801399 -0.12511711  0.14768246	0.19849092 0.01057867 3.90668861	 0.01784882 -0.01942163  0.02897011	 0.01769320 -0.02006776  0.03141438	 0.00318896  0.00488029 -0.99998301	0.35000000	0.00000000	0.00000000	0.43041238	-0.37070513	-0.43557054	0.78010738	-0.22952688	-0.40541703	-0.86287779	-0.07755060	0.43214291	0.28214076	0.31348100	-0.00764850	0.62567073	0.12014812	-0.21890092	-0.48756123	-0.49419951	-0.54655087	0.08785708	3.09690762	-0.64375019	0.00105735	0.04843589	0.65664512	
0.00846200	  -30.48332767    68.89790483 -1018.16096795    44.93978254   -40.44057853   -12.23610521	 6.21916737 -5.46749487 -1.74636974  0.19942913  0.07281457  0.03140555	 -23.83837797  102.06398630  -14.75245211 -147.57439882  -16.05973399   76.28258288   -9.91448054  -15.62976682  -19.53083170   13.86090136    0.22837508   21.34310570	 0.03293461 -0.02001772 -0.36702428  0.82619752 -0.46314357  0.02763195  0.02976519 -0.06535309 -0.27677686  1.01579283 -0.64360050  0.06650271	-0.03882893 -0.04170416  0.35345386 -0.01952628 -0.35416370  0.03849204 -0.06243482  0.00691374 -1.67485152  1.95577938 -0.06717385  0.18884446	-0.03563076 -0.06094005  0.35099514 -0.00301757 -0.33127353  0.06420838 -0.04731367  0.02469003 -1.59136845  1.89513616 -0.07292949  0.17825024	0.19964517 0.00576759 3.90636569	 0.01749062 -0.01849121  0.04063217	 0.01793757 -0.01873137  0.03656913	 0.00303038  0.00472569 -0.99998424	0.35000000	0.00000000	0.00000000	0.49131659	-0.36688393	-0.43910632	0.81333977	-0.24169870	-0.38595363	-0.87000549	-0.06786171	0.43636072	0.25905922	0.31568423	0.01386634	0.61727238	0.14686161	-0.19562583	-0.50364059	-0.47148907	-0.50652230	0.09729216	3.15198255	-0.67177308	-0.02208657	0.02381281	0.67718065	
0.00801000	  -17.49211799    65.73609924 -1013.21265816    47.11532389   -31.10839543    -8.05795856	 6.37613167 -7.13011226 -3.79644906  0.24312340 -0.03698666  0.09648743	 -17.93153356  102.92592359  -17.93533602 -147.66452390   -8.17721616   77.62040573   -6.18592643  -12.43209690  -10.99723567    4.50492566   -8.32093473   17.59103405	 0.03259147 -0.02046999 -0.36425386  0.82620706 -0.46572049  0.02818679  0.02930777 -0.06523869 -0.28930572  1.03023263 -0.64396749  0.06765291	-0.04412894 -0.05273241  0.37509154 -0.01522903 -0.34511833  0.04827158 -0.06788184  0.02382521 -1.62075606  1.83645723 -0.03496678  0.08513997	-0.04205322 -0.05423287  0.34785525  0.00026702 -0.32564369  0.06745524 -0.05690480  0.01382016 -1.57174886  1.79975462 -0.04445365  0.13060970	0.20079821 0.00121731 3.90663107	 0.01364166 -0.01831532  0.04521977	 0.01503078 -0.01836973  0.04383691	 0.00288502  0.00459950 -0.99998526	0.35000000	0.00000000	0.00000000	0.47693083	-0.38619918	-0.40260953	0.85616589	-0.26650059	-0.40689588	-0.83291626	-0.09195276	0.42951697	0.21973395	0.31175283	0.00325960	0.61695731	0.14024276	-0.23016870	-0.51888263	-0.43799588	-0.49997666	0.08593062	3.18922806	-0.67166960	-0.04305167	0.04342960	0.69066793	
0.00802500	  -14.66363719    61.22520093 -1018.45378840    47.87111029   -26.19168073    -7.64859938	 6.38407348 -3.20834275 -3.34268959  0.13428713 -0.01913215  0.04420183	 -18.12101457  104.11271477  -16.62504008 -143.93681297   -3.78656421   76.06191862   -7.20414910  -18.15007067  -15.03480763    7.35449839   -4.00088583   23.95867527	 0.03220732 -0.02079320 -0.36150929  0.82620826 -0.46826792  0.02864388  0.02884878 -0.06519384 -0.30167379  1.04380382 -0.64418756  0.06865450	-0.07038482 -0.03306322  0.34303760 -0.00251782 -0.31806820  0.03346347 -0.06592357  0.02388254 -1.61285969  1.68740412 -0.00043823  0.14911333	-0.04891313 -0.03567397  0.33965078  0.00012107 -0.31690626  0.05050963 -0.05770647  0.00741455 -1.54317223  1.68008481 -0.02411531  0.13505404	 0.20108058 -0.00457141  3.90733124	 0.00567851 -0.01617724  0.04976781	 0.00836907 -0.01690827  0.04821941	 0.00274833  0.00452139 -0.99998600	0.35000000	0.00000000	0.00000000	0.44571018	-0.41182372	-0.35679713	0.87517422	-0.31165820	-0.41484174	-0.81211287	-0.10851222	0.43844640	0.20020688	0.32623166	0.01545774	0.61624312	0.15323496	-0.23519659	-0.53611207	-0.45051587	-0.49519089	0.09906877	3.18515325	-0.68850487	-0.05304389	0.05321725	0.68449706	
0.00846000	  -18.57391604    52.97475928 -1014.90433349    50.06837026   -26.25257558    -5.79603692	 6.38939714 -3.33779764 -3.24219977  0.11908678 -0.02652922  0.05015894	 -15.87581673  102.98510170  -13.17575492 -147.01395929   -4.72932346   77.92868960   -7.40344635  -20.01605499  -14.31438079    8.37370250   -2.96667594   20.74220818	 0.03178267 -0.02096269 -0.35857479  0.82619492 -0.47097400  0.02887931  0.02836570 -0.06518386 -0.31467540  1.05741299 -0.64429185  0.06988515	-0.08108438 -0.00747103  0.37338604 -0.00954610 -0.31212639  0.03923438 -0.07665551  0.00602775 -1.56185586  1.59673710 -0.02979313  0.12766654	-0.05178586 -0.01616451  0.35095188 -0.00331101 -0.32269970  0.02542195 -0.05899877  0.00200593 -1.54532349  1.60291565 -0.01228661  0.14244232	 0.20256908 -0.00980910  3.90753686	-0.00021921 -0.01845342  0.04942177	 0.00124826 -0.01768264  0.04957383	 0.00260466  0.00450340 -0.99998647	0.35000000	0.00000000	0.00000000	0.43845814	-0.42899266	-0.33329237	0.88815618	-0.34112844	-0.41550505	-0.78324884	-0.10157267	0.43598896	0.16821595	0.34714696	0.01560805	0.60675639	0.16255344	-0.25540239	-0.55607957	-0.43957913	-0.47971022	0.09211691	3.20359707	-0.68358117	-0.08266500	0.06106457	0.69213796	
0.00805000	  -17.31942796    47.72733892 -1010.00995588    51.85735606   -23.33481222    -5.52922609	 7.17062205 -1.96116446 -3.68258443  0.07767953 -0.01586150  0.03713458	 -15.79410108  100.16874480  -14.54118441 -142.68744710   -1.52936411   79.88039881   -7.44701843  -21.66336584  -18.56633508    7.11009633    3.50451920   22.65349147	 0.03140365 -0.02101957 -0.35581884  0.82618233 -0.47353046  0.02901463  0.02796130 -0.06518249 -0.32681756  1.06948265 -0.64431900  0.07104038	-0.04565529  0.00862939  0.31109843  0.00740105 -0.29575115  0.01993378 -0.03739124 -0.00364548 -1.37356258  1.31914742  0.02329200  0.15415182	-0.04726366 -0.00422323  0.34080844 -0.00195821 -0.31707241  0.01768096 -0.04906723 -0.00042497 -1.50505414  1.48254676 -0.00145777  0.14845071	 0.20277270 -0.01377111  3.90770074	-0.00227991 -0.01565932  0.04875557	-0.00177485 -0.01665992  0.04896951	 0.00246795  0.00451503 -0.99998676	0.35000000	0.00000000	0.00000000	0.39971668	-0.46654990	-0.29208377	0.92507845	-0.42562926	-0.40094543	-0.76174808	-0.10482223	0.45430827	0.14541975	0.36029127	0.04560178	0.60518724	0.15653089	-0.29498512	-0.57993948	-0.43092698	-0.48051372	0.10541143	3.16756463	-0.68110204	-0.09941608	0.07724427	0.67161220	
0.00845900	  -30.02010541    47.65672691 -1018.73677423    54.90431525   -26.62171179    -9.06811327	 8.43514279 -1.45133559 -2.53591357  0.06170959  0.05268501 -0.00011199	 -20.62219529   98.36205959   -6.99215961 -145.08657098   -2.97401197   83.53960931  -10.73287191  -23.24735874  -24.57311222   10.07398340    3.49512101   23.68130636	 0.03095927 -0.02106265 -0.35288483  0.82612747 -0.47623503  0.02925435  0.02745175 -0.06524909 -0.33969173  1.08159341 -0.64433411  0.07250250	-0.03720677 -0.00101938  0.38788204 -0.04132954 -0.32423048  0.05384928 -0.08545166 -0.03232402 -1.57213034  1.44806756 -0.00277561  0.19324640	-0.05285558 -0.00419165  0.35049311 -0.00975186 -0.31939741  0.03243651 -0.06440450 -0.00984927 -1.52756002  1.42314727 -0.00012086  0.18178298	 0.20399848 -0.01836448  3.90793333	-0.00386799 -0.01632576  0.05646752	-0.00353717 -0.01601120  0.05392530	 0.00233637  0.00454185 -0.99998696	0.35000000	0.00000000	0.00000000	0.44704068	-0.46305183	-0.28793922	0.93893266	-0.40985584	-0.39455622	-0.78434664	-0.09302286	0.44616097	0.14044078	0.36790520	0.06491948	0.58599728	0.17197359	-0.24971703	-0.57816958	-0.40205020	-0.44918719	0.10088748	3.20784783	-0.70723504	-0.11725955	0.06041480	0.66567630	
0.00803000	  -14.87438648    35.45588059 -1011.54264148    54.61156874   -16.45952847    -8.06950634	 7.56074926 -3.58807353 -4.70284122  0.10467801 -0.02907370  0.06518920	 -19.02082944   99.14581180  -12.06180311 -141.16642267    6.63384676   78.66398978   -8.31904996  -19.49863023  -17.06213263    2.48397142    4.35664925   17.58988631	 0.03047596 -0.02106812 -0.35009672  0.82601890 -0.47875720  0.02945634  0.02685503 -0.06539281 -0.35176575  1.09230039 -0.64433818  0.07381706	-0.04130623 -0.01071594  0.34246562 -0.03658124 -0.29163621  0.03254452 -0.05796767 -0.03402472 -1.40472515  1.21225744  0.02788537  0.11418768	-0.05958176 -0.00268615  0.34929340 -0.01644066 -0.31105519  0.02328015 -0.07199746 -0.02020667 -1.49734931  1.31632267  0.00254262  0.14891188	 0.20443709 -0.02151199  3.90856998	 0.00025553 -0.01495365  0.06570218	-0.00104520 -0.01544946  0.06265098	 0.00221247  0.00455528 -0.99998718	0.35000000	0.00000000	0.00000000	0.41470176	-0.47386280	-0.24331802	0.97017872	-0.45966241	-0.38900012	-0.73223263	-0.12080435	0.45583975	0.13526371	0.36792076	0.06336543	0.59561729	0.16924262	-0.31069699	-0.58070391	-0.37607029	-0.43520603	0.09934214	3.21012449	-0.70062226	-0.13503478	0.09520198	0.67624325	
0.00848700	  -25.27514926    38.44864092 -1009.52486123    55.70623653   -18.85319404    -7.45062488	 8.45995192 -1.13292453 -3.71645622  0.05121345  0.02780313  0.00467000	 -18.41742233   97.29150891   -6.23182357 -139.14176920    3.70358447   79.81086612  -10.18084411  -22.96522558  -23.92940579    6.25364534    7.61707431   24.47897571	 0.02987618 -0.02107575 -0.34713254  0.82585325 -0.48138662  0.02954505  0.02613841 -0.06561234 -0.36447430  1.10273878 -0.64435126  0.07492758	-0.09474696 -0.01097076  0.33918980 -0.03448882 -0.31322896  0.00667105 -0.08846923 -0.02664044 -1.43524731  1.13090824  0.01544465  0.14793740	-0.07234112 -0.00143569  0.35053615 -0.02076323 -0.30887343  0.00793397 -0.08438590 -0.02980509 -1.48988721  1.21043604  0.00022811  0.14207481	 0.20538286 -0.02439117  3.90853929	 0.00395282 -0.01525207  0.07165931	 0.00284883 -0.01506491  0.06994958	 0.00208847  0.00453458 -0.99998754	0.35000000	0.00000000	0.00000000	0.40177879	-0.48832360	-0.21072716	0.97849464	-0.48144326	-0.38403895	-0.71283460	-0.11685736	0.45045489	0.11827868	0.39388305	0.06031675	0.57603514	0.20338762	-0.29252607	-0.60326648	-0.39718822	-0.43907636	0.09616967	3.20612979	-0.71416759	-0.15925369	0.10520652	0.66391641	
0.00851600	  -20.77174969    39.21823696 -1019.05526065    56.97234844   -14.25328456    -3.42789882	 7.86022520 -2.72850972 -4.18778152  0.09132275  0.00936826  0.03612191	 -13.21337562   99.80797195   -6.81309829 -140.53310102    8.89025892   81.27535671   -8.26677438  -22.64788043  -20.83864299    3.56639293   11.69219048   20.93986061	 0.02928951 -0.02106657 -0.34411141  0.82558802 -0.48398802  0.02958899  0.02534158 -0.06596802 -0.37709381  1.11235573 -0.64430878  0.07627837	-0.08266531  0.00309495  0.33949488 -0.03832106 -0.30187040 -0.01323954 -0.08381363 -0.03969819 -1.34369869  0.99511397 -0.00013472  0.12473125	-0.06947526  0.00049483  0.35479962 -0.03446390 -0.30483376  0.00417526 -0.09215758 -0.04215331 -1.47146795  1.10562773  0.00579668  0.15330717	 0.20659129 -0.02618641  3.90949480	 0.00737648 -0.01675832  0.06590344	 0.00632687 -0.01627262  0.06784931	 0.00195514  0.00448427 -0.99998803	0.35000000	0.00000000	0.00000000	0.39327684	-0.49164370	-0.19203401	1.00273085	-0.51479179	-0.37832853	-0.68444747	-0.12220269	0.44143540	0.08895449	0.41218758	0.05989309	0.56766319	0.21423091	-0.31892374	-0.61997986	-0.37977654	-0.41410407	0.09952780	3.21144891	-0.71908635	-0.18632983	0.12598306	0.66695309	
0.00848500	  -22.24644012    38.58622101 -1007.22042315    58.76633972   -13.32667642    -4.75014882	 7.10343449 -2.28228606 -4.65411033  0.08411574  0.03943017  0.01617651	 -15.55325380   99.03915429   -7.47137363 -136.21232501    8.72339717   85.10899508   -9.42270674  -24.30256867  -23.12076997    3.07553141   18.29294425   23.13294795	 0.02874744 -0.02106684 -0.34101486  0.82522628 -0.48655528  0.02959648  0.02455395 -0.06647104 -0.38959951  1.12100718 -0.64395500  0.07765959	-0.08539888 -0.01635008  0.34027735 -0.04188919 -0.30565785 -0.02527984 -0.07246729 -0.08476814 -1.35485379  0.87847268  0.07337021  0.15238475	-0.06528769 -0.00024881  0.36147699 -0.04373672 -0.30375397 -0.00050508 -0.09320003 -0.06293513 -1.46269338  0.99483948  0.05121754  0.16551751	 0.20734937 -0.02805572  3.90959735	 0.01002166 -0.01608203  0.06449212	 0.00921477 -0.01631821  0.06483787	 0.00181711  0.00440822 -0.99998863	0.35000000	0.00000000	0.00000000	0.39762700	-0.49037179	-0.17439863	1.02125692	-0.55154055	-0.36774996	-0.68571502	-0.11729675	0.45065320	0.07591631	0.40641207	0.07744092	0.56654125	0.23476362	-0.31820375	-0.64446396	-0.36747646	-0.38719529	0.11194415	3.21981764	-0.73810589	-0.20788138	0.13142738	0.63791943	
0.00800100	  -18.55913829    32.72418281 -1018.63498244    59.63420967   -10.26488676    -3.76332056	 6.67619969 -1.74242910 -4.26972111  0.04615636  0.00660846  0.01535486	 -14.28761901   99.65010142   -7.92671405 -138.97672075   12.48972930   83.66085494  -10.27776359  -17.92955804  -19.83592039    4.12710376   14.80166307   20.44832557	 0.02824410 -0.02105839 -0.33805533  0.82484160 -0.48893622  0.02960623  0.02371883 -0.06702388 -0.40128236  1.12828979 -0.64319469  0.07903713	-0.03544861  0.02881524  0.38673571 -0.04786330 -0.27824934 -0.02189305 -0.10594791 -0.05894924 -1.37443463  0.79675373  0.10318295  0.15082824	-0.06240409  0.00347256  0.37278783 -0.05001150 -0.29781078 -0.00144256 -0.10583005 -0.07071675 -1.45543750  0.89269192  0.09935561  0.16535814	 0.20844372 -0.02996588  3.91052983	 0.01259926 -0.01694483  0.06423470	 0.01174562 -0.01662449  0.06433074	 0.00168796  0.00431627 -0.99998926	0.35000000	0.00000000	0.00000000	0.39262009	-0.50146723	-0.14539063	1.06096625	-0.57673424	-0.37361521	-0.65941930	-0.13641170	0.46277076	0.04685023	0.42158362	0.09069365	0.57299221	0.22612210	-0.31858814	-0.65229535	-0.34589142	-0.37952384	0.11340666	3.25063086	-0.71959800	-0.22309470	0.13983968	0.66017997	
0.00800000	 -15.51620869   35.83466230 -991.81619098   61.35883111   -7.12748360   -5.90581640	 5.68593105 -2.94117240 -5.52551156  0.09881363 -0.00126758  0.03744842	 -17.41157139   97.52561474  -10.76030632 -130.73232543   13.07270088   88.56583107   -9.08450331  -23.75389719  -18.54221164    0.98106309   20.17720239   21.84503478	 0.02771133 -0.02106286 -0.33510171  0.82438964 -0.49128920  0.02965553  0.02283220 -0.06763314 -0.41277954  1.13466280 -0.64205714  0.08027174	-0.07160787 -0.01069093  0.34425292 -0.07302636 -0.30162724  0.01845055 -0.10231666 -0.07117118 -1.37477419  0.67313595  0.14992214  0.13974474	-0.06659109  0.00017149  0.36869048 -0.05655372 -0.29581793  0.00766393 -0.11231184 -0.07877810 -1.43693646  0.77828479  0.15380366  0.15569663	 0.20898243 -0.03223261  3.90966363	 0.01328762 -0.01566150  0.07086343	 0.01300664 -0.01612817  0.06858497	 0.00155888  0.00421145 -0.99998992	0.35000000	0.00000000	0.00000000	0.38956180	-0.51167667	-0.12655127	1.06625199	-0.60587358	-0.35952261	-0.64629185	-0.12595069	0.45267582	0.03462146	0.40094748	0.09274690	0.56852907	0.25127977	-0.33811498	-0.68547553	-0.32831386	-0.34879839	0.11563094	3.24522018	-0.74069095	-0.23791587	0.14167529	0.63776541	
0.00850400	  -12.90894277    32.93802278 -1006.88585079    61.10929712    -4.57387723    -2.02146839	 4.89045141 -2.87539302 -5.26496809  0.08704129 -0.03346236  0.03500530	 -12.19544448  101.37350583   -9.40916552 -135.57982159   16.23649840   82.45647252   -9.25715788  -21.17669344  -14.31192651    1.55339591   18.63119647   20.52314928	 0.02710898 -0.02105659 -0.33193249  0.82392575 -0.49378508  0.02970222  0.02183788 -0.06838170 -0.42472266  1.14035649 -0.64023186  0.08152661	-0.06404993  0.02447059  0.37996216 -0.05896536 -0.30747687 -0.01486165 -0.10142107 -0.08640926 -1.34004750  0.57642008  0.25589004  0.09657522	-0.06901815  0.00284360  0.37553978 -0.05769313 -0.29482736  0.00563175 -0.11553895 -0.08950484 -1.39756171  0.64730684  0.22497838  0.13964967	 0.21065946 -0.03358853  3.90981857	 0.01626892 -0.01848202  0.06925781	 0.01535557 -0.01751639  0.06992023	 0.00141798  0.00408469 -0.99999065	0.35000000	0.00000000	0.00000000	0.36652952	-0.50215834	-0.08597094	1.10168147	-0.63448066	-0.37028995	-0.61625934	-0.14530826	0.47672588	0.00314696	0.42694843	0.09880169	0.58286422	0.25700656	-0.33608913	-0.68178737	-0.30911490	-0.33378032	0.12975581	3.26949739	-0.72786158	-0.26110184	0.15571955	0.63410252	
0.00847700	  -6.39678764   30.12377673 -993.29671494   63.11035221    1.02532042   -2.46634604	 4.81017749 -0.92561681 -5.53204893  0.04184158 -0.05022052  0.01120146	 -13.37235468   97.32429576  -13.02526609 -129.16105351   20.19721448   88.46801531   -9.60337259  -21.30051011  -14.97265024    1.08931288   17.21145912   24.65747017	 0.02651713 -0.02105813 -0.32874589  0.82340911 -0.49624917  0.02972819  0.02081099 -0.06922033 -0.43633422  1.14488105 -0.63789199  0.08288070	-0.08261141  0.01543186  0.37131520 -0.03832424 -0.31464069  0.00831541 -0.09874191 -0.11378272 -1.38511797  0.46725793  0.32710328  0.16335515	-0.06977332  0.00065964  0.37602998 -0.05815339 -0.29324712  0.00262802 -0.12045798 -0.10095425 -1.36883825  0.51567212  0.28795408  0.17029607	 0.21096939 -0.03503965  3.90925747	 0.01841159 -0.01652770  0.07193656	 0.01776520 -0.01723577  0.07100431	 0.00126928  0.00393543 -0.99999145	0.35000000	0.00000000	0.00000000	0.37074369	-0.52085268	-0.05477971	1.11812270	-0.66572726	-0.37042665	-0.62315828	-0.14838171	0.47968537	-0.01634899	0.41417000	0.11688134	0.59227884	0.27904099	-0.32960862	-0.72149640	-0.29607683	-0.33292380	0.14306024	3.27860236	-0.74862283	-0.27748790	0.16656092	0.61635756	
0.00802900	   -1.54659282    26.19968058 -1005.58062530    64.02408461     4.89982824     0.34232716	 3.66593616 -1.72181604 -5.46761313  0.04189954 -0.08578360  0.02804637	  -9.55397440   99.57176423  -12.47031239 -132.70366523   24.10923100   86.64239502   -9.37222867  -16.54238129   -9.69502366    1.42382172   17.50296517   20.02758476	 0.02594067 -0.02105650 -0.32573023  0.82290708 -0.49854217  0.02972597  0.01981283 -0.07009737 -0.44693506  1.14806658 -0.63528452  0.08438269	-0.07180713  0.01233787  0.35530443 -0.05661140 -0.25175062 -0.01342032 -0.11684894 -0.11539705 -1.18198402  0.30945906  0.30280751  0.15826659	-0.07179982  0.00112352  0.37756690 -0.06331898 -0.28319243 -0.00252835 -0.12362379 -0.10986967 -1.30863285  0.37767569  0.33035542  0.17884641	 0.21194417 -0.03605266  3.90959323	 0.02057203 -0.01777814  0.06981042	 0.01984980 -0.01722790  0.07070063	 0.00113682  0.00377849 -0.99999222	0.35000000	0.00000000	0.00000000	0.34259978	-0.51389658	-0.02855200	1.11702836	-0.69237196	-0.36230791	-0.58196020	-0.15612447	0.46216536	-0.04067110	0.41355842	0.08987430	0.59870559	0.29965249	-0.35937873	-0.73680806	-0.28938311	-0.32355881	0.15786526	3.27379370	-0.73347670	-0.30247396	0.20959710	0.61831361	
0.00845700	 -12.90631023   25.76089243 -981.95536163   63.87386800   -0.81513518   -0.92724918	 3.90668924 -1.68362164 -5.38327321  0.04281246 -0.01282410  0.03174993	 -11.36325044   97.85445118  -11.38928807 -126.59172207   16.33851725   87.48319888   -7.95807428  -18.10685730  -17.29533305    3.04709386   23.06281789   21.27553952	 0.02538614 -0.02105099 -0.32252944  0.82235929 -0.50101240  0.02974363  0.01880879 -0.07101954 -0.45785893  1.15032791 -0.63187860  0.08573875	-0.06559086  0.01063474  0.39605799 -0.05349868 -0.31584970 -0.01128113 -0.12375158 -0.10488988 -1.34367008  0.19930030  0.46274030  0.16611825	-0.06437410  0.00234371  0.37877221 -0.06207897 -0.29456765  0.00193408 -0.11756038 -0.11006730 -1.29260037  0.24840588  0.42066030  0.16094311	 0.21286065 -0.03666511  3.90777736	 0.02267941 -0.01688836  0.06388796	 0.02201950 -0.01720302  0.06579939	 0.00099043  0.00359343 -0.99999305	0.35000000	0.00000000	0.00000000	0.34891826	-0.49405816	-0.00908050	1.13944304	-0.72273731	-0.34387782	-0.58205515	-0.14669329	0.49346286	-0.07341299	0.41730255	0.13188061	0.60567784	0.30023253	-0.32872859	-0.74472284	-0.28117090	-0.30399466	0.15964969	3.29847693	-0.73282403	-0.31445277	0.18924780	0.58762854	
0.00802500	    6.94276949    25.89034597 -1006.09778791    64.39497346    11.41471609     0.14547984	 1.05053827 -2.08588413 -3.59405373  0.04402430 -0.13024608  0.05248013	 -10.30322033  100.08737922  -17.29770797 -131.02279451   30.43968585   87.25407493   -8.17590120  -15.88779902   -3.71350328    3.58952926   15.44473131   19.26925048	 0.02486565 -0.02106442 -0.31950181  0.82187325 -0.50335873  0.02974985  0.01792864 -0.07191580 -0.46779264  1.15147514 -0.62812562  0.08676769	-0.06091115 -0.01116318  0.38836020 -0.06241473 -0.29823806  0.00448042 -0.12106349 -0.12306791 -1.28705050  0.10134146  0.50216964  0.10643891	-0.06508900 -0.00170471  0.37933913 -0.06252314 -0.29081409  0.00208844 -0.10966908 -0.11179744 -1.23710365  0.12715157  0.47235383  0.12218626	 0.21383511 -0.03789007  3.90765320	 0.02474322 -0.01877316  0.06486003	 0.02404060 -0.01794039  0.06443599	 0.00085199  0.00340293 -0.99999385	0.35000000	0.00000000	0.00000000	0.32810894	-0.48773482	0.01836489	1.15467858	-0.72287315	-0.35826954	-0.56406379	-0.17870206	0.48744982	-0.08820076	0.39963859	0.11794623	0.62691963	0.30549282	-0.35683870	-0.76403803	-0.23635331	-0.29074982	0.18809806	3.31631041	-0.73923957	-0.33298236	0.21886566	0.58730417	
0.00803700	   9.06533155   23.12414145 -997.36939003   64.13100273   12.88089378    1.77443533	-1.59660944 -0.02531645 -1.15002611 -0.02294386 -0.12053159  0.02526781	  -8.17725151  100.86214304  -18.81260734 -127.26615295   28.37780651   84.61761093   -7.17041311  -12.94177350   -4.75886980    5.52152115   19.16046587   21.79892948	 0.02436558 -0.02104915 -0.31645346  0.82140479 -0.50569572  0.02974052  0.01716882 -0.07277817 -0.47736980  1.15197187 -0.62401300  0.08751894	-0.05012567  0.00356416  0.37215234 -0.04266339 -0.30535439 -0.02399656 -0.07288181 -0.10094064 -1.10260346  0.06367259  0.51509355  0.06185182	-0.06205918  0.00226296  0.37860048 -0.05626855 -0.29126198 -0.00136075 -0.09086974 -0.10665897 -1.18227267  0.05774188  0.51840512  0.09280816	 0.21476732 -0.03889447  3.90560954	 0.02709039 -0.02166960  0.06171742	 0.02631176 -0.02066510  0.06283832	 0.00069156  0.00319476 -0.99999466	0.35000000	0.00000000	0.00000000	0.29946408	-0.48909625	0.03498561	1.16846454	-0.76891494	-0.33761790	-0.54837167	-0.18771446	0.47776371	-0.10992258	0.40271100	0.12215869	0.61845011	0.32573956	-0.34805679	-0.74812227	-0.23211166	-0.28409547	0.20684847	3.29913568	-0.71381313	-0.35451958	0.22953448	0.56808543	
0.00846800	   3.28570490   24.64411817 -999.81142362   64.38902619   12.90888618   -0.36590419	 0.26585249  1.16618327 -1.13415653 -0.04617974 -0.06906938 -0.00901318	 -11.34419107   98.48246932  -15.88022331 -125.59172466   29.38610253   87.23750186   -9.27047984  -14.99381644  -11.67141531    0.03773514   17.36011662   24.62682483	 0.02384358 -0.02105625 -0.31325192  0.82097107 -0.50819622  0.02974625  0.01645642 -0.07367148 -0.48734796  1.15208363 -0.61921667  0.08849753	-0.06532528 -0.01505717  0.33024153 -0.04288728 -0.25986921  0.01866969 -0.08754303 -0.09263573 -1.08948944 -0.01201293  0.56834232  0.12353782	-0.06101240 -0.00031530  0.37280433 -0.04867360 -0.29361957  0.00120508 -0.08498125 -0.10352792 -1.16657011  0.00616628  0.57014947  0.12491772	 0.21523016 -0.04029974  3.90364814	 0.02935351 -0.02182855  0.06332293	 0.02865453 -0.02182746  0.06274408	 0.00050662  0.00295384 -0.99999551	0.35000000	0.00000000	0.00000000	0.30651194	-0.47892788	0.07264981	1.16832042	-0.77447671	-0.31448823	-0.54697680	-0.17785221	0.46028519	-0.12453485	0.38249964	0.11175061	0.61597711	0.34990090	-0.32927871	-0.76508188	-0.21922985	-0.28474027	0.21010534	3.27190089	-0.73246300	-0.36065009	0.24825338	0.53920299	
0.00802700	   -7.36425336    23.91628590 -1000.28697689    64.78867774     5.88214523     0.95885246	 0.97094949 -0.98647377 -1.11549257  0.00161052 -0.08454044  0.03577498	  -9.13421660  103.43534350  -12.81197520 -130.40552726   22.13641615   82.84821540   -7.63044693  -14.10974699   -9.32167569   -0.70079380   12.15125544   19.40262908	 0.02334962 -0.02104578 -0.31020099  0.82060225 -0.51063866  0.02974366  0.01586586 -0.07453159 -0.49652571  1.15176233 -0.61442792  0.08953764	-0.07441571  0.00810178  0.33023338 -0.04962626 -0.28255852 -0.01676523 -0.04919122 -0.12386239 -1.02677456 -0.07084660  0.54744296  0.09378379	-0.06088633  0.00303271  0.37913372 -0.04696446 -0.30375456 -0.00117913 -0.07166045 -0.10693809 -1.13036903 -0.04800434  0.59249010  0.11897235	 0.21786223 -0.04091778  3.90170523	 0.03185126 -0.02745421  0.05754339	 0.03101446 -0.02537456  0.05973145	 0.00031412  0.00270852 -0.99999628	0.35000000	0.00000000	0.00000000	0.32057562	-0.44820383	0.08213481	1.18178666	-0.78201032	-0.30995852	-0.51325709	-0.17624533	0.46083254	-0.15252596	0.39367431	0.09320953	0.61775500	0.37193191	-0.31163648	-0.74132079	-0.18521443	-0.27246839	0.19746172	3.27998757	-0.71335351	-0.38448572	0.26130688	0.51128376	
0.00846400	  -6.72934904   21.31199113 -991.71682007   64.27777529    5.22924144    1.08690100	 0.76315932  0.38292854 -2.29414580 -0.03860405 -0.08941066 -0.00406360	  -9.48145722   99.40369534  -18.51648533 -128.54381210   22.19798407   87.04255307  -10.05280491  -12.13858134  -10.27776800   -4.48437266   15.70180710   21.49802434	 0.02288293 -0.02105363 -0.30689351  0.82024730 -0.51334964  0.02975082  0.01532249 -0.07537913 -0.50601006  1.15090411 -0.60917026  0.09033330	-0.04153570 -0.00720716  0.41501609 -0.05452671 -0.35263702  0.01419405 -0.06758885 -0.10707025 -1.18510230 -0.13853192  0.66671714  0.11476744	-0.05390425  0.00000308  0.38853047 -0.04040325 -0.32317993  0.00156044 -0.06432859 -0.10018798 -1.11428738 -0.11362609  0.62681575  0.09339881	 0.21992284 -0.04172067  3.89965401	 0.03426619 -0.02789802  0.05417297	 0.03351519 -0.02786330  0.05515942	 0.00007653  0.00242666 -0.99999705	0.35000000	0.00000000	0.00000000	0.33583662	-0.43761554	0.09177887	1.21682894	-0.79651397	-0.30149975	-0.52813721	-0.18263963	0.48164117	-0.17300901	0.37224382	0.13385011	0.62943268	0.37179667	-0.29346880	-0.75842977	-0.16332504	-0.24965438	0.21090397	3.30500054	-0.71446472	-0.39737788	0.24113454	0.49202487	
0.00802500	   16.08367694    20.82572278 -1004.24154924    64.32577732    19.67867865     1.80047147	-1.93588740  0.10119099 -2.54434609 -0.03706233 -0.19845305  0.02405685	  -8.85442686  103.10427380  -25.54836259 -129.19153446   37.66393822   83.73823881   -8.59156032  -10.12624717    1.52032646   -3.17403735   13.77261727   17.48024678	 0.02244711 -0.02104224 -0.30381362  0.81996244 -0.51589640  0.02974759  0.01482577 -0.07611291 -0.51457636  1.14947206 -0.60399880  0.09082631	-0.02665085  0.00180875  0.37635934 -0.06346397 -0.33550842 -0.01485994 -0.06852928 -0.07082109 -1.05031225 -0.19052568  0.63222247  0.05740574	-0.05302258  0.00291347  0.38385116 -0.03650447 -0.31721315 -0.00067810 -0.06178986 -0.08877441 -1.06145014 -0.18825668  0.64582318  0.05487898	 0.22082565 -0.04319963  3.89919379	 0.03593115 -0.02697127  0.05785518	 0.03539537 -0.02729475  0.05655321	-0.00014218  0.00214512 -0.99999769	0.35000000	0.00000000	0.00000000	0.30556297	-0.43824396	0.11179037	1.22561622	-0.80731893	-0.29810315	-0.49693388	-0.22026554	0.45437509	-0.19231093	0.36726707	0.11866932	0.63722801	0.38091862	-0.33221534	-0.75180829	-0.13007414	-0.23403645	0.23824395	3.29582143	-0.70122641	-0.41031688	0.27041316	0.51848727	
0.00800500	  11.43962200   23.64994398 -983.53539709   63.03778328   18.71630145    1.99266053	-1.76862421 -0.71597795 -3.70626548 -0.00117418 -0.16353121  0.04356272	  -8.61878295  102.95058632  -22.86992619 -123.02315116   33.03778151   86.42827094   -6.84465832  -14.52479410   -2.09276333   -7.06056209   19.32788667   20.94308123	 0.02198601 -0.02103834 -0.30079302  0.81974420 -0.51840500  0.02974074  0.01446071 -0.07679617 -0.52268928  1.14731607 -0.59854234  0.09103868	-0.04933170  0.02323317  0.34655339 -0.02227475 -0.29593257  0.00001956 -0.04087273 -0.09694399 -0.96766947 -0.27875120  0.67757571  0.01381619	-0.05553944  0.00302545  0.37397390 -0.02406564 -0.31193411 -0.00192391 -0.04390280 -0.08505497 -1.00215302 -0.27908489  0.68649645  0.02393883	 0.22170617 -0.04399115  3.89734366	 0.03823139 -0.02574735  0.05760290	 0.03747299 -0.02615130  0.05777407	-0.00035189  0.00184828 -0.99999823	0.35000000	0.00000000	0.00000000	0.30165899	-0.44007450	0.13333252	1.23045385	-0.84269440	-0.28033373	-0.49456394	-0.20037240	0.43545151	-0.22246519	0.37321195	0.11445834	0.62969434	0.41500807	-0.31874987	-0.77215469	-0.12143325	-0.21179518	0.23810722	3.27633309	-0.70093566	-0.43092334	0.27883261	0.48830488	
0.00845300	   1.34430048   21.95799876 -980.92672854   63.21200090   12.04732462    2.46374096	-0.53051819  1.27839459 -4.16087313 -0.05740265 -0.15973991 -0.00508758	  -8.13900933  102.36026406  -21.32772115 -126.83830857   26.74962679   87.72576928   -9.10612685  -11.22231275   -3.18848466  -10.33999838   15.42119944   23.17276043	 0.02150277 -0.02103966 -0.29760216  0.81959882 -0.52117565  0.02975333  0.01420619 -0.07748830 -0.53081538  1.14413858 -0.59233041  0.09125618	-0.05157701 -0.03136763  0.42046625 -0.01035450 -0.34993877  0.02372786 -0.03757176 -0.10219552 -0.95639274 -0.42442984  0.77857339  0.04862102	-0.05499162 -0.00103918  0.38141542 -0.01481408 -0.33010956  0.00143553 -0.02901843 -0.08252148 -0.95510560 -0.39395387  0.74365035  0.02879495	 0.22388129 -0.04500965  3.89531578	 0.03883035 -0.02601087  0.05512546	 0.03868155 -0.02587634  0.05595050	-0.00057008  0.00151980 -0.99999868	0.35000000	0.00000000	0.00000000	0.29559624	-0.41812542	0.15935209	1.24055994	-0.85110712	-0.26781663	-0.49784118	-0.19987249	0.45505309	-0.24167028	0.34127086	0.11426524	0.64572603	0.42100042	-0.28970605	-0.78713012	-0.10571637	-0.21249714	0.25399029	3.28646612	-0.69745511	-0.44686079	0.28249669	0.43064806	
0.00803200	   15.72253362    23.19668239 -1009.35614260    64.48500550    22.80223641     3.56616778	-2.38141155  2.34531047 -2.07242813 -0.10975683 -0.18488961 -0.01479565	  -6.89879903  105.59380627  -26.82816867 -129.58021611   40.26738632   80.74724466   -8.70044215   -4.51643603   -1.26718835   -1.47381137   14.35059285   18.15338558	 0.02105985 -0.02097125 -0.29464088  0.81949598 -0.52380573  0.02974453  0.01404157 -0.07799010 -0.53798625  1.14037126 -0.58626460  0.09147464	-0.06118516 -0.01917796  0.34551657  0.02213747 -0.28006260 -0.00466983  0.00774044 -0.03561765 -0.85224093 -0.48096310  0.71436556  0.02157540	-0.05642882  0.00730898  0.36745047 -0.01095139 -0.32359110 -0.00118020 -0.01752624 -0.05753884 -0.88957876 -0.47908084  0.75761822  0.02328137	 0.22435266 -0.04791922  3.89546164	 0.03346172 -0.02224142  0.05415962	 0.03528788 -0.02354465  0.05445687	-0.00076372  0.00122963 -0.99999895	0.35000000	0.00000000	0.00000000	0.26518169	-0.39142945	0.17334238	1.23216689	-0.85167021	-0.24148858	-0.47297165	-0.25147432	0.43681264	-0.25632140	0.34726763	0.10754342	0.65471417	0.41683659	-0.30589858	-0.75562656	-0.08868391	-0.21972895	0.27943623	3.25793958	-0.67068905	-0.45358294	0.31693929	0.45823500	
0.00801000	   1.11430928   24.30213112 -994.97342356   64.05206408   13.42175841    4.89485010	-2.38700382  0.66320724 -3.07274137 -0.04780565 -0.15879310 -0.01355076	  -5.42963619  104.87215686  -22.04597686 -130.15447068   28.19527119   82.54777282   -9.86299145  -11.91239133   -1.31435064   -5.64953963   18.87922968   20.20765242	 0.02065811 -0.02082900 -0.29164713  0.81935912 -0.52644153  0.02974221  0.01393560 -0.07834116 -0.54472584  1.13597122 -0.57990255  0.09157873	-0.06841167  0.00691967  0.37996929  0.00448223 -0.33636241  0.00808318 -0.03849256 -0.02711931 -0.83053538 -0.60721217  0.85857290  0.01496520	-0.05124332  0.01710965  0.37338161 -0.01493536 -0.32787977 -0.00137989 -0.01369058 -0.04292110 -0.82979750 -0.56073012  0.80166735  0.01341639	 0.22698032 -0.04913827  3.89441031	 0.03290066 -0.02418300  0.04742792	 0.03299925 -0.02340704  0.04975878	-0.00094595  0.00096741 -0.99999908	0.35000000	0.00000000	0.00000000	0.24662170	-0.38171789	0.20809093	1.23387444	-0.86966550	-0.21520230	-0.44103438	-0.21832576	0.44878405	-0.29702461	0.35178784	0.09992421	0.65882063	0.43147340	-0.29620376	-0.78656602	-0.09063729	-0.20848238	0.28782764	3.24485946	-0.65729493	-0.46821150	0.30326754	0.41770408	
0.00851000	   11.66648217    24.71433558 -1006.08860371    64.43163949    20.04679530     5.60056505	-3.01938991  0.78000866 -2.44205315 -0.04950265 -0.21514635 -0.01129529	  -5.05927752  105.31713009  -28.56748009 -131.29528853   36.73202857   83.59735286   -7.16772738  -11.51448610    2.27714323   -2.77895042   12.61492936   19.61243922	 0.02028806 -0.02065415 -0.28841402  0.81921122 -0.52930207  0.02974354  0.01390426 -0.07862479 -0.55134564  1.13052101 -0.57286621  0.09160825	-0.03841146  0.01383973  0.35252517 -0.00225456 -0.28997541  0.01017930  0.00966112 -0.02238534 -0.64925916 -0.63759933  0.74321842  0.00188090	-0.04195379  0.02194446  0.37837113 -0.01611224 -0.33124121 -0.00058118 -0.00477807 -0.03129331 -0.75923370 -0.65022409  0.82057057  0.00368088	 0.22878271 -0.05049848  3.89440798	 0.03341120 -0.02259973  0.04384382	 0.03325570 -0.02316582  0.04485277	-0.00114643  0.00068602 -0.99999911	0.35000000	0.00000000	0.00000000	0.23781577	-0.39045703	0.21106967	1.23663282	-0.87762409	-0.21189654	-0.44572097	-0.24030742	0.40771008	-0.30759186	0.34022224	0.09274411	0.65108472	0.44648296	-0.30533049	-0.77498013	-0.04618492	-0.20574614	0.29940465	3.21006227	-0.63837135	-0.48472023	0.32988977	0.40786853	
0.00848000	  -2.91060711   25.67809621 -991.90438731   63.92114548   12.39635109    2.83468809	-2.51528372  0.87923369 -3.43856152 -0.05369839 -0.14388150 -0.01862286	  -8.63188099  105.47292638  -24.99357839 -127.77179739   28.02805218   83.33733869   -9.73095156  -10.91726699   -3.11979479   -7.06581110   20.88764419   19.51016605	 0.01991633 -0.02045394 -0.28520855  0.81907146 -0.53219304  0.02974590  0.01387656 -0.07882821 -0.55741804  1.12428439 -0.56549631  0.09163507	-0.05234916  0.01156637  0.39019698 -0.00880932 -0.33788991  0.01272499 -0.00730362 -0.00094680 -0.68325001 -0.80123312  0.93002571  0.01062032	-0.04322961  0.02488110  0.37713117 -0.01408711 -0.34207763 -0.00021590 -0.00392195 -0.01911174 -0.70175442 -0.74904585  0.87822390  0.00435934	 0.23122673 -0.05269309  3.89322230	 0.03122251 -0.02128717  0.04300512	 0.03191791 -0.02164073  0.04327588	-0.00133161  0.00041124 -0.99999903	0.35000000	0.00000000	0.00000000	0.22714919	-0.36489177	0.24078438	1.24770772	-0.90528083	-0.17088988	-0.42690209	-0.22306097	0.43384999	-0.33768061	0.33106017	0.10644167	0.66862381	0.44500601	-0.28598055	-0.78983200	-0.04541610	-0.19272788	0.31438914	3.19853354	-0.62092096	-0.48874542	0.31525925	0.37339276	
0.00851300	    9.87756753    25.82510732 -1007.03643897    64.45517352    20.67979254     5.21157051	-3.65805621  0.81816363 -2.02591342 -0.05066721 -0.23304454 -0.01401742	  -5.61622244  105.60242128  -29.63142539 -132.31594822   38.32591367   82.03696108   -8.13978714  -11.00235152    4.32689499   -0.57261005   10.00356674   17.76045908	 0.01954748 -0.02018934 -0.28199850  0.81899270 -0.53513700  0.02974020  0.01386768 -0.07893414 -0.56293399  1.11725101 -0.55779100  0.09164100	-0.06029553  0.04063637  0.35482132  0.00034285 -0.31828959 -0.02741926 -0.02640523 -0.01618590 -0.57166148 -0.80327552  0.81200696  0.01565568	-0.04420094  0.03220529  0.37472044 -0.01074755 -0.34387982 -0.00254669 -0.00365121 -0.01134543 -0.63291985 -0.83540331  0.89617564  0.00233268	 0.23359496 -0.05461952  3.89314786	 0.03104209 -0.02063718  0.04253944	 0.03093881 -0.02082635  0.04267071	-0.00150926  0.00014955 -0.99999885	0.35000000	0.00000000	0.00000000	0.22227061	-0.36561719	0.25742370	1.23509216	-0.88864172	-0.17495637	-0.41150582	-0.25030643	0.39730948	-0.35141382	0.34521827	0.08139249	0.67174947	0.47639626	-0.29561278	-0.78704309	-0.01440120	-0.21050894	0.32826743	3.17397308	-0.60709971	-0.50866020	0.35352990	0.37805015	
0.00846100	   3.93069872   26.13258019 -991.13340618   63.60259548   17.44904296    5.97259542	-4.20269277  0.10118892 -3.67137438 -0.02685272 -0.18863801 -0.01901856	  -4.95308979  104.24774098  -28.93493387 -128.93012521   32.84875247   85.88124084   -5.53736868   -8.72639593    1.79639186   -6.08546719   21.71732989   17.52259345	 0.01922127 -0.01991746 -0.27875584  0.81888076 -0.53806635  0.02974756  0.01387201 -0.07897607 -0.56781562  1.10947594 -0.54984855  0.09162747	-0.01250251  0.04911136  0.39364645 -0.02949504 -0.35552619  0.01923504  0.00906921 -0.00532692 -0.53298333 -1.01508314  1.03169579  0.00091636	-0.03686962  0.03312321  0.38416182 -0.01291705 -0.34915891  0.00025070 -0.00055027 -0.00571942 -0.56530079 -0.93932685  0.95517956 -0.00239282	 0.23598753 -0.05570272  3.89220385	 0.03262532 -0.01893307  0.03864983	 0.03208269 -0.01946578  0.03994108	-0.00167738 -0.00012018 -0.99999859	0.35000000	0.00000000	0.00000000	0.20382079	-0.35244021	0.27350485	1.27099597	-0.94741482	-0.13997613	-0.41002321	-0.23147675	0.42699629	-0.39055607	0.33746773	0.12482416	0.69545317	0.45820773	-0.29096669	-0.81507748	0.00894800	-0.18734880	0.35751036	3.16558290	-0.58451146	-0.51708013	0.33661348	0.33657965	
0.00804300	  15.77832567   26.02277454 -994.82518343   63.49961317   23.90062324    3.61562220	-5.45770425  0.12202562 -2.49951462 -0.02811448 -0.28324200  0.00726267	  -8.53195325  103.55036712  -35.21258874 -129.19430780   39.75642371   84.46652389   -9.31929437   -8.52063894    9.34453917    0.79559998   10.27291129   17.94728212	 0.01886983 -0.01965546 -0.27574269  0.81882518 -0.54085360  0.02974461  0.01387289 -0.07898251 -0.57182924  1.10142609 -0.54205534  0.09164299	-0.06931681  0.01827448  0.37135855 -0.03251653 -0.33501685 -0.01178191  0.01336395 -0.00719426 -0.43911626 -1.03289386  0.97898793  0.00764813	-0.04633698  0.03235057  0.37287913 -0.00822802 -0.34383168 -0.00107896 -0.00007332 -0.00093758 -0.48390387 -1.00806747  0.96400825  0.00130653	 0.23786502 -0.05749795  3.89141756	 0.03496933 -0.01686367  0.04659546	 0.03418717 -0.01756174  0.04381774	-0.00182049 -0.00039024 -0.99999827	0.35000000	0.00000000	0.00000000	0.18875654	-0.34989524	0.29250464	1.25044048	-0.92682636	-0.13956852	-0.40152302	-0.25751436	0.39529985	-0.38546762	0.31219253	0.08702169	0.70802182	0.49531093	-0.29985175	-0.81675255	0.03811467	-0.20117208	0.37569660	3.13785958	-0.56411588	-0.53536528	0.36927631	0.32439265	
0.00845600	  11.64379719   30.32398618 -992.09853676   63.39534161   22.37745674    9.44634463	-5.65554196 -0.57905474 -2.49634448 -0.00289136 -0.25795510 -0.01305626	  -0.98285819  106.83391237  -32.99904436 -130.58569130   36.80509695   82.28334081   -5.64839040   -3.12014557    6.69506471    0.30039003   14.59040388   15.24996156	 0.01849690 -0.01937755 -0.27254613  0.81880026 -0.54382470  0.02974636  0.01388109 -0.07898636 -0.57545591  1.09221774 -0.53375066  0.09164190	-0.06076466  0.00469170  0.40807264  0.00872073 -0.36826789 -0.00775850  0.02129130 -0.00641299 -0.39872535 -1.15139405  1.03466557 -0.00732952	-0.04496818  0.03119286  0.37983609 -0.00351993 -0.35147044  0.00003345  0.00356428  0.00171209 -0.41814508 -1.10280566  0.98779238  0.00029753	 0.24021381 -0.05828783  3.89028174	 0.03669681 -0.01523363  0.04023474	 0.03615768 -0.01570755  0.04251640	-0.00195610 -0.00069489 -0.99999785	0.35000000	0.00000000	0.00000000	0.18565615	-0.30065081	0.30341196	1.24199331	-0.93787926	-0.10343397	-0.39414662	-0.26411635	0.40150368	-0.41964576	0.32119134	0.09176646	0.72556418	0.50135469	-0.27543935	-0.81535190	0.04242381	-0.19894382	0.39870471	3.13562584	-0.55316412	-0.55020493	0.38526121	0.28855613	
0.00803400	   22.60857597    30.04222725 -1009.41231341    64.13358780    29.70768666     8.34999740	-7.65082990 -0.37425348 -1.79870114 -0.01359557 -0.29324243 -0.00744850	  -3.28175449  106.73332548  -38.13419943 -133.23460567   45.59046149   81.03917807   -7.15435270   -0.55826917   10.99329511    4.85166801   15.15809472   15.20709914	 0.01818274 -0.01908610 -0.26953581  0.81872619 -0.54662317  0.02975424  0.01387283 -0.07900199 -0.57826519  1.08298480 -0.52577473  0.09162913	-0.05960743  0.04171140  0.34779000 -0.01058099 -0.32982792  0.00073956  0.01032933 -0.01036197 -0.27435692 -1.13792521  0.94673421 -0.01171649	-0.04098744  0.03623920  0.37384761 -0.01108664 -0.34584445  0.00236556  0.00018203 -0.00256152 -0.33879714 -1.16018305  0.99555166 -0.00239576	 0.24163896 -0.05944905  3.89061548	 0.03908113 -0.01177024  0.04035892	 0.03827433 -0.01294175  0.04018786	-0.00206457 -0.00099749 -0.99999737	0.35000000	0.00000000	0.00000000	0.18093869	-0.28855801	0.31029969	1.22033632	-0.93310690	-0.08329110	-0.38822946	-0.28354385	0.36089301	-0.42044628	0.31996131	0.07439188	0.73161411	0.53313446	-0.28006414	-0.81573880	0.05971653	-0.19634646	0.42556360	3.09156799	-0.53148997	-0.56101149	0.41237575	0.29613939	
0.00849100	  10.57599027   30.57436608 -985.17356802   62.97476621   22.05358335    9.37565746	-7.12589890 -0.76157810 -3.41364347  0.00146408 -0.27074434 -0.01352064	  -1.80677872  105.33341980  -35.23141173 -129.60410821   34.98630032   82.92259139   -5.05277439   -0.51592439    9.72937668   -1.15828045   19.25856963   15.00530592	 0.01786340 -0.01879628 -0.26630585  0.81863972 -0.54962123  0.02973834  0.01387053 -0.07900341 -0.58061160  1.07256958 -0.51698418  0.09163671	-0.04120469  0.04276838  0.36385158  0.00730707 -0.35132983  0.00242597 -0.00869444 -0.00605007 -0.22239706 -1.20037571  0.98912354  0.00500768	-0.03723803  0.03606240  0.37756780 -0.00696555 -0.35598090 -0.00193814 -0.00034104 -0.00279764 -0.26200800 -1.23786361  1.04000045 -0.00013632	 0.24437989 -0.06017427  3.88915080	 0.04105184 -0.01078868  0.03545871	 0.04044691 -0.01100086  0.03711657	-0.00215865 -0.00133820 -0.99999677	0.35000000	0.00000000	0.00000000	0.19536793	-0.26650617	0.31988606	1.21730685	-0.94418669	-0.04210896	-0.37783736	-0.25894788	0.35026491	-0.44208053	0.31663805	0.06783279	0.73438424	0.56017333	-0.24693879	-0.82600129	0.06906158	-0.18757617	0.42917606	3.07049918	-0.51493591	-0.57048875	0.41283035	0.25401565	
0.00852200	  13.35079378   31.05251340 -998.04303141   63.70251529   23.93008042    7.69641714	-7.48982727 -0.68281386 -3.06800943 -0.00214836 -0.29958973 -0.00214075	  -4.29613371  106.24049258  -38.26422419 -134.27840814   39.31698462   81.81874567   -4.29757519    1.99015707   12.25865867    0.18807819   15.77348609   12.71539102	 0.01756673 -0.01849221 -0.26304452  0.81853842 -0.55267324  0.02974625  0.01387278 -0.07899260 -0.58220363  1.06138948 -0.50782692  0.09163885	-0.04297786  0.03161371  0.37035652  0.00111107 -0.32506094 -0.00023063  0.02078796 -0.00029674 -0.12238335 -1.26691859  1.00651935  0.00635061	-0.03541153  0.03753784  0.38174885 -0.01142004 -0.35688827  0.00026291  0.00152158  0.00048786 -0.17032358 -1.31844464  1.07042875  0.00050770	 0.24719241 -0.06139558  3.88886792	 0.04301288 -0.00908474  0.03626748	 0.04240187 -0.00961517  0.03592867	-0.00224364 -0.00169525 -0.99999605	0.35000000	0.00000000	0.00000000	0.18643557	-0.23857577	0.33140931	1.20663011	-0.93865842	-0.02412267	-0.37757012	-0.27587956	0.33842313	-0.45356700	0.29850814	0.06039304	0.75378740	0.56897366	-0.24112734	-0.82203317	0.10750644	-0.18458535	0.45129085	3.04217649	-0.49163339	-0.58031636	0.43282762	0.23065434	
0.00845700	   7.79462862   33.88894329 -995.80021683   63.70575554   21.17115843    8.67231665	-7.24764080 -0.39006150 -2.29797879 -0.01291871 -0.27569386 -0.01381084	  -3.00256640  108.43014503  -38.91007236 -133.59812051   36.10528395   80.26537395   -4.75544554    5.43761235   11.51672139    2.80329578   15.22673526   11.24627976	 0.01725663 -0.01816561 -0.25974193  0.81840263 -0.55576398  0.02974537  0.01387649 -0.07897867 -0.58305857  1.04952941 -0.49843684  0.09164069	-0.06467028  0.05745461  0.43085489 -0.01795176 -0.39808837 -0.00253869  0.03293388 -0.02161810 -0.05154405 -1.47663077  1.15394738  0.01002078	-0.03793347  0.04048440  0.39218564 -0.01559226 -0.36861101  0.00039882  0.00228077  0.00110156 -0.08804287 -1.41567427  1.11464755  0.00078972	 0.25004539 -0.06326684  3.88813191	 0.04146603 -0.00635853  0.03392985	 0.04194604 -0.00763446  0.03495653	-0.00231293 -0.00205448 -0.99999521	0.35000000	0.00000000	0.00000000	0.15931651	-0.21444385	0.36234590	1.19661725	-0.97153544	-0.00742540	-0.36267668	-0.27773431	0.36157489	-0.49584010	0.29113489	0.07436989	0.79952306	0.56397724	-0.23146096	-0.84276640	0.11634501	-0.19408521	0.47998047	3.03404450	-0.45636329	-0.58977765	0.44414994	0.19518788	
0.00804600	   23.02972904    29.68837511 -1012.36560567    64.14726945    33.29186760    10.99714921	-8.35159557  0.94701978 -0.39288832 -0.06392179 -0.27304677 -0.04215032	   0.19410722  104.33649778  -45.62502944 -131.28352335   49.69245645   81.94779301   -5.07162846    9.12069458   16.45968157   11.42161136   14.39203785   11.49373922	 0.01702131 -0.01780908 -0.25672185  0.81829598 -0.55866793  0.02973977  0.01387307 -0.07888717 -0.58340276  1.03798999 -0.48944297  0.09164618	-0.01430279  0.06009962  0.32497903 -0.02525899 -0.30893074  0.00435417  0.02385082  0.00890427 -0.03868157 -1.29090131  1.01541220  0.00595250	-0.02881726  0.04546821  0.36892492 -0.01260298 -0.35710533 -0.00122656  0.00104110  0.01041403 -0.03938872 -1.42779008  1.11382934  0.00238919	 0.24908704 -0.06441322  3.88872115	0.04282415 0.00733071 0.02782740	0.04229666 0.00244026 0.02995972	-0.00231283 -0.00238964 -0.99999447	0.35000000	0.00000000	0.00000000	0.18655214	-0.19628339	0.33575639	1.18592346	-0.94089729	0.01860175	-0.39095986	-0.30535743	0.29395002	-0.48021403	0.29513967	0.06839211	0.79311532	0.60419774	-0.21110386	-0.82470238	0.15343559	-0.18677010	0.50947946	2.99588680	-0.44873005	-0.59718281	0.46984535	0.21105854	
0.00800000	   -0.65323534    34.13552531 -1002.40834880    64.19837719    20.20098829     7.85753238	-5.80159604  0.71642562 -2.04944448 -0.05228635 -0.21803806 -0.03431992	  -4.25932030  108.88674092  -36.50326614 -132.88848022   34.99955902   81.21572828   -3.72547420    8.76014125   21.45038210   -0.40082365   15.97447541    9.93333197	 0.01681288 -0.01742302 -0.25380082  0.81823118 -0.56158624  0.02973852  0.01386311 -0.07868855 -0.58341793  1.02612767 -0.48028768  0.09163680	-0.02869529  0.05244572  0.33412911 -0.00137373 -0.33147259  0.00126685 -0.01943815  0.03406460  0.00948202 -1.39682215  1.07547177 -0.00690512	-0.02600391  0.04991294  0.36197935 -0.00902377 -0.36317045 -0.00185090 -0.00162488  0.02836862  0.00432031 -1.47802438  1.13810448 -0.00079294	 0.25026922 -0.06674515  3.88881807	0.03874581 0.01514147 0.02186016	0.04017759 0.01283030 0.02380591	-0.00221592 -0.00271757 -0.99999385	0.35000000	0.00000000	0.00000000	0.19988777	-0.16044283	0.35828176	1.18760061	-0.93153775	0.06866780	-0.33897525	-0.27988800	0.29440522	-0.49713787	0.29275033	0.02293230	0.79770499	0.61769170	-0.17019038	-0.83786285	0.16674043	-0.18374065	0.50882840	2.97155094	-0.43660316	-0.59474427	0.46463540	0.16570063	
0.00846200	   -0.18204196    33.18925558 -1022.91973249    65.49218103    20.74279863     8.70846814	-6.79861202  0.73800088 -0.37501390 -0.05541342 -0.25012290 -0.03628830	  -2.81925762  108.22770596  -39.39835691 -139.79938775   39.21600947   79.01417136   -0.81604105    8.24277699   23.65115052    7.68102957   10.47468379    8.36439764	 0.01665305 -0.01693022 -0.25071949  0.81812615 -0.56474846  0.02974277  0.01386423 -0.07837796 -0.58292862  1.01309721 -0.47044179  0.09164152	-0.04827070  0.07039655  0.35840599 -0.02489336 -0.41764146  0.00625760  0.00454558  0.04126143  0.09842556 -1.58131990  1.21863493 -0.00773088	-0.02065460  0.05930786  0.36480004 -0.01708201 -0.37484772 -0.00076172 -0.00194657  0.03867374  0.06635603 -1.54252249  1.16142060  0.00074776	 0.25222823 -0.06867519  3.89013812	0.03765662 0.02140578 0.01453473	0.03791318 0.01947376 0.01687124	-0.00205899 -0.00303949 -0.99999326	0.35000000	0.00000000	0.00000000	0.15890761	-0.13706329	0.39306822	1.18479228	-0.94959044	0.08038133	-0.31860197	-0.29775292	0.32814580	-0.53268957	0.30396354	0.04697205	0.83954597	0.59691572	-0.17827141	-0.84873021	0.20316249	-0.21447310	0.54887748	2.94103694	-0.40789065	-0.60090828	0.47564670	0.12782042	
0.00800600	   15.60402512    33.42518519 -1034.06790714    65.60332020    32.61680865    10.78806199	-9.62156717  1.29493045  0.61739529 -0.07773652 -0.32366302 -0.04738420	  -0.63016919  108.00356340  -44.16433384 -136.78430578   51.12960577   80.55848479   -1.97423410   10.48462081   30.56260066   15.29945325    9.08910710    8.72332460	 0.01656345 -0.01642321 -0.24776612  0.81791421 -0.56764164  0.02975787  0.01386090 -0.07796406 -0.58205278  1.00063758 -0.46133989  0.09163613	-0.03337290  0.06210669  0.42060550 -0.03833376 -0.36058750  0.00331011 -0.00407143  0.09451067  0.15609950 -1.61033981  1.16207430 -0.00490904	-0.01274131  0.06379965  0.37124005 -0.02959386 -0.35877860  0.00239729 -0.00249331  0.05604300  0.11947723 -1.55808540  1.13422448 -0.00116020	 0.25332296 -0.07090839  3.89199805	0.03641361 0.02650961 0.00944858	0.03684547 0.02481580 0.01110598	-0.00186618 -0.00333569 -0.99999270	0.35000000	0.00000000	0.00000000	0.13691251	-0.13934840	0.38785714	1.16914213	-0.93861723	0.09236479	-0.32865256	-0.32174969	0.27958083	-0.53372067	0.29844376	0.04184360	0.85653782	0.60552037	-0.17688245	-0.86614329	0.22668177	-0.20903485	0.58444673	2.92215180	-0.37712565	-0.60727674	0.49878997	0.14568621	
0.00801600	   16.95179459    38.87470296 -1027.15341668    65.03740475    35.00007591    11.15638898	-11.12596279   0.53532995   0.25834638  -0.05376676  -0.31635464  -0.04071353	  -1.02357288  111.78617120  -43.78041631 -133.57140338   50.92713279   79.07971168   -0.23952411    8.54801375   31.41776291   15.75229863   15.76423511    6.87263197	 0.01650762 -0.01584538 -0.24483221  0.81765599 -0.57050212  0.02975347  0.01386171 -0.07744147 -0.58076403  0.98813731 -0.45226052  0.09163547	 0.01492363  0.07563355  0.34046174 -0.02302642 -0.34546215  0.02232140 -0.01271487  0.07964558  0.15641812 -1.47448693  1.09673010  0.00819111	-0.00498674  0.07268271  0.36653677 -0.03285470 -0.35458439  0.00207608 -0.00187094  0.06880614  0.16714572 -1.55470288  1.13332751 -0.00056359	 0.25444099 -0.07410515  3.89311801	0.03202225 0.03018126 0.00617108	0.03351617 0.02899416 0.00724391	-0.00163797 -0.00360980 -0.99999214	0.35000000	0.00000000	0.00000000	0.18331689	-0.09502077	0.37085748	1.14702737	-0.91593438	0.14771575	-0.33248302	-0.32145414	0.24655344	-0.52427197	0.30974329	0.03923318	0.85155189	0.63048404	-0.13250956	-0.84178883	0.25651848	-0.18886003	0.60762775	2.88862634	-0.38649082	-0.59955382	0.49342406	0.12242571	
0.00846700	    6.56077140    37.15708061 -1037.72212916    65.99589144    29.66831515     7.39187678	-9.65609709  1.04188048 -0.52668492 -0.06948738 -0.33556006 -0.03269990	  -5.58220361  110.46672535  -39.07110429 -140.59831768   47.05943432   77.66886836   -0.76744470   10.37844038   34.19925936    9.24276812    9.94733141    4.65382236	 0.01644681 -0.01513473 -0.24161840  0.81724925 -0.57350476  0.02975257  0.01386970 -0.07671629 -0.57879521  0.97464619 -0.44259923  0.09163648	-0.01268955  0.07255818  0.39493260 -0.06438449 -0.39234478  0.02724456 -0.01346264  0.12121899  0.28923051 -1.71233309  1.21575565  0.00199079	-0.00701512  0.08359842  0.38345219 -0.05433146 -0.35758165  0.00225828  0.00084601  0.09007215  0.24693958 -1.60296485  1.14078541 -0.00071394	 0.25827720 -0.07822261  3.89543066	0.02712257 0.02670897 0.00854871	0.02864778 0.02794654 0.00775317	-0.00139330 -0.00385968 -0.99999158	0.35000000	0.00000000	0.00000000	0.14788827	-0.08130838	0.41727275	1.14840126	-0.92230713	0.17275059	-0.28790396	-0.31755427	0.26869011	-0.53972518	0.30283985	0.03066251	0.88687843	0.60422206	-0.13031951	-0.86731511	0.28347006	-0.21911499	0.61874104	2.85914350	-0.34518081	-0.59548545	0.50258851	0.09216994	
0.00803600	   15.67361418    37.52999202 -1047.35830536    66.31242892    35.57691038    10.61786164	-11.92904948   0.73090646   1.95713739  -0.06405374  -0.36471239  -0.03915181	  -1.32491296  109.93419838  -45.67693667 -140.46814275   53.58309960   75.61252123    0.27175310    8.61320889   33.42031001   24.15858255    6.90228490    4.44166602	 0.01636253 -0.01438700 -0.23839937  0.81665125 -0.57628851  0.02974911  0.01387164 -0.07591213 -0.57636788  0.96188768 -0.43373882  0.09164380	-0.02458091  0.09593016  0.37928047 -0.10684168 -0.35012239 -0.01701823  0.02536570  0.10194378  0.30797195 -1.50877617  1.02419663 -0.00673277	-0.00985001  0.09244935  0.40158279 -0.07957236 -0.34769007  0.00075701  0.00210622  0.10388523  0.30834510 -1.58452663  1.09713637  0.00082990	 0.26074495 -0.08121316  3.89767148	0.02650371 0.02733572 0.00713121	0.02665311 0.02706328 0.00767647	-0.00117962 -0.00407196 -0.99999101	0.35000000	0.00000000	0.00000000	0.17067286	-0.05764179	0.38203418	1.10728431	-0.88536310	0.17318112	-0.32033700	-0.34338036	0.20546992	-0.52525228	0.32087830	0.03319706	0.87874734	0.64603120	-0.10400722	-0.82956886	0.31357986	-0.21151620	0.63318795	2.82987428	-0.31559822	-0.61417627	0.51553696	0.09413894	
0.00850200	    8.31980868    38.42299896 -1036.92212377    65.79433650    32.84148162    10.11343105	-11.06996430   1.73965082  -0.22290704  -0.09647456  -0.34507585  -0.06013616	  -2.13765702  110.05601859  -42.59088452 -137.47759885   49.55890355   78.63795274   -1.59794698   13.22911906   34.05528294   12.50474450   13.17236522    3.71477853	 0.01631851 -0.01350947 -0.23486788  0.81586834 -0.57919834  0.02975261  0.01386110 -0.07491516 -0.57327940  0.94840515 -0.42453340  0.09164072	-0.02975306  0.08793001  0.41277653 -0.09553597 -0.32623513  0.01532953  0.00543944  0.13415582  0.39658035 -1.51822151  1.03655566 -0.01395444	-0.00778913  0.10532502  0.41666303 -0.09429953 -0.34321375  0.00114323 -0.00146512  0.12237251  0.37573028 -1.58488133  1.08314096 -0.00023217	 0.26420637 -0.08571669  3.89977867	0.01975851 0.02596710 0.00370593	0.02198019 0.02646578 0.00477215	-0.00095204 -0.00427035 -0.99999043	0.35000000	0.00000000	0.00000000	0.18280494	-0.04004683	0.38846013	1.09676504	-0.87953597	0.21827321	-0.30471539	-0.32922551	0.17433111	-0.52347672	0.30747059	0.01447497	0.88520491	0.65168279	-0.07707940	-0.85189736	0.31670094	-0.20608103	0.64275491	2.79989433	-0.29537764	-0.61069298	0.51702595	0.08502541	
0.00800800	    3.87170693    38.18270731 -1045.18700505    66.39392778    31.36733151     8.86827166	-10.84946170   1.08810123   1.21924522  -0.07740663  -0.33681057  -0.04449752	  -2.46198800  109.25706911  -42.40171805 -141.34573403   49.98012847   73.91827840   -0.07772597    9.87691814   30.90004075   19.03655113    7.90935858    2.23835610	 0.01629880 -0.01258426 -0.23138039  0.81494510 -0.58193059  0.02975107  0.01386890 -0.07379315 -0.56984732  0.93563729 -0.41599097  0.09163669	-0.01496783  0.11029894  0.40376961 -0.10329371 -0.31468275  0.01731520 -0.00669429  0.13437825  0.41908104 -1.50556369  0.99516684  0.00863619	-0.00416560  0.11615368  0.43626317 -0.11613356 -0.34013698  0.00016718  0.00050382  0.14165757  0.43322631 -1.58503722  1.05602858 -0.00087428	 0.26782858 -0.08935878  3.90191735	0.01767405 0.02492507 0.00172316	0.01828069 0.02529034 0.00229753	-0.00074887 -0.00441694 -0.99998996	0.35000000	0.00000000	0.00000000	0.18383525	-0.01864081	0.39983267	1.06471908	-0.85811824	0.22541364	-0.29663342	-0.34036100	0.16767780	-0.52178037	0.32422569	0.02798212	0.89666790	0.65165645	-0.05681171	-0.83433861	0.34102908	-0.22194123	0.64533854	2.76768017	-0.27164915	-0.60871273	0.52320480	0.06832684	
0.00847400	   -0.02256353    37.93350249 -1042.48743319    66.30389800    29.82649474     8.12410963	-10.96947147   1.20115260   0.59225390  -0.08215177  -0.34222250  -0.04601080	  -3.83469221  108.13737273  -42.35125694 -141.08157727   48.75567403   74.15768260   -0.16942812   10.80361670   32.63052657   16.31418943    9.82050627    0.81032997	 0.01630018 -0.01154259 -0.22747183  0.81371506 -0.58478947  0.02974375  0.01386536 -0.07245891 -0.56567884  0.92218506 -0.40714823  0.09163324	-0.00262736  0.12893112  0.44129909 -0.15685211 -0.30205538 -0.00082981 -0.00580370  0.15630312  0.49899032 -1.48824431  0.97623371 -0.01510146	 0.00052821  0.12415802  0.46252671 -0.14913725 -0.33483062 -0.00172496 -0.00081156  0.16056150  0.50031393 -1.57779878  1.03336367 -0.00161285	 0.27250323 -0.09336833  3.90406480	0.01570786 0.02204194 0.00090022	0.01634565 0.02299917 0.00112208	-0.00054887 -0.00455867 -0.99998946	0.35000000	0.00000000	0.00000000	0.17832050	-0.01461662	0.39767402	1.05189908	-0.85421014	0.24202551	-0.29165012	-0.33505949	0.13686311	-0.51788372	0.32378781	0.03378404	0.90329129	0.65236664	-0.04099275	-0.83918720	0.36323386	-0.20890668	0.64864534	2.74170732	-0.22797185	-0.61197150	0.52256793	0.07031831	
0.00801100	   -1.09043420    37.91641672 -1034.45089074    65.76315471    30.20608403     7.71955978	-10.73341384   0.80428390   0.89465820  -0.07040932  -0.33772602  -0.03669797	  -5.13132423  106.48868251  -43.91957235 -138.15938511   49.08746892   74.66442776   -0.45096390    9.15456867   30.08314954   18.48727389    8.07109201    1.43871746	 0.01628665 -0.01050440 -0.22362905  0.81238466 -0.58748234  0.02975598  0.01386636 -0.07111013 -0.56129526  0.90956660 -0.39905631  0.09164754	 0.00400547  0.12823171  0.47717199 -0.16876096 -0.32522677  0.02336322  0.01009735  0.15918717  0.56175533 -1.52831226  0.93777913  0.02167657	-0.00051996  0.13002077  0.47944762 -0.16817305 -0.33542037  0.00232854  0.00108330  0.16999415  0.55320355 -1.56756558  1.00126104  0.00315857	 0.27639561 -0.09681207  3.90532148	0.01599667 0.02191028 0.00114793	0.01588079 0.02192944 0.00109239	-0.00037447 -0.00468452 -0.99998896	0.35000000	0.00000000	0.00000000	0.17600624	-0.01746988	0.40153843	1.02567661	-0.85682660	0.25251654	-0.29818147	-0.33890453	0.12242001	-0.51193023	0.31519440	0.05705379	0.91932470	0.64559090	-0.02390528	-0.84498692	0.38581532	-0.21635532	0.65511316	2.71074128	-0.20527145	-0.60941607	0.52407980	0.04852435	
0.00800500	  23.88640164   43.83548009 -943.92829136   59.55299469   37.08691415    8.68796988	   5.88326617  -25.52144670 -303.90515763   23.21480959  -47.91036187    7.02613353	  -5.58768672  107.10834837  -44.06595896 -137.66104439   55.32021698   72.26210415   -1.95673251   10.23084253   29.89409281   20.56877230   11.44979337   -1.78850063	 0.01625176 -0.00935658 -0.21957785  0.81075326 -0.59004853  0.02975929  0.01385445 -0.06966207 -0.55656293  0.89790094 -0.39053456  0.09164016	-0.00336770  0.13100099  0.47515527 -0.24972809 -0.29013944 -0.00251412 -0.03685399  0.15711207  0.55500568 -1.16765466  1.10495459  0.02508441	-0.00522234  0.14874973  0.51140016 -0.21623983 -0.31237578  0.00127611 -0.00350306  0.18131349  0.58838355 -1.38488757  1.10533310  0.00263006	 0.28256742 -0.10201038  3.91640087	-0.00953559  0.01339796  0.01113238	0.00129227 0.01736537 0.00662546	-0.00022058 -0.00474105 -0.99998874	0.35000000	0.00000000	0.00000000	0.18949245	0.02280949	0.40539384	0.99004692	-0.81057638	0.28800336	-0.31980804	-0.33380497	0.09158906	-0.49735418	0.30052331	0.05786997	0.93419582	0.65326113	0.00643691	-0.80984902	0.40435907	-0.19855866	0.70792478	2.69115663	-0.18553600	-0.59859955	0.50910294	0.06321209	
0.00850400	  16.41435846   40.02316110 -957.00358050   60.23919246   39.49093764    6.97697244	 -19.93331503  -24.06327493 -265.55589558   20.30513778  -41.47897654    3.69107826	  -7.30908793  102.29521585  -36.56373639 -137.12140495   59.74475420   68.70229745    2.52101698   10.85847348   20.97468147   18.22145484  -14.50066786   -3.77934950	 0.01607089 -0.00779109 -0.21467479  0.80819362 -0.59238565  0.02975072  0.01387308 -0.06794475 -0.55165696  0.88877579 -0.37983593  0.09163954	-0.04865311  0.15805713  0.54982812 -0.31472489 -0.21809957 -0.00406817  0.01917457  0.16486688  0.53629485 -0.83334682  1.15434848  0.02594931	-0.02526352  0.18406883  0.58336349 -0.31701427 -0.26410524 -0.00022365  0.00252330  0.20035221  0.56860462 -1.01229249  1.24903951  0.00260549	 0.29014033 -0.10838286  3.93051413	-0.03143370 -0.00092563  0.02711419	-0.02553566  0.00320308  0.02247734	-0.00017526 -0.00454711 -0.99998965	0.35000000	0.00000000	0.00000000	0.21304521	0.01517223	0.44719881	0.95763415	-0.74975908	0.26168585	-0.35658941	-0.34132966	0.05687018	-0.48915264	0.28946155	0.05965809	0.94300973	0.63997841	0.06210372	-0.75170505	0.44807863	-0.24733412	0.69441634	2.71536970	-0.14801715	-0.58943927	0.51901859	0.08262828	
0.00800200	  -1.43404281   33.87333910 -980.64236681   61.64352607   41.39911290    4.84820066	 -10.81159048  -14.91088089 -171.36656599   13.18811979  -26.98656267    2.18427911	  -8.26074420   97.11973405  -27.70343149 -127.97896278   64.13887382   65.93571258   -0.74103663    9.24520957    3.35367613   11.12288253  -23.73435031   -3.95430517	 0.01583780 -0.00616142 -0.20958241  0.80502545 -0.59424588  0.02974719  0.01386009 -0.06625989 -0.54737716  0.88244789 -0.37002438  0.09162081	-0.02627550  0.19723407  0.60670174 -0.41671605 -0.22316913 -0.02090282 -0.02147376  0.21839870  0.47530485 -0.66246574  1.11523854 -0.01987634	-0.02875880  0.20110022  0.63390234 -0.40342082 -0.22530869 -0.00207278 -0.00241459  0.20851842  0.52280108 -0.75575173  1.19698049 -0.00380154	 0.29449074 -0.11230200  3.93942783	-0.03654162 -0.00249423  0.03159998	-0.03531172 -0.00241048  0.03053487	-0.00019882 -0.00426532 -0.99999088	0.35000000	0.00000000	0.00000000	0.21586192	-0.02143598	0.48578182	0.92287242	-0.72617400	0.24223028	-0.38118896	-0.33235252	0.00495577	-0.48835722	0.30676702	0.08833835	0.92677981	0.62204975	0.08170640	-0.71592677	0.44511452	-0.26938060	0.65449107	2.71318436	-0.10968421	-0.57828808	0.52248299	0.13548043	
