time	LF_FT_fx	LF_FT_fy	LF_FT_fz	LF_FT_tx	LF_FT_ty	LF_FT_tz	RF_FT_fx	RF_FT_fy	RF_FT_fz	RF_FT_tx	RF_FT_ty	RF_FT_tz	torque_des_0	torque_des_1	torque_des_2	torque_des_3	torque_des_4	torque_des_5	torque_des_6	torque_des_7	torque_des_8	torque_des_9	torque_des_10	torque_des_11	q_0	q_1	q_2	q_3	q_4	q_5	q_6	q_7	q_8	q_9	q_10	q_11	qdot_0	qdot_1	qdot_2	qdot_3	qdot_4	qdot_5	qdot_6	qdot_7	qdot_8	qdot_9	qdot_10	qdot_11	qdot_lpf_0	qdot_lpf_1	qdot_lpf_2	qdot_lpf_3	qdot_lpf_4	qdot_lpf_5	qdot_lpf_6	qdot_lpf_7	qdot_lpf_8	qdot_lpf_9	qdot_lpf_10	qdot_lpf_11	base_lin_vel_x	base_lin_vel_y	base_lin_vel_z	base_ang_vel_x	base_ang_vel_y	base_ang_vel_z	base_ang_vel_lpf_x	base_ang_vel_lpf_y	base_ang_vel_lpf_z	projected_grav_x	projected_grav_y	projected_grav_z	cmd_x	cmd_y	cmd_yaw	latent_0	latent_1	latent_2	latent_3	latent_4	latent_5	latent_6	latent_7	latent_8	latent_9	latent_10	latent_11	latent_12	latent_13	latent_14	latent_15	latent_16	latent_17	latent_18	latent_19	latent_20	latent_21	latent_22	latent_23	
0.00800000	   0.97138379   -0.26696287 -517.45024188    0.33453627   -8.47843112    0.09758139	  -0.97134598    0.26707531 -505.55157271    0.08986251  -10.01160557    0.10147771	 -0.00058071   0.03637570 -13.22735310 -41.78775116   6.67209408  -0.00144622  -0.00054064  -0.03591498 -13.22068031 -41.77076727   6.67594371   0.00095703	-0.00003980  0.00005134 -0.23969010  0.59842030 -0.35839723  0.00007046  0.00001400  0.00004605 -0.23965478  0.59839762 -0.35845959  0.00003053	-0.00077911  0.00156338 -0.00038146  0.00022750 -0.00115224 -0.00036160 -0.00125409  0.00047086 -0.00108395  0.00137368 -0.00196977 -0.00047607	-0.00050905  0.00102148 -0.00024924  0.00014864 -0.00075284 -0.00023626 -0.00081939  0.00030765 -0.00070822  0.00089752 -0.00128699 -0.00031105	 0.00210357 -0.00021869  3.92270421	-0.00000278 -0.00020334  0.00001294	-0.00000107 -0.00007846  0.00000499	-0.00055347  0.00005462 -0.99999985	0.35000000	0.00000000	0.00000000	-0.15838858	-0.91226280	-0.14045203	0.64786899	0.63150656	0.56202775	-1.16844714	-0.65451169	1.43797243	-1.02877533	1.16396868	1.17787945	0.18461250	0.02972844	-0.01247866	2.05904174	0.20462038	-1.26297450	-0.60127825	-0.13900909	1.29564893	2.67908573	0.00868346	-0.29373991	
0.00845400	   0.24027428   -1.02940308 -519.25269820    0.64492992   -9.17509179    0.80771562	  -1.79821713    0.58254364 -502.36733792    0.83812799  -11.01794517   -0.56670800	  3.59310261   3.42285837  -9.99601539 -37.70463611  -0.62822811   2.08199338  -2.02585488   3.43219844  -9.37272674 -39.76948021  -1.55289831   5.89279092	-0.00003411  0.00005765 -0.23968847  0.59842900 -0.35839858  0.00006050  0.00002532  0.00006125 -0.23964886  0.59840013 -0.35844644  0.00002597	 0.00684250  0.02265281 -0.00174768  0.01348638  0.00351040  0.01432412  0.00999003  0.01780049  0.02587389  0.01943163  0.02528749 -0.00818748	 0.00094715  0.00126849 -0.00156668  0.00137090 -0.00192533 -0.00006351  0.00289509  0.00314028  0.00373358  0.00289196  0.00218618  0.00077967	 0.00218740 -0.00019975  3.92266906	-0.00004855 -0.00011521 -0.00000691	-0.00001323 -0.00014099  0.00000507	-0.00055503  0.00005475 -0.99999984	0.35000000	0.00000000	0.00000000	0.13127446	-1.10720754	0.05530893	1.29609025	0.60982680	1.04747975	-2.00498509	-0.86691248	2.10961890	-1.66016972	1.77776802	1.21584785	-0.28517646	0.62190771	-0.23152253	3.73672962	0.13076490	-1.90051091	-0.61853057	-0.56529599	2.08114552	3.72306895	0.26495034	-0.86697662	
0.00852500	   1.77368293   -2.05708529 -535.66982830    2.91606522  -14.32391634    1.60166519	  -7.77047293   -1.45714686 -484.13027977    5.54347070  -11.23554048   -0.53893968	  8.22224812  14.09682823 -14.86339300 -45.65511953 -13.68785554  12.06351007   2.86378948   6.89466640  -5.15250718 -30.43884073  -2.54537501  26.24457074	-0.00004079  0.00005786 -0.23968834  0.59843443 -0.35838663  0.00005634  0.00001090  0.00004506 -0.23965613  0.59839204 -0.35845182  0.00001784	 0.00100849  0.00818910 -0.01383589 -0.00330323  0.00754380 -0.01510635  0.00043071 -0.02487339 -0.00776078 -0.01825980  0.01653209  0.01132000	-0.00105791  0.00111333 -0.00244919  0.00259494  0.00122318 -0.00118937 -0.00169959 -0.00304629  0.00046407 -0.00099393  0.00054492 -0.00045566	0.00259902 0.00002726 3.92251525	-0.00033268  0.00041162 -0.00005331	-0.00012955  0.00004941 -0.00002265	-0.00055412  0.00005618 -0.99999984	0.35000000	0.00000000	0.00000000	0.20357767	-0.99692428	0.01863413	1.13675678	0.79565370	1.28907979	-2.24091673	-1.09099126	2.34215808	-1.73782945	1.97550666	1.37490058	-0.28618088	0.84755445	-0.30248794	3.79680228	-0.02899818	-1.73065746	-0.43251675	-0.70519489	2.04621172	3.72639513	0.27619520	-0.97557229	
0.00848100	 -19.05112071   17.39163311 -613.88359983    7.94776426  -43.91675567    1.40071680	 -27.58536340    1.69606740 -363.25992530   19.19440853  -13.00957264   -0.89060125	  7.34172133  42.01641503 -24.67903781 -71.26072643 -48.94013408  30.79317033   4.99292542   5.87137505  13.13244957   7.45113268 -17.50732629  56.19528316	-0.00004289  0.00008448 -0.23962787  0.59852917 -0.35857986  0.00006819  0.00001777  0.00006311 -0.23965529  0.59855674 -0.35857865  0.00020935	-0.00677213  0.01005299  0.03896203  0.03994027 -0.02609078  0.01822477  0.00077523  0.02234272 -0.00788592  0.03984756 -0.04068409  0.05241770	-0.00148918  0.00527228  0.00958104  0.01783980 -0.02944634  0.00207681  0.00021687  0.00280555  0.00041245  0.02938992 -0.02288961  0.03443195	 0.00824868 -0.00193003  3.91762063	-0.00965024 -0.01157730 -0.00012651	-0.00289380 -0.00345074 -0.00007581	-0.00059044  0.00008668 -0.99999982	0.35000000	0.00000000	0.00000000	0.18508792	-0.87238759	0.06396934	0.97766411	0.89422148	1.45117903	-2.30417085	-1.03013194	2.59753537	-1.54862678	1.97577298	1.42385125	-0.32820302	0.97165024	-0.27136880	4.08173132	-0.13328362	-1.64084744	-0.41609141	-0.69680566	2.12689972	3.69485068	0.34991771	-1.07363129	
0.00850400	 -25.64747915   48.49995300 -701.26397466   14.88904338  -74.20943197    1.23170028	 -63.04973793   40.36000001 -318.34252403   21.33288940   -7.89053339   -0.47839842	   4.64129453   74.71177481  -48.35183907 -108.88363497  -74.38283516   50.23527574    7.80614657   -7.72681055   21.98912351   65.48472553  -17.74435479   81.11967598	-0.00003054  0.00035391 -0.23935423  0.59891326 -0.35924970  0.00007707  0.00001410 -0.00011616 -0.23984718  0.59978880 -0.35944527  0.00254958	 0.01668776  0.02552099  0.04044167  0.03409093 -0.10310228 -0.00092827 -0.02337073 -0.04123365 -0.06445638  0.23521244 -0.13071349  0.46997187	 0.00179281  0.03635301  0.04102992  0.04843714 -0.08801520  0.00366335 -0.00101197 -0.02956242 -0.03450659  0.18673678 -0.12437689  0.36351238	 0.02052441 -0.00856983  3.91190072	-0.04014361 -0.04346140 -0.00000676	-0.01813480 -0.02051856 -0.00007625	-0.00082114  0.00028994 -0.99999962	0.35000000	0.00000000	0.00000000	0.14014319	-0.77617353	0.03954019	0.77870083	0.97457385	1.56821716	-2.34642196	-1.04148543	2.74953461	-1.49921060	2.02358961	1.49814367	-0.30557734	1.00611115	-0.22345959	4.11014605	-0.21092707	-1.47236824	-0.37400362	-0.66623425	2.09784651	3.62970734	0.34378517	-1.17215502	
0.00801300	 -28.27427395   65.69466955 -803.24050092   24.81682777  -92.41008549   -0.70237683	 -74.72278823   48.18775831 -224.54688979   15.77237103   -4.92167602    0.76760314	  -4.14278724   87.09811163  -65.85868970 -130.14512572  -80.88647211   61.52551931    6.32201352  -25.48248547   19.00315526   91.17352873  -20.89535692   75.40511048	-0.00002611  0.00085703 -0.23876011  0.59951369 -0.36032615  0.00039698  0.00001872 -0.00090055 -0.24076331  0.60330902 -0.36163457  0.00955942	 0.03343162  0.04713723  0.07509689  0.09622888 -0.14816553  0.06764665  0.00006325 -0.12329025 -0.18316836  0.56523056 -0.33049624  1.11599783	 0.00317240  0.06044093  0.07748332  0.07963111 -0.13902663  0.04978476 -0.00035867 -0.11277016 -0.13666682  0.48783286 -0.29816702  0.96373079	 0.03222833 -0.01420316  3.90717095	-0.05826216 -0.06651092  0.00017661	-0.04002527 -0.04426226  0.00004044	-0.00127659  0.00070673 -0.99999894	0.35000000	0.00000000	0.00000000	0.20941156	-0.76634955	0.00256079	0.59427583	1.10028219	1.64547622	-2.48000979	-1.14259827	2.83688903	-1.62883401	2.12303615	1.55267882	-0.35056886	1.08700168	-0.23627421	4.15508795	-0.22286274	-1.44614697	-0.34118137	-0.66173655	2.01806259	3.71721411	0.34979010	-1.17624986	
0.00800200	 -38.87015105   63.99792443 -913.37173712   33.48497260  -98.31668825   -1.73383008	-59.34358578  21.52994956 -75.63908034   5.79570370  -2.45338907  -0.92288678	 -12.48322690   91.52307057  -67.70451772 -140.20613059  -75.29116362   67.61002320    4.68098881  -37.45115185    9.96180407   89.87250286  -22.73554677   48.59426403	-0.00003315  0.00132348 -0.23805838  0.60032229 -0.36170713  0.00109787  0.00002614 -0.00254039 -0.24278266  0.60950211 -0.36531583  0.02118516	 0.01456958  0.03906236  0.09550186  0.09448407 -0.17567093  0.08555709  0.03825823 -0.24208451 -0.31474933  0.88249763 -0.54316391  1.65767730	 0.00090739  0.05274802  0.08589910  0.10351907 -0.17364168  0.08998498  0.00379707 -0.21695207 -0.27283924  0.80735819 -0.48066750  1.49652578	 0.04157698 -0.01534442  3.90136455	-0.04305001 -0.06909657  0.00118686	-0.04706464 -0.06000579  0.00031904	-0.00183314  0.00113009 -0.99999768	0.35000000	0.00000000	0.00000000	0.32921875	-0.74455106	-0.02383171	0.36670536	1.35989213	1.76764262	-2.64742637	-1.32635260	2.91108942	-1.75009143	2.17465281	1.54753411	-0.35257396	1.15258825	-0.29456598	4.18307161	-0.20807248	-1.48613226	-0.33554140	-0.66700238	1.84914434	3.85963345	0.32864317	-1.04128945	
0.00847900	 -50.28461825   75.40411439 -967.20661714   40.75018344  -99.62240259   -4.86638675	-28.50409249 -21.81457446 -21.45016610   2.14144436   0.01512435  -1.30638535	 -16.64891975  101.51054406  -62.49238947 -138.61249965  -72.61571234   75.07379252    4.91707683  -41.59575629    4.91077927   87.11359352  -27.63968289   16.93641257	-0.00008143  0.00153957 -0.23739818  0.60147462 -0.36328497  0.00205299  0.00001244 -0.00499651 -0.24604231  0.61878168 -0.37073578  0.03541302	-0.00591943 -0.01351408  0.07887038  0.12726095 -0.19910352  0.13179118 -0.01900660 -0.34236247 -0.44230378  1.23788152 -0.73541337  1.65459593	-0.00675117  0.02041949  0.07504501  0.13957002 -0.18686542  0.11404216 -0.00126974 -0.29461344 -0.40250785  1.13835518 -0.66675093  1.64964069	 0.05057471 -0.01723014  3.89550013	-0.02242251 -0.06384449  0.00799817	-0.03588150 -0.06387880  0.00345472	-0.00239839  0.00139725 -0.99999615	0.35000000	0.00000000	0.00000000	0.42543954	-0.69428581	-0.03863242	0.12813853	1.69780290	1.94479561	-2.79021621	-1.52371395	3.01959395	-1.83198416	2.17613697	1.49689555	-0.28579777	1.16791940	-0.39365450	4.19522333	-0.19804063	-1.55586195	-0.38896531	-0.67199409	1.65615201	4.04107285	0.25322989	-0.83715332	
0.00800600	 -59.58452335   82.23009814 -999.19659870   45.37784261  -99.93899218   -6.52058804	-13.84352679 -22.47378164   0.53391053   0.95512268  -0.62848573   0.30343093	 -18.03048253  112.74807310  -54.54886338 -138.16541412  -70.58095247   79.91456407    7.31682940  -43.79734945   -0.50632717   80.02917969  -28.00168365    4.38572077	-0.00016072  0.00163809 -0.23693013  0.60287061 -0.36489227  0.00290637  0.00001398 -0.00756254 -0.24997203  0.62995405 -0.37727175  0.04753793	-0.01810507  0.02184794  0.05750930  0.16657445 -0.20619865  0.08644523  0.00785833 -0.32772919 -0.52647794  1.54436080 -0.91038429  1.40557359	-0.00986512  0.01198192  0.05840094  0.17696188 -0.20221147  0.10450552  0.00024957 -0.32402280 -0.50080004  1.43046457 -0.83421013  1.45999185	 0.05937957 -0.02000485  3.89093069	-0.00973795 -0.06115364  0.01112736	-0.02248041 -0.06277609  0.00770794	-0.00289649  0.00152031 -0.99999465	0.35000000	0.00000000	0.00000000	0.46393338	-0.62248200	-0.01082604	-0.03915964	2.00480771	2.09286857	-2.94164753	-1.68666267	3.14643455	-1.83735979	2.13568783	1.43232858	-0.24612132	1.16510808	-0.43540102	4.23149681	-0.21839464	-1.59566104	-0.43408370	-0.71571034	1.47907555	4.17533588	0.11918006	-0.67608339	
0.00847600	  -63.97771838    84.87675995 -1012.68325523    50.21331514   -98.56831499    -7.49408780	 -7.99039119 -16.85674487   7.07071846   0.48738214  -0.18877358   0.24136224	 -19.05394268  119.14452267  -49.87607257 -136.50230315  -68.64706188   85.12002730    8.05575978  -45.44698691   -3.95546096   67.44003443  -21.54867849    9.77697308	-0.00026294  0.00168255 -0.23654096  0.60466050 -0.36673252  0.00372271  0.00002536 -0.01064752 -0.25487412  0.64408220 -0.38542492  0.05788413	 0.00903296  0.00643635  0.07532314  0.23316575 -0.22495532  0.09404764  0.02169364 -0.39183127 -0.64084172  1.84846096 -1.03414564  1.12793510	-0.01127921  0.00661668  0.04654110  0.21674994 -0.22067580  0.09480772  0.00294398 -0.37185311 -0.59126234  1.70915430 -0.98077351  1.18811591	 0.06843384 -0.02335692  3.88702909	-0.00109641 -0.05704841  0.01400401	-0.01069180 -0.06006917  0.01102997	-0.00339723  0.00156194 -0.99999301	0.35000000	0.00000000	0.00000000	0.48036849	-0.57622558	0.03919027	-0.13270691	2.23150802	2.20654464	-3.13835812	-1.79746592	3.26996565	-1.79933929	2.08177304	1.39513910	-0.27440929	1.18651056	-0.40948552	4.30140352	-0.27236015	-1.60118139	-0.43673772	-0.78740263	1.32598567	4.24982834	-0.01245994	-0.57190287	
0.00849400	  -65.28216310    79.61658019 -1016.05047708    53.73081181   -95.47341084    -7.56682505	 -5.97681486 -11.74784619   6.08684956   0.33945145  -0.09674955   0.15913956	 -18.96815441  120.86834192  -45.44723201 -134.46379158  -65.01177764   87.46147084    9.66724395  -42.18292570   -6.34649318   54.47556609  -13.41215061   17.70550698	-0.00040514  0.00169375 -0.23626213  0.60672543 -0.36873682  0.00446205  0.00002014 -0.01410707 -0.26031473  0.65994058 -0.39432384  0.06665108	-0.01803063  0.02737007  0.05474120  0.26493591 -0.24803561  0.09640205  0.01849988 -0.42949630 -0.67885628  1.94049644 -1.04686554  0.94887040	-0.01765136  0.00413340  0.03399630  0.24893867 -0.23935000  0.08675793  0.00162790 -0.41696911 -0.65157892  1.90072484 -1.05499630  1.02549437	 0.07704543 -0.02658914  3.88404333	 0.00520645 -0.05264311  0.01605148	-0.00196355 -0.05629444  0.01379725	-0.00386098  0.00154253 -0.99999136	0.35000000	0.00000000	0.00000000	0.49425566	-0.55112022	0.09478953	-0.17640795	2.40215826	2.29526138	-3.31049848	-1.88936412	3.37721682	-1.74052060	2.03199363	1.37604928	-0.29041973	1.20493579	-0.37916970	4.36540174	-0.33922851	-1.60155892	-0.42002246	-0.85930997	1.20689380	4.30505896	-0.10008744	-0.48898613	
0.00802900	  -66.29244615    72.75844956 -1014.50675116    56.90896795   -92.11229570    -7.52314928	-3.71030628 -9.34716670  4.89472776  0.26584168 -0.04645004  0.12255824	 -18.79167655  119.71980667  -41.35609606 -131.28026769  -61.55592906   89.46316147   10.37429540  -38.31201053   -9.23226848   44.06791899  -11.01581506   19.52603167	-0.00053731  0.00168722 -0.23606673  0.60887565 -0.37076253  0.00509270  0.00000586 -0.01770704 -0.26579361  0.67595823 -0.40300094  0.07446472	-0.02530989 -0.01596102  0.01683400  0.31340702 -0.27190464  0.04325717 -0.02705004 -0.49786641 -0.74059102  2.12198115 -1.12775281  1.00039132	-0.01814536 -0.00173190  0.02297840  0.27348079 -0.25409358  0.07608360 -0.00314299 -0.45649161 -0.69059117  2.01498286 -1.08421299  0.97236003	 0.08458593 -0.02934814  3.88158767	 0.01003548 -0.04867495  0.01672771	 0.00435341 -0.05244268  0.01549704	-0.00426438  0.00148077 -0.99998981	0.35000000	0.00000000	0.00000000	0.51372570	-0.54133320	0.14353660	-0.21371832	2.54397154	2.36914635	-3.43933201	-1.97068846	3.46225739	-1.69438362	1.99993110	1.36379755	-0.27967018	1.20932972	-0.38406360	4.43239546	-0.39782482	-1.62952614	-0.41636586	-0.91445732	1.13034928	4.36924314	-0.13956892	-0.41174960	
0.00800300	  -68.02962440    66.30381438 -1014.56908727    59.61361499   -89.25248018    -8.05934675	-1.53707361 -9.59312254  4.01392419  0.25260092 -0.01177861  0.13716268	 -19.29518817  119.02582073  -36.86788648 -128.91384688  -58.27778935   90.94184554   11.00668358  -34.71274495  -12.15081254   36.94697367  -11.32362983   16.47433060	-0.00067550  0.00169952 -0.23591546  0.61119500 -0.37293402  0.00568267  0.00002708 -0.02157346 -0.27149721  0.69268005 -0.41186751  0.08175248	-0.01795102 -0.00313562  0.03882637  0.30981098 -0.28632134  0.06411777 -0.00092598 -0.49011301 -0.69993035  2.05922470 -1.11297073  0.83053774	-0.01885616  0.00081370  0.02102717  0.29137004 -0.27080712  0.07146184  0.00220990 -0.48355163 -0.71067456  2.08418594 -1.10311170  0.88954138	 0.09182970 -0.03182705  3.87930194	 0.01459877 -0.04616315  0.01650160	 0.00961338 -0.04901975  0.01620309	-0.00464125  0.00138193 -0.99998827	0.35000000	0.00000000	0.00000000	0.52865505	-0.52636826	0.18733011	-0.26465809	2.69788170	2.44059992	-3.53855515	-2.05898976	3.54751205	-1.65557480	1.97374988	1.34130716	-0.23674469	1.19273794	-0.41583320	4.49054337	-0.44672954	-1.67450547	-0.42913994	-0.95945883	1.07499218	4.44940710	-0.17428982	-0.33114040	
0.00800100	  -69.36147304    61.21087119 -1011.46049927    62.50575217   -86.37927270    -8.38553183	 0.26625933 -8.60653398  3.11636460  0.21804086  0.02888864  0.12022952	 -19.59210952  117.50493145  -34.12722412 -125.29690608  -55.30435154   93.17466867   10.37780608  -32.18481135  -16.02073533   30.23722404   -9.38587213   17.08488256	-0.00081026  0.00169982 -0.23581880  0.61367566 -0.37523858  0.00622408  0.00005154 -0.02568844 -0.27740213  0.70990799 -0.42086084  0.08829197	-0.03896438  0.00950473  0.01366318  0.30841730 -0.30372964  0.06144201  0.00650522 -0.46338931 -0.69676004  2.03081684 -1.06477276  0.72866248	-0.01878108  0.00022309  0.01296827  0.31064091 -0.29014121  0.06794804  0.00229004 -0.51192316 -0.73510337  2.14384867 -1.11841127  0.80075042	 0.09835669 -0.03409367  3.87715509	 0.01858245 -0.04193582  0.01636038	 0.01427478 -0.04564924  0.01633142	-0.00499291  0.00124822 -0.99998676	0.35000000	0.00000000	0.00000000	0.53674090	-0.51794040	0.23076046	-0.31015703	2.83211470	2.50048518	-3.64266920	-2.13201189	3.62640667	-1.61156535	1.94125104	1.32676029	-0.20583153	1.17915094	-0.43175110	4.54836082	-0.50283444	-1.70430696	-0.43196106	-1.00333166	1.02428484	4.50408316	-0.20731506	-0.26371178	
0.00846300	  -70.99876365    56.36699388 -1011.03094232    64.64425107   -83.46843491    -8.73405475	 1.81225867 -7.16059669  2.23091041  0.17042365  0.06660478  0.10293276	 -19.81560562  116.01417398  -30.78971291 -122.69561228  -52.09856567   94.52669489   10.58788594  -28.70136970  -18.39010329   24.04031276   -7.26753417   17.80339323	-0.00094900  0.00169338 -0.23576330  0.61650474 -0.37782959  0.00675486  0.00008026 -0.03028699 -0.28382759  0.72848342 -0.43040972  0.09446819	-0.03322719  0.00436863  0.02422331  0.38529712 -0.33795366  0.05019539 -0.02834638 -0.59865003 -0.83160325  2.33455396 -1.21320239  0.74300450	-0.01934262 -0.00201185  0.00815828  0.33846818 -0.31059431  0.06354197  0.00018238 -0.54886054 -0.76519813  2.20529546 -1.13108624  0.72109141	 0.10494134 -0.03635950  3.87488983	 0.02200203 -0.03955660  0.01537895	 0.01842083 -0.04220267  0.01601123	-0.00533686  0.00107509 -0.99998518	0.35000000	0.00000000	0.00000000	0.54852206	-0.51030660	0.27409339	-0.35013005	2.97762609	2.56083775	-3.75354671	-2.21358991	3.71777034	-1.56082702	1.90816522	1.30753124	-0.17864567	1.16631961	-0.44556063	4.60747004	-0.56116456	-1.73480511	-0.42949069	-1.05136335	0.96265376	4.56578636	-0.23959203	-0.18894503	
0.00801400	  -73.23774976    52.58890683 -1016.62868208    66.03962996   -80.79832175    -9.16461640	 3.27846015 -5.42164072  1.45412729  0.11192775  0.10666531  0.08293510	 -20.10516819  113.47659516  -28.40881132 -120.57918867  -48.64630964   95.61022747   10.81792208  -23.85557997  -21.34028548   18.17769069   -4.91264031   18.38923523	-0.00105597  0.00170236 -0.23574662  0.61931404 -0.38039065  0.00730002  0.00014402 -0.03475696 -0.28993740  0.74601652 -0.43923379  0.09965986	-0.01359289  0.00460397  0.03002741  0.38148998 -0.36541625  0.06180342  0.02820324 -0.56910477 -0.80239631  2.28269042 -1.11080741  0.65159893	-0.01361816  0.00026108  0.00562160  0.35396599 -0.32507084  0.07004146  0.00737567 -0.56134082 -0.76637051  2.19880237 -1.10035959  0.64205515	 0.11099859 -0.03858440  3.87331103	 0.02401434 -0.03877316  0.01326922	 0.02146677 -0.04017911  0.01485492	-0.00564885  0.00089042 -0.99998365	0.35000000	0.00000000	0.00000000	0.55137795	-0.50592208	0.31477791	-0.38270503	3.07692146	2.61140633	-3.82091451	-2.26764274	3.77384067	-1.50763154	1.87467885	1.29170883	-0.12988193	1.14656985	-0.46609223	4.64522505	-0.60890925	-1.76374221	-0.42789066	-1.08019078	0.95354205	4.59985781	-0.24905254	-0.14831011	
0.00801400	  -76.75883731    53.31450094 -1022.30253554    66.51392152   -78.91996214   -10.13892551	 4.91366022 -3.73756451  1.04550924  0.06444164  0.14221350  0.05189178	 -21.28369727  111.32515717  -27.23620179 -117.87582374  -46.22909197   96.69853902    9.79467530  -21.68405986  -24.54850478   13.82169234   -5.06749546   20.30955949	-0.00117340  0.00169916 -0.23575331  0.62228507 -0.38307153  0.00796469  0.00018782 -0.03933866 -0.29610655  0.76338925 -0.44782203  0.10440640	-0.04948829  0.01275381 -0.00045370  0.41401982 -0.34803250  0.09289920 -0.01707047 -0.59644659 -0.81411777  2.25024843 -1.11117146  0.60913362	-0.01651564 -0.00002592 -0.00145328  0.37461136 -0.33618168  0.08887045  0.00271148 -0.57196628 -0.76931467  2.16308036 -1.06732060  0.58864282	 0.11711059 -0.04134642  3.87214660	 0.02418721 -0.04001158  0.01247290	 0.02320577 -0.03968556  0.01348854	-0.00596294  0.00069691 -0.99998198	0.35000000	0.00000000	0.00000000	0.55277044	-0.51544785	0.35577798	-0.40863892	3.14047074	2.64947534	-3.86949539	-2.29905653	3.81473827	-1.46203518	1.85242653	1.28495896	-0.08766340	1.12843025	-0.48710009	4.69135380	-0.65319568	-1.79364657	-0.43146715	-1.10173440	0.97409165	4.62111425	-0.24260753	-0.13747162	
0.00851600	  -78.86066962    51.48518071 -1025.96488007    66.76337256   -77.87409009   -10.30974085	 5.96994340 -2.44772320  0.56016123  0.02517220  0.16465595  0.03506898	 -21.15876185  109.77762771  -27.19875570 -117.90809616  -44.65756604   96.45540464    9.95870948  -19.30936086  -27.00290536   10.79789630   -4.30409000   21.12670097	-0.00126727  0.00170607 -0.23573425  0.62557554 -0.38605443  0.00887660  0.00021623 -0.04426891 -0.30264720  0.78159084 -0.45664471  0.10920381	-0.00445979  0.01167638 -0.00408673  0.35172600 -0.30967167  0.09575064 -0.03159905 -0.53027947 -0.71324332  1.92976053 -0.92530298  0.50477972	-0.01154165  0.00195324  0.00207761  0.38538442 -0.34827431  0.11066117 -0.00071138 -0.57695358 -0.76363541  2.11647338 -1.02399112  0.55862053	 0.12348551 -0.04436384  3.87154278	 0.02393214 -0.04023205  0.01022781	 0.02374485 -0.04004305  0.01203230	-0.00630488  0.00049298 -0.99998000	0.35000000	0.00000000	0.00000000	0.55783099	-0.51442170	0.39044353	-0.43225625	3.19199967	2.68177986	-3.89519238	-2.32553411	3.84287310	-1.40941238	1.82631457	1.27727568	-0.03689629	1.11143708	-0.50986755	4.72218561	-0.68876314	-1.81575179	-0.43182456	-1.11186957	1.00413346	4.62758350	-0.22981951	-0.13304964	
0.00850100	  -80.83622133    50.69476164 -1026.09575422    66.78109283   -76.26947699   -11.46973372	 6.87926277 -1.81726973  0.12853526  0.00418178  0.18518823  0.03307413	 -22.53429198  107.77910280  -27.76218326 -116.14531705  -42.70240796   96.29265213    9.74737297  -17.71178514  -29.39117468    8.72292913   -3.93433928   21.19888288	-0.00134579  0.00170354 -0.23574828  0.62902954 -0.38917346  0.01004955  0.00023579 -0.04922985 -0.30922901  0.79939559 -0.46510658  0.11382253	-0.01714772  0.01402706 -0.01172291  0.39184206 -0.34244493  0.14741295 -0.00436045 -0.53362577 -0.75210080  1.97936317 -0.95527842  0.50712741	-0.00790791  0.00130514 -0.00262157  0.40401946 -0.36460713  0.14294993  0.00130393 -0.57950354 -0.77022022  2.07285917 -0.98352055  0.53813561	 0.12973396 -0.04763333  3.87103787	 0.02326720 -0.04078859  0.00872106	 0.02362475 -0.04036867  0.01022129	-0.00664911  0.00029274 -0.99997785	0.35000000	0.00000000	0.00000000	0.56587756	-0.52284068	0.42311057	-0.46316499	3.24322343	2.71659327	-3.92085648	-2.35512018	3.87063479	-1.36924362	1.80791223	1.27283967	0.01975197	1.09473753	-0.53877711	4.75175476	-0.72009689	-1.84487975	-0.43691432	-1.12060225	1.04162800	4.64524603	-0.21184963	-0.13546088	
0.00845100	  -81.33417301    47.42902973 -1024.62831982    66.67466300   -74.97693112   -12.02104724	 7.59700466 -1.31355900 -0.59527320 -0.01346505  0.19167097  0.03051894	 -23.00038078  106.34071994  -27.93436868 -116.66318315  -40.88401821   95.01462591    9.04126865  -16.11676764  -30.87230790    5.78178327   -3.47902814   21.05591664	-0.00142974  0.00170783 -0.23574604  0.63259841 -0.39240462  0.01144730  0.00023795 -0.05422116 -0.31581396  0.81674266 -0.47317626  0.11826789	-0.00494118  0.01433436 -0.02068851  0.44023849 -0.38715456  0.19942293  0.00694854 -0.61797507 -0.83003314  2.15422143 -1.01484351  0.53753802	-0.01039738  0.00293781 -0.00264412  0.42259195 -0.38090343  0.17081118  0.00000282 -0.58987967 -0.78088892  2.04673048 -0.95054487  0.52356281	 0.13573791 -0.05082477  3.87088516	 0.02352442 -0.03916210  0.00748751	 0.02345276 -0.04011955  0.00878023	-0.00699038  0.00009500 -0.99997556	0.35000000	0.00000000	0.00000000	0.58049065	-0.52560806	0.45609894	-0.49154654	3.30673552	2.75069284	-3.95498729	-2.39471221	3.90853572	-1.32376111	1.78922498	1.26402843	0.07137113	1.08303511	-0.56480575	4.78838110	-0.74950528	-1.87547541	-0.44139326	-1.13654554	1.06955421	4.67116404	-0.20070304	-0.13066064	
0.00801700	  -81.60000454    44.08498893 -1022.59762728    66.53729754   -73.01604428   -12.22685242	 8.21049009 -0.64827000 -1.40768325 -0.03779346  0.19995302  0.02360816	 -23.06959196  103.98768640  -27.87665741 -115.80330855  -38.55110970   93.97654808    8.60427753  -13.52329233  -32.29222626    2.81229999   -2.31201647   20.77087218	-0.00148315  0.00169282 -0.23574508  0.63602959 -0.39553243  0.01292521  0.00023386 -0.05892086 -0.32203461  0.83251787 -0.48034261  0.12223644	-0.00355429 -0.02236208 -0.02518712  0.42172182 -0.39512455  0.21082752 -0.00956386 -0.64072212 -0.80863291  2.03638955 -0.92044850  0.51552832	-0.00704682 -0.00268097 -0.00187605  0.42755992 -0.39213584  0.18833372 -0.00281213 -0.58979078 -0.77807370  1.96862334 -0.89060190  0.49326364	 0.14110335 -0.05372919  3.87100231	 0.02434401 -0.03614420  0.00576451	 0.02380563 -0.03841149  0.00734833	-0.00729137 -0.00009621 -0.99997341	0.35000000	0.00000000	0.00000000	0.58795679	-0.53269285	0.48627070	-0.51685840	3.34774327	2.78290200	-3.96571469	-2.41695595	3.92663336	-1.27478695	1.77056086	1.25889087	0.14115986	1.06337762	-0.59718782	4.80754805	-0.77652371	-1.90524399	-0.44727409	-1.14161468	1.12380636	4.68331623	-0.17659254	-0.14368679	
0.00853100	  -81.09793831    41.17858974 -1021.25951540    66.44571496   -70.73236084   -12.95926578	 8.68924822  0.61468620 -1.70509422 -0.07604078  0.19900820  0.01091375	 -23.92200650  102.99260354  -27.59557067 -115.10175574  -36.15694588   93.03460395    7.74163178  -11.30376649  -33.21154067    2.28000302   -3.44194894   21.83663693	-0.00152601  0.00170943 -0.23574219  0.63971430 -0.39890271  0.01467429  0.00023882 -0.06386808 -0.32867821  0.84863999 -0.48751155  0.12626863	 0.02298124  0.01261191  0.00270533  0.39311726 -0.36077996  0.20815639 -0.00218253 -0.53732864 -0.75883836  1.73782354 -0.77069065  0.44703880	-0.00341478  0.00312394 -0.00041630  0.42960682 -0.39458370  0.20799078 -0.00132284 -0.57860932 -0.78020388  1.87509189 -0.83020224  0.47050620	 0.14649883 -0.05689995  3.87119455	 0.02565276 -0.03236610  0.00525191	 0.02467414 -0.03547064  0.00609035	-0.00758196 -0.00030863 -0.99997121	0.35000000	0.00000000	0.00000000	0.59090924	-0.54397082	0.52093017	-0.53658116	3.37548423	2.81307220	-3.97086096	-2.43493295	3.94303846	-1.23437703	1.75805759	1.25294352	0.20196758	1.04645395	-0.62734032	4.84085131	-0.79653579	-1.94078410	-0.45062470	-1.14666796	1.19386232	4.69932079	-0.14600086	-0.17130634	
0.00845400	  -81.64462528    42.90254896 -1020.93399445    66.44034611   -69.49606893   -13.38292748	 8.86437522  1.21665668 -2.04222413 -0.08989727  0.19837836  0.00389900	 -24.39465022  102.16065288  -28.13698518 -114.13469395  -35.25493446   93.41171801    6.34096931  -11.10896322  -33.28914481    1.30909344   -3.07683695   22.72861943	-0.00158140  0.00170428 -0.23574605  0.64345207 -0.40233425  0.01659088  0.00023560 -0.06875381 -0.33530056  0.86406052 -0.49423511  0.13024949	 0.01356677  0.02830373 -0.02753226  0.45428541 -0.41014536  0.27229658 -0.01223211 -0.59592617 -0.79715387  1.84962948 -0.79128110  0.49082597	-0.00476911  0.00151605 -0.00304409  0.44553072 -0.40838020  0.23468243 -0.00234953 -0.57871049 -0.78540563  1.81687552 -0.78937047  0.47430129	 0.15189257 -0.06035708  3.87136045	 0.02598204 -0.02947645  0.00537726	 0.02548896 -0.03227504  0.00558143	-0.00784320 -0.00052862 -0.99996910	0.35000000	0.00000000	0.00000000	0.59950268	-0.55949241	0.54909533	-0.56510794	3.40242362	2.84554672	-3.97654104	-2.44379306	3.95645499	-1.19908690	1.74943233	1.25157976	0.25774938	1.04076278	-0.65301943	4.86497355	-0.81392312	-1.97239244	-0.45554200	-1.14987040	1.25737262	4.70870209	-0.11760351	-0.20127438	
0.00805000	  -80.04337464    40.44432915 -1019.84476893    66.35158411   -67.42892693   -13.33651198	 8.93348638  1.30118091 -2.57107501 -0.09717430  0.19300865  0.00467871	 -24.25132531  102.00639153  -27.90916556 -114.90870684  -32.84689334   92.01880825    5.60980398   -9.50674897  -33.70602509    0.19858320   -2.43855754   21.79292607	-0.00162537  0.00169654 -0.23574239  0.64698775 -0.40561518  0.01855091  0.00025225 -0.07329042 -0.34155500  0.87790684 -0.50012037  0.13398449	 0.02453750 -0.00450813 -0.00104194  0.40835254 -0.38068398  0.23430539  0.02308979 -0.51796311 -0.68056420  1.51969388 -0.66576611  0.39441312	-0.00249845 -0.00197484 -0.00103922  0.43736779 -0.40613499  0.24479898  0.00217864 -0.56204518 -0.77163674  1.70252338 -0.72286299  0.45731031	 0.15661322 -0.06367229  3.87184775	 0.02643838 -0.02466214  0.00529636	 0.02596620 -0.02874814  0.00543923	-0.00805954 -0.00073795 -0.99996725	0.35000000	0.00000000	0.00000000	0.60308325	-0.56571150	0.57526845	-0.59191811	3.41536355	2.87872124	-3.95036411	-2.44869900	3.95009184	-1.15865469	1.74158823	1.24709284	0.34116095	1.02224565	-0.69086802	4.86686754	-0.82126379	-2.00067639	-0.46421963	-1.14149904	1.34586930	4.71051884	-0.08496615	-0.24576738	
0.00849500	  -80.35306262    41.50031327 -1017.99886550    66.23598632   -66.06106861   -13.85431528	 8.96539538  1.80929304 -2.49555582 -0.11041704  0.18679126  0.00010524	 -24.91252336  102.29662633  -27.77755752 -113.84987491  -31.92734590   91.84030390    3.50275683   -9.25156626  -33.83806422    1.49815995   -3.76929118   22.59177038	-0.00169597  0.00173512 -0.23574564  0.65076462 -0.40915891  0.02077599  0.00025036 -0.07800779 -0.34821997  0.89187790 -0.50591538  0.13790999	-0.02295109  0.02251315 -0.00594543  0.39826628 -0.42275745  0.23556256 -0.00277959 -0.54462358 -0.72294326  1.47998032 -0.60987643  0.41435229	-0.00874404  0.00476020 -0.00154838  0.44132694 -0.41748256  0.26141686  0.00089396 -0.55105842 -0.77899595  1.61832519 -0.67095302  0.45751122	 0.16157258 -0.06754695  3.87213318	 0.02605016 -0.02014632  0.00611210	 0.02615504 -0.02430984  0.00565489	-0.00824871 -0.00096110 -0.99996552	0.35000000	0.00000000	0.00000000	0.60638577	-0.58042192	0.60564452	-0.61821187	3.43478370	2.90735745	-3.94247079	-2.45586038	3.95947194	-1.13258171	1.73829389	1.24325287	0.40361223	1.01366389	-0.71969235	4.89413643	-0.83117139	-2.03813505	-0.47165990	-1.14250529	1.42400324	4.72535229	-0.05246972	-0.28660756	
0.00850000	  -78.02475957    42.37148679 -1019.08988063    66.31184407   -63.69412762   -13.06809944	 8.65650679  1.59111877 -2.85443009 -0.10503478  0.17248238  0.00152579	 -23.93589042  102.05401611  -27.90652415 -114.18741333  -29.65705231   91.79805493    2.25285480   -9.24030745  -32.80135209    1.00412297   -3.07198734   21.94859669	-0.00175413  0.00178939 -0.23574202  0.65456386 -0.41272375  0.02315991  0.00025185 -0.08258629 -0.35488891  0.90512612 -0.51126827  0.14180835	-0.02659977  0.01206188 -0.01450820  0.44507640 -0.37329345  0.27455055  0.00956132 -0.47325301 -0.74111637  1.40606778 -0.58290855  0.43582906	-0.00942825  0.00889990 -0.00164361  0.44696935 -0.41574053  0.28216877  0.00219427 -0.53235888 -0.78067598  1.53326507 -0.61817385  0.45261332	 0.16631547 -0.07139807  3.87271716	 0.02572013 -0.01488047  0.00574407	 0.02595888 -0.01954287  0.00585155	-0.00839650 -0.00118062 -0.99996405	0.35000000	0.00000000	0.00000000	0.61142993	-0.59440166	0.62953788	-0.65020227	3.44814301	2.94455385	-3.91887593	-2.45850205	3.95587993	-1.10964847	1.74295831	1.24211097	0.47997352	1.00488782	-0.75479245	4.89816570	-0.83202755	-2.06924629	-0.48098767	-1.13554764	1.52142107	4.73210335	-0.02263056	-0.33741575	
0.00845800	  -76.77959602    44.06013709 -1017.02509500    66.17831033   -62.20425109   -13.04414984	 8.40873064  1.33380110 -3.13794341 -0.09411725  0.15859403  0.00580917	 -24.08024497  102.87583756  -27.57009321 -114.22752348  -28.59950262   91.41110587    0.38894898  -10.31947401  -31.88095408    0.83914127   -3.05975166   22.00310230	-0.00179995  0.00184917 -0.23574795  0.65835185 -0.41636161  0.02570971  0.00025213 -0.08707498 -0.36155080  0.91759716 -0.51616137  0.14562572	 0.00414998 -0.00684743 -0.00554199  0.46336747 -0.43852057  0.36139650  0.01849954 -0.56110263 -0.84386555  1.50206130 -0.59914983  0.50835729	-0.00479521  0.00896758 -0.00299890  0.44979419 -0.42971014  0.30642623  0.00272857 -0.53009654 -0.79055944  1.46120805 -0.56977285  0.45289602	 0.17090756 -0.07539081  3.87326992	 0.02516613 -0.00939693  0.00576858	 0.02560445 -0.01438163  0.00578429	-0.00849841 -0.00139656 -0.99996291	0.35000000	0.00000000	0.00000000	0.62057072	-0.60964322	0.65599400	-0.68713951	3.46553707	2.97699213	-3.90059471	-2.45977068	3.95302343	-1.08410347	1.74622941	1.23883832	0.55340487	1.00318658	-0.78497142	4.90834761	-0.83172542	-2.10465741	-0.49154827	-1.13270819	1.60732841	4.74259472	0.00813702	-0.38896623	
0.00803700	  -72.84612958    42.87517206 -1014.83546707    66.01430392   -58.97625244   -12.98678140	 7.96095337  1.35431291 -3.45722315 -0.09810550  0.13882631  0.00873503	 -24.16675647  102.41897893  -27.05348209 -114.40062496  -25.35535486   89.96355939   -1.02149400   -8.97407854  -30.39610564    0.89078835   -2.85952774   21.33480927	-0.00185976  0.00195863 -0.23573976  0.66192395 -0.41980969  0.02820243  0.00023922 -0.09116246 -0.36780019  0.92860730 -0.52034084  0.14907855	 0.00414483  0.03927278 -0.00349510  0.46012423 -0.44645049  0.32927477 -0.02725981 -0.52527817 -0.80400688  1.37773541 -0.50260066  0.41305585	-0.00572191  0.01663813 -0.00071384  0.44545373 -0.42894814  0.31219958 -0.00200819 -0.50861581 -0.78007072  1.36173911 -0.51306613  0.42786841	 0.17483275 -0.07963945  3.87382236	 0.02369462 -0.00351410  0.00717296	 0.02480737 -0.00904814  0.00627073	-0.00854900 -0.00159173 -0.99996219	0.35000000	0.00000000	0.00000000	0.62238520	-0.62555027	0.68084979	-0.71436918	3.48421001	3.00931454	-3.87705612	-2.47222114	3.95719695	-1.06679571	1.75579035	1.23402321	0.63954401	0.98901290	-0.82411569	4.91366720	-0.83026814	-2.14676547	-0.50450951	-1.13414192	1.70976782	4.76934862	0.03757763	-0.44527781	
0.00845800	  -71.16975306    44.70968859 -1015.15731539    66.05063465   -56.59879988   -12.88751396	 7.67603542  1.66405640 -3.52712427 -0.10122419  0.12902317  0.00348568	 -24.11023582  102.17152882  -26.11408865 -113.72205991  -23.54363416   90.37786639   -2.71417954  -10.25301358  -29.67069774    1.27125925   -2.81547020   22.52342254	-0.00193127  0.00209767 -0.23573891  0.66567883 -0.42349511  0.03092094  0.00025657 -0.09536761 -0.37438503  0.93948959 -0.52433273  0.15263994	 0.00042708 -0.01463126 -0.02157123  0.44624618 -0.45258223  0.33478794  0.02767382 -0.50344892 -0.81628816  1.28832977 -0.46793139  0.41448403	-0.00633247  0.01576392  0.00014668  0.44537598 -0.43749864  0.32595896  0.00371216 -0.49967016 -0.78435892  1.27715350 -0.46671180  0.42290447	 0.17880596 -0.08405764  3.87442736	0.02302124 0.00238593 0.00911972	 0.02377942 -0.00314133  0.00760960	-0.00855210 -0.00178875 -0.99996183	0.35000000	0.00000000	0.00000000	0.62455368	-0.64642441	0.70675480	-0.74664074	3.49384284	3.03796744	-3.86107373	-2.46815825	3.95050383	-1.04872680	1.76335418	1.23178959	0.70471829	0.98835272	-0.85071576	4.92818403	-0.82798791	-2.18586636	-0.50978732	-1.13331091	1.80178881	4.77789402	0.06996917	-0.50452566	
0.00804700	  -66.85118705    44.73534271 -1014.81325372    66.01148917   -53.04682329   -12.26862452	 7.10412145  1.52811970 -3.67437677 -0.09965487  0.11153717  0.00525562	 -23.51843999  102.64012766  -25.14084677 -113.92738214  -20.18674944   89.29844987   -4.69682531   -9.53547809  -28.25902889    1.89039441   -2.33116186   21.77455470	-0.00203140  0.00228926 -0.23573938  0.66919531 -0.42697732  0.03356548  0.00024333 -0.09919536 -0.38053565  0.94900780 -0.52762933  0.15594738	 0.00556139  0.00004313 -0.00264391  0.39744583 -0.38743407  0.28286593 -0.01276334 -0.44055598 -0.74719326  1.07209597 -0.34325243  0.36112746	-0.01104820  0.02236710 -0.00038107  0.43306189 -0.43045191  0.32660121 -0.00069306 -0.47471554 -0.76516581  1.16746923 -0.40066537  0.40550980	 0.18208819 -0.08858181  3.87512112	0.02154756 0.00859843 0.01116754	0.02278429 0.00264854 0.00933507	-0.00850733 -0.00196656 -0.99996188	0.35000000	0.00000000	0.00000000	0.62193674	-0.66346216	0.72911364	-0.77547646	3.49668765	3.06887841	-3.81779051	-2.46786618	3.93884993	-1.03594363	1.77808344	1.22930062	0.79742050	0.97483438	-0.89016134	4.91986513	-0.81985986	-2.22239614	-0.52266020	-1.12768471	1.91547263	4.79094982	0.10179581	-0.57344806	
0.00849900	  -65.23143145    47.49235153 -1014.33396330    66.00183709   -50.80288413   -11.78219460	 6.87970803  1.34042230 -3.61643377 -0.08978004  0.09619188  0.00717510	 -23.06721512  102.74386048  -23.75572135 -112.92933124  -18.85087962   89.85030842   -6.43242925  -11.31131414  -27.25686475    2.71092865   -3.58644077   22.23616669	-0.00214438  0.00254930 -0.23573676  0.67291616 -0.43069049  0.03646759  0.00024119 -0.10310239 -0.38699128  0.95831784 -0.53070440  0.15940544	-0.02105932  0.05247386  0.00815387  0.41309089 -0.38348709  0.32517503 -0.02880086 -0.39131040 -0.68661583  0.93842434 -0.31664818  0.40382727	-0.01335608  0.03183300  0.00131269  0.43415693 -0.43265977  0.34289634 -0.00305976 -0.45371516 -0.75433916  1.07187727 -0.35142352  0.40572627	 0.18543694 -0.09319316  3.87571596	0.02097411 0.01432405 0.01301962	0.02173163 0.00879112 0.01126938	-0.00840821 -0.00214579 -0.99996235	0.35000000	0.00000000	0.00000000	0.62002325	-0.68710804	0.75491792	-0.80512863	3.49108219	3.09115958	-3.78006196	-2.45232463	3.92319703	-1.02686238	1.79355633	1.22678232	0.87020189	0.97175783	-0.92303973	4.93115282	-0.81160146	-2.26651692	-0.53775293	-1.12420571	2.03007221	4.79842091	0.13675688	-0.64426261	
0.00847400	  -62.17304900    50.06967661 -1014.23714324    66.00118032   -47.79737830   -11.18228185	 6.37331886  0.40333144 -3.84539526 -0.05999651  0.08310330  0.01849891	 -22.54820319  103.86498809  -22.72781718 -112.74284536  -16.10899758   89.73108125   -7.99228601  -13.27311027  -25.97131929    2.63090754   -2.51621420   21.34743202	-0.00227307  0.00281161 -0.23574267  0.67660517 -0.43443274  0.03949871  0.00025583 -0.10690857 -0.39335932  0.96684259 -0.53332701  0.16276297	-0.00351025  0.03122888 -0.02231799  0.42770767 -0.44213188  0.37756486  0.01053090 -0.45228126 -0.77738840  0.98030267 -0.27329310  0.39858300	-0.01508387  0.03156967 -0.00116996  0.43344624 -0.43898049  0.36104369  0.00213426 -0.44441740 -0.75018775  0.98952821 -0.29834875  0.39526540	 0.18848818 -0.09770387  3.87637301	0.02102572 0.02015314 0.01474979	0.02124404 0.01464643 0.01308355	-0.00826069 -0.00232296 -0.99996318	0.35000000	0.00000000	0.00000000	0.62209028	-0.70884734	0.77642465	-0.84859473	3.49672008	3.12246799	-3.73754430	-2.44545603	3.90290976	-1.01684904	1.81161058	1.22475910	0.95993531	0.96798050	-0.95889455	4.91682148	-0.79923314	-2.30230284	-0.55264723	-1.11801767	2.13388824	4.80410194	0.16431493	-0.71303684	
0.00853800	  -57.93751839    50.10469234 -1012.17208456    65.84731809   -44.10106186   -10.22104544	 6.02462148  0.47296622 -4.06260000 -0.06305269  0.06165682 -0.00088599	 -21.80150342  104.02790594  -21.09686430 -112.48000637  -12.77766761   88.43068385  -10.35653237  -12.73081103  -24.45898294    2.62473104   -3.11800987   21.21050629	-0.00242523  0.00312162 -0.23574575  0.68027085 -0.43820188  0.04265701  0.00020036 -0.11062257 -0.39960438  0.97451260 -0.53549605  0.16591716	-0.03010869  0.04286719 -0.00223656  0.40604236 -0.42169253  0.33482018 -0.03058029 -0.42522055 -0.64804719  0.79302788 -0.20430206  0.30965450	-0.01998478  0.03692878 -0.00224113  0.42538833 -0.43834456  0.36829074 -0.00975326 -0.43121170 -0.72324935  0.87841530 -0.24389603  0.36324343	 0.19112076 -0.10269555  3.87704410	0.02025511 0.02642960 0.01853046	0.02084613 0.02068225 0.01556599	-0.00806188 -0.00249780 -0.99996438	0.35000000	0.00000000	0.00000000	0.61951113	-0.73264962	0.80170387	-0.87402487	3.50145006	3.14576006	-3.69729161	-2.44513345	3.89416194	-1.00545001	1.83071673	1.22064281	1.04827666	0.95647097	-0.99835128	4.91834545	-0.79311109	-2.34981918	-0.57006693	-1.12298846	2.24516869	4.82492352	0.19597426	-0.78094333	
0.00845400	  -54.96329709    50.79858074 -1011.78284351    65.82379922   -40.68377178    -9.28025121	 5.49503244  1.08275156 -4.09741298 -0.07792078  0.05324003 -0.02278581	 -20.90245023  103.24660826  -19.28418322 -111.51562318   -9.98330489   88.14483547  -11.22632910  -12.73065373  -23.59274951    3.29634012   -2.02004233   22.25102061	-0.00261078  0.00346971 -0.23573159  0.68388311 -0.44194948  0.04585800  0.00000606 -0.11417966 -0.40573607  0.98132780 -0.53718737  0.16896049	-0.02463496  0.05771298 -0.00458816  0.45082027 -0.46207143  0.42312168 -0.04039240 -0.43241151 -0.74193982  0.79613350 -0.17457197  0.36455901	-0.02428410  0.04145804  0.00186226  0.42431972 -0.44102308  0.37912789 -0.02718172 -0.41786941 -0.72036717  0.78773872 -0.18897880  0.35774311	 0.19341135 -0.10777017  3.87767821	0.01982122 0.03253975 0.02280175	0.02028772 0.02680455 0.01916094	-0.00781002 -0.00266646 -0.99996595	0.35000000	0.00000000	0.00000000	0.61442155	-0.75900906	0.82639921	-0.89679486	3.50920200	3.16209149	-3.66802239	-2.44286776	3.88798714	-0.99333251	1.84576845	1.21801889	1.12192106	0.94942182	-1.02705669	4.91720533	-0.79384941	-2.38937068	-0.57827514	-1.12927568	2.33529067	4.83571815	0.22264187	-0.83642477	
0.00852000	  -51.40117290    51.50323461 -1010.74417003    65.74178817   -36.52555197    -8.05447000	 5.00558473  0.54750562 -4.35120206 -0.06377442  0.03547603 -0.02419939	 -19.66328569  103.45440578  -17.47373205 -110.96659571   -6.17246656   87.27552593  -11.95431932  -13.13659924  -21.55957735    3.07109093   -1.70726381   21.18029878	-0.00281735  0.00387857 -0.23571343  0.68745326 -0.44572307  0.04913277 -0.00036728 -0.11764046 -0.41171328  0.98730380 -0.53837914  0.17191028	-0.01622198  0.04765648 -0.00116715  0.40331591 -0.41718747  0.36457085 -0.04176755 -0.37456571 -0.65922372  0.62702655 -0.09261699  0.32331448	-0.02329090  0.04816464  0.00488786  0.41625994 -0.44108146  0.38304187 -0.04719631 -0.40165511 -0.69580012  0.68225295 -0.12753323  0.33950775	 0.19575493 -0.11289992  3.87824203	0.01947521 0.03690837 0.02652366	0.01984744 0.03233272 0.02302124	-0.00751301 -0.00283172 -0.99996777	0.35000000	0.00000000	0.00000000	0.60945576	-0.78809708	0.84852737	-0.92440420	3.50770807	3.18113017	-3.61053085	-2.43619180	3.87196183	-0.98553222	1.87252998	1.21499741	1.21925807	0.93445355	-1.07159984	4.89659977	-0.78673655	-2.43133283	-0.59916735	-1.13030338	2.44933867	4.84944534	0.25122178	-0.90577513	
0.00852400	  -50.30741668    52.85374730 -1011.58267881    65.79972462   -33.24729463    -7.44388251	 4.88138491  0.54192935 -4.39201449 -0.06214844  0.02652311 -0.02977739	 -19.12616337  103.26238632  -15.76779978 -109.62137720   -3.03489202   87.07727242  -12.43077764  -13.58825585  -20.61895923    3.04029346   -1.68688494   21.38716039	-0.00307110  0.00432447 -0.23563040  0.69089417 -0.44948086  0.05242259 -0.00095737 -0.12097107 -0.41749065  0.99237189 -0.53906949  0.17467607	-0.02877837  0.03592582  0.02722343  0.36725042 -0.41595308  0.34511367 -0.06041976 -0.34304137 -0.62599165  0.47018154 -0.05606497  0.30383204	-0.02900559  0.05226914  0.01268471  0.39984622 -0.43956152  0.38400000 -0.07118101 -0.38632686 -0.67030772  0.57283092 -0.07206210  0.31990562	 0.19796654 -0.11733774  3.87871277	0.01956567 0.03893648 0.02994798	0.01961491 0.03621381 0.02665146	-0.00718897 -0.00299544 -0.99996967	0.35000000	0.00000000	0.00000000	0.59988779	-0.81989926	0.87229586	-0.94396192	3.50166535	3.19130778	-3.56046915	-2.42415118	3.85698128	-0.97721845	1.89492702	1.21319938	1.30128551	0.91820669	-1.11063099	4.88480902	-0.78718251	-2.47240877	-0.61774600	-1.13423240	2.55404496	4.85710716	0.27831322	-0.96876150	
0.00848300	  -48.70363045    54.29944089 -1010.69303386    65.74386109   -29.96621679    -6.03342817	 5.28405748  0.56788385 -4.30033596 -0.06317294  0.00430518 -0.02513590	 -17.48695541  103.34059215  -14.89137203 -108.16103044   -0.33497269   86.65625703  -12.33263005  -13.49417949  -19.74837373    3.09164663   -1.08983716   21.31486964	-0.00333070  0.00482020 -0.23545752  0.69424184 -0.45323393  0.05577479 -0.00178449 -0.12417197 -0.42300335  0.99654911 -0.53933905  0.17724711	-0.00021243  0.02216305  0.00640825  0.37569451 -0.40260378  0.35294896 -0.08106953 -0.35935638 -0.57357813  0.39679579  0.00291864  0.26800030	-0.02802632  0.05611510  0.02088922  0.39038168 -0.44004319  0.39298101 -0.09823659 -0.37421469 -0.64180859  0.47066916 -0.02818513  0.29932037	 0.20082126 -0.12237480  3.87911866	0.01940472 0.03919131 0.03044216	0.01954001 0.03810911 0.02906626	-0.00685705 -0.00315950 -0.99997150	0.35000000	0.00000000	0.00000000	0.59023952	-0.84854782	0.89381707	-0.96105617	3.49648476	3.19777703	-3.50488710	-2.41236115	3.84158373	-0.96629739	1.91317582	1.21180546	1.38287580	0.90028101	-1.14873838	4.86530161	-0.79066223	-2.50685978	-0.63815272	-1.13932979	2.64738035	4.86005545	0.30251348	-1.02217138	
0.00800000	  -46.86522869    54.54151526 -1008.83395037    65.60858497   -27.14244311    -5.36600430	 5.47394208  0.70407467 -4.38469409 -0.06606948 -0.01041073 -0.01890618	 -16.80355078  103.05114555  -14.57065043 -107.43896177    2.31446692   85.61494374  -11.81815842  -13.36883047  -19.05211148    2.58859036    0.75816405   21.52761593	-0.00359582  0.00534308 -0.23517597  0.69727233 -0.45677272  0.05896005 -0.00274598 -0.12705195 -0.42795501  0.99966836 -0.53944838  0.17950983	-0.05497844  0.05434928  0.04468568  0.36759033 -0.48806122  0.43082310 -0.15011837 -0.33864426 -0.62044691  0.37681500 -0.02121207  0.28576577	-0.03419141  0.06324558  0.03691182  0.37335500 -0.44227114  0.39724675 -0.12251885 -0.35393687 -0.61336245  0.37518565 -0.01180145  0.28117639	 0.20351899 -0.12713666  3.87944424	0.01909688 0.03910315 0.02937261	0.01934537 0.03875850 0.02957490	-0.00654455 -0.00331190 -0.99997310	0.35000000	0.00000000	0.00000000	0.57946348	-0.87310928	0.91431457	-0.97177881	3.50023699	3.19937420	-3.46254349	-2.40936756	3.83809996	-0.95646709	1.92668700	1.20953739	1.45368278	0.87914139	-1.18110752	4.84662104	-0.79925311	-2.53581572	-0.65846354	-1.15115345	2.72632718	4.86844301	0.31151116	-1.06645286	
0.00846100	  -44.27538218    55.88134178 -1004.70333851    65.33755844   -24.09316544    -3.89386460	 5.46864000  0.34685165 -4.71013925 -0.05309715 -0.02686217 -0.01322046	 -15.18874015  102.87661886  -15.00847877 -106.08678406    4.63886338   84.98340583  -11.89738310  -14.30248120  -18.06241761    1.54725655    4.62502660   21.27727598	-0.00382859  0.00596519 -0.23476825  0.70039151 -0.46051451  0.06231511 -0.00391675 -0.12999661 -0.43289280  1.00205016 -0.53949172  0.18175167	-0.02794523  0.09435829  0.05424806  0.39411492 -0.46416939  0.43357457 -0.13915717 -0.34217748 -0.58214874  0.22481756 -0.01009084  0.26250976	-0.02818516  0.07381947  0.05043409  0.36646430 -0.44376343  0.40008244 -0.14039594 -0.34636667 -0.57975410  0.26422635 -0.00384142  0.26392545	 0.20621631 -0.13193009  3.87961263	0.01922885 0.03932930 0.02567383	0.01923217 0.03906142 0.02806287	-0.00621210 -0.00347319 -0.99997467	0.35000000	0.00000000	0.00000000	0.56763756	-0.89818591	0.93049210	-0.99395061	3.50247407	3.20113373	-3.40620494	-2.39785600	3.82447886	-0.94219184	1.93726063	1.21002424	1.54039335	0.85725468	-1.21334696	4.80401802	-0.80779785	-2.55508471	-0.68271601	-1.15886140	2.80780220	4.86250973	0.31804377	-1.11486042	
0.00801900	  -41.98055582    56.65998964 -1004.07389804    65.30126063   -21.47774492    -3.49076396	 5.18900110  0.42785718 -4.82211071 -0.05647249 -0.03977999 -0.01281717	 -14.94218027  101.63451457  -15.74458556 -105.36992618    6.86764457   84.74011314  -11.93446477  -13.69160062  -16.88249326    1.32274807   10.02466388   21.11744973	-0.00403251  0.00660425 -0.23427391  0.70321804 -0.46406320  0.06547627 -0.00517901 -0.13262577 -0.43725209  1.00339296 -0.53951856  0.18367566	-0.02623598  0.09466442  0.05610886  0.34000792 -0.43019938  0.39677025 -0.16500549 -0.29873357 -0.52726549  0.10680218 -0.02712266  0.21181597	-0.02644827  0.08126636  0.06244315  0.35187441 -0.44411014  0.39612118 -0.15925244 -0.32436783 -0.54010224  0.15141328 -0.00341618  0.23603305	 0.20866327 -0.13645594  3.87978605	0.01968373 0.03969055 0.02240745	0.01938750 0.03936577 0.02530584	-0.00589665 -0.00362755 -0.99997603	0.35000000	0.00000000	0.00000000	0.55006051	-0.92087656	0.94137800	-1.01097512	3.51184511	3.20022869	-3.35672832	-2.39197803	3.81872439	-0.93043059	1.94326591	1.20888364	1.62142861	0.82974029	-1.24430597	4.75244427	-0.82084829	-2.57578278	-0.70409632	-1.16896057	2.88006425	4.85952663	0.31786114	-1.15617502	
0.00801500	  -39.97749266    58.47338089 -1005.50315499    65.39692287   -19.38478904    -2.57067597	 2.21798125  0.57104585 -2.81600213 -0.06370074 -0.02996681 -0.03366321	 -14.02130878  101.63493633  -16.51321127 -104.85107821    8.05843042   84.65174651  -12.12002696  -14.50554860  -15.50465719    0.77421799   15.34531921   21.25893429	-0.00418606  0.00725344 -0.23368806  0.70595421 -0.46761326  0.06870658 -0.00657778 -0.13515267 -0.44132881  1.00400343 -0.53941908  0.18542108	 0.01346115  0.07202412  0.07863039  0.33238519 -0.46817693  0.42112992 -0.15824327 -0.29504479 -0.48846637  0.05076922  0.00796465  0.20910833	-0.01743291  0.08052947  0.07447132  0.33885756 -0.44404184  0.40432073 -0.17440252 -0.31187865 -0.50413666  0.06668670  0.01603238  0.21392961	 0.21140970 -0.14086386  3.87902856	0.02144786 0.03763034 0.01863606	0.02018329 0.03893768 0.02208276	-0.00558638 -0.00379071 -0.99997721	0.35000000	0.00000000	0.00000000	0.53641737	-0.94210994	0.95105523	-1.03282201	3.50691009	3.19707775	-3.29425287	-2.37022758	3.79559731	-0.91250628	1.94805098	1.20854199	1.70328748	0.81129295	-1.27218938	4.69249153	-0.82699466	-2.58792639	-0.72448510	-1.17153800	2.95295286	4.83891344	0.32199350	-1.20405209	
0.00846600	  -38.07388202    58.25248318 -1002.14150689    65.14537007   -17.45953018    -2.38797049	 0.50449546  0.76748905 -1.90356453 -0.07255239 -0.02480458 -0.04178059	 -14.05551616  101.72917604  -17.53602073 -104.37721527    9.39068122   82.92433280  -11.72323991  -13.71865392  -14.98492653   -0.50535914   18.14012191   21.03971708	-0.00434895  0.00800384 -0.23293823  0.70883228 -0.47143216  0.07213347 -0.00819885 -0.13770526 -0.44552220  1.00426457 -0.53894872  0.18706239	-0.03849074  0.06368840  0.11720864  0.35504040 -0.46132062  0.42839897 -0.21426477 -0.33548573 -0.53033172  0.00784665  0.07806534  0.19340487	-0.01970481  0.08839777  0.09207384  0.34022993 -0.45379856  0.40629208 -0.19287009 -0.30166960 -0.49639853  0.02452808  0.06294418  0.18862828	 0.21442084 -0.14596606  3.87723564	0.02277694 0.03454977 0.01497411	0.02156437 0.03688005 0.01841677	-0.00528103 -0.00397888 -0.99997814	0.35000000	0.00000000	0.00000000	0.52988261	-0.96133363	0.97093946	-1.04566026	3.51800537	3.18381310	-3.25278187	-2.37285662	3.79075885	-0.89750820	1.94996357	1.19908464	1.77508545	0.79379094	-1.30001450	4.65804243	-0.83692914	-2.61314654	-0.74720967	-1.18900800	3.00872397	4.84373188	0.32113677	-1.23278236	
0.00804300	 -34.97801961   57.58637529 -999.61331021   64.95649607  -14.31679685   -1.45406002	 0.50038489  1.00863367 -2.79532090 -0.07590270 -0.03382782 -0.04293021	 -12.94681233  100.48320675  -18.33768855 -103.96044704   12.67998728   81.69382924  -11.34244813  -13.24765500  -13.93943582   -4.73996715   19.49081513   21.41881248	-0.00443565  0.00877639 -0.23213592  0.71147040 -0.47506176  0.07525042 -0.00982797 -0.13995973 -0.44931404  1.00418098 -0.53806103  0.18840380	 0.00870665  0.10309399  0.11412652  0.35441594 -0.44443016  0.37006409 -0.21986302 -0.25603318 -0.47160849 -0.02548033  0.11600622  0.15110552	-0.00869128  0.09557721  0.10396277  0.32902345 -0.44903838  0.38409185 -0.20442747 -0.27813111 -0.46978942 -0.01724853  0.11607083  0.16182984	 0.21701162 -0.15067761  3.87579295	0.02406321 0.03302827 0.01010238	0.02280550 0.03477437 0.01448016	-0.00501256 -0.00416590 -0.99997876	0.35000000	0.00000000	0.00000000	0.52405059	-0.98499924	0.99191290	-1.05043030	3.50741291	3.17127109	-3.20808601	-2.36642241	3.77259135	-0.89007509	1.96190834	1.19237876	1.83790159	0.77911150	-1.33144999	4.63576889	-0.83719420	-2.64464474	-0.77046663	-1.20710206	3.09657192	4.84780931	0.32925257	-1.28022540	
0.00851100	 -35.36157489   59.68321883 -996.70806516   64.77681055  -12.77942637   -2.09053566	 0.98018705  0.92805636 -3.56724464 -0.06930576 -0.03794961 -0.03446656	 -13.98230306  100.35057282  -17.67958369 -102.79117227   13.72245388   81.58119172  -10.93999809  -13.49368167  -13.53066593   -8.29721536   19.16043609   21.51910430	-0.00452373  0.00968526 -0.23118038  0.71420630 -0.47894189  0.07847416 -0.01162205 -0.14221125 -0.45312225  1.00356964 -0.53657523  0.18967973	-0.01257052  0.10483271  0.11245194  0.27529375 -0.39726988  0.33116707 -0.18554676 -0.24482727 -0.36356103 -0.09593795  0.16184452  0.12543166	-0.01081095  0.10821470  0.11385702  0.31801897 -0.44934898  0.37275518 -0.21106874 -0.25967476 -0.43627154 -0.08200085  0.17983851  0.14541089	 0.21989298 -0.15587153  3.87438999	0.02497005 0.03143707 0.00619588	0.02400861 0.03303207 0.01002591	-0.00473901 -0.00437462 -0.99997920	0.35000000	0.00000000	0.00000000	0.51423281	-1.01367962	1.01645660	-1.05711329	3.48015642	3.14985418	-3.14674592	-2.34003329	3.74058104	-0.88189030	1.97316122	1.18140268	1.90173697	0.76667070	-1.36416483	4.61290169	-0.83551770	-2.68386602	-0.79995793	-1.22001016	3.19385505	4.84085846	0.34311095	-1.33471465	
0.00846300	 -35.17567216   61.69709256 -992.47560020   64.51025150  -10.93775896   -2.28526843	 1.47342150  0.50822237 -4.28442729 -0.05507113 -0.04133196 -0.02349258	 -13.20111927   99.93195629  -17.73000953 -101.23172581   15.24974446   81.24271023  -10.77351016  -13.78400463  -13.58468354  -11.40822803   18.91847482   20.98839003	-0.00455398  0.01065090 -0.23011409  0.71688590 -0.48286304  0.08162675 -0.01348650 -0.14429878 -0.45667050  1.00226663 -0.53453431  0.19075140	 0.00836650  0.11302028  0.15269577  0.34953707 -0.49845116  0.41193001 -0.23793072 -0.24935334 -0.45913832 -0.19698200  0.30663965  0.10736083	-0.00412578  0.11570104  0.12858408  0.31772189 -0.46252540  0.37173489 -0.22320819 -0.24389384 -0.41421082 -0.16806671  0.25159404  0.12139882	 0.22268002 -0.16115511  3.87298436	0.02559189 0.03065529 0.00265884	0.02489444 0.03167699 0.00603986	-0.00447582 -0.00458978 -0.99997945	0.35000000	0.00000000	0.00000000	0.50466228	-1.04520035	1.03863287	-1.06608558	3.44587541	3.12552476	-3.07356048	-2.31129384	3.69872093	-0.87413728	1.98711300	1.17234302	1.97426569	0.75105423	-1.40156162	4.57947254	-0.83254898	-2.72291684	-0.83075571	-1.22776496	3.29548883	4.82746124	0.36564919	-1.39088571	
0.00808600	 -31.87383764   61.58781969 -991.23608092   64.39743036   -7.08029024   -2.37479755	 1.50525883  0.60608979 -4.81039735 -0.05545103 -0.04971142 -0.01881133	 -13.02813969   99.78849483  -17.95144314 -100.70967385   19.38891703   79.87579298  -10.39174644  -13.41003701  -12.52544692  -13.66138420   19.35314369   21.19169214	-0.00456624  0.01164743 -0.22904765  0.71935150 -0.48657532  0.08451804 -0.01529611 -0.14610766 -0.45966603  1.00029822 -0.53213886  0.19155035	-0.00805198  0.12551463  0.11850412  0.24369155 -0.37539602  0.30738344 -0.19680526 -0.19547870 -0.29161874 -0.25995710  0.26456048  0.06353033	-0.00214430  0.12445552  0.13114617  0.29968804 -0.45107544  0.35054826 -0.22269530 -0.21976451 -0.35948592 -0.25518042  0.29958183  0.09261290	 0.22505167 -0.16651934  3.87189368	0.02560496 0.03067553 0.00121216	0.02536245 0.03102470 0.00330324	-0.00423089 -0.00479486 -0.99997955	0.35000000	0.00000000	0.00000000	0.49038732	-1.07502306	1.05554187	-1.06949854	3.41340876	3.10861182	-3.00169373	-2.29387999	3.66505456	-0.87371635	2.00895071	1.16691375	2.04465151	0.73161095	-1.44055772	4.54493904	-0.82587808	-2.75747943	-0.85671490	-1.24245143	3.39791608	4.82499218	0.38253480	-1.45368946	
0.00842900	 -33.82925768   63.60296865 -986.95056932   64.12967760   -6.84628198   -2.84414422	 1.67508797  0.56659590 -5.18160239 -0.05209838 -0.04665495 -0.01845883	-12.62626525  99.07560563 -17.27957277 -99.58932880  18.77513006  79.74609756 -10.41129644 -13.44172969 -12.57615885 -15.19930170  19.79870269  21.16601625	-0.00457329  0.01278699 -0.22781647  0.72190764 -0.49052517  0.08746318 -0.01726674 -0.14784564 -0.46249652  0.99736139 -0.52900852  0.19222127	 0.00698299  0.14872644  0.14113365  0.33753510 -0.47250581  0.36800517 -0.25376958 -0.21541196 -0.30767576 -0.41099275  0.42723224  0.08105625	-0.00051171  0.13685688  0.14479879  0.30342147 -0.46463732  0.34734527 -0.23342233 -0.20414307 -0.32410589 -0.36439911  0.37914002  0.07512272	 0.22784370 -0.17243169  3.87048390	0.02534624 0.03009448 0.00057920	0.02543057 0.03061226 0.00168378	-0.00397219 -0.00501149 -0.99997955	0.35000000	0.00000000	0.00000000	0.47348887	-1.10477841	1.07348311	-1.07321453	3.36698270	3.07036471	-2.90958428	-2.24963069	3.61463499	-0.85879463	2.01828122	1.15521085	2.11993551	0.71569276	-1.47598708	4.49935770	-0.82461131	-2.79560757	-0.88673055	-1.24752533	3.50016260	4.79512262	0.40833127	-1.51283383	
0.00801700	 -30.82648433   63.59995058 -986.16634576   64.05140581   -3.38543814   -2.82815167	 1.66857083  0.32136805 -5.51814604 -0.04518949 -0.05184954 -0.00393130	-11.79140533  98.49235654 -18.09928761 -99.09971291  22.64437835  78.61143583  -9.45015576 -13.29157534 -12.06392917 -16.63874072  20.07276866  20.60231909	-0.00458472  0.01396504 -0.22656956  0.72422904 -0.49428740  0.09013415 -0.01916536 -0.14930524 -0.46477970  0.99370266 -0.52549824  0.19261687	-0.01350059  0.15410336  0.14618067  0.25695674 -0.44409999  0.32122792 -0.23056380 -0.16381945 -0.23184027 -0.48255222  0.45652542  0.04709120	-0.00151050  0.15015874  0.15472520  0.28666402 -0.46657871  0.33059165 -0.23516536 -0.17959020 -0.27482940 -0.47091016  0.44660487  0.04624392	 0.23009294 -0.17812499  3.86934455	0.02528550 0.03085934 0.00028824	0.02535732 0.03053519 0.00087178	-0.00372892 -0.00521399 -0.99997945	0.35000000	0.00000000	0.00000000	0.45544571	-1.13749540	1.08712316	-1.07561767	3.32112765	3.04127383	-2.81784964	-2.22400522	3.56878471	-0.86116922	2.04355288	1.14915442	2.19636679	0.69208449	-1.52026939	4.45112181	-0.81729519	-2.83088255	-0.91478866	-1.25656152	3.60937619	4.77947807	0.43144828	-1.57694840	
0.00848500	 -30.16554814   65.34881330 -981.73917611   63.77018698   -1.12208718   -2.53126158	 1.66724526  0.60415604 -5.81455026 -0.04818665 -0.05604076 -0.00809309	-10.61577163  97.65231633 -17.77263460 -97.09556669  24.17880772  78.33629316  -9.49031827 -13.65714920 -11.26425710 -17.99605601  20.28677022  20.68454874	-0.00458959  0.01529546 -0.22517821  0.72666015 -0.49828605  0.09281755 -0.02119243 -0.15067553 -0.46677609  0.98884456 -0.52118915  0.19279455	-0.01678790  0.15807932  0.15108479  0.25908348 -0.44804496  0.26828089 -0.23611413 -0.12991817 -0.21774226 -0.57972109  0.49185369  0.02513772	-0.00206236  0.15903763  0.16585193  0.28425744 -0.47209862  0.31211896 -0.23983968 -0.15697321 -0.22720316 -0.59050350  0.51644591  0.02057115	 0.23250569 -0.18421121  3.86787693	0.02542049 0.03131152 0.00012562	0.02536301 0.03095375 0.00042935	-0.00346415 -0.00542944 -0.99997926	0.35000000	0.00000000	0.00000000	0.43425637	-1.17423713	1.10074532	-1.07459879	3.26448655	3.00373840	-2.71679378	-2.17934012	3.51616836	-0.85657048	2.06486893	1.14183652	2.27253509	0.67086816	-1.56232548	4.40073872	-0.81360286	-2.86688781	-0.94626147	-1.26340497	3.72148871	4.75294876	0.45803624	-1.64438653	
0.00851200	 -28.45996228   66.39200931 -982.73047336   63.81764858    1.54864520   -2.48095058	 1.48703784  0.98133022 -5.76431169 -0.05743477 -0.05829759 -0.00584704	 -9.49869427  97.53028870 -18.11399956 -97.11023441  26.86363073  77.65865242  -8.67951393 -13.14975166 -10.65609702 -18.03164224  20.41527504  20.35484850	-0.00458692  0.01673785 -0.22372315  0.72901976 -0.50229550  0.09539763 -0.02318254 -0.15186796 -0.46827932  0.98291327 -0.51621480  0.19285200	-0.00321764  0.17508459  0.16583675  0.27071463 -0.47112051  0.30078218 -0.21677257 -0.10541622 -0.16155870 -0.71388798  0.57900866 -0.00631346	-0.00132505  0.17153653  0.17262952  0.27573752 -0.47187077  0.29909243 -0.23107138 -0.13433325 -0.16963838 -0.71310636  0.59236564  0.00492599	 0.23479927 -0.19059385  3.86653843	 0.02509506  0.03202179 -0.00004761	0.02529890 0.03146190 0.00016161	-0.00319492 -0.00564444 -0.99997897	0.35000000	0.00000000	0.00000000	0.41143629	-1.20737791	1.10995817	-1.07300043	3.20018053	2.96507621	-2.60044432	-2.13697672	3.45282936	-0.85457730	2.08898878	1.13433444	2.34866834	0.65012318	-1.60633600	4.33990717	-0.80275428	-2.90023184	-0.97152001	-1.26657057	3.83251357	4.71831512	0.49050197	-1.71224463	
0.00848200	 -27.96119392   67.69871138 -978.61630193   63.54654573    3.26850995   -2.19010897	 1.38327076  1.06090028 -5.80713880 -0.05790239 -0.06315950 -0.00730343	 -8.40850150  96.71352148 -18.33338548 -95.70804176  28.00866696  77.04751176  -8.80480723 -13.32127416 -10.02980763 -18.25372943  20.14744475  19.53638613	-0.00459431  0.01829011 -0.22219632  0.73129771 -0.50631601  0.09780435 -0.02515488 -0.15287063 -0.46926680  0.97591198 -0.51062354  0.19289502	 0.00043664  0.16590725  0.17888308  0.25565697 -0.47424063  0.26287661 -0.23721326 -0.09880726 -0.07096333 -0.85583725  0.65119153  0.01632013	-0.00260101  0.18377657  0.17949917  0.26530408 -0.47430219  0.28014144 -0.23083829 -0.11304901 -0.10654025 -0.84065920  0.66675700  0.00458451	 0.23710845 -0.19710989  3.86489253	 0.02484112  0.03262134 -0.00017766	 0.02506696  0.03207069 -0.00005019	-0.00291990 -0.00585656 -0.99997859	0.35000000	0.00000000	0.00000000	0.38990498	-1.24439573	1.11637414	-1.06870961	3.13003397	2.91851330	-2.47883892	-2.08645463	3.38835287	-0.85455072	2.11363626	1.12869740	2.42705297	0.62874568	-1.65363920	4.28026438	-0.79460907	-2.93659115	-1.00402808	-1.26981843	3.94787407	4.68398523	0.52617943	-1.77983761	
0.00858500	 -29.30998751   68.53900847 -979.33050188   63.57409233    4.60033527   -3.22018727	 2.23375129  1.30320204 -5.29674707 -0.06641849 -0.02973345 -0.00271136	 -7.25601345  96.12144303 -18.54750426 -94.91439152  29.66432011  76.39383024  -7.90169816 -12.82441118  -9.25136873 -17.55790633  19.34022242  17.60030879	-0.00457608  0.01995981 -0.22058706  0.73354089 -0.51036963  0.10005953 -0.02704921 -0.15367471 -0.46975827  0.96784316 -0.50440527  0.19289489	 0.00213902  0.17456696  0.16515332  0.18176556 -0.39033096  0.20593875 -0.18049733 -0.05924332 -0.01354394 -0.80311847  0.62651831  0.00563593	 0.00258464  0.19226351  0.18432478  0.25240959 -0.46454412  0.25343525 -0.21676075 -0.08765239 -0.04705973 -0.93951237  0.72083897 -0.00062604	 0.23876045 -0.20384831  3.86323962	 0.02463922  0.03584197 -0.00042836	 0.02480177  0.03324776 -0.00024526	-0.00263459 -0.00606629 -0.99997813	0.35000000	0.00000000	0.00000000	0.36962155	-1.27242553	1.11841583	-1.06596434	3.07741666	2.87682152	-2.36885095	-2.05171657	3.33328509	-0.86189604	2.13686824	1.11826539	2.49466729	0.60688931	-1.70345974	4.22721291	-0.78298652	-2.97600579	-1.03470933	-1.27779937	4.04326582	4.66491652	0.55353916	-1.83042884	
0.00843000	 -34.56144172   69.89854015 -983.08659368   63.80164930    4.43265273   -5.11379428	 3.84339527  1.51961059 -4.46381678 -0.07438115  0.03425363 -0.01065291	 -7.26877780  95.88928699 -17.31834741 -94.33279017  30.37331629  76.02470094  -8.18106426 -12.59859109  -8.54309179 -16.84081805  18.56302401  16.13342871	-0.00459204  0.02175325 -0.21901573  0.73575901 -0.51446222  0.10212926 -0.02889510 -0.15429090 -0.46996807  0.95884705 -0.49763523  0.19290159	-0.01635945  0.24130602  0.19816737  0.29922869 -0.54908808  0.25594577 -0.22514828 -0.05626272 -0.01149394 -1.20071925  0.91764869 -0.01426476	-0.00338850  0.21591442  0.18757922  0.26223351 -0.48840901  0.24151385 -0.21944630 -0.06737494 -0.02170929 -1.08382044  0.81685041 -0.00098461	 0.23864811 -0.21077584  3.86205973	 0.02513886  0.04593659 -0.00037816	 0.02487535  0.03864951 -0.00036255	-0.00228773 -0.00627770 -0.99997768	0.35000000	0.00000000	0.00000000	0.34674147	-1.31328201	1.12790120	-1.06514788	3.01308417	2.82244992	-2.23958659	-2.00689030	3.26710320	-0.86328286	2.16437078	1.10338521	2.57441354	0.58485788	-1.75082529	4.15579557	-0.77283263	-3.02288389	-1.06784618	-1.28222454	4.14998055	4.63416815	0.58977473	-1.89333606	
0.00804000	 -33.36650952   71.32046931 -988.28846466   64.13642808    8.77258973   -5.13544799	 4.18757869  1.39845576 -4.20367289 -0.07050513  0.04226713 -0.00383018	 -5.00961416  95.06210017 -16.24434986 -92.61658946  35.81643426  76.01257044  -7.78524108 -13.31975910  -3.28420931 -17.38092475  17.67564248  14.15910715	-0.00459105  0.02354626 -0.21760501  0.73781936 -0.51828306  0.10387657 -0.03061912 -0.15471272 -0.47000979  0.94961411 -0.49079929  0.19291405	 0.00074917  0.21403703  0.18885059  0.23866230 -0.44501930  0.18736002 -0.20696910 -0.02553551 -0.00984341 -1.15054165  0.84987736 -0.00403687	-0.00250838  0.22527276  0.17754488  0.25635874 -0.47461058  0.21369046 -0.21469835 -0.04835978 -0.00363921 -1.16025762  0.85720422  0.00183022	 0.23781135 -0.21708582  3.86142365	 0.02731632  0.05626645 -0.00018234	 0.02583214  0.04719718 -0.00030476	-0.00187556 -0.00648744 -0.99997720	0.35000000	0.00000000	0.00000000	0.33352581	-1.36527836	1.12808180	-1.06602037	2.97633958	2.80256343	-2.15170527	-1.99064016	3.23260450	-0.89350653	2.21821618	1.09902942	2.63332152	0.56876540	-1.80442429	4.10309792	-0.75566310	-3.06790400	-1.09726334	-1.30022514	4.24894238	4.64899111	0.61069059	-1.94779003	
0.00849800	 -35.86746662   74.22138671 -988.81941358   64.18091072    9.19622326   -4.73253256	 3.62366241  1.47569009 -4.15374867 -0.07293117  0.01448666 -0.00416012	 -4.21173234  95.58704233 -13.39220943 -93.16020805  35.73722944  75.98099750  -7.95496057 -12.56132215   1.64064458 -17.50404574  16.13677204  12.03295276	-0.00457223  0.02553859 -0.21613409  0.73992100 -0.52232910  0.10557027 -0.03241312 -0.15498271 -0.46982518  0.93896503 -0.48310361  0.19291213	 0.02312977  0.21861539  0.13882194  0.21668338 -0.42851145  0.18459272 -0.21194666 -0.03283228  0.02654100 -1.25528651  0.87154608  0.00214102	 0.00228507  0.23551187  0.17176386  0.24152682 -0.47011337  0.19365077 -0.21042262 -0.02781736  0.02801239 -1.26190906  0.90450976  0.00079323	 0.23867977 -0.22424486  3.86043686	0.02817303 0.05950051 0.00002608	 0.02715453  0.05457888 -0.00014513	-0.00137888 -0.00672398 -0.99997644	0.35000000	0.00000000	0.00000000	0.31869596	-1.40384674	1.12825251	-1.06217682	2.93031049	2.76817346	-2.04130435	-1.95032156	3.18350148	-0.90350401	2.25357771	1.08107758	2.69482088	0.55744588	-1.85292447	4.04340744	-0.73561418	-3.11816359	-1.13048792	-1.30876362	4.34915733	4.64604855	0.63443607	-2.00270343	
0.00847700	 -35.45679635   76.59799440 -982.34042502   63.76586674    9.35779693   -4.08166351	 2.93268852  0.33162184 -4.16824589 -0.03357155 -0.01899483  0.02580679	 -3.48458133  95.06359363 -14.55111027 -93.40026599  35.31698370  75.46380389  -7.21923198 -12.19861507   5.55932666 -17.35117158  14.59590188   9.96161689	-0.00458388  0.02764275 -0.21456933  0.74195373 -0.52639581  0.10708580 -0.03412148 -0.15509756 -0.46923482  0.92742529 -0.47506492  0.19291308	-0.00926858  0.23653186  0.17367984  0.22903124 -0.44877905  0.18215235 -0.20218874 -0.00794685  0.08423376 -1.38129804  0.93248518  0.02598885	-0.00255010  0.24877777  0.18418860  0.23669822 -0.47752517  0.17544088 -0.19946238 -0.01177715  0.07823370 -1.37469924  0.95032222  0.00199715	 0.24044901 -0.23073019  3.85875999	0.03192405 0.05964997 0.00025305	0.02911950 0.05791269 0.00005464	-0.00087089 -0.00697786 -0.99997528	0.35000000	0.00000000	0.00000000	0.30527791	-1.44382322	1.12257969	-1.05489171	2.86837268	2.72088408	-1.92307162	-1.90547979	3.12618566	-0.91085708	2.28119898	1.06878591	2.75467539	0.54446727	-1.90330231	3.98699045	-0.71689141	-3.16890812	-1.16547179	-1.31570816	4.45439291	4.63215256	0.66794550	-2.06218719	
0.00800700	 -32.49746269   79.32816325 -976.52677945   63.40585971   11.29886012   -2.76330308	 2.08720456 -0.37519603 -4.30649098 -0.00863686 -0.04614716  0.04034173	 -2.03197822  94.77552295 -16.63868214 -92.39170739  36.69959968  75.33190697  -7.18221419 -11.44668433   8.74122200 -17.36998209  14.96637458   7.96546464	-0.00457945  0.02967033 -0.21300390  0.74377883 -0.53024442  0.10837134 -0.03561453 -0.15513599 -0.46823103  0.91567769 -0.46725190  0.19291376	-0.01756207  0.24814516  0.17160364  0.22221807 -0.50574342  0.17028453 -0.18744255  0.00746520  0.15360533 -1.55712556  1.00641300  0.01334883	-0.00159059  0.25293094  0.19423770  0.22612219 -0.48306527  0.15970336 -0.18461797 -0.00307945  0.13501865 -1.48157684  0.98010792  0.00202933	 0.24232367 -0.23629182  3.85664723	0.03736162 0.05911648 0.00045666	0.03288895 0.05880463 0.00025350	-0.00039582 -0.00725571 -0.99997360	0.35000000	0.00000000	0.00000000	0.29174173	-1.48413837	1.11182225	-1.05314338	2.81010079	2.68432283	-1.81111109	-1.86678362	3.06635857	-0.92195553	2.30684185	1.06233335	2.81412983	0.53143340	-1.95047772	3.92265272	-0.69891953	-3.20807028	-1.19454229	-1.32206845	4.54322529	4.61499500	0.70093727	-2.11258531	
0.00802500	 -29.58849951   81.46961853 -970.16372168   62.99590415   13.08720070   -1.41067125	 1.12499331 -0.77110781 -4.38224201  0.00552372 -0.07176170  0.04792651	 -1.03937310  94.79691529 -18.52126848 -91.69381505  37.70018792  74.70492047  -7.20562284  -8.93586063  12.02132468 -16.80976004  15.50689468   5.98733931	-0.00457847  0.03174996 -0.21136355  0.74557033 -0.53409876  0.10952142 -0.03699109 -0.15516261 -0.46675487  0.90305323 -0.45915688  0.19290816	 0.00475421  0.25388838  0.19753548  0.22388799 -0.44149253  0.11089011 -0.15622408 -0.02493846  0.20972966 -1.53582704  0.98264277 -0.00968391	-0.00211364  0.25844280  0.20313137  0.22117385 -0.47664475  0.14015403 -0.16825111 -0.00351327  0.19119564 -1.57589916  1.00696054 -0.00098447	 0.24440451 -0.24171004  3.85399137	0.04310887 0.05797002 0.00064190	0.03788250 0.05858876 0.00045142	 0.00007261 -0.00757908 -0.99997128	0.35000000	0.00000000	0.00000000	0.27869636	-1.51860273	1.10029125	-1.04808450	2.76721954	2.64932823	-1.71076155	-1.84040880	3.01742363	-0.92778939	2.32341385	1.05170822	2.86719823	0.51870430	-1.99327552	3.86360621	-0.68473959	-3.24677277	-1.21884215	-1.33400667	4.60863113	4.60663128	0.73006690	-2.14526558	
0.00847400	 -27.98581016   83.57396453 -962.57553860   62.51853079   13.62194501   -0.53622880	 0.20267166 -0.86482996 -4.52039559  0.00889414 -0.09355855  0.05254807	 -0.07777171  93.68269491 -20.64620219 -91.14204007  37.09428075  74.46823227  -6.96297246  -5.44800776  14.79763628 -16.46259135  16.35397249   4.11766928	-0.00456242  0.03399427 -0.20952381  0.74746354 -0.53826824  0.11060936 -0.03824960 -0.15517558 -0.46457045  0.88865325 -0.45025012  0.19291166	 0.01755309  0.25202794  0.22279345  0.23579731 -0.49895893  0.11854082 -0.14525283 -0.01637242  0.28256776 -1.76204913  1.06286353 -0.00327828	 0.00267510  0.26219686  0.21786889  0.22440290 -0.49053393  0.12447900 -0.14482351 -0.00310776  0.26661962 -1.71040225  1.05213961  0.00119967	 0.24688209 -0.24735976  3.85047099	0.04930324 0.05636209 0.00087133	0.04370505 0.05756926 0.00066311	 0.00055827 -0.00797341 -0.99996806	0.35000000	0.00000000	0.00000000	0.26316985	-1.55465603	1.08582914	-1.03908956	2.70432258	2.60112119	-1.58908081	-1.79628110	2.94839478	-0.92079914	2.32998562	1.03741825	2.92684007	0.50675738	-2.03565121	3.79476333	-0.66901702	-3.29280567	-1.24172533	-1.33847272	4.68354988	4.57955933	0.77749050	-2.18461943	
0.00847000	 -23.09900421   85.11439290 -957.27930839   62.17149010   16.53917146    1.28459243	-0.99241675 -0.85305894 -4.39342137  0.00873573 -0.11656359  0.04811158	  0.51225482  93.09204769 -23.83189897 -90.18944791  39.40882623  73.77873808  -7.43624326  -1.33574118  17.44979869 -14.53864066  17.40171213   1.83662330	-0.00456000  0.03630637 -0.20765543  0.74936763 -0.54249799  0.11159199 -0.03933147 -0.15516402 -0.46174885  0.87326683 -0.44094778  0.19291176	 0.01207247  0.28192179  0.20495089  0.25295004 -0.52859064  0.08749704 -0.14620710  0.01065366  0.35153788 -1.90046428  1.13936272  0.02484217	 0.00182257  0.27495105  0.22095002  0.22891069 -0.50269789  0.11115405 -0.12660687  0.00166175  0.34504568 -1.84170702  1.11017225  0.00122324	 0.24909202 -0.25301053  3.84646230	0.05543784 0.05584956 0.00111934	0.04973963 0.05653112 0.00089684	 0.00103404 -0.00842024 -0.99996401	0.35000000	0.00000000	0.00000000	0.24454746	-1.59701407	1.06942749	-1.03427851	2.64491177	2.55821013	-1.46147168	-1.76920426	2.88286662	-0.93043405	2.34843206	1.02691150	2.99689889	0.48928651	-2.08256721	3.71600246	-0.65034002	-3.33827353	-1.26313901	-1.34524989	4.75841856	4.56437254	0.82831937	-2.22387600	
0.00802400	 -18.88637135   86.81893649 -949.25648728   61.66684296   18.90842796    2.87845888	-2.01329975 -0.05406842 -4.61292985 -0.01884936 -0.14908931  0.03396689	  2.04543167  92.05778241 -26.38456665 -88.35180572  40.30333829  73.48757148  -7.67055361   1.72505862  21.41444090 -14.13936517  17.69230682  -0.14806772	-0.00456761  0.03851605 -0.20586167  0.75123841 -0.54655855  0.11241643 -0.04015322 -0.15514370 -0.45846460  0.85786441 -0.43181920  0.19290402	-0.00215083  0.30002626  0.23987047  0.25201994 -0.54067087  0.08245558 -0.11458271  0.01246274  0.47101517 -2.05927741  1.19781797  0.01054343	-0.00133923  0.27796080  0.22238099  0.23749947 -0.50930757  0.10086390 -0.10173319  0.00436417  0.42111083 -1.94079065  1.14857002 -0.00114788	 0.25115979 -0.25902376  3.84206784	0.05825591 0.05528759 0.00141905	0.05451819 0.05590907 0.00114600	 0.00147858 -0.00887794 -0.99995950	0.35000000	0.00000000	0.00000000	0.23155966	-1.64082599	1.05213809	-1.02488267	2.58128786	2.51886773	-1.34581423	-1.73489010	2.81911039	-0.94483143	2.36891747	1.01590896	3.05131984	0.48068225	-2.12593985	3.65139842	-0.62838131	-3.38526082	-1.28774858	-1.35302258	4.83440590	4.55558825	0.87413079	-2.26319528	
0.00800300	 -16.07052466   86.31535125 -948.29221617   61.56879799   20.90731754    4.12166438	-2.89573548  1.38435992 -4.29408592 -0.06903204 -0.16889886  0.00038161	  2.95811913  91.09809995 -28.08061813 -88.79224211  41.84006676  72.22950715  -8.61395111   6.45519468  23.39920355 -11.60554568  17.37901555  -2.24155074	-0.00455760  0.04083346 -0.20405888  0.75321150 -0.55073395  0.11314132 -0.04080590 -0.15500273 -0.45455031  0.84158321 -0.42230851  0.19290280	-0.00258891  0.28040212  0.21190161  0.26514841 -0.58404877  0.09572824 -0.05367667  0.04975611  0.57337731 -2.20230789  1.30707066 -0.01706716	 0.00196565  0.29173790  0.22394322  0.25104053 -0.52698709  0.08859676 -0.07948391  0.02289806  0.50329317 -2.05598924  1.20036464 -0.00155755	 0.25329148 -0.26624036  3.83746019	0.05717295 0.05461312 0.00177221	0.05660471 0.05527075 0.00143777	 0.00191793 -0.00934185 -0.99995452	0.35000000	0.00000000	0.00000000	0.21327022	-1.67570388	1.03669584	-1.01267195	2.52460194	2.47072911	-1.22102094	-1.71377885	2.75525379	-0.96371174	2.38947201	0.99646473	3.10924625	0.46742436	-2.16812921	3.58457875	-0.60263383	-3.44046450	-1.30703139	-1.36199737	4.90616655	4.55231285	0.92463607	-2.29875398	
0.00801000	 -11.93789738   86.12949923 -948.48206504   61.56161956   23.98180699    5.86546668	-3.82044802  2.11961860 -4.01442933 -0.09499388 -0.19233247 -0.02191896	  3.62560042  89.36939931 -30.30738524 -88.21880576  44.40202519  71.50770783  -9.58435477   8.21783251  25.85894181  -9.61504656  17.14222312  -4.23459446	-0.00455558  0.04330987 -0.20223950  0.75527879 -0.55499519  0.11366887 -0.04134944 -0.15469675 -0.45001930  0.82448087 -0.41247256  0.19290827	-0.00142356  0.30902026  0.21532686  0.23015064 -0.52356031  0.04828945 -0.08760275  0.04266192  0.56123182 -2.07019142  1.19107695 -0.00688136	 0.00183586  0.31009294  0.22638480  0.25940010 -0.53511468  0.06327814 -0.06800582  0.04303338  0.57510395 -2.14141713  1.22888194 -0.00005117	 0.25533105 -0.27402330  3.83275648	0.05514184 0.05413456 0.00213495	0.05619693 0.05466949 0.00177899	 0.00235249 -0.00979078 -0.99994930	0.35000000	0.00000000	0.00000000	0.19589615	-1.71717060	1.01883483	-1.00617790	2.47731018	2.42505550	-1.11476696	-1.70062244	2.70449328	-1.00336933	2.42336702	0.98222971	3.15799332	0.45469370	-2.20994020	3.52719307	-0.57681453	-3.49448824	-1.33033133	-1.37669075	4.98089933	4.56444025	0.96092582	-2.33708143	
0.00846300	  -9.02906523   87.22436759 -947.77542148   61.51822975   26.22832905    7.22261048	-4.73362091  2.93525570 -3.66381503 -0.12452003 -0.21793895 -0.04048978	  4.40514486  87.56989098 -31.89996321 -88.08889782  45.79891545  71.40064085 -10.04835454  10.57725385  28.51585699  -7.25074990  16.20709804  -6.47129279	-0.00457001  0.04611309 -0.20033933  0.75763840 -0.55964263  0.11404324 -0.04178954 -0.15412791 -0.44447965  0.80545978 -0.40167546  0.19290332	-0.01865974  0.36981320  0.22079231  0.33708032 -0.57039511  0.03006627 -0.04513682  0.10701680  0.75079017 -2.45040677  1.38788186 -0.02748849	-0.00293258  0.33438860  0.22519164  0.28384162 -0.55352125  0.04140340 -0.05046832  0.07456048  0.67122459 -2.27113488  1.28591270 -0.00257000	 0.25768637 -0.28288519  3.82752808	0.05201894 0.05288360 0.00250244	0.05434368 0.05387210 0.00215923	 0.00280738 -0.01024627 -0.99994356	0.35000000	0.00000000	0.00000000	0.17111635	-1.76457524	1.00005031	-0.99907124	2.40090966	2.36707234	-0.96770132	-1.66299033	2.62787986	-1.04050815	2.46145749	0.96415591	3.22452188	0.44067684	-2.25746441	3.45253062	-0.54254907	-3.55802989	-1.35943639	-1.38014889	5.09049320	4.55831003	1.01465976	-2.39904380	
0.00801900	  61.63006636   99.18488138 -686.93774432   45.26121795   37.63097860   25.07236578	 -92.69108653 -194.65369117 -742.93402363   43.51168359 -116.96599536   31.05526055	  5.61181238  85.85974097 -34.54895613 -87.69336894  47.95110476  71.23193687 -11.64001951  11.27171859  30.65277894  -3.51302785  14.48847932  -8.57340262	-0.00460199  0.04911121 -0.19799948  0.75941543 -0.56391663  0.11486933 -0.04252402 -0.15259313 -0.43916404  0.78973473 -0.38902900  0.19291852	-0.00218679  0.39725128  0.35064047  0.13813737 -0.51638340  0.21675636 -0.11975400  0.30344135  0.62942776 -1.67103406  1.90136684  0.03787239	-0.00791427  0.38577319  0.31567473  0.19761660 -0.52558415  0.13471920 -0.10365923  0.23085258  0.64828270 -1.84882579  1.69142680  0.00308352	 0.27212525 -0.28796288  3.85203852	-0.03191359  0.00474901  0.01135161	0.02291720 0.03612097 0.00519775	 0.00304404 -0.01033733 -0.99994193	0.35000000	0.00000000	0.00000000	0.17137820	-1.81807339	0.98221248	-0.95512974	2.16758752	2.30812764	-0.79674482	-1.58403921	2.47404790	-1.29597914	2.64462709	0.96560037	3.31076860	0.50307053	-2.30188322	3.34521103	-0.40632975	-3.56138968	-1.37444293	-1.30426955	5.42639828	4.55297804	1.03536046	-2.58515859	
0.00851600	  54.23312652   69.19573577 -668.98651594   43.40802683   44.21153375   19.87175648	 -85.16968939 -133.48179597 -565.75027890   33.57483929  -88.91241889   18.71711591	 -0.44591854  69.14167833 -27.78847979 -95.98915726  56.92616326  55.74291247 -11.20922727  -4.30968642   4.99175866  -0.77291960 -24.02524602 -10.37324189	-0.00475416  0.05268600 -0.19439094  0.76010669 -0.56795257  0.11647297 -0.04378763 -0.14966888 -0.43464852  0.77857855 -0.37189736  0.19288352	-0.03972408  0.35801123  0.45179948  0.02734795 -0.42746722  0.16014535 -0.12351119  0.36773777  0.42383139 -0.98606052  1.96509663  0.00797334	-0.02169791  0.41459467  0.43693303  0.05890177 -0.46336442  0.18085545 -0.15012493  0.34859257  0.50135928 -1.21983977  2.02842330 -0.00244206	 0.27893449 -0.28897983  3.86766280	-0.04118026 -0.01719631  0.02045466	-0.01967020  0.00559529  0.01318361	 0.00296144 -0.00997225 -0.99994589	0.35000000	0.00000000	0.00000000	0.24319124	-1.80528128	1.03659689	-0.89008749	2.19725800	2.12303114	-0.97710168	-1.73808217	2.51068044	-1.50879610	2.77729392	0.91843832	3.15487146	0.55728185	-2.37089038	3.74874616	-0.32274345	-3.74679422	-1.36908853	-1.39934754	5.52264881	4.77847433	1.05727601	-2.56868029	
0.00849900	  36.98096757   64.68659344 -642.16854868   41.51868446   50.75369996   12.62161893	 -49.91201800 -108.79270175 -452.42209440   26.83474229  -70.90811585   15.10942193	 -7.64790727  70.51453590 -14.98398303 -68.78669129  61.39964980  48.50337929 -10.36409459 -17.21703529 -13.66795456 -29.44013727 -48.11827746  -9.20320593	-0.00496840  0.05631590 -0.19026524  0.75987936 -0.57150056  0.11748913 -0.04534994 -0.14655552 -0.43142737  0.77131175 -0.35431143  0.19287844	-0.02806730  0.42548083  0.46249688 -0.03696367 -0.38322888  0.06179577 -0.18315527  0.34227918  0.29624784 -0.65108104  1.87717273 -0.00591856	-0.02541533  0.42662474  0.48657413 -0.03466337 -0.41027467  0.10209707 -0.18804204  0.36511714  0.35866662 -0.79918423  2.04064319  0.00005496	 0.28022998 -0.28819155  3.87317699	-0.03143829 -0.01598972  0.03098506	-0.02974705 -0.00937936  0.02216083	 0.00280770 -0.00966576 -0.99994934	0.35000000	0.00000000	0.00000000	0.30538136	-1.84298623	1.13509452	-0.86660594	2.19467163	2.03212404	-1.18335283	-1.80095518	2.52645755	-1.65673864	2.82924056	0.87844336	3.05931091	0.61175781	-2.37557673	4.08168840	-0.28166777	-3.83475876	-1.45732093	-1.52223146	5.56089115	4.98754454	0.98294312	-2.55696440	
0.00801100	  37.90449195   60.17552991 -387.66748418   25.43635317   45.75881195    4.35387077	  291.67035256  -314.01056828 -1215.52411129    83.02877810    87.75061537   -10.05456910	-12.30293568  64.73879623  -2.96823680 -56.47238275  67.25964922  47.95799661  -8.35134942 -14.07416165 -22.30438432 -49.37526064 -61.65819436 -14.50143012	-0.00522936  0.06020869 -0.18661183  0.75840388 -0.57383247  0.11842820 -0.04640487 -0.14260520 -0.42941740  0.76775741 -0.34347015  0.19151177	-0.02250651  0.51790021  0.38183881 -0.26868568 -0.16637639  0.13559055 -0.10624266  0.54437668  0.20417209 -0.25373316  0.78872330 -0.28840923	-0.02834115  0.49920155  0.44278125 -0.21522008 -0.25867741  0.12968014 -0.11687971  0.52378269  0.23534307 -0.39045634  1.17495465 -0.21875695	 0.24338059 -0.27949210  3.94090886	-0.14856362  0.09084487  0.02898568	-0.07955273  0.02962340  0.02858381	 0.00316133 -0.00886514 -0.99995571	0.35000000	0.00000000	0.00000000	0.34483954	-1.77598286	1.18313992	-0.78792936	2.44376183	2.04596591	-1.68397069	-2.10148025	2.81598496	-2.05232859	2.91686678	0.80283427	2.74309325	0.62990963	-2.33421183	4.41695929	-0.27287930	-3.92715311	-1.54129612	-1.74437761	5.42206573	5.44386864	0.60368419	-2.37343478	
0.00848900	  -3.28591624   36.46852277 -458.99279155   29.37034325   33.55398700    3.78936926	 194.67099661 -222.74349667 -882.14426062   59.73047979   53.45717778  -14.47897743	-10.34319676  40.92075312  39.38905320 -76.07749966  78.06371301  38.31509349 -22.71129209 -39.50336504  -9.63589468 -40.05886431 -43.19811711  -9.65619373	-0.00541552  0.06457113 -0.18252425  0.75460831 -0.57484615  0.11943676 -0.04695460 -0.13752794 -0.42778209  0.76677642 -0.34003027  0.18806378	-0.03262891  0.44468611  0.52350553 -0.57650856 -0.05564829  0.07374627 -0.05350989  0.56522349  0.17860866 -0.02884531  0.04876611 -0.42081133	-0.02351362  0.49735218  0.51046448 -0.49950904 -0.09531661  0.10251720 -0.06054944  0.58440489  0.19683743 -0.08023203  0.29733571 -0.41565981	 0.22645025 -0.26604119  3.97216166	-0.11283948  0.08467274  0.02802172	-0.11588227  0.07162907  0.02786404	 0.00398023 -0.00767226 -0.99996265	0.35000000	0.00000000	0.00000000	0.36342829	-1.67236733	1.13557291	-0.85122007	3.18713880	2.13124609	-2.30711341	-2.48387742	3.36938643	-2.15578628	2.99461818	0.74707460	2.55957556	0.65326703	-2.31009436	4.70461512	-0.34731528	-4.02586317	-1.44378269	-1.99733973	5.04493904	5.91849947	0.20275778	-2.10272503	
0.00802600	  -8.34634581   48.10953482 -461.03182674   29.69322676   32.75701754   10.25977695	 136.80419315 -182.63814241 -757.60799700   50.48150734   30.65622273  -18.18041843	 -4.96240797  50.54605365  28.41545011 -57.31396362  73.30603784  39.97030056 -31.70244180 -44.35279679  -8.57604180 -61.97018082 -15.69938394  -3.75644558	-0.00564384  0.06815069 -0.17759552  0.74895174 -0.57470768  0.11985022 -0.04741779 -0.13329108 -0.42602015  0.76722482 -0.34105330  0.18467811	-0.12298947  0.91218453  1.30162805 -1.62995092  0.09082975  0.01790951 -0.10330227  1.05127403  0.43702723  0.13370742 -0.56915951 -0.78248348	-0.03432902  0.44943056  0.63537774 -0.74247123  0.02871571  0.04534328 -0.05987910  0.53183239  0.22657379  0.05955540 -0.16915046 -0.41780830	 0.21808410 -0.25519212  3.98710082	-0.07542460  0.07155763  0.04135875	-0.09863303  0.07407086  0.03240687	 0.00458933 -0.00694652 -0.99996534	0.35000000	0.00000000	0.00000000	0.40533552	-1.63485134	1.10417759	-0.89986289	3.24615455	2.20794725	-2.47266316	-2.46916509	3.38846254	-2.18568206	2.91497922	0.81656075	2.57949734	0.70776916	-2.24273181	4.67418098	-0.35396627	-3.87392306	-1.45678043	-2.00988364	5.01268005	5.89470339	-0.00559838	-2.14003754	
0.00845100	 -11.65718980   48.57866610 -491.08255454   31.65470475   36.33563704   12.31578748	  99.11254576 -146.61536308 -625.55896169   41.13822178   18.52208857  -19.32823817	 -3.19310433  46.33297849  23.47577111 -46.87296748  74.85013336  38.41225374 -32.21451923 -34.23658895  -9.69509420 -61.30026309  -0.90502548  -7.31771294	-0.00601787  0.07154208 -0.17177462  0.74156536 -0.57376222  0.12004676 -0.04801658 -0.12931870 -0.42383070  0.76794831 -0.34420276  0.18167664	-0.06935849  0.39914414  0.74885091 -0.97353300  0.15610450  0.04361534 -0.07549487  0.48583216  0.27452705  0.10919269 -0.47730970 -0.34792679	-0.04838062  0.39680946  0.69546814 -0.89399978  0.12309056  0.02072794 -0.07369170  0.46464591  0.26363150  0.08362814 -0.39531006 -0.34843447	 0.20978484 -0.24531323  3.99612379	-0.04853684  0.06814473  0.05867693	-0.07293414  0.07097905  0.04491046	 0.00517689 -0.00643139 -0.99996592	0.35000000	0.00000000	0.00000000	0.43867716	-1.60645866	1.05135822	-0.92384708	3.40547419	2.25435305	-2.62258244	-2.57115388	3.47077703	-2.19660592	2.83807302	0.85153019	2.60692811	0.70049953	-2.24442530	4.65952015	-0.38631192	-3.83775377	-1.42752039	-2.03699231	4.86162710	5.96133471	-0.08147882	-2.03886938	
0.00800200	 -19.45567993   48.04453012 -520.24881510   33.52435511   39.57438486   12.80570844	  82.24297838 -122.79342604 -522.57970263   34.17728654   16.22643089  -21.67876999	 -2.02627306  43.55004108  26.37131649 -37.10740992  76.61843580  33.82652938 -33.36158992 -25.97759658 -10.24427030 -57.29362002   8.69672265 -11.80123030	-0.00649724  0.07439660 -0.16598300  0.73385459 -0.57235898  0.12011125 -0.04873911 -0.12594089 -0.42147048  0.76839071 -0.34788589  0.17910503	-0.06622121  0.33487720  0.79275889 -1.02708312  0.19974265 -0.00118641 -0.13511875  0.43248785  0.33272244  0.07555949 -0.50236371 -0.33412579	-0.06130157  0.35447886  0.73095725 -0.97642491  0.18224133  0.00819560 -0.09538863  0.42272710  0.30347612  0.05301581 -0.46686588 -0.32467404	 0.20390403 -0.23777340  3.99819915	-0.02656106  0.06287873  0.07475220	-0.04951462  0.06740489  0.05961701	 0.00569881 -0.00613865 -0.99996492	0.35000000	0.00000000	0.00000000	0.45403689	-1.58716404	1.01962030	-0.95438737	3.55037618	2.27853298	-2.69550538	-2.65373874	3.53906083	-2.17085958	2.77329779	0.85382903	2.69560122	0.66522962	-2.26323128	4.62219000	-0.41677967	-3.82295537	-1.42114222	-2.05974579	4.73261452	6.03937769	-0.12121886	-1.95399308	
0.00848800	 -23.17116181   47.49960936 -548.42645963   35.32503769   44.03662340   13.95293429	  69.15516709 -100.27911078 -434.06834594   28.38528343   15.91475294  -22.80570522	 -0.23053638  40.99849916  26.89903408 -28.47790945  79.15757525  30.02758068 -33.02531675 -19.93864256 -10.93727880 -54.89451337  12.25077919 -13.74293754	-0.00714230  0.07712201 -0.15965524  0.72525701 -0.57057563  0.12014469 -0.04958595 -0.12268819 -0.41874493  0.76858191 -0.35199013  0.17639324	-0.04977315  0.27436146  0.68288403 -0.94773202  0.22329164 -0.00758475 -0.08740214  0.34671533  0.29868187  0.01181659 -0.43967791 -0.32644372	-0.07452665  0.31388210  0.74380315 -1.01181280  0.21522761  0.00327086 -0.10072919  0.37724071  0.32260420  0.02135651 -0.48054923 -0.32203193	 0.19892449 -0.23062687  3.99414081	-0.00217924  0.05411111  0.08762814	-0.02520513  0.06116204  0.07460498	 0.00619155 -0.00602506 -0.99996268	0.35000000	0.00000000	0.00000000	0.46433327	-1.58283412	1.00189328	-0.96839190	3.64673543	2.28300953	-2.74925232	-2.71142101	3.58557057	-2.12899780	2.71356225	0.85376406	2.74953890	0.63234174	-2.27664828	4.61795521	-0.44821185	-3.82112956	-1.41754019	-2.08606052	4.61789417	6.09695101	-0.12936272	-1.88184273	
0.00846400	 -23.27287121   47.63499381 -557.93833658   35.95072350   47.47649408   16.22608628	  63.94161552  -88.06044066 -403.10170512   26.30144922   14.86437605  -23.81638983	  2.51675951  40.42007267  26.92771728 -21.86602788  80.72968340  26.92338255 -33.18458236 -12.92855540 -11.25050825 -55.10386643  13.94464289 -14.16868366	-0.00788527  0.07953071 -0.15327153  0.71660737 -0.56867954  0.12014687 -0.05052748 -0.11971393 -0.41585337  0.76861272 -0.35604140  0.17362053	-0.10525695  0.29392589  0.81272282 -1.09147179  0.24868703 -0.03024763 -0.11321645  0.34165777  0.34380768 -0.00660977 -0.50142504 -0.32831306	-0.08856056  0.28137921  0.76065092 -1.02712664  0.22690308 -0.00204260 -0.11269402  0.34854457  0.34487514  0.00137672 -0.47672859 -0.33213266	 0.19446940 -0.22452605  3.98762759	0.01723540 0.04490262 0.09554160	-0.00255448  0.05300315  0.08622299	 0.00660526 -0.00610202 -0.99995957	0.35000000	0.00000000	0.00000000	0.46900180	-1.57740927	0.99611372	-0.95647383	3.70582318	2.27675772	-2.78601384	-2.74763846	3.62061000	-2.08160472	2.65518069	0.84585440	2.77577353	0.60287297	-2.27877426	4.62222004	-0.48086089	-3.81519508	-1.41836870	-2.11295915	4.51771593	6.13611507	-0.13335943	-1.81296098	
0.00800500	 -18.83843184   47.44354692 -556.79700265   35.88694404   52.26477649   18.67894126	  63.06146944  -81.94704780 -401.06109875   26.18548161   15.08694892  -23.58572803	  5.12713902  39.88037229  25.82532458 -15.74518548  84.24215269  24.55482101 -32.13477849  -8.09231582 -12.22863419 -55.22052777  15.67860273 -13.40070608	-0.00862082  0.08162155 -0.14732652  0.70860937 -0.56691360  0.12016287 -0.05139652 -0.11707597 -0.41301059  0.76844205 -0.35965529  0.17083701	-0.07492321  0.29112380  0.77843729 -1.07060573  0.22280238  0.01249603 -0.08996359  0.33383448  0.38453855 -0.01179790 -0.46356575 -0.37174793	-0.09076713  0.26143311  0.74551306 -1.00095824  0.22150375  0.00180744 -0.10750313  0.32786433  0.35673263 -0.02241784 -0.44857766 -0.35143001	 0.18954942 -0.21918415  3.98143106	0.03002123 0.03892389 0.09697262	0.01478564 0.04559329 0.09274964	 0.00693280 -0.00630194 -0.99995611	0.35000000	0.00000000	0.00000000	0.46406350	-1.58167028	0.99462932	-0.94896156	3.73669505	2.26598477	-2.78823805	-2.77102995	3.63141108	-2.04384899	2.61384726	0.84045911	2.80757833	0.57234025	-2.28008342	4.60336971	-0.50715160	-3.80547976	-1.42128468	-2.13530016	4.44247866	6.15283680	-0.12728812	-1.77007997	
0.00803200	 -14.17169777   46.51823488 -554.09020086   35.70274040   56.05746653   20.67588704	  61.04484971  -78.58925943 -411.59672264   26.83914053   14.05481881  -23.84048735	  6.89828670  38.73874772  25.82855776 -13.21876983  87.12650782  22.30500183 -32.39421623  -3.96230021 -11.00199432 -57.45214853  15.49117975 -12.42702948	-0.00936135  0.08355455 -0.14145849  0.70080217 -0.56517242  0.12016139 -0.05227437 -0.11453613 -0.41007290  0.76804969 -0.36302569  0.16789084	-0.07447330  0.22295357  0.74558869 -0.98270237  0.23944053  0.01024652 -0.12420539  0.33158214  0.38298439 -0.06415013 -0.42623541 -0.38670991	-0.08962938  0.23982894  0.72997372 -0.96994889  0.21677965 -0.00030035 -0.10855656  0.31606762  0.36801726 -0.05176914 -0.41474776 -0.36790498	 0.18457606 -0.21430998  3.97600693	0.03806126 0.03316160 0.09628479	0.02751208 0.03923641 0.09516130	 0.00721477 -0.00658398 -0.99995230	0.35000000	0.00000000	0.00000000	0.46395677	-1.59381819	0.99559623	-0.92631084	3.74765778	2.25174022	-2.78528404	-2.78277612	3.63862085	-2.01133156	2.59082294	0.83152890	2.82182622	0.54936957	-2.28554606	4.59394693	-0.52536267	-3.81044745	-1.42770171	-2.15716696	4.40097237	6.17268276	-0.11437536	-1.74616933	
0.00800500	 -10.29966437   46.63047469 -553.11471540   35.63577709   58.58930717   22.15186610	  58.57072117  -75.55528471 -418.21532639   27.25566740   13.11010268  -23.09276424	  8.32952741  38.45026565  25.00423808 -12.08314984  88.84848422  20.19110903 -31.30346771  -0.59992783 -10.46909972 -57.66639370  14.79032139 -11.76242334	-0.01010307  0.08540612 -0.13569555  0.69322635 -0.56349069  0.12016032 -0.05310124 -0.11205842 -0.40703178  0.76740964 -0.36613589  0.16473163	-0.08417187  0.22455298  0.66580129 -0.86550082  0.21165878 -0.02763721 -0.11817084  0.29147150  0.36368404 -0.10275997 -0.33650788 -0.36049104	-0.09134438  0.22903455  0.71526043 -0.93749025  0.20949458 -0.00235647 -0.10410318  0.30645168  0.38104821 -0.08382888 -0.38063533 -0.39448967	 0.17962152 -0.20985863  3.97117643	0.04216680 0.02788217 0.09216392	0.03582614 0.03341315 0.09444903	 0.00745216 -0.00691401 -0.99994833	0.35000000	0.00000000	0.00000000	0.45872521	-1.59820855	0.99609119	-0.90399617	3.75143003	2.22878885	-2.76653647	-2.78998947	3.64101219	-1.98125076	2.56703186	0.81878519	2.83272982	0.52314091	-2.29097772	4.57823658	-0.54126251	-3.81181717	-1.43561852	-2.17291164	4.36187649	6.18126583	-0.10291855	-1.72401547	
0.00846800	  -5.42114751   45.39066803 -549.88992951   35.40579987   61.16964910   23.83933400	  55.23763216  -72.30970756 -430.19145003   28.02778722   11.88574521  -22.68509243	  9.84796935  36.89676237  23.75348359 -11.22298994  90.78874612  18.45979322 -30.90589540   2.46384817  -9.48368345 -58.05113496  14.15902488 -10.31573952	-0.01082446  0.08733884 -0.12967113  0.68537510 -0.56178779  0.12017518 -0.05390808 -0.10941778 -0.40372725  0.76648711 -0.36919460  0.16115908	-0.10956706  0.26899034  0.76102668 -0.96135865  0.20159981  0.00189853 -0.10004861  0.31197573  0.40078106 -0.10674552 -0.34459841 -0.43600443	-0.08615923  0.22956802  0.71234292 -0.92311516  0.20004943  0.00277389 -0.09495557  0.31018344  0.39160425 -0.11250164 -0.35524156 -0.42547902	 0.17428635 -0.20548761  3.96687650	0.04294255 0.02298154 0.08480802	0.04032981 0.02790452 0.09013273	 0.00766154 -0.00728330 -0.99994413	0.35000000	0.00000000	0.00000000	0.45253038	-1.60483599	0.99709326	-0.87514544	3.74737668	2.20362306	-2.75793099	-2.79647446	3.64609408	-1.96722245	2.55063891	0.80788505	2.83226395	0.50230616	-2.29325795	4.57292223	-0.55197632	-3.81524682	-1.43971384	-2.18976521	4.34341240	6.19419050	-0.09430274	-1.71055233	
0.00801000	   0.82930677   44.94399151 -541.11816486   34.86543568   64.32671962   23.33935513	  51.42682348  -70.16225157 -447.91093015   29.18793386   10.77864617  -22.22057954	 11.00742045  34.72496223  21.75526112  -8.82050166  93.33672470  16.41232876 -30.81324083   4.05924724  -8.16506746 -58.49516292  14.16112550  -8.07686845	-0.01139900  0.08911548 -0.12410586  0.67817767 -0.56022388  0.12016793 -0.05459985 -0.10690686 -0.40052908  0.76542140 -0.37185237  0.15766330	-0.06041473  0.21070025  0.73615594 -0.91881560  0.20976698 -0.01352771 -0.09467113  0.34594937  0.39986578 -0.12581371 -0.31722071 -0.43122643	-0.06809835  0.22140555  0.69453005 -0.89580776  0.19393299 -0.00017554 -0.08569449  0.31440473  0.39864803 -0.13458956 -0.32821057 -0.43558017	 0.16904165 -0.20153428  3.96355834	0.04177359 0.01890912 0.07977582	0.04158665 0.02327701 0.08479434	 0.00782298 -0.00762798 -0.99994031	0.35000000	0.00000000	0.00000000	0.44778410	-1.62335742	0.99557871	-0.85136455	3.72739172	2.17830253	-2.74161696	-2.79594040	3.64106631	-1.96073592	2.54489255	0.80561864	2.84161067	0.48628142	-2.29826951	4.56040668	-0.55755568	-3.81806922	-1.44528973	-2.20564532	4.34398890	6.20501709	-0.08026291	-1.72118258	
0.00853000	   1.31414024   43.99177315 -545.52906237   35.12078743   65.12753879   23.49596381	  46.85663655  -67.53792278 -453.90430385   29.53083907    8.85770348  -21.77643931	 10.93607060  33.17488492  21.12890217  -8.99471635  94.58790493  14.21899036 -30.47688083   6.14895451  -6.71489242 -58.78328069  12.84140065  -7.48311529	-0.01186512  0.09100779 -0.11830743  0.67074030 -0.55855957  0.12017211 -0.05528294 -0.10426371 -0.39707755  0.76407987 -0.37442736  0.15388076	-0.03428864  0.21106656  0.62654407 -0.79702653  0.19659780  0.00372835 -0.06688219  0.27210620  0.36809730 -0.14939601 -0.27747046 -0.42682320	-0.05133009  0.22056093  0.67507609 -0.86466991  0.19588507  0.00149609 -0.07677800  0.30863060  0.40244520 -0.16033149 -0.29609323 -0.44221163	 0.16421188 -0.19765675  3.96080866	0.03949448 0.01282225 0.07497493	0.04083298 0.01810926 0.07964308	 0.00795233 -0.00797843 -0.99993655	0.35000000	0.00000000	0.00000000	0.44630110	-1.63444901	0.99407715	-0.83104569	3.71734834	2.15219283	-2.72309828	-2.80017042	3.63847637	-1.95181978	2.53962922	0.79474127	2.84953737	0.47204643	-2.30698895	4.54774332	-0.55823028	-3.83035707	-1.45313501	-2.22021818	4.33934736	6.22182560	-0.06605343	-1.72336161	
0.00847800	   2.81473827   42.06612566 -542.79989452   34.89579942   65.09284183   22.96520534	  42.95864468  -65.44953750 -459.43231253   29.83218156    6.98339767  -21.26710806	 10.78062952  30.56258845  19.51518899  -9.06257286  93.98452181  11.93426383 -30.15866469   8.33337468  -6.22428782 -58.94745924  11.18620236  -7.05425181	-0.01213730  0.09289549 -0.11261554  0.66352697 -0.55691934  0.12017417 -0.05592889 -0.10156941 -0.39355439  0.76258900 -0.37677849  0.15001403	-0.01631888  0.23888106  0.71652032 -0.86176931  0.18179494  0.02019993 -0.07467411  0.34901648  0.41928064 -0.19270790 -0.28100476 -0.47699054	-0.02756464  0.22221249  0.66872555 -0.84459233  0.19176435  0.00187899 -0.07415670  0.31761949  0.41388859 -0.17706338 -0.27195183 -0.45796372	 0.15987401 -0.19401586  3.95836057	0.03682627 0.00670689 0.07105657	0.03894130 0.01226563 0.07500457	 0.00802849 -0.00830741 -0.99993326	0.35000000	0.00000000	0.00000000	0.44478616	-1.63845348	0.99166995	-0.80716360	3.70446873	2.11406112	-2.71198344	-2.80286312	3.63803291	-1.94769216	2.52725601	0.78023374	2.85055614	0.45824197	-2.31568503	4.54732037	-0.55843705	-3.84880137	-1.46446908	-2.23617554	4.34109497	6.24209499	-0.05478440	-1.72377586	
0.00850500	   4.67883834   39.07167753 -537.24022339   34.45571267   66.09572738   20.78479251	  40.70973869  -63.36303744 -471.46229832   30.62257489    6.07803580  -19.92282759	  9.89482509  27.92437088  17.74064767  -7.30335247  94.81998503   9.38821211 -29.27892394   9.16349742  -6.20424406 -59.46035141  10.51791432  -5.27272516	-0.01226934  0.09476858 -0.10707412  0.65655357 -0.55524620  0.12017597 -0.05654161 -0.09889082 -0.38996391  0.76093364 -0.37895521  0.14608270	-0.00400615  0.19552024  0.62630473 -0.79309688  0.19184762  0.03501160 -0.08195992  0.32403429  0.42760495 -0.19692542 -0.24973846 -0.47325607	-0.01288311  0.21909881  0.64594803 -0.81239648  0.19624365  0.00331937 -0.07394265  0.31588621  0.42113284 -0.19550968 -0.25285505 -0.46259124	 0.15549643 -0.19059694  3.95641782	0.03429695 0.00146364 0.07223818	0.03659316 0.00657711 0.07261514	 0.00805643 -0.00861412 -0.99993044	0.35000000	0.00000000	0.00000000	0.44189548	-1.65408933	0.99067503	-0.78617793	3.68217397	2.07560992	-2.70212436	-2.80391645	3.63529062	-1.94476891	2.52196121	0.77355802	2.85465980	0.44576195	-2.32196856	4.54200745	-0.56262732	-3.85964441	-1.47370636	-2.25569701	4.33975458	6.25866747	-0.04515358	-1.73396564	
0.00851300	   6.46177691   36.05794961 -530.50964583   33.91818844   66.28608725   19.17502398	  37.99161933  -61.04762032 -476.89319094   30.93906343    4.80742841  -18.48060555	 10.13465639  25.47091985  16.93886620  -7.26702446  93.89030170   6.44579808 -28.04311377  11.79886118  -5.99413737 -59.60962538   9.08265886  -4.92742769	-0.01231418  0.09665792 -0.10167694  0.64983462 -0.55356645  0.12015863 -0.05716459 -0.09619692 -0.38635361  0.75919631 -0.38093956  0.14214896	 0.01283065  0.20266105  0.58335975 -0.71937692  0.16891620 -0.01111045 -0.06610794  0.26933829  0.39662442 -0.18343876 -0.18818224 -0.41836074	-0.00309168  0.22107151  0.62512562 -0.77849945  0.19402767 -0.00221651 -0.07460139  0.31216067  0.42105341 -0.20245064 -0.22816143 -0.45983998	 0.15135827 -0.18778403  3.95442070	 0.03054314 -0.00349871  0.07654677	0.03367283 0.00129836 0.07395297	 0.00804096 -0.00889463 -0.99992811	0.35000000	0.00000000	0.00000000	0.44127172	-1.65920615	0.98983556	-0.76044458	3.67308807	2.03312325	-2.69455528	-2.81353045	3.64224744	-1.93719411	2.51083398	0.75807667	2.85578656	0.43335754	-2.32951689	4.53925896	-0.56920123	-3.87616229	-1.48476422	-2.27788711	4.32371616	6.28154564	-0.04023195	-1.72460175	
0.00846100	  22.62794521   33.10846730 -496.11685435   31.58420765   72.53383850    8.10015882	  35.38105135  -61.33689666 -490.87354103   31.78983488    3.62131398  -15.17910345	 10.29894612  21.72653341  16.15161737  -6.53629017  93.73742312   3.95417964 -26.82374796  13.70607018  -6.40653430 -60.08763543   7.17387727  -4.60505857	-0.01234390  0.09854982 -0.09640250  0.64329530 -0.55189396  0.12016599 -0.05789481 -0.09346981 -0.38271762  0.75739919 -0.38284597  0.13810230	-0.00328605  0.23774280  0.66254314 -0.81474280  0.21161967  0.00181049 -0.09650046  0.31826281  0.45443502 -0.18931567 -0.23639579 -0.50161119	-0.00367960  0.22519712  0.62013514 -0.77172048  0.19559427  0.00020690 -0.09195831  0.32052931  0.42886280 -0.20839673 -0.22324206 -0.48145603	 0.14625009 -0.18690325  3.95126665	 0.02490691 -0.00544263  0.10452329	 0.02959234 -0.00272389  0.08518654	 0.00799309 -0.00913731 -0.99992631	0.35000000	0.00000000	0.00000000	0.43550783	-1.67266166	0.98872286	-0.72609240	3.65173388	1.98557067	-2.69744539	-2.82535362	3.66147733	-1.94451714	2.51373625	0.74496102	2.84861255	0.41644496	-2.34641528	4.54703474	-0.58151162	-3.89550877	-1.49805307	-2.30372643	4.32011700	6.31393909	-0.05090840	-1.71735632	
0.00851200	  20.43436380   28.96600127 -494.65972412   31.34462336   73.74008603    6.00250869	  36.13639979  -56.19243184 -494.67901505   32.11678554    4.03840095  -12.14063819	 12.74087705  17.93880397  17.28164200  -2.53671692  95.30271006   0.15703712 -23.03912971  15.60463738  -8.33081788 -59.23263140   7.06922852  -2.49277485	-0.01233730  0.10045613 -0.09128608  0.63687464 -0.55033226  0.12017162 -0.05889223 -0.09069707 -0.37914049  0.75562431 -0.38469017  0.13397444	-0.01564836  0.22713780  0.55663435 -0.72154776  0.15835505  0.01564978 -0.10069759  0.29692410  0.38486299 -0.19029421 -0.19493419 -0.46554487	-0.00011916  0.22552015  0.59711040 -0.75032958  0.18114550  0.00149673 -0.11871979  0.32382211  0.41692928 -0.20600373 -0.21368547 -0.48505629	 0.14091044 -0.18581687  3.94788467	 0.02020883 -0.00766044  0.13191588	 0.02465421 -0.00532092  0.10878264	 0.00792804 -0.00933514 -0.99992500	0.35000000	0.00000000	0.00000000	0.42157444	-1.68899429	0.99356669	-0.68994141	3.64637089	1.93188298	-2.70067453	-2.84854031	3.69509673	-1.93733239	2.51283455	0.73402739	2.85343432	0.39037535	-2.35785437	4.54307985	-0.61490452	-3.89737248	-1.50656772	-2.34259963	4.27286243	6.34283161	-0.06972524	-1.68661869	
0.00852700	  16.56999012   25.71729313 -502.00320425   31.68597385   75.09637243    5.27429608	  34.96446598  -51.66596235 -495.12613891   32.11607173    2.59249108   -9.05090844	 14.83120940  13.51576543  19.16005656   0.74609696  98.30184156  -3.60156899 -18.97587914  17.86713028  -8.87912788 -60.66214839   5.19722342  -1.53472532	-0.01223979  0.10234198 -0.08632670  0.63065621 -0.54881784  0.12015962 -0.06005989 -0.08796037 -0.37559168  0.75395524 -0.38652085  0.12989268	 0.03043407  0.19747714  0.53405469 -0.65843499  0.15743851 -0.00075652 -0.12323394  0.27850674  0.39566688 -0.17191978 -0.21362625 -0.46947707	 0.01583050  0.21861298  0.57420265 -0.71909862  0.17438094 -0.00155381 -0.13642347  0.31781728  0.41284009 -0.19396640 -0.21165052 -0.47718734	 0.13647952 -0.18329651  3.94484266	 0.01858021 -0.01315937  0.14739732	 0.02104117 -0.00891743  0.13024155	 0.00782855 -0.00950755 -0.99992416	0.35000000	0.00000000	0.00000000	0.41495854	-1.71030343	0.99904257	-0.65058321	3.65301728	1.88499022	-2.71274424	-2.88037157	3.73554301	-1.92943323	2.52090216	0.72231209	2.84870219	0.36435139	-2.37892175	4.54821396	-0.64946812	-3.91172314	-1.51791799	-2.39007950	4.22043276	6.38742542	-0.08231855	-1.64481354	
0.00848400	  13.15870777   17.31156979 -503.45377917   31.48695836   75.44486821    3.75698836	  35.77807502  -48.31090590 -495.12875863   32.09914611    2.01171625   -6.28219988	 15.07552890  10.21031964  19.87582763   3.54926785  99.50638479  -7.36063472 -15.45596961  20.42048371 -11.15896420 -62.02596208   4.48376013  -1.23191049	-0.01189614  0.10423906 -0.08154887  0.62470197 -0.54729470  0.11996070 -0.06132183 -0.08525426 -0.37209560  0.75237144 -0.38833347  0.12582427	 0.05625276  0.20323589  0.52880063 -0.67124467  0.18662037 -0.03961217 -0.14236460  0.32726763  0.40406983 -0.17975274 -0.19919885 -0.49571448	 0.04606601  0.22123231  0.55386328 -0.69164883  0.17857653 -0.03082294 -0.14543460  0.31607174  0.40898887 -0.18359411 -0.21175443 -0.47895333	 0.13231710 -0.17980897  3.94186685	 0.01909028 -0.01872764  0.15405589	 0.01961792 -0.01386856  0.14417723	 0.00767919 -0.00967707 -0.99992369	0.35000000	0.00000000	0.00000000	0.40469104	-1.71475995	1.00527072	-0.61822826	3.67012501	1.83078897	-2.72713542	-2.91500759	3.77425051	-1.91622734	2.50939369	0.70363700	2.84335589	0.33111322	-2.39493132	4.54479742	-0.68703490	-3.91957116	-1.53151822	-2.43366599	4.15370750	6.42479038	-0.10516924	-1.59256291	
0.00800500	   9.95820668   10.36027713 -494.84418298   30.68176336   74.30486826    2.43469231	  35.95450362  -45.28436177 -502.90960985   32.59201454    1.35470018   -3.91825538	 13.92773747   5.78974037  19.87775578   6.79829048  98.63205189  -9.31815378 -12.60120299  22.92313403 -12.57032933 -63.74458732   3.74748695  -0.02857664	-0.01128093  0.10605783 -0.07725921  0.61944798 -0.54586069  0.11933106 -0.06254057 -0.08275727 -0.36885117  0.75093737 -0.39000830  0.12201566	 0.11922227  0.22068388  0.47529675 -0.56928997  0.15235824 -0.09528489 -0.13502664  0.29345179  0.37009533 -0.18557436 -0.21240072 -0.44601768	 0.08274906  0.22537662  0.52648784 -0.64537404  0.17753183 -0.08512694 -0.15067226  0.31062134  0.40308770 -0.17812599 -0.20762018 -0.47315267	 0.12859377 -0.17579723  3.93889827	 0.02037343 -0.02386045  0.15557729	 0.01975053 -0.01885649  0.15110211	 0.00749542 -0.00984421 -0.99992345	0.35000000	0.00000000	0.00000000	0.39331397	-1.72503316	1.01081884	-0.58484870	3.68090081	1.77034020	-2.74603724	-2.93660355	3.80793381	-1.90274823	2.49212480	0.68378687	2.82304549	0.30311233	-2.40496850	4.54358482	-0.72615266	-3.93823147	-1.54452646	-2.47664261	4.09207678	6.45592642	-0.12089756	-1.54702783	
0.00846600	   8.52419702    5.72003665 -487.62634669   29.97348254   73.33452118    1.53813910	  35.05881378  -42.27452872 -505.63448115   32.71729686    0.14595267   -1.66720712	 12.04778394   1.92154915  19.52945809   8.18485615  96.97662038  -9.75114630 -10.11191266  26.07151997 -13.76387810 -64.94847722   2.44612431   0.12509190	-0.01039259  0.10803252 -0.07296934  0.61426657 -0.54427859  0.11820935 -0.06382384 -0.08016660 -0.36547923  0.74953069 -0.39176977  0.11790802	 0.13256216  0.23129826  0.50893311 -0.59265550  0.21015576 -0.16142365 -0.16955546  0.30794520  0.39918944 -0.14014873 -0.18658269 -0.52745644	 0.11076371  0.23226298  0.50228083 -0.60284173  0.18769161 -0.13926799 -0.15316174  0.30553281  0.39737699 -0.16453133 -0.20604771 -0.48847128	 0.12477558 -0.17114513  3.93543386	 0.02177980 -0.02842338  0.15342438	 0.02071421 -0.02391359  0.15326729	 0.00725844 -0.01003350 -0.99992332	0.35000000	0.00000000	0.00000000	0.38120610	-1.72851288	1.01321507	-0.55324244	3.69534993	1.71340847	-2.77057695	-2.95844674	3.84015775	-1.89768231	2.47258782	0.65876281	2.78459787	0.27579740	-2.41367102	4.54158115	-0.75969565	-3.96099401	-1.55435395	-2.51278806	4.02681494	6.48538685	-0.13734028	-1.49299455	
0.00803300	   7.93516793    1.78610472 -477.34482467   29.10345852   71.88951282    0.81768296	  34.35366625  -38.16476800 -513.04701973   33.18588232   -0.79068491    0.26385402	 10.44791788  -2.05833350  18.64067470   9.53606545  94.22081637  -9.89851430  -7.93240603  28.99986345 -15.23103027 -65.97814167   1.67914243   1.70082244	-0.00939342  0.10992698 -0.06922717  0.60986654 -0.54282105  0.11682375 -0.06498628 -0.07775201 -0.36237210  0.74828846 -0.39343709  0.11398744	 0.12316953  0.22155358  0.45116178 -0.51571071  0.15739313 -0.19558828 -0.15676122  0.30816369  0.38496305 -0.18024283 -0.22443047 -0.53104750	 0.12535837  0.23373052  0.46155458 -0.53923025  0.17903223 -0.17678415 -0.14388052  0.29895366  0.38504823 -0.15346858 -0.20608294 -0.49042029	 0.12103647 -0.16645336  3.93199550	 0.02245757 -0.03092351  0.14828867	 0.02166519 -0.02772831  0.15148666	 0.00700750 -0.01021960 -0.99992322	0.35000000	0.00000000	0.00000000	0.37087876	-1.73559916	1.01548243	-0.52020222	3.69605422	1.65095401	-2.79038095	-2.96867633	3.85930324	-1.89044070	2.44862103	0.63571131	2.73638129	0.25662634	-2.41218281	4.53544378	-0.79194528	-3.98221874	-1.55915678	-2.54616261	3.95880866	6.49879408	-0.14509161	-1.44649303	
0.00850800	   8.09742235   -2.07515443 -469.11583321   28.34879989   70.71276537    0.21138537	  32.25267750  -35.82108949 -520.45200948   33.60868586   -2.27098401    1.25871335	  9.91594746  -5.44580950  17.96889055   9.43479316  92.43508047 -10.62932368  -7.03172775  31.51129818 -15.23976181 -67.71004364   0.72952309   2.28971932	-0.00820085  0.11194978 -0.06557391  0.60568598 -0.54129740  0.11514807 -0.06618949 -0.07520674 -0.35920504  0.74711513 -0.39520082  0.10978341	 0.11754515  0.23989336  0.38257884 -0.43071921  0.16545125 -0.20736102 -0.13553342  0.26980090  0.33565315 -0.11001868 -0.18538384 -0.46154143	 0.13909069  0.23716701  0.42112161 -0.47874630  0.17674927 -0.20184092 -0.14041383  0.29668750  0.36635325 -0.13466963 -0.20740077 -0.49411135	 0.11725692 -0.16135791  3.92835185	 0.02277572 -0.03298567  0.14193290	 0.02232061 -0.03062058  0.14692041	 0.00672248 -0.01042062 -0.99992311	0.35000000	0.00000000	0.00000000	0.36623958	-1.74338365	1.01527345	-0.48930874	3.69775748	1.59708107	-2.80810285	-2.98344684	3.87746954	-1.89494431	2.43712354	0.61320364	2.69235277	0.24058957	-2.41531301	4.52429819	-0.81343895	-4.00445795	-1.56554461	-2.57701755	3.90520883	6.52153015	-0.15466647	-1.40790629	
0.00849000	   8.46472144   -6.87280827 -454.75227310   27.20950257   68.62398262   -0.54775989	  29.42107587  -34.99589814 -534.47096616   34.45514032   -3.98459268    2.82333610	  8.82944772  -9.00986612  16.65310408   9.90253451  89.24930173 -11.69490786  -5.43274370  32.68368030 -15.09287553 -69.87609892  -0.18611009   3.42316544	-0.00691094  0.11396476 -0.06224102  0.60206472 -0.53984618  0.11328802 -0.06732292 -0.07271373 -0.35614354  0.74605748 -0.39695924  0.10550113	 0.13917398  0.20158877  0.35499906 -0.35619081  0.14960152 -0.23067975 -0.11859136  0.26574446  0.33635617 -0.09066827 -0.21848369 -0.46992851	 0.15076913  0.23505501  0.38478395 -0.41370431  0.16787302 -0.22231919 -0.13371439  0.29128492  0.35488234 -0.11922658 -0.20883349 -0.50183242	 0.11368386 -0.15582497  3.92471308	 0.02322426 -0.03459879  0.13458940	 0.02279121 -0.03279517  0.14083123	 0.00642232 -0.01062389 -0.99992294	0.35000000	0.00000000	0.00000000	0.36451337	-1.75292301	1.01406074	-0.45890319	3.68594050	1.53465772	-2.82106948	-2.98519826	3.88589692	-1.89737046	2.42389679	0.59143615	2.64769030	0.22841404	-2.41673493	4.51342154	-0.83194327	-4.02821827	-1.57407427	-2.60468221	3.85979366	6.53772020	-0.16006818	-1.38250828	
0.00849200	   9.08149559  -12.64970867 -442.17374606   26.16058088   66.78569621   -1.44963209	  26.39376254  -33.26910432 -546.83089975   35.20168637   -5.66447439    4.15943011	  7.66747340 -12.24859393  14.77986751  10.16839661  86.85825741 -13.41033825  -4.23500390  34.54297519 -15.05367764 -71.39177476  -1.08097322   4.61760711	-0.00557621  0.11599829 -0.05928859  0.59902078 -0.53845754  0.11122785 -0.06839150 -0.07022835 -0.35319597  0.74510839 -0.39870804  0.10114575	 0.13339825  0.22730141  0.28299213 -0.28854623  0.13561787 -0.23108600 -0.14114896  0.29060553  0.32293559 -0.10161081 -0.19118839 -0.47777460	 0.15449244  0.23678704  0.33915602 -0.34502304  0.16192997 -0.24697050 -0.12691074  0.29117583  0.34405041 -0.10772377 -0.20709095 -0.51155670	 0.11012811 -0.15010187  3.92110427	 0.02335233 -0.03516590  0.12732376	 0.02314307 -0.03422300  0.13390776	 0.00611311 -0.01082913 -0.99992268	0.35000000	0.00000000	0.00000000	0.36251059	-1.76362348	1.01180410	-0.42627269	3.67387724	1.47032118	-2.83260679	-2.99407911	3.89381337	-1.91047764	2.41518736	0.56931067	2.60383606	0.21443288	-2.41843581	4.49801826	-0.84717280	-4.05425453	-1.58080113	-2.63324928	3.81543827	6.55919886	-0.16489694	-1.36075068	
0.00800700	   9.79710635  -17.98505406 -425.78623610   24.92895328   64.37726138   -2.25102547	  22.55135911  -32.43653015 -563.50365612   36.21900173   -7.60243641    5.44278856	  6.91983332 -16.09172809  13.13244501  10.71881291  83.34341955 -14.64040151  -3.06670913  35.52998233 -14.24254542 -73.32890853  -2.09173869   6.14155792	-0.00429797  0.11792600 -0.05684309  0.59672284 -0.53722591  0.10908491 -0.06933720 -0.06793551 -0.35056024  0.74434471 -0.40034923  0.09700603	 0.12751602  0.22461516  0.24524835 -0.25042162  0.14253253 -0.24423515 -0.09121611  0.25474854  0.30041250 -0.09579114 -0.19693558 -0.50717287	 0.15562524  0.23882607  0.29661571 -0.27656973  0.15141233 -0.26872978 -0.11563473  0.28380669  0.32719470 -0.09454404 -0.20475841 -0.51679316	 0.10699491 -0.14428746  3.91768949	 0.02363990 -0.03566931  0.12057592	 0.02337653 -0.03498815  0.12722463	 0.00581903 -0.01102293 -0.99992231	0.35000000	0.00000000	0.00000000	0.36348888	-1.77883172	1.00728381	-0.39195096	3.65479040	1.40064824	-2.84627271	-2.99439740	3.89552617	-1.92972696	2.40971398	0.54662466	2.55154538	0.20755026	-2.41720438	4.48469782	-0.85869473	-4.08565903	-1.58538723	-2.65989947	3.77439857	6.57826614	-0.16722855	-1.34472740	
0.00851600	  10.51599139  -24.08936801 -408.57089915   23.63817956   61.83893585   -3.16830474	  17.94250921  -32.12179383 -579.39401907   37.14107635  -10.19657988    6.37576370	  6.11881731 -19.95061785  11.17489006  11.48632955  80.03913295 -16.15808795  -2.45566506  37.21466756 -13.46253990 -75.68427041  -3.54803339   6.87402399	-0.00296585  0.11998657 -0.05464527  0.59494228 -0.53597777  0.10658704 -0.07030559 -0.06553564 -0.34788791  0.74367991 -0.40211577  0.09259722	 0.11513598  0.23020942  0.21844965 -0.14223527  0.13455794 -0.29283925 -0.10546672  0.25059831  0.28672611 -0.05298224 -0.18442578 -0.45817351	 0.15183635  0.24149517  0.24812219 -0.19475706  0.14451378 -0.29616974 -0.11256922  0.27927534  0.31102239 -0.07396933 -0.20544612 -0.51511747	 0.10392486 -0.13780672  3.91393820	 0.02393175 -0.03605837  0.11489683	 0.02367871 -0.03557060  0.12061930	 0.00550313 -0.01123103 -0.99992179	0.35000000	0.00000000	0.00000000	0.36816460	-1.79670918	0.99998909	-0.35294443	3.63822222	1.32609725	-2.86377621	-3.00304294	3.89989781	-1.96388888	2.41055226	0.52060527	2.49380541	0.19987157	-2.41975188	4.46998882	-0.86705971	-4.12710190	-1.59278536	-2.69120455	3.72801256	6.60987043	-0.17004734	-1.32404399	
0.00848500	  12.12665353  -30.11034703 -386.97231632   22.10570075   58.60473194   -4.02988098	  13.43593237  -34.28187868 -600.47996897   38.39929421  -12.51140701    8.01397239	  5.21975543 -24.22965389   9.22602550  12.74045403  75.39983332 -17.45786448  -0.86280531  37.59296775 -12.46618470 -78.97188947  -4.23805455   7.43989729	-0.00168056  0.12202191 -0.05288972  0.59392437 -0.53484001  0.10387923 -0.07122381 -0.06317528 -0.34534129  0.74312932 -0.40388261  0.08806211	 0.13576462  0.22888832  0.18506776 -0.05270430  0.11157687 -0.32078798 -0.12663060  0.27353644  0.28758997 -0.05024637 -0.17635413 -0.49268271	 0.14859735  0.23978161  0.19908396 -0.10386149  0.13134416 -0.32188239 -0.10904363  0.27846757  0.29858753 -0.06092477 -0.20433200 -0.53357948	 0.10112292 -0.13054057  3.91012918	 0.02505649 -0.03639164  0.10900246	 0.02425927 -0.03605434  0.11460590	 0.00518393 -0.01144413 -0.99992108	0.35000000	0.00000000	0.00000000	0.37314969	-1.81866837	0.98821956	-0.31323200	3.61082006	1.23891461	-2.87056589	-2.99945688	3.89082956	-2.00623751	2.41497755	0.49052447	2.43674612	0.19150524	-2.42416978	4.43920946	-0.87112600	-4.17483425	-1.60377467	-2.71778512	3.68480563	6.63497305	-0.17437944	-1.31270027	
0.00847000	  20.34078598  -36.85470596 -368.12565126   20.67723215   55.46771474   -4.64790817	   7.86335563  -35.39464468 -624.69655814   39.86832163  -15.25249209    9.77528286	  3.92127938 -28.19814140   6.67169323  14.85843010  70.50574046 -19.60945977   0.70626698  37.72424650 -11.25468003 -82.67385653  -5.10536610   9.17075486	-0.00048410  0.12403679 -0.05152112  0.59350015 -0.53377728  0.10098036 -0.07208909 -0.06088485 -0.34292169  0.74268685 -0.40565541  0.08338752	 0.15372306  0.24424003  0.13830337 -0.00245810  0.11767832 -0.38679774 -0.11367452  0.26576804  0.30210737 -0.04636958 -0.21515843 -0.57718039	 0.14033595  0.23828330  0.15868004 -0.04127763  0.12519776 -0.34883177 -0.10378336  0.26979795  0.28629147 -0.04909966 -0.20908858 -0.55284386	 0.09829332 -0.12259847  3.90734058	 0.02717274 -0.03352320  0.10352202	 0.02556357 -0.03530378  0.10879958	 0.00487470 -0.01167047 -0.99992002	0.35000000	0.00000000	0.00000000	0.38311654	-1.84604919	0.97204727	-0.25567037	3.56377864	1.13476396	-2.88805175	-2.99399471	3.87364531	-2.06984138	2.42618179	0.46028525	2.35686970	0.18646541	-2.42155576	4.41044807	-0.87084216	-4.22443867	-1.60745597	-2.74349499	3.63176727	6.66452169	-0.17896628	-1.30716884	
0.00854100	  22.49609107  -46.41277094 -342.12459155   18.85836028   51.54198869   -6.03802700	   2.18095167  -37.22066079 -653.40203795   41.61659839  -17.82187234   11.48196543	  2.73805741 -33.17650628   4.17385097  20.07342455  65.77326608 -22.34760699   2.11345180  39.09720087  -9.14124076 -86.70998576  -5.49388260  10.30138464	 0.00055456  0.12603545 -0.05039557  0.59339890 -0.53279210  0.09779607 -0.07291238 -0.05863434 -0.34063319  0.74227663 -0.40737377  0.07855584	 0.09519898  0.22974003  0.09171183  0.00566170  0.09872558 -0.36437290 -0.09122087  0.23650912  0.25436974 -0.07368959 -0.19574772 -0.52844826	 0.11850533  0.23248282  0.12463155 -0.00499941  0.11252871 -0.37686146 -0.09559921  0.25923981  0.26711271 -0.04952044 -0.19950428 -0.56541765	 0.09568687 -0.11385209  3.90501297	 0.02959694 -0.03032290  0.09942815	 0.02759235 -0.03282537  0.10370701	 0.00459481 -0.01191670 -0.99991844	0.35000000	0.00000000	0.00000000	0.39932057	-1.88833392	0.94259351	-0.17751326	3.49881363	1.01583147	-2.90913892	-2.99145269	3.84714293	-2.17211413	2.45709038	0.42813131	2.26805615	0.17941244	-2.42305493	4.36377430	-0.86253619	-4.28717041	-1.60624981	-2.76555872	3.57059789	6.71231318	-0.17576489	-1.30479097	
0.00845600	  18.81205298  -58.80943915 -308.62798815   16.63313250   46.75323108   -8.12512358	  -5.46915657  -41.76076611 -686.27675807   43.54479191  -21.88297413   12.91975009	  2.65738504 -39.23887157   1.00119590  29.52666648  61.36412126 -26.47336677   3.17635697  39.90507650  -5.85923834 -92.43788099  -7.42965712  10.64117590	 0.00145568  0.12802655 -0.04960111  0.59387007 -0.53180488  0.09417412 -0.07371884 -0.05644273 -0.33841319  0.74189237 -0.40904472  0.07342620	 0.09698336  0.26809594  0.05984369  0.12687393  0.10165632 -0.46885706 -0.07286267  0.24156537  0.26778870 -0.05829689 -0.17847980 -0.67192660	 0.10395916  0.23748231  0.08442843  0.07287349  0.11474651 -0.43748366 -0.09348634  0.25596169  0.26084282 -0.04736212 -0.19651979 -0.61462007	 0.09397960 -0.10410688  3.90214227	 0.03286426 -0.03114878  0.09769659	 0.03014010 -0.03134251  0.10015680	 0.00432631 -0.01218613 -0.99991639	0.35000000	0.00000000	0.00000000	0.41606480	-1.94615805	0.89561439	-0.06944869	3.41606569	0.86659086	-2.93220234	-3.00089598	3.81722784	-2.33762360	2.52672243	0.38054782	2.16450071	0.15278670	-2.44219780	4.29909420	-0.84016800	-4.39080954	-1.62170649	-2.79994297	3.50647902	6.80826664	-0.17476235	-1.31769979	
0.00801400	   3.58386802  -76.30788548 -248.38929558   12.76790287   38.07678866  -11.79376687	  -7.28140258  -49.05895774 -738.57762741   46.82822676  -23.88365646   15.02981227	   0.72269133  -47.47160578   -3.58355421   40.71319275   52.29469049  -31.30061024    5.91399850   39.66344118   -3.09026459 -101.21808302   -7.69606081   12.27836779	 0.00214941  0.12988576 -0.04925190  0.59513763 -0.53086962  0.09019315 -0.07446346 -0.05440880 -0.33622539  0.74144264 -0.41057723  0.06817879	 0.09311400  0.24593208  0.01783177  0.21555927  0.13860865 -0.55704290 -0.09965266  0.27701762  0.27450417 -0.05897747 -0.19903678 -0.70781168	 0.08386873  0.23380812  0.03938689  0.17669183  0.11821805 -0.50859882 -0.09278249  0.25368784  0.27630622 -0.05811502 -0.19157978 -0.66722968	 0.09658770 -0.09263587  3.89734841	 0.03705984 -0.04953672  0.09252627	 0.03343095 -0.03728682  0.09691318	 0.00400278 -0.01246992 -0.99991424	0.35000000	0.00000000	0.00000000	0.43273568	-1.99573064	0.80031663	0.10144541	3.24159193	0.65569079	-2.97277617	-2.98613977	3.75919914	-2.56881404	2.65485239	0.29032552	1.99879920	0.09484305	-2.46045446	4.17520332	-0.79406965	-4.52818108	-1.65279937	-2.83785367	3.41834331	6.91451120	-0.15972331	-1.36343241	
0.00802100	   0.86299711  -99.23054822 -161.48399469    7.30413557   25.18049697  -15.49837968	 -16.37153648  -65.08227465 -807.60573449   50.94933257  -30.14291627   20.11987793	  -0.42845448  -55.37089872  -15.08776613   53.39251046   37.07879904  -39.79601368   11.09117179   37.81727624   -2.30459268 -113.37881115  -10.41527190   11.50957640	 0.00265765  0.13176837 -0.04933315  0.59754182 -0.52997537  0.08547839 -0.07512798 -0.05241434 -0.33377014  0.74084765 -0.41207751  0.06223174	 0.06321669  0.23766726 -0.03803762  0.36534796  0.10602626 -0.63081099 -0.07478754  0.25262786  0.26775913 -0.10034731 -0.19570479 -0.76497246	 0.06051197  0.23531695 -0.02295601  0.32806101  0.11271369 -0.60538424 -0.08298747  0.25013981  0.30630280 -0.07840031 -0.18713275 -0.75943383	 0.10009170 -0.07850934  3.89073988	 0.04186587 -0.06837642  0.08457482	 0.03755539 -0.05224857  0.09116259	 0.00351544 -0.01278974 -0.99991203	0.35000000	0.00000000	0.00000000	0.43298137	-1.94425082	0.60263366	0.37634358	2.85804915	0.37526125	-3.08303857	-2.97168231	3.69994283	-2.90962076	2.92656207	0.08403121	1.71233344	-0.10080262	-2.50604773	3.95095277	-0.69406760	-4.71912527	-1.76137078	-2.90661049	3.31192446	7.10790730	-0.10193136	-1.50642896	
0.00803400	  12.73490984 -115.11041074 -113.62077777    4.47924680   17.99270109  -16.52502828	 -35.34465889  -84.69674343 -863.93458673   54.00418757  -41.50931701   27.23161169	   0.83961267  -62.37933946  -30.36846685   61.87055574   17.12041971  -50.60029334   18.25946175   34.19391489    2.73272246 -127.75010157  -15.78479469    8.20451635	 0.00305508  0.13368911 -0.05019570  0.60171585 -0.52928965  0.07927126 -0.07570493 -0.05038080 -0.33101746  0.73996685 -0.41347133  0.05503660	 0.03669670  0.21001616 -0.15819759  0.57639951  0.04252172 -0.80170761 -0.06083512  0.22900709  0.34775209 -0.13317472 -0.14462010 -0.88729882	 0.04890848  0.23656842 -0.12475372  0.55206174  0.07392056 -0.80490677 -0.06933964  0.25278298  0.34454981 -0.11758118 -0.16921099 -0.91492074	 0.10349269 -0.06102616  3.88504234	 0.05152237 -0.08135314  0.07090755	 0.04377215 -0.06742909  0.08194931	 0.00290319 -0.01316490 -0.99990912	0.35000000	0.00000000	0.00000000	0.42663270	-1.81943786	0.37216061	0.66862231	2.42547083	0.08115169	-3.21192741	-2.98324275	3.66949177	-3.25277400	3.26345229	-0.19706734	1.42460823	-0.36644512	-2.56530690	3.66262650	-0.57512039	-4.91156721	-1.91211545	-2.99967217	3.17182660	7.32463837	-0.04099254	-1.70135796	
0.00847300	  21.82367970 -117.02720454 -108.41429106    4.22083610   17.23818868  -16.03342363	 -48.23836762  -99.37186400 -893.44400191   55.55692682  -49.49735000   34.78654644	  -1.15333300  -61.42502236  -43.46115062   60.18688154   -2.34628712  -53.96892595   25.91085798   28.98539561    3.54528267 -137.62775564  -17.76063806    6.53681702	 0.00339762  0.13574457 -0.05230313  0.60856456 -0.52910225  0.06995040 -0.07616315 -0.04812169 -0.32779076  0.73845360 -0.41469732  0.04541033	 0.01133309  0.20842140 -0.31339707  0.87793275 -0.02441535 -1.17230834 -0.01837774  0.24123307  0.36408871 -0.18112225 -0.12260351 -1.16289413	 0.03739180  0.23849270 -0.27277732  0.84891173  0.01176392 -1.14801343 -0.04900346  0.26679226  0.38288768 -0.18998403 -0.13748659 -1.16608173	 0.10561354 -0.04009463  3.88236385	 0.06569489 -0.08442093  0.04925104	 0.05432197 -0.07792477  0.06643636	 0.00218615 -0.01366663 -0.99990422	0.35000000	0.00000000	0.00000000	0.42074248	-1.75933719	0.30903116	0.77436280	2.33139157	-0.14750591	-3.19349074	-3.01595831	3.61201215	-3.39609027	3.34372306	-0.36235735	1.32134581	-0.47203749	-2.56303620	3.42832971	-0.53361458	-4.98580122	-1.96546006	-3.03376079	2.93365669	7.32264709	-0.10315751	-1.72076821	
0.00847400	 13.95013599 -47.74914293 -15.79498746   1.43690180   2.95433273  -2.01286919	  -58.46159605    22.62798106 -1147.62691874    12.62285325   -48.94739254    24.34615252	  -5.88581571  -54.26999497  -49.99547683   53.81026486  -16.03567944  -42.21972644   32.34229296   27.67541522   -0.63639308 -135.66954187  -11.65809432   14.90814072	 0.00359878  0.13773849 -0.05579027  0.61789925 -0.52956696  0.05777469 -0.07641068 -0.04573137 -0.32441567  0.73645843 -0.41551880  0.03482901	 0.00369012  0.25835595 -0.52323303  1.30799009 -0.09990062 -1.65368323 -0.02254807  0.29921096  0.41738520 -0.24977695 -0.09875988 -1.08701608	 0.01673195  0.23385239 -0.43838192  1.14588273 -0.06605510 -1.48835332 -0.02475089  0.28408546  0.39258100 -0.22738651 -0.09366257 -1.17656411	 0.10562332 -0.02696651  3.88924321	 0.00832383 -0.08130565  0.02209187	 0.04784390 -0.08030594  0.04442942	 0.00148624 -0.01409195 -0.99989960	0.35000000	0.00000000	0.00000000	0.35651574	-1.74588978	0.30619916	0.83528459	2.23501563	-0.28383690	-3.10728884	-2.95836139	3.50922990	-3.50568438	3.35126519	-0.44421196	1.18804860	-0.49758476	-2.46961594	3.20832419	-0.51463771	-4.95321655	-1.95111203	-3.02183294	2.75964093	7.18216372	-0.17818844	-1.71796691	
0.00802100	 15.38398702 -28.49792790  -0.79305129   0.81375067   0.55022121   0.22281230	  -57.10601142    30.37660311 -1138.87433748     4.62396947   -45.04290218    21.02463526	  -6.38409543  -58.66111612  -53.29057264   34.34589949  -23.11491649  -26.88114843   31.13538446   14.07534224   -1.45069627 -124.53706136  -13.75931639   10.25066486	 0.00357602  0.13931046 -0.06031744  0.62841206 -0.53059856  0.04455287 -0.07645435 -0.04365865 -0.32162462  0.73519151 -0.41636443  0.02893495	 0.00984560  0.11392988 -0.56795470  1.32339481 -0.16836124 -1.56128374  0.01412286  0.22399526  0.31025932 -0.10669550 -0.08885030 -0.48641496	-0.00541101  0.18086324 -0.57828049  1.32548991 -0.14138407 -1.63835316 -0.00262371  0.24833820  0.33839378 -0.14444520 -0.10888587 -0.66342273	 0.10431960 -0.01851345  3.90004027	-0.04645175 -0.07469681  0.00070613	-0.00037290 -0.07875337  0.02216404	 0.00085783 -0.01388796 -0.99990319	0.35000000	0.00000000	0.00000000	0.35014200	-1.78549337	0.23687911	0.84076542	2.13583469	-0.35616675	-3.07127619	-2.89305067	3.41158724	-3.68479109	3.46591473	-0.45697981	0.98365617	-0.46545258	-2.44030237	3.07826877	-0.45793718	-4.98792028	-1.91605961	-2.99233150	2.68574810	7.08151770	-0.16866250	-1.73288524	
0.00801200	 17.39435972 -15.48323068   2.01401854   0.42985307   0.39500579   0.23157300	  -60.40604114    -4.38710277 -1111.80478238   -10.99987400   -46.48698703    19.54360647	  -8.13244573  -56.29053450  -53.63499835   28.70544859  -31.28284693  -15.02490914   28.71719339  -11.91375342    4.62042261 -134.47410980  -14.35720235  -22.27769831	 0.00339585  0.14017367 -0.06589168  0.64003260 -0.53253734  0.03177444 -0.07637408 -0.04195679 -0.31920059  0.73445871 -0.41740572  0.02612597	 0.00480028  0.06197772 -0.69676683  1.40202908 -0.26601059 -1.42854113  0.03006597  0.20133575  0.28493298 -0.06419179 -0.14233606 -0.22263569	-0.02051556  0.09420873 -0.70679476  1.45748781 -0.26049323 -1.55541200  0.01071103  0.20870587  0.30090584 -0.08936477 -0.13208647 -0.31938445	 0.10430901 -0.01101623  3.90813433	-0.06645358 -0.07107729 -0.00911229	-0.03661828 -0.07476106  0.00459554	 0.00027778 -0.01343222 -0.99990975	0.35000000	0.00000000	0.00000000	0.41553584	-1.84758866	0.14185287	0.67578244	2.06161928	-0.30794826	-2.91545630	-2.79403281	3.24830890	-3.88844824	3.65142846	-0.46364424	1.05853355	-0.45184490	-2.55706429	2.80055976	-0.33228570	-5.04229498	-2.02844501	-2.89282322	2.77874064	7.04858351	-0.16789238	-1.82211018	
0.00846000	 17.73019244 -10.39911520   3.22378625   0.24728680   0.35929360   0.16305280	  -65.19834371   -34.52191838 -1101.47594075   -24.64880790   -53.82005126    21.48812613	 -11.44713452  -44.41243815  -49.72431301   27.00414815  -35.22460949  -16.06713271   30.95375969  -37.73124361    2.15200718 -146.64405370  -20.79799086  -46.59026802	 0.00309999  0.14027355 -0.07281410  0.65341803 -0.53600906  0.01971387 -0.07623276 -0.04047899 -0.31669836  0.73376592 -0.41854349  0.02468235	-0.04749214 -0.07349011 -0.92510438  1.73940911 -0.56554663 -1.39816712  0.01147683  0.17918312  0.33019305 -0.08555614 -0.15739743 -0.13990945	-0.03584862 -0.00563189 -0.83682636  1.60114781 -0.44249101 -1.40026362  0.01690087  0.16969312  0.29888977 -0.08506204 -0.13607760 -0.15822737	 0.10615019 -0.00315091  3.91532510	-0.06301673 -0.07061602 -0.01641770	-0.05513116 -0.07215118 -0.00714997	-0.00032170 -0.01287161 -0.99991711	0.35000000	0.00000000	0.00000000	0.48629546	-1.87389398	0.10478170	0.51264983	2.00821853	-0.29185215	-2.73201823	-2.71734333	3.08314800	-3.98732662	3.78406024	-0.49537340	1.19108343	-0.45256856	-2.66191173	2.57292771	-0.22606717	-5.08364630	-2.15643239	-2.83180594	2.81272268	7.02705193	-0.15035534	-1.90472448	
0.00800900	15.51332384 -7.30844353  2.51334365  0.13568560  0.32417624  0.10710940	  -63.41503793   -54.41565323 -1087.83281705   -31.11577596   -59.84698209    21.01455344	 -13.85937232  -31.22258103  -44.00345083   23.73478623  -27.08331554  -17.65058827   30.28408391  -52.55680275   -6.03334114 -156.77971494  -26.41600585  -58.36065137	 0.00267750  0.13969953 -0.08013310  0.66679740 -0.54050704  0.00944819 -0.07606352 -0.03932150 -0.31429353  0.73294611 -0.41955489  0.02394705	-0.06535355 -0.09013446 -0.96710189  1.67501945 -0.62017540 -1.23963887  0.00079504  0.14239395  0.29303479 -0.10619596 -0.09018316 -0.06613930	-0.05719466 -0.08181145 -0.93221068  1.68581707 -0.57985432 -1.27308312  0.01885707  0.14383805  0.30470101 -0.10651688 -0.12286969 -0.09105257	0.10833800 0.00406954 3.92115000	-0.06136058 -0.06754678 -0.01999587	-0.05916166 -0.07012704 -0.01439478	-0.00087311 -0.01237798 -0.99992301	0.35000000	0.00000000	0.00000000	0.52723408	-1.88849103	0.10448481	0.41084313	1.96235597	-0.27475977	-2.61066771	-2.69004893	2.94165111	-4.06431341	3.88663960	-0.53065383	1.24982870	-0.44710112	-2.70680189	2.41668582	-0.13844725	-5.09346199	-2.20096397	-2.80195808	2.78677225	6.99657774	-0.12430359	-1.94787002	
0.00803000	12.92395758 -4.47976035  1.64218134  0.04263070  0.29674791  0.07351366	  -61.25002402   -65.56610800 -1068.99785313   -35.58633985   -63.99288661    19.48449953	 -14.02500553  -21.47955519  -39.61589307   21.42002542  -17.60589704  -17.80813263   28.75210416  -62.66525292  -13.73263579 -160.40063488  -31.24564120  -65.35541266	 0.00212943  0.13861613 -0.08812523  0.68069393 -0.54574296  0.00005612 -0.07586905 -0.03828994 -0.31181839  0.73184362 -0.42046760  0.02339763	-0.06959417 -0.14994408 -1.00600252  1.65648622 -0.64521715 -1.07247390  0.01492115  0.13799801  0.28102576 -0.15888439 -0.09962992 -0.07878235	-0.07017802 -0.14197644 -1.00681413  1.73331143 -0.65411769 -1.15340537  0.02295484  0.12850347  0.30733443 -0.14280978 -0.11120183 -0.07067446	0.11035370 0.01080144 3.92566122	-0.06186027 -0.06100078 -0.02111972	-0.06065600 -0.06611433 -0.01839307	-0.00138509 -0.01188602 -0.99992840	0.35000000	0.00000000	0.00000000	0.55003387	-1.90061140	0.10148755	0.34143254	1.91288936	-0.26006508	-2.51675916	-2.67046905	2.81782365	-4.13551140	3.97180486	-0.55839109	1.27421594	-0.43993193	-2.73305964	2.30080581	-0.05893781	-5.09249735	-2.19942856	-2.76684928	2.75696111	6.95648241	-0.08910192	-1.98229468	
0.00848200	10.98237792 -2.00454342  0.67163857 -0.03801407  0.26028245  0.05171913	  -58.97345357   -72.01828566 -1050.43396505   -38.96893959   -66.08596446    17.40824333	 -13.78320181  -12.52139819  -35.07479651   17.89658380  -11.43949704  -18.37099990   26.71648749  -70.67524123  -19.34738894 -160.98996198  -34.31341159  -69.60769176	 0.00141365  0.13709742 -0.09726252  0.69577904 -0.55161569 -0.00914913 -0.07568478 -0.03727189 -0.30910236  0.73040880 -0.42128811  0.02287777	-0.06670949 -0.19848158 -1.03128764  1.68269852 -0.65409451 -0.99213507 -0.00455617  0.11918873  0.31172017 -0.17577880 -0.08774578 -0.04954732	-0.08334230 -0.18543228 -1.08178109  1.77161477 -0.68898068 -1.06663733  0.01900722  0.12047899  0.32004805 -0.17431917 -0.09498199 -0.06056769	0.11241463 0.01718605 3.92898981	-0.06317852 -0.05216890 -0.01948146	-0.06190842 -0.05935642 -0.01958529	-0.00186245 -0.01135516 -0.99993379	0.35000000	0.00000000	0.00000000	0.56278402	-1.90582931	0.09840947	0.29319310	1.86085844	-0.25603116	-2.42726517	-2.64504862	2.71002865	-4.18682146	4.04057074	-0.58720100	1.29059732	-0.43400243	-2.74711490	2.19652700	0.01129092	-5.08276129	-2.18500781	-2.72908783	2.73178196	6.90714216	-0.06146643	-2.02191377	
0.00801000	 9.63279338  0.89144962 -0.04738964 -0.12326779  0.22684724  0.02477617	  -56.60308541   -76.52460912 -1034.53255990   -41.75497270   -66.47562268    16.00602851	 -13.08001334   -5.11836971  -31.27830707   14.61992032   -7.43787517  -16.94046432   25.55839849  -78.00095105  -23.76172526 -159.51056355  -36.06023481  -73.00445902	 0.00068958  0.13539696 -0.10639206  0.71009050 -0.55712831 -0.01708944 -0.07550768 -0.03639726 -0.30655990  0.72887173 -0.42194167  0.02241261	-0.08183293 -0.23431607 -1.06278468  1.63897151 -0.63459799 -0.88610425  0.02220946  0.10951646  0.30511053 -0.19063172 -0.07338163 -0.07771851	-0.08814902 -0.21642202 -1.13804348  1.77366416 -0.68134353 -0.97305530  0.02102684  0.11066085  0.31634334 -0.19387744 -0.08039798 -0.05800481	0.11421785 0.02286027 3.93091785	-0.06373260 -0.04295984 -0.01751315	-0.06294932 -0.05139559 -0.01877161	-0.00223955 -0.01084704 -0.99993866	0.35000000	0.00000000	0.00000000	0.56856316	-1.90638006	0.08973041	0.25368336	1.79532683	-0.25070190	-2.34937048	-2.60793710	2.60235119	-4.23839998	4.10156679	-0.60986471	1.28853953	-0.42535907	-2.75234580	2.10254955	0.07986622	-5.05908871	-2.15615845	-2.67722154	2.71557903	6.84351158	-0.03782615	-2.06237841	
0.00850900	 8.78577678  2.70678583 -0.65793214 -0.18099013  0.19072457  0.01267797	  -56.14954073   -79.47645375 -1024.03401853   -44.79380396   -67.35619789    14.38683209	 -12.52667369    1.27347158  -27.57746486   11.78897507   -6.13768647  -17.48161963   23.97753225  -83.81971049  -25.90431801 -158.93479311  -37.98545828  -76.26955199	-0.00005184  0.13343955 -0.11652532  0.72518658 -0.56279709 -0.02466666 -0.07536376 -0.03555311 -0.30386931  0.72708617 -0.42255279  0.02197927	-0.07148624 -0.21763553 -1.12556137  1.66298650 -0.61440256 -0.79976560  0.03764759  0.09902993  0.30245527 -0.21189906 -0.07850073 -0.05980125	-0.08316791 -0.23098855 -1.18857349  1.75747846 -0.65661236 -0.87212431  0.01794999  0.09722927  0.31515336 -0.21149409 -0.06998098 -0.05037849	0.11650024 0.02826076 3.93198074	-0.06401122 -0.03436876 -0.01373505	-0.06355167 -0.04246337 -0.01653546	-0.00256356 -0.01030451 -0.99994362	0.35000000	0.00000000	0.00000000	0.58051836	-1.90634799	0.08314517	0.22695775	1.72712338	-0.24918324	-2.28049612	-2.57162070	2.50862861	-4.28248739	4.15970707	-0.63455391	1.29571903	-0.41524544	-2.75916743	2.02085376	0.14648995	-5.03898430	-2.13308835	-2.62762809	2.71542978	6.79845095	-0.01891125	-2.11193848	
0.00800000	 8.20341124  3.67166689 -1.39129241 -0.21398621  0.15658498  0.00118075	  -55.00059802   -82.03141784 -1013.81149142   -47.77359628   -67.26343252    13.51887446	 -12.65750035    5.92747606  -24.14273097    8.59656001   -5.29006200  -18.65220658   23.33641329  -88.48623562  -28.14818766 -157.18105751  -39.14026818  -80.05732501	-0.00068794  0.13151514 -0.12632807  0.73908368 -0.56787674 -0.03115615 -0.07526358 -0.03483258 -0.30137594  0.72535696 -0.42307449  0.02161308	-0.05847595 -0.23672901 -1.13957986  1.56790192 -0.55714362 -0.74863181  0.01505211  0.09655180  0.28342440 -0.17320514 -0.04683298 -0.03901683	-0.07643766 -0.23855164 -1.21691037  1.71585555 -0.62483263 -0.79912734  0.01229509  0.08929400  0.30805720 -0.21391032 -0.06469579 -0.04747111	0.11890624 0.03291942 3.93217875	-0.06349725 -0.02722690 -0.00988885	-0.06367142 -0.03465873 -0.01331557	-0.00280671 -0.00979434 -0.99994810	0.35000000	0.00000000	0.00000000	0.59132552	-1.89549124	0.07558249	0.20364313	1.68638563	-0.25015768	-2.24050283	-2.55768013	2.44441581	-4.32372475	4.20909929	-0.66221452	1.29896915	-0.41095287	-2.76509547	1.95589137	0.20232531	-5.01941538	-2.10730553	-2.58722234	2.69939160	6.77273273	-0.01272461	-2.13894773	
0.00845300	 7.68066740  4.65845310 -1.77267070 -0.24584134  0.13488514 -0.00927680	  -54.78175370   -83.86779806 -1010.11617910   -50.60259401   -67.28000846    13.04332753	 -12.52127618    9.71656543  -21.85204488    6.96702416   -4.41496741  -19.12078916   23.06964903  -93.05652976  -29.10654908 -156.63205588  -39.89676145  -82.87758189	-0.00126593  0.12946261 -0.13693813  0.75337897 -0.57295664 -0.03758652 -0.07518483 -0.03416606 -0.29875728  0.72347247 -0.42363021  0.02124047	-0.06682338 -0.22454451 -1.28871199  1.67444852 -0.59245507 -0.75489559  0.02077167  0.06935324  0.29392498 -0.24523571 -0.05612902 -0.02418236	-0.06532921 -0.24204954 -1.25779466  1.68204609 -0.59505546 -0.75579364  0.00948188  0.07690262  0.30804745 -0.22383159 -0.06452166 -0.04275905	0.12184188 0.03769099 3.93194966	-0.06185403 -0.02121178 -0.00606882	-0.06290422 -0.02745630 -0.00959361	-0.00300968 -0.00926219 -0.99995258	0.35000000	0.00000000	0.00000000	0.60036260	-1.89733338	0.06865153	0.18378739	1.64429438	-0.25055170	-2.19886780	-2.54047871	2.38244224	-4.36450720	4.25877666	-0.68496501	1.30511367	-0.40799418	-2.77220464	1.88899326	0.25309378	-5.00423384	-2.08414268	-2.54987001	2.69065404	6.74773407	-0.00640611	-2.17584133	
0.00804600	 7.02357975  6.27725998 -2.08662323 -0.29148213  0.10559588 -0.03918311	  -52.70339715   -85.12163283 -1002.82795447   -53.24111556   -66.12018433    12.57605549	 -13.03127201   13.32311159  -18.78413381    5.76394494   -4.35300915  -18.07952286   22.39189994  -96.34175515  -30.97181145 -154.70322061  -39.92239890  -86.04835677	-0.00172758  0.12756697 -0.14700041  0.76624882 -0.57740227 -0.04319278 -0.07514884 -0.03361021 -0.29631513  0.72173633 -0.42418903  0.02086915	-0.05546471 -0.23377840 -1.19609316  1.49787168 -0.53737120 -0.65449882  0.00424509  0.02974938  0.28340910 -0.20089005 -0.08198418 -0.05055705	-0.05635019 -0.23358143 -1.24546095  1.58205263 -0.54623551 -0.68608168  0.00488244  0.06453916  0.30089900 -0.21413553 -0.07075253 -0.04641460	0.12474522 0.04181810 3.93116762	-0.06021419 -0.01640509 -0.00269539	-0.06161779 -0.02167928 -0.00603050	-0.00315813 -0.00877441 -0.99995652	0.35000000	0.00000000	0.00000000	0.60540205	-1.88198435	0.05969594	0.17008016	1.60193050	-0.24691613	-2.18820167	-2.52473974	2.32946014	-4.41341496	4.29962492	-0.71090055	1.28674340	-0.40077531	-2.76570964	1.84076822	0.30291712	-4.97277117	-2.04780221	-2.50521040	2.66686463	6.72350073	-0.00862799	-2.18566370	
0.00848600	 6.65166267  6.00797698 -2.15391636 -0.28783929  0.10654974 -0.03135444	  -52.47589204   -84.39369998 -1003.72051196   -56.37297144   -65.11049088    12.67821624	 -12.59885220   15.03404808  -19.01691097    6.31279262   -2.88559110  -20.01599227   22.61059894  -99.16105747  -30.93433008 -154.12419450  -39.11497146  -88.81881034	-0.00210257  0.12562992 -0.15772155  0.77927626 -0.58173318 -0.04870719 -0.07513767 -0.03309103 -0.29377577  0.71994230 -0.42483427  0.02048085	-0.05442373 -0.25520487 -1.29192946  1.54582216 -0.53070610 -0.65075164 -0.02512819  0.05837998  0.30578035 -0.21454633 -0.09435975 -0.04549061	-0.04242860 -0.22700530 -1.26056501  1.51764125 -0.50309200 -0.64328254 -0.00060733  0.05993379  0.29846497 -0.21159573 -0.07778507 -0.04541995	0.12776961 0.04616182 3.93027045	-0.05800008 -0.01171298 -0.00091983	-0.05983929 -0.01640740 -0.00309708	-0.00327616 -0.00827243 -0.99996042	0.35000000	0.00000000	0.00000000	0.61739200	-1.88395488	0.05013106	0.15901250	1.57084537	-0.24465498	-2.17000389	-2.52581000	2.28998017	-4.45917654	4.34533358	-0.72661138	1.30200827	-0.40126604	-2.77386141	1.78528643	0.34564054	-4.95100260	-2.02265382	-2.47338700	2.66288447	6.71822309	-0.01179051	-2.21690345	
0.00845500	 6.15833077  6.78518818 -2.27968285 -0.30966955  0.08663446 -0.05107093	  -50.44956052   -82.98849195 -1000.09185349   -59.14436291   -63.06536157    12.38581006	 -13.12338818   17.16591561  -16.73378661    5.93421279   -3.24089305  -19.74585862   22.42587782 -102.23205519  -31.61199666 -152.24708813  -37.80738884  -90.71991479	-0.00236122  0.12381598 -0.16845001  0.79160858 -0.58560900 -0.05401159 -0.07512275 -0.03269386 -0.29131061  0.71824882 -0.42554537  0.02012529	-0.05149111 -0.20682504 -1.35718884  1.51674611 -0.46972029 -0.63524903 -0.00594663  0.03753398  0.30308498 -0.22776395 -0.09822325 -0.05788163	-0.03021493 -0.21340163 -1.27383711  1.44889135 -0.45376589 -0.62373248  0.00217458  0.04454648  0.29165528 -0.20049339 -0.08532494 -0.04122392	0.13090831 0.05047065 3.92902218	-0.05512664 -0.00821611 -0.00017142	-0.05754165 -0.01195579 -0.00138008	-0.00335911 -0.00779203 -0.99996400	0.35000000	0.00000000	0.00000000	0.62009424	-1.87679112	0.04193945	0.14735176	1.55274796	-0.24567655	-2.16793180	-2.52230215	2.25605512	-4.49816561	4.37736273	-0.75068474	1.29241705	-0.40186089	-2.76742315	1.73514938	0.38236657	-4.92528152	-1.98864484	-2.44044042	2.62937927	6.70340729	-0.02155759	-2.22788358	
0.00806700	 5.80296727  7.64353965 -2.25605692 -0.32991485  0.07719837 -0.07003045	 -49.24459685  -82.48785882 -999.12057411  -61.84946016  -61.37420074   12.22255391	 -13.33834826   18.34472442  -15.91669651    6.31722287   -3.31251911  -18.86388057   21.67499750 -103.50758934  -31.66989212 -151.29531419  -36.51386878  -93.78194559	-0.00250463  0.12222553 -0.17850405  0.80254946 -0.58886828 -0.05871277 -0.07511698 -0.03241660 -0.28901858  0.71673879 -0.42630200  0.01989364	 0.01124929 -0.20688178 -1.18160765  1.24751505 -0.37544901 -0.52837604  0.00332665  0.02623709  0.24669147 -0.19008657 -0.11930907 -0.01931040	-0.01590441 -0.19655250 -1.24646868  1.34169121 -0.39823703 -0.57557752  0.00244372  0.03262803  0.28165208 -0.18766726 -0.09554180 -0.02945735	0.13392167 0.05428125 3.92767736	-0.05262538 -0.00573241  0.00005423	-0.05504224 -0.00864576 -0.00051889	-0.00341398 -0.00736205 -0.99996707	0.35000000	0.00000000	0.00000000	0.62893337	-1.86689603	0.02885185	0.14242144	1.52148986	-0.23768701	-2.17847824	-2.51815701	2.22094321	-4.54985237	4.41177797	-0.76965022	1.27648032	-0.39318413	-2.76110506	1.69726777	0.42470211	-4.89624643	-1.95095563	-2.40140319	2.61139798	6.69435453	-0.02790518	-2.23429918	
0.00849500	 5.67518096  7.21076101 -2.10269583 -0.31898706  0.08583624 -0.06864010	  -49.50999934   -82.85203200 -1001.93124779   -64.50766603   -59.87945840    12.35790738	 -13.56227110   18.88884467  -16.74593748    7.33176957   -2.72969061  -20.32475354   21.86508760 -105.48202538  -30.93204138 -150.33553028  -35.00172248  -96.83409190	-0.00260001  0.12070068 -0.18911640  0.81349442 -0.59191277 -0.06343690 -0.07512662 -0.03219942 -0.28662560  0.71525915 -0.42717514  0.01963950	 0.00028391 -0.15851085 -1.19286736  1.17567262 -0.33865252 -0.53486311  0.00772512  0.02800410  0.29006827 -0.13400983 -0.09171843 -0.05497058	-0.01002061 -0.17505462 -1.23823785  1.26329974 -0.34874862 -0.55030485 -0.00050754  0.02379843  0.28004154 -0.17001333 -0.10341119 -0.03166356	0.13706307 0.05832818 3.92635808	-0.04929997 -0.00354345  0.00008998	-0.05216224 -0.00587966 -0.00013649	-0.00345261 -0.00692960 -0.99997003	0.35000000	0.00000000	0.00000000	0.64027274	-1.86305749	0.01604973	0.13593230	1.51203752	-0.23374228	-2.18529153	-2.53151226	2.20287657	-4.59740829	4.44835377	-0.78493989	1.28414309	-0.39498702	-2.76485157	1.65405440	0.45863956	-4.87389517	-1.92400181	-2.37375355	2.59357691	6.70204830	-0.04029972	-2.24694753	
0.00846100	 5.49467931  7.51976350 -2.01839199 -0.32407604  0.08596835 -0.08226080	  -48.47863353   -82.07691126 -1003.29315860   -66.25982856   -57.65063067    12.26258188	 -13.53341905   19.41267192  -16.73893030    7.81762486   -2.71193626  -20.01059489   21.97099341 -106.82118344  -30.61848176 -149.08494139  -32.69876844  -98.41769588	-0.00262468  0.11932451 -0.19969865  0.82376663 -0.59447875 -0.06800527 -0.07512833 -0.03208787 -0.28428114  0.71387692 -0.42812645  0.01938505	 0.02025682 -0.15403780 -1.30961162  1.22743787 -0.28877353 -0.58793621 -0.01801266  0.00192350  0.32080517 -0.15924109 -0.09404342 -0.00284543	-0.00147668 -0.15922270 -1.25055027  1.20010981 -0.29417531 -0.53860157 -0.00115164  0.01068599  0.27955158 -0.15930119 -0.11223882 -0.02908464	0.14010989 0.06232042 3.92514273	-0.04605876 -0.00163298  0.00012766	-0.04896684 -0.00362505  0.00001471	-0.00347415 -0.00652602 -0.99997267	0.35000000	0.00000000	0.00000000	0.64371717	-1.86313891	0.00526104	0.13218668	1.49939394	-0.23279089	-2.19227004	-2.53618813	2.17941213	-4.63715601	4.47591352	-0.80125296	1.27563906	-0.39742902	-2.76037049	1.60634923	0.48703563	-4.84939432	-1.88822412	-2.34363532	2.56427646	6.69216967	-0.05018478	-2.25534296	
0.00802700	 5.15036364  8.16455069 -1.89410399 -0.33766094  0.07444579 -0.09839099	  -46.54849847   -82.69925126 -1005.20578297   -67.62684538   -54.98169671    11.73267910	 -13.62780290   20.34043700  -15.52802524    8.39310030   -3.34634979  -19.23758231   21.60926226 -107.49090767  -30.71010811 -147.36417586  -30.43672183 -100.57321429	-0.00265445  0.11819187 -0.20959460  0.83283291 -0.59650638 -0.07206577 -0.07511592 -0.03203568 -0.28213454  0.71267192 -0.42910895  0.01906174	-0.01465066 -0.10830428 -1.13800214  1.02817115 -0.19900302 -0.41893017  0.01487284  0.02489508  0.23261330 -0.14310506 -0.12217501 -0.04991789	-0.00449655 -0.13697828 -1.23009182  1.11617885 -0.24431506 -0.49738947  0.00238502  0.00691472  0.26485233 -0.14745233 -0.12295476 -0.04078879	0.14297144 0.06567866 3.92398366	-0.04437185 -0.00058995  0.00015601	-0.04643061 -0.00194743  0.00011062	-0.00348225 -0.00616568 -0.99997493	0.35000000	0.00000000	0.00000000	0.64681005	-1.85137188	-0.00558664	0.13219699	1.48566747	-0.22981322	-2.20568991	-2.53843021	2.15920210	-4.68000841	4.50034523	-0.82176101	1.26015687	-0.39518520	-2.74915457	1.56505239	0.51671988	-4.81694174	-1.85179579	-2.31064510	2.53130746	6.68181181	-0.06541038	-2.24852848	
0.00801100	 4.98967582  7.49086460 -1.90876254 -0.31627018  0.07909481 -0.09029576	  -47.10424522   -82.43817384 -1012.00122528   -68.14812469   -53.83944171    11.50092155	 -12.26808819   19.83499789  -15.55232797    8.17220600   -2.29922504  -20.45657872   21.21550579 -108.39194441  -29.79388776 -147.07481784  -29.23317763 -101.10275114	-0.00265384  0.11722972 -0.21940151  0.84129635 -0.59814563 -0.07594399 -0.07513039 -0.03202668 -0.27998841  0.71159581 -0.43015795  0.01857287	 0.00853697 -0.13472744 -1.20327409  0.99780294 -0.18022701 -0.46829891  0.00300200 -0.02609062  0.28470737 -0.10354566 -0.13441480 -0.08704541	-0.00113061 -0.11714455 -1.21421336  1.03700208 -0.19458449 -0.47719437 -0.00162675 -0.00058252  0.26619101 -0.13063506 -0.13266218 -0.06487510	0.14607845 0.06879333 3.92330126	-0.04397911 -0.00066060  0.00025399	-0.04495010 -0.00109275  0.00018214	-0.00348675 -0.00581299 -0.99997703	0.35000000	0.00000000	0.00000000	0.65306717	-1.84808815	-0.01457474	0.14465888	1.47828245	-0.23027596	-2.22467494	-2.55149269	2.15086055	-4.71821165	4.53048801	-0.83460248	1.24650943	-0.39343598	-2.74126148	1.54199111	0.54153645	-4.79342604	-1.81541288	-2.29028511	2.50869107	6.68361950	-0.07998873	-2.25308824	
0.00845600	 4.74697878  7.48307464 -2.05094067 -0.31353061  0.08071727 -0.09218816	  -45.61868136   -83.11193145 -1012.99431486   -68.13714650   -51.55836141    11.11188794	 -11.75598348   20.25946552  -15.85680627    7.92638604   -1.14888930  -20.64550184   21.49565528 -109.08177495  -30.37202727 -145.35694623  -27.14797318 -101.16958761	-0.00265729  0.11642258 -0.22973277  0.84963011 -0.59938891 -0.07997117 -0.07512659 -0.03200244 -0.27776678  0.71058771 -0.43134885  0.01787830	-0.00363187 -0.11392118 -1.28001669  0.99831670 -0.11157339 -0.50472354 -0.00794588  0.03359020  0.27647985 -0.12744766 -0.13165740 -0.09102107	-0.00148776 -0.09296996 -1.22283733  0.97372148 -0.13523426 -0.47553695 -0.00107699  0.00419051  0.26261845 -0.11547976 -0.14224716 -0.08563488	0.14911253 0.07199705 3.92273238	-0.04414992  0.00012215  0.00021242	-0.04437846 -0.00055594  0.00021171	-0.00348964 -0.00543859 -0.99997912	0.35000000	0.00000000	0.00000000	0.65031475	-1.84377909	-0.02158307	0.15384352	1.47160852	-0.23320799	-2.23579192	-2.56412888	2.13802624	-4.75756931	4.55425119	-0.84800923	1.22898698	-0.39949962	-2.72813964	1.50494730	0.56258404	-4.76041079	-1.77648151	-2.26566648	2.47765636	6.66875362	-0.10031863	-2.25483298	
0.00804000	 4.28639643  7.70805391 -2.02786738 -0.30969221  0.06420096 -0.09981116	  -43.56782989   -80.79972499 -1012.27007289   -67.99315084   -49.36781132    10.28539363	 -10.77911236   19.13286364  -14.00674572    8.50975949   -1.79758785  -19.49818768   20.77698511 -110.41476560  -30.04371651 -145.01522195  -25.12653485 -100.20426309	-0.00264857  0.11586667 -0.23935981  0.85684651 -0.60008701 -0.08361442 -0.07512216 -0.03200715 -0.27571349  0.70975892 -0.43257188  0.01702472	 0.00445501 -0.05744143 -1.12043294  0.79025224 -0.07077240 -0.37924046  0.00190826  0.01738438  0.22494772 -0.08585819 -0.14121489 -0.10833791	 0.00182889 -0.06645606 -1.19101074  0.88294882 -0.07980121 -0.44382589  0.00017928  0.00139897  0.25303109 -0.10103205 -0.15205422 -0.10659621	0.15218162 0.07478467 3.92207918	-0.04555756 -0.00018480  0.00017597	-0.04473681 -0.00020830  0.00019970	-0.00348934 -0.00507998 -0.99998101	0.35000000	0.00000000	0.00000000	0.64893508	-1.83821583	-0.02934352	0.17311622	1.44940400	-0.23746663	-2.26244354	-2.55588007	2.12291312	-4.79489374	4.57737446	-0.86140287	1.19357955	-0.38994852	-2.70354390	1.48904157	0.58456314	-4.72606564	-1.73276341	-2.23894596	2.45508361	6.64926958	-0.11914042	-2.25493002	
0.00848800	 4.91179897  6.82866299 -1.93573457 -0.28051038  0.05185297 -0.09268477	  -43.37050809   -80.41915905 -1012.25167302   -67.94153290   -47.96988841     9.88631659	  -9.67384725   18.03862339  -14.40299440    8.12271644    0.05301039  -20.81570110   20.72514370 -110.79328012  -29.80980676 -143.95579574  -23.95946860 -100.09314930	-0.00265858  0.11547962 -0.24942145  0.86382012 -0.60041216 -0.08730047 -0.07513007 -0.03200420 -0.27355129  0.70902160 -0.43395321  0.01595531	-0.00209915 -0.03725304 -1.20156581  0.79211575 -0.02951650 -0.44665254 -0.02668526  0.00011119  0.25013667 -0.06645444 -0.17676311 -0.12638679	-0.00037072 -0.04095131 -1.17670814  0.80403296 -0.03456475 -0.43114785 -0.00178587  0.00039657  0.25137697 -0.08376487 -0.16531067 -0.12794294	0.15547375 0.07774941 3.92141398	-0.04700827 -0.00035439  0.00017169	-0.04585586 -0.00027691  0.00018944	-0.00349195 -0.00468599 -0.99998292	0.35000000	0.00000000	0.00000000	0.65133095	-1.83516777	-0.03876337	0.19316536	1.44793487	-0.24046732	-2.28752184	-2.57651615	2.12339735	-4.83594990	4.60749292	-0.86941123	1.17168975	-0.38991475	-2.69042921	1.47061646	0.60288650	-4.69784737	-1.69349241	-2.22271848	2.42600608	6.64894295	-0.13934062	-2.25260711	
0.00800800	 5.08621080  5.70421074 -2.07087165 -0.23401198  0.03427093 -0.08380506	  -41.57147030   -76.74235644 -1012.00611676   -67.83797610   -45.76239946     9.26449864	  -8.63375418   16.89219350  -13.40578682    7.51479631    1.88363374  -20.66260673   20.46341596 -111.65787935  -29.96161335 -143.00766504  -21.81333634  -99.26021147	-0.00266449  0.11529896 -0.25874898  0.86974994 -0.60053691 -0.09069056 -0.07512512 -0.03199872 -0.27152323  0.70843399 -0.43531583  0.01477371	-0.02087106 -0.02671597 -1.06154827  0.64270859 -0.01257295 -0.39678944 -0.00121039  0.02759479  0.23375995 -0.03586163 -0.15615354 -0.13782412	-0.00183481 -0.02022056 -1.15418979  0.72699243 -0.01493631 -0.42021713 -0.00021120  0.00277902  0.25174858 -0.06891823 -0.16989239 -0.14882295	0.15854510 0.08061926 3.92084042	-0.04846275 -0.00031259 -0.00046292	-0.04717941 -0.00031852  0.00000172	-0.00349473 -0.00430314 -0.99998463	0.35000000	0.00000000	0.00000000	0.64884043	-1.83190584	-0.04845192	0.20979066	1.44400787	-0.24259382	-2.30721593	-2.58668470	2.11777043	-4.86958122	4.63336182	-0.87762916	1.14568496	-0.38388634	-2.67021918	1.44676471	0.62014049	-4.66735077	-1.65089893	-2.20610595	2.39256501	6.63393545	-0.15578154	-2.24634123	
0.00847800	 4.98604311  4.15264003 -2.17420372 -0.17078495  0.02393698 -0.06685631	  -40.73384160   -71.56641323 -1010.27526020   -67.67452479   -44.44840527     8.69996526	  -7.54513315   15.89759809  -12.88516557    7.85978271    6.05357745  -20.39652483   19.87507375 -112.57976913  -30.18520045 -142.16707465  -20.85671219  -98.11840105	-0.00266094  0.11520992 -0.26846359  0.87530101 -0.60058636 -0.09414619 -0.07510459 -0.03200379 -0.26940531  0.70791527 -0.43687971  0.01332903	 0.01309573 -0.02782875 -1.16690634  0.62252495 -0.02350339 -0.38799496  0.01020405  0.01088263  0.27546957 -0.06021738 -0.19920146 -0.15457655	 0.00062683 -0.01137523 -1.14277760  0.64015242 -0.00688944 -0.40379262  0.00298922  0.00069469  0.25067656 -0.05843649 -0.18602314 -0.17324424	0.16178070 0.08402834 3.92023414	-0.04941700  0.00010268 -0.00203038	-0.04841850 -0.00015917 -0.00089962	-0.00349563 -0.00388657 -0.99998634	0.35000000	0.00000000	0.00000000	0.64814794	-1.83933222	-0.05774352	0.22465435	1.43903184	-0.23752278	-2.33094215	-2.60308194	2.10948014	-4.91214418	4.66789246	-0.87929714	1.11410761	-0.37513423	-2.65242958	1.42824268	0.64057368	-4.63983154	-1.60445285	-2.19108295	2.35819507	6.62497997	-0.16532402	-2.24361968	
0.00801700	 4.16406081  3.83748954 -2.34480737 -0.15740528  0.00074084 -0.06271637	  -37.48198427   -71.62873497 -1005.87429376   -67.29185053   -42.37895240     7.29440151	  -6.84015647   16.36264133  -10.10228082    7.89856431   11.35437410  -20.54751293   18.49003007 -113.60595179  -31.75838327 -141.62992433  -19.32259378  -97.05813015	-0.00266040  0.11517802 -0.27736925  0.87985015 -0.60058736 -0.09720175 -0.07508453 -0.03202257 -0.26744146  0.70756623 -0.43841884  0.01177880	-0.01365153 -0.03558412 -1.11587656  0.53801194 -0.00525427 -0.36376300  0.00041799 -0.01170363  0.27453182 -0.02427342 -0.18149326 -0.21490163	-0.00046598 -0.00746516 -1.10669165  0.55453636 -0.00023970 -0.37843422  0.00266109 -0.00285137  0.24654081 -0.04070733 -0.19370234 -0.19559154	0.16493121 0.08777541 3.91934555	-0.04819243  0.00018450 -0.00306764	-0.04865660  0.00004891 -0.00201309	-0.00349419 -0.00349534 -0.99998779	0.35000000	0.00000000	0.00000000	0.64821887	-1.83680189	-0.06338558	0.23541540	1.44079232	-0.22562771	-2.36007142	-2.62266994	2.10249233	-4.94210768	4.69637012	-0.88526607	1.08361340	-0.36175200	-2.62809825	1.41356218	0.66205645	-4.60266256	-1.55422223	-2.17949390	2.30738688	6.61552048	-0.17687744	-2.22660565	
0.00845200	 2.89741873  3.67248715 -2.74581938 -0.15259639  0.00817301 -0.05464063	  -36.47717364   -71.73777931 -1001.02520143   -66.93026483   -41.69014753     6.71384801	  -5.84661770   17.46832103   -9.34159011    7.88677760   17.28612860  -20.88350722   18.08701435 -114.37154746  -32.45683625 -141.89022252  -18.99750102  -95.78589213	-0.00265243  0.11518162 -0.28658790  0.88392397 -0.60036069 -0.10030978 -0.07503972 -0.03212223 -0.26538044  0.70729020 -0.44015093  0.01009328	 0.02056204 -0.00079659 -1.12850193  0.48056693  0.06393662 -0.38369741  0.01318631 -0.00913426  0.27363356 -0.01011246 -0.21807727 -0.21794990	 0.00296653  0.00048706 -1.09103359  0.47109671  0.03555852 -0.36908732  0.00651956 -0.01337513  0.24707934 -0.02875432 -0.20793426 -0.20113165	0.16836755 0.09226436 3.91804285	-0.04522263  0.00041087 -0.00394168	-0.04723973  0.00022505 -0.00303979	-0.00349153 -0.00309843 -0.99998910	0.35000000	0.00000000	0.00000000	0.65089315	-1.84119976	-0.06753053	0.25046340	1.43098617	-0.20855643	-2.38553047	-2.64172196	2.08750939	-4.97463465	4.72605133	-0.88352597	1.05006123	-0.35000148	-2.60742831	1.40325117	0.68687475	-4.56372595	-1.50301623	-2.16226101	2.27042007	6.60420752	-0.18604676	-2.22544861	
0.00804100	 1.71731950  3.84878341 -2.83693311 -0.15435653 -0.00050737 -0.05390321	  -34.16880783   -72.52273496 -1000.36802954   -66.81394533   -39.83727983     5.52077260	  -5.75200560   18.19999075   -7.12875654    8.78327844   19.95330311  -20.41109924   16.88743486 -114.21394658  -33.43361503 -141.60635090  -17.31371614  -95.60897088	-0.00266997  0.11517708 -0.29496054  0.88699855 -0.59967319 -0.10305606 -0.07501645 -0.03230503 -0.26345965  0.70710478 -0.44185599  0.00849840	-0.02369644  0.00678747 -1.02089058  0.34764873  0.13556364 -0.32877174 -0.00993115 -0.04504957  0.24442591 -0.03440953 -0.21250530 -0.23080376	-0.00210912  0.00128916 -1.04068444  0.37364798  0.09559922 -0.33900197  0.00262546 -0.02653220  0.23938629 -0.02248457 -0.21469857 -0.20106473	0.17179319 0.09666823 3.91667628	-0.04213869 -0.00011986 -0.00409772	-0.04480963  0.00016897 -0.00368321	-0.00348997 -0.00274981 -0.99999013	0.35000000	0.00000000	0.00000000	0.65624595	-1.83312261	-0.07455158	0.26733100	1.41456938	-0.19185777	-2.42206407	-2.64694452	2.07388067	-4.99589205	4.74219751	-0.88552272	1.01225638	-0.33368856	-2.58149219	1.39830589	0.70770288	-4.51402855	-1.44991934	-2.13550806	2.22933745	6.58646870	-0.19537085	-2.20785761	
0.00849100	 1.36872661  3.25334191 -2.92353666 -0.13770848  0.00903599 -0.04283495	  -35.90516176   -73.73202181 -1004.84775363   -67.12540965   -39.99681365     5.62871137	  -4.57768065   19.94471836   -7.14189011    8.22715504   21.89805405  -21.45587927   17.18135910 -114.38377166  -32.88899869 -140.64494777  -17.24824306  -95.95334446	-0.00265889  0.11516203 -0.30355463  0.88946144 -0.59830364 -0.10586613 -0.07497361 -0.03258004 -0.26139197  0.70702640 -0.44376154  0.00680359	 0.02713818 -0.02216694 -0.97484216  0.25607074  0.20060573 -0.30937984  0.00675802 -0.04464771  0.22691545  0.01414603 -0.25120209 -0.19032999	 0.00145100 -0.00211877 -1.00346833  0.27526123  0.17557947 -0.32895116  0.00501625 -0.03548572  0.24136524 -0.00762311 -0.22770546 -0.20007924	0.17587473 0.10163130 3.91552061	-0.03850758 -0.00170055 -0.00450722	-0.04165332 -0.00062017 -0.00410736	-0.00349765 -0.00240802 -0.99999098	0.35000000	0.00000000	0.00000000	0.66609597	-1.82297850	-0.08200052	0.28543752	1.39715266	-0.17379227	-2.44796371	-2.65326142	2.05922508	-5.01036119	4.75411797	-0.88312662	0.98031652	-0.32214549	-2.56272674	1.39960098	0.73159683	-4.46378088	-1.40145838	-2.10244560	2.20340753	6.56850243	-0.20488298	-2.20387936	
0.00848200	 1.11477656  3.45100478 -2.64277578 -0.14119612  0.01030108 -0.04432345	  -35.25901697   -75.11230418 -1007.11467078   -67.19973726   -38.31048479     4.92497119	  -4.60183608   21.87236643   -7.11939649    9.40357365   21.53799842  -21.15870926   16.43620626 -115.32209635  -32.64712355 -140.87504062  -15.11474758  -95.67875588	-0.00266917  0.11516680 -0.31178627  0.89109602 -0.59621918 -0.10863057 -0.07493347 -0.03297593 -0.25928977  0.70698184 -0.44573774  0.00506733	-0.00142047 -0.01004062 -0.96788466  0.15351097  0.28833476 -0.34683644  0.01633016 -0.07184861  0.25859306 -0.02935796 -0.26594641 -0.20495178	-0.00159766  0.00014941 -0.96784954  0.17976913  0.26018728 -0.32684965  0.00423167 -0.05021618  0.24904939 -0.00559499 -0.23825920 -0.20401099	0.18012535 0.10681993 3.91454250	-0.03456254 -0.00359377 -0.00374621	-0.03807993 -0.00205142 -0.00410517	-0.00352038 -0.00209844 -0.99999160	0.35000000	0.00000000	0.00000000	0.67219275	-1.81219161	-0.08876643	0.30118516	1.37129831	-0.15773171	-2.47279239	-2.64346266	2.03809142	-5.01659203	4.75286102	-0.87895525	0.94995743	-0.31091332	-2.53581452	1.39147246	0.74924779	-4.40201950	-1.35558987	-2.06219482	2.17579865	6.53425884	-0.21952431	-2.20084596	
0.00855400	 0.50692571  3.60589165 -1.89623850 -0.14078302  0.01223075 -0.04700573	  -34.30601618   -75.72808483 -1009.43500799   -67.27847950   -36.53393049     4.59677496	  -3.87013981   23.69021451   -7.06734573   10.44031142   20.93099463  -20.60654028   16.27429710 -115.00753760  -32.71389557 -138.79408482  -13.35307863  -95.47784078	-0.00265548  0.11516299 -0.31969718  0.89194924 -0.59343817 -0.11124783 -0.07489457 -0.03346508 -0.25714002  0.70696816 -0.44776202  0.00334480	 0.01813251  0.00868301 -0.80142688  0.04284675  0.32375013 -0.24396804  0.00579988 -0.05898492  0.22816348 -0.00786891 -0.21216479 -0.18387498	 0.00284228  0.00024168 -0.91337505  0.08596441  0.33468088 -0.30036026  0.00394934 -0.05851697  0.25171627 -0.00216698 -0.23757090 -0.19945878	0.18446141 0.11218002 3.91353783	-0.03106590 -0.00573761 -0.00302033	-0.03437465 -0.00383293 -0.00357418	-0.00355961 -0.00182098 -0.99999201	0.35000000	0.00000000	0.00000000	0.67623854	-1.79556370	-0.09788978	0.31866181	1.34030831	-0.14223348	-2.49171472	-2.62959766	2.01442313	-5.01874304	4.74515629	-0.87594140	0.91777509	-0.29605180	-2.50586820	1.38670993	0.76776332	-4.33911276	-1.30440700	-2.01868916	2.14472485	6.49434423	-0.22394957	-2.18943191	
0.00843900	-0.53354077  3.01989775 -0.33809754 -0.12156769  0.03065187 -0.03335164	  -35.84082303   -75.81396887 -1012.24510133   -67.43831203   -36.02337782     4.53761220	  -3.94896814   24.85973418   -8.14922244   11.08157843   20.72199485  -21.09009179   16.23163183 -114.72851753  -31.73840418 -138.32525179  -12.80259465  -95.06058526	-0.00266853  0.11516508 -0.32734585  0.89229607 -0.59001083 -0.11372545 -0.07486566 -0.03409277 -0.25490275  0.70697510 -0.44984747  0.00165772	-0.01117351  0.01602840 -0.95103344  0.01383159  0.51440717 -0.30705704  0.00039682 -0.09826776  0.31263858  0.00666109 -0.28198884 -0.19590664	-0.00140544  0.00037192 -0.90421557  0.03384729  0.42086899 -0.29164489  0.00462085 -0.07755668  0.26831247  0.00335977 -0.24879506 -0.19802368	0.18925304 0.11773641 3.91194436	-0.02817631 -0.00997779 -0.00181706	-0.03108632 -0.00663250 -0.00276041	-0.00362609 -0.00157032 -0.99999219	0.35000000	0.00000000	0.00000000	0.68400896	-1.79200029	-0.10381189	0.33980000	1.32073641	-0.12841214	-2.51416683	-2.62798309	2.00030065	-5.02088594	4.74075890	-0.86875367	0.88745654	-0.28814086	-2.48431659	1.38563967	0.78017819	-4.28928709	-1.26184547	-1.98435402	2.11567950	6.46930981	-0.22943114	-2.18516064	
0.00802300	-0.89096452  3.14975133  0.47643635 -0.12213589  0.02540695 -0.03715002	  -33.89231922   -75.99347428 -1015.34196669   -67.54916589   -33.71083265     4.02621411	  -3.56721589   26.81416589   -8.32732017    9.82394636   18.31979245  -20.85306472   15.78050745 -113.68631482  -32.67768788 -136.30671346  -10.29894570  -94.94212985	-0.00267390  0.11516825 -0.33441311  0.89244536 -0.58629352 -0.11594687 -0.07486336 -0.03475801 -0.25273827  0.70696561 -0.45187912  0.00011437	-0.00048684 -0.03731285 -0.92765238  0.02376320  0.50437892 -0.28236420 -0.01066095 -0.09296398  0.26483931 -0.01415410 -0.27851332 -0.19515661	-0.00185157 -0.00099865 -0.88266757  0.01761836  0.47290444 -0.27771506 -0.00173451 -0.08674269  0.27088907 -0.00025313 -0.25418081 -0.19120296	0.19366665 0.12272864 3.91040886	-0.02743953 -0.01350226 -0.00059932	-0.02892441 -0.01007371 -0.00170361	-0.00372116 -0.00134906 -0.99999217	0.35000000	0.00000000	0.00000000	0.68666279	-1.76990235	-0.11255956	0.35440260	1.30551291	-0.12322025	-2.52296901	-2.62080693	1.98368728	-5.00749636	4.71756458	-0.87210333	0.85807145	-0.27957439	-2.45369101	1.36472738	0.78809506	-4.23391104	-1.22078514	-1.94982064	2.06209755	6.42420387	-0.23645829	-2.16059470	
0.00850200	-0.91810969  3.77143302  0.79899768 -0.13565786  0.02550195 -0.05089597	  -35.10415302   -76.82330867 -1014.41550745   -67.45858200   -32.80951316     4.55303676	  -3.28557281   27.66670340   -8.80746887    6.69716460   16.97895393  -19.99708660   16.64515601 -113.24039435  -31.72171705 -134.99257880   -9.58660673  -94.64427960	-0.00267297  0.11521849 -0.34182255  0.89249615 -0.58192072 -0.11808756 -0.07483474 -0.03553502 -0.25033049  0.70696963 -0.45408470 -0.00149086	-0.00496812 -0.02752933 -0.81231426  0.01108940  0.51349699 -0.22573053  0.00813279 -0.08842705  0.25566048  0.00848056 -0.24777099 -0.17438171	-0.00167052  0.00329235 -0.86832872  0.00633338  0.52109094 -0.24657656  0.00322289 -0.09299697  0.28243752  0.00221979 -0.26041441 -0.18689243	0.19872960 0.12790999 3.90851231	-0.02815660 -0.01814750 -0.00074995	-0.02821601 -0.01408125 -0.00101899	-0.00385618 -0.00111317 -0.99999195	0.35000000	0.00000000	0.00000000	0.69160300	-1.75719714	-0.12247844	0.37277594	1.28252971	-0.11605272	-2.52469063	-2.60907865	1.96180344	-5.00564003	4.70963430	-0.87220275	0.82062751	-0.26472366	-2.42695332	1.34739161	0.80265599	-4.19030666	-1.17977047	-1.91434729	2.02917504	6.37974215	-0.23614143	-2.14969969	
0.00846900	-0.28827006  3.68634180  0.55977056 -0.13225460  0.02389783 -0.05124977	  -35.37048537   -77.11682488 -1012.14384628   -67.25364600   -31.41961079     4.25981876	  -3.32605259   27.77275246  -10.17181573    4.08906556   15.26240605  -20.40987234   16.00899169 -112.66204739  -31.74472553 -134.06720331   -8.03596953  -93.93889010	-0.00267088  0.11533259 -0.34913574  0.89248588 -0.57722222 -0.11994855 -0.07482213 -0.03639760 -0.24782170  0.70696554 -0.45634986 -0.00305010	 0.00551149 -0.00378207 -0.86820389 -0.01636893  0.56268222 -0.21062205  0.01506703 -0.08362021  0.32006844  0.02405186 -0.27320256 -0.17799441	-0.00116543  0.01336797 -0.86534438 -0.00458688  0.56131762 -0.21611841  0.00368175 -0.10027746  0.29881601  0.00118063 -0.26836523 -0.18328743	0.20369973 0.13295661 3.90664901	-0.02925283 -0.02132258  0.00010591	-0.02860571 -0.01802929 -0.00053488	-0.00402597 -0.00086901 -0.99999152	0.35000000	0.00000000	0.00000000	0.69724214	-1.74415052	-0.13166964	0.39184746	1.26403427	-0.11666893	-2.53394270	-2.60550189	1.94592023	-5.00458860	4.69796515	-0.87070179	0.78997439	-0.25218442	-2.39883447	1.33153296	0.81250447	-4.14779377	-1.14153337	-1.88430572	1.99355686	6.34141254	-0.23956284	-2.13999963	
0.00801000	 0.16953322  3.45099352 -0.02048622 -0.12396727  0.01545715 -0.05085255	  -34.18362887   -76.77402303 -1008.59022741   -66.93282418   -29.30025558     4.03604649	  -3.11530718   27.26824677  -10.33294074    1.12702434   14.62157737  -20.73738839   15.98694514 -111.32979655  -32.13879328 -132.30523381   -5.95140602  -93.16919708	-0.00266212  0.11548959 -0.35590631  0.89234930 -0.57256182 -0.12151648 -0.07481598 -0.03729441 -0.24541212  0.70695612 -0.45853213 -0.00442975	 0.01020808  0.02391944 -0.83728783 -0.01873368  0.59829268 -0.19903889  0.01224132 -0.12297397  0.28833530 -0.01140450 -0.26709716 -0.18380614	 0.00150842  0.02137298 -0.84779658 -0.02088266  0.58995036 -0.19504774  0.00205143 -0.11380732  0.30253438 -0.00152464 -0.27490892 -0.17373157	0.20809942 0.13769408 3.90498087	-0.03047374 -0.02252177  0.00063617	-0.02947317 -0.02057803  0.00008543	-0.00420231 -0.00062979 -0.99999097	0.35000000	0.00000000	0.00000000	0.70191526	-1.72516811	-0.14223826	0.41137871	1.26033723	-0.11548288	-2.55751491	-2.61396098	1.94174302	-5.00139809	4.68507195	-0.87143552	0.75281441	-0.23853490	-2.36746836	1.32126462	0.81803983	-4.10620975	-1.09698987	-1.86185014	1.93721807	6.31171179	-0.24400200	-2.11191416	
0.00852900	 0.65521165  3.61124624 -0.78947938 -0.12597561  0.01063255 -0.05597460	  -35.16267256   -77.35426114 -1006.93994027   -66.79731359   -28.20926859     4.11235909	  -3.15313503   27.22607571  -10.30158772   -2.88144628   14.81654271  -20.45591579   16.16466971 -109.62547517  -31.44661463 -130.66889164   -4.98081028  -93.23030472	-0.00267474  0.11569159 -0.36295338  0.89191481 -0.56737587 -0.12299805 -0.07481776 -0.03828086 -0.24277677  0.70695988 -0.46089491 -0.00583175	-0.00202258  0.01194718 -0.74825323 -0.04875971  0.59033567 -0.14527351  0.00793985 -0.11245047  0.30417617 -0.01765642 -0.28277149 -0.14834482	-0.00211516  0.02453477 -0.81900280 -0.05645707  0.61241424 -0.16815694  0.00093820 -0.11699560  0.31094806  0.00003994 -0.27854608 -0.16299376	0.21293638 0.14246675 3.90339264	-0.03280417 -0.02359343  0.00093532	-0.03099632 -0.02225302  0.00056689	-0.00439850 -0.00036102 -0.99999026	0.35000000	0.00000000	0.00000000	0.70943081	-1.70777047	-0.15436584	0.43146613	1.25065875	-0.10642039	-2.57471609	-2.62000489	1.93448734	-5.00609493	4.68237400	-0.87034345	0.71321738	-0.21876377	-2.33954406	1.31210792	0.83035284	-4.06678104	-1.05300248	-1.83507311	1.89594364	6.28218317	-0.24367566	-2.08776021	
0.00802800	 1.01572687  3.46453897 -1.25733553 -0.12086346  0.01513257 -0.05448448	  -36.26895898   -78.39005852 -1005.41515222   -66.66393476   -27.23908040     4.26387160	  -2.71326993   26.68612641  -11.09521472   -5.26497225   15.43354180  -20.65193813   16.10836740 -109.60002422  -31.01651163 -129.96763167   -3.89525127  -92.86302567	-0.00266920  0.11595465 -0.36937874  0.89110609 -0.56224908 -0.12420606 -0.07480957 -0.03925638 -0.24026429  0.70695179 -0.46315570 -0.00715314	 0.01710183  0.05588020 -1.16090303 -0.18128735  0.97353617 -0.19200557  0.03856240 -0.16001269  0.47597848 -0.05671613 -0.40663252 -0.26254119	-0.00020814  0.03282320 -0.80057164 -0.10876960  0.64813482 -0.14740760  0.00270677 -0.12189170  0.31596475 -0.00377406 -0.28372161 -0.16519496	0.21752221 0.14711426 3.90201991	-0.03434638 -0.02406046  0.00112062	-0.03274717 -0.02327829  0.00087585	-0.00458943 -0.00009149 -0.99998946	0.35000000	0.00000000	0.00000000	0.71694857	-1.69496405	-0.16553812	0.44818997	1.23960066	-0.09568043	-2.59423900	-2.62494826	1.92430305	-5.01367235	4.68079376	-0.86157286	0.68329704	-0.20254591	-2.31464505	1.30802572	0.84239155	-4.02323389	-1.01203132	-1.80608106	1.86843169	6.25287247	-0.24881585	-2.07672524	
0.00844200	 1.03760568  3.36884514 -1.75304257 -0.11734158  0.00261533 -0.05425804	 -36.13197088  -78.34127110 -999.71413600  -66.24874816  -26.27756056    3.91401359	  -2.82486198   26.45211047  -10.09509532   -7.22100535   15.24412407  -20.79017609   15.47751375 -108.60870957  -31.44701045 -128.91085821   -3.17940659  -91.80299222	-0.00267059  0.11627064 -0.37597632  0.88974142 -0.55650985 -0.12532449 -0.07481982 -0.04036233 -0.23753042  0.70695526 -0.46561762 -0.00850045	 0.00645556  0.05470203 -0.78173260 -0.20784006  0.68926554 -0.14105594  0.00236455 -0.11830220  0.34486781 -0.01827764 -0.28229931 -0.13303976	-0.00083934  0.03788929 -0.77659322 -0.17281933  0.68363000 -0.12988442 -0.00204992 -0.12899622  0.32427673 -0.00174245 -0.29090274 -0.15769693	0.22253515 0.15211965 3.90032122	-0.03575994 -0.02438207  0.00124187	-0.03434129 -0.02390871  0.00108605	-0.00479545  0.00020697 -0.99998848	0.35000000	0.00000000	0.00000000	0.72256005	-1.67725646	-0.17186837	0.47057453	1.23279309	-0.08807122	-2.62861896	-2.63067532	1.92173123	-5.01378679	4.67146397	-0.85804808	0.64129692	-0.18366648	-2.28184271	1.31924236	0.84975505	-3.97889972	-0.96756500	-1.78151107	1.82643247	6.22682858	-0.25411063	-2.05202937	
0.00802300	 0.90284847  3.22642531 -2.17517591 -0.11202520 -0.00297484 -0.05171477	 -35.65351124  -78.81955195 -997.72994566  -66.07275051  -25.04697780    3.55091624	  -2.53823123   25.87469518   -9.57535977   -8.87559927   16.34824625  -20.82508343   15.48921807 -107.64821124  -32.09144778 -128.36958233   -1.93494668  -91.44337142	-0.00265884  0.11660455 -0.38188286  0.88788637 -0.55080395 -0.12621491 -0.07481280 -0.04147017 -0.23490131  0.70695739 -0.46798367 -0.00972922	 0.00205299  0.03765270 -0.71758778 -0.30232396  0.73891830 -0.08854780 -0.02566557 -0.15160636  0.34199146 -0.01959500 -0.30098511 -0.15474462	 0.00183106  0.04198818 -0.73487488 -0.24433079  0.71840548 -0.10753996 -0.00166596 -0.13841343  0.32957338 -0.00167937 -0.29540563 -0.15146125	0.22725213 0.15689547 3.89873423	-0.03696783 -0.02412526  0.00134525	-0.03569313 -0.02413195  0.00122830	-0.00498981  0.00049831 -0.99998743	0.35000000	0.00000000	0.00000000	0.73034143	-1.65831292	-0.18049030	0.48893610	1.22592950	-0.07298525	-2.66440010	-2.63894677	1.91673517	-5.01508665	4.66356659	-0.85072339	0.60490054	-0.16294657	-2.25213075	1.33022857	0.85950559	-3.93113351	-0.92120320	-1.75533628	1.78850472	6.20095253	-0.25834316	-2.02601910	
0.00800500	 0.85158827  2.97727777 -2.54730847 -0.10579294 -0.00297989 -0.04688471	 -36.29617211  -79.36237576 -995.67471305  -65.91668566  -24.34072459    3.44815439	  -2.71966481   25.75077653   -9.48706653  -10.41944566   17.43727210  -21.26990467   15.03434234 -106.52561784  -32.13437656 -127.45399106   -1.31669259  -91.13659644	-0.00266687  0.11698045 -0.38748740  0.88543273 -0.54475238 -0.12700768 -0.07480978 -0.04263899 -0.23224449  0.70696965 -0.47040262 -0.01090734	 0.00355935  0.05144473 -0.64701371 -0.35608889  0.74911353 -0.10161786  0.00455093 -0.13707859  0.31625515  0.01002830 -0.29749040 -0.16100925	 0.00119207  0.04787974 -0.69345209 -0.32004079  0.76420979 -0.09715657 -0.00079056 -0.14617229  0.33320579  0.00284121 -0.30237268 -0.14833787	0.23201350 0.16159016 3.89714686	-0.03862922 -0.02352504  0.00142740	-0.03711034 -0.02389674  0.00133135	-0.00518025  0.00080101 -0.99998626	0.35000000	0.00000000	0.00000000	0.73941052	-1.63797474	-0.18917112	0.50899118	1.22382796	-0.05448398	-2.70482850	-2.65256143	1.91806161	-5.01899672	4.65513229	-0.84040987	0.56820500	-0.14338012	-2.22354579	1.34876740	0.86915493	-3.88302469	-0.87718350	-1.72969508	1.75442231	6.18250561	-0.26559982	-2.00181174	
0.00847500	 0.99350236  2.93143160 -2.87440039 -0.10208016 -0.00617345 -0.04712090	 -36.96251369  -79.73865065 -992.36742658  -65.65999354  -23.34217032    3.35474942	  -2.76911976   25.06252933   -9.39657866  -12.02319349   17.31757499  -21.02409881   14.67680043 -105.77457643  -31.98516827 -126.76937976   -0.29411073  -90.42731845	-0.00266910  0.11738922 -0.39307840  0.88207443 -0.53791485 -0.12775116 -0.07481408 -0.04392645 -0.22936921  0.70696873 -0.47301454 -0.01210345	-0.00400744  0.01653563 -0.63008979 -0.48762749  0.85268448 -0.06114158 -0.03238590 -0.14376280  0.38412357  0.00464259 -0.31468199 -0.15941980	-0.00021090  0.04725290 -0.65205810 -0.41494152  0.81737256 -0.08488114 -0.00370149 -0.15358002  0.34404696  0.00222524 -0.31128897 -0.14316123	0.23715451 0.16671421 3.89534531	-0.04001522 -0.02276835  0.00152266	-0.03865879 -0.02335093  0.00143168	-0.00537672  0.00113599 -0.99998490	0.35000000	0.00000000	0.00000000	0.74741411	-1.61905169	-0.19898760	0.53051192	1.21222472	-0.03737273	-2.74585223	-2.65387559	1.91398096	-5.01794624	4.64250326	-0.82640839	0.52589053	-0.12171655	-2.19291139	1.36992097	0.87752098	-3.83054709	-0.83021998	-1.69605875	1.72910178	6.15147305	-0.27064297	-1.98262250	
0.00801200	 0.81890197  2.78116441 -2.93910811 -0.09768417 -0.01135761 -0.04468297	 -36.16185696  -80.50340670 -990.29425771  -65.45597240  -21.68017918    2.93767109	  -2.73445524   24.91619503   -9.00589399  -12.13717838   17.37029716  -21.23940527   14.28865609 -105.23738933  -32.54013471 -125.49918798    1.35768274  -89.92401159	-0.00267201  0.11780650 -0.39797771  0.87818723 -0.53107658 -0.12834221 -0.07479885 -0.04521866 -0.22663759  0.70696525 -0.47552071 -0.01316258	-0.01076621  0.02918374 -0.59520306 -0.54917911  0.87963609 -0.06774736  0.01698151 -0.17724273  0.36616470  0.02624477 -0.32876485 -0.16160091	-0.00121647  0.04909941 -0.60575618 -0.50200180  0.86299873 -0.07175256  0.00203163 -0.16262057  0.34432265  0.00195834 -0.31696887 -0.13374497	0.24192050 0.17164487 3.89354879	-0.04119251 -0.02164107  0.00161779	-0.03995928 -0.02256583  0.00152417	-0.00555418  0.00146127 -0.99998351	0.35000000	0.00000000	0.00000000	0.75539762	-1.59611058	-0.20834461	0.54588801	1.20739722	-0.01674332	-2.78675365	-2.65826440	1.91124475	-5.01330185	4.62395191	-0.81197679	0.49430469	-0.10116221	-2.16138792	1.38919353	0.88491005	-3.77288938	-0.78584135	-1.66420877	1.69655764	6.12272644	-0.27778962	-1.95869219	
0.00804000	 0.70074573  2.58361476 -3.12212796 -0.09036111 -0.01827817 -0.04151173	 -36.69413884  -81.22841495 -989.05495050  -65.35243994  -20.91913954    2.71218215	  -2.78506264   24.20421332   -8.14637381  -13.08297069   17.40757070  -21.23994452   13.12572533 -104.11540437  -32.56965657 -125.09730279    1.94323564  -89.72080100	-0.00267553  0.11824752 -0.40251019  0.87355383 -0.52384333 -0.12886191 -0.07480966 -0.04658537 -0.22386664  0.70696792 -0.47805231 -0.01414544	-0.02607321  0.05148555 -0.49504622 -0.57872494  0.81677554 -0.04410157 -0.01221875 -0.16239812  0.28131307  0.00749212 -0.26855342 -0.11544841	-0.00148596  0.05307873 -0.55177771 -0.58678046  0.89685692 -0.06136420 -0.00191749 -0.17022524  0.33987795  0.00267933 -0.31228062 -0.12108165	0.24691550 0.17663998 3.89170833	-0.04237885 -0.02104609  0.00173587	-0.04118994 -0.02173233  0.00162650	-0.00572437  0.00179598 -0.99998200	0.35000000	0.00000000	0.00000000	0.76624799	-1.57251835	-0.21859033	0.56445622	1.20716345	0.00571510	-2.83066940	-2.66534996	1.91369915	-5.00975513	4.60792542	-0.79795814	0.46028924	-0.07491420	-2.13122034	1.41706562	0.89280409	-3.72544694	-0.74475187	-1.63766456	1.66743255	6.10120058	-0.28132692	-1.93108881	
0.00848800	 0.61855079  2.40016485 -3.31815129 -0.08153127 -0.02220969 -0.03840219	 -39.50447045  -82.21446657 -988.53789492  -65.38315674  -22.09825967    2.91756925	  -2.97458054   22.99853098   -7.45134065  -14.12875412   17.64413819  -20.94639090   13.13103228 -103.00794601  -32.74414637 -125.51110819    0.68890427  -89.68618059	-0.00266907  0.11870401 -0.40685794  0.86779064 -0.51572754 -0.12931014 -0.07479679 -0.04809957 -0.22083866  0.70696210 -0.48083769 -0.01515664	-0.01518370  0.04839131 -0.45401230 -0.64812866  0.90503038 -0.05126239  0.00419264 -0.19098029  0.33345597 -0.00969882 -0.30800737 -0.11139450	-0.00062142  0.05189802 -0.50017504 -0.69036831  0.95707391 -0.05001743  0.00195320 -0.17936238  0.35534102 -0.00033301 -0.32643787 -0.11737610	0.25276234 0.18212604 3.88975142	-0.04322532 -0.02132612  0.00183086	-0.04231315 -0.02135983  0.00173368	-0.00590389  0.00216038 -0.99998024	0.35000000	0.00000000	0.00000000	0.77797633	-1.55226910	-0.22465640	0.58740485	1.20192933	0.02971508	-2.88502979	-2.66972947	1.91427541	-5.00911427	4.59224987	-0.78099656	0.41287410	-0.04971032	-2.10417318	1.46614683	0.90145820	-3.68122387	-0.70122153	-1.60602343	1.65022051	6.08043528	-0.28308600	-1.90557396	
0.00850700	 0.44054647  1.99675519 -3.19426187 -0.06919252 -0.03020382 -0.03255966	 -38.11551727  -82.17300689 -986.55284091  -65.18119331  -20.57197987    2.40983847	  -3.33475950   22.36526155   -7.35138593  -13.41829991   16.77914889  -21.34050596   11.82657164 -101.90936542  -34.48778829 -124.81306082    2.54460457  -88.75512028	-0.00266631  0.11915277 -0.41070936  0.86111411 -0.50719034 -0.12959755 -0.07479352 -0.04969150 -0.21777266  0.70696128 -0.48366230 -0.01615291	 0.01362949  0.04115647 -0.38777002 -0.74951205  0.91523791 -0.03103825  0.00816698 -0.18035440  0.33992155  0.01147971 -0.27502411 -0.11794329	 0.00136738  0.05214146 -0.44142416 -0.79219789  1.00109822 -0.03178920  0.00112846 -0.18787167  0.35901481  0.00085920 -0.32797742 -0.11554210	0.25832562 0.18777068 3.88774510	-0.04403568 -0.01998328  0.00192487	-0.04322754 -0.02088441  0.00183145	-0.00608039  0.00253154 -0.99997831	0.35000000	0.00000000	0.00000000	0.78595930	-1.52264774	-0.23315592	0.60408926	1.19842172	0.05063055	-2.93854904	-2.67299819	1.91447794	-4.99731779	4.55992365	-0.76197815	0.37989572	-0.02548177	-2.06725240	1.50148940	0.90476507	-3.61986923	-0.65696168	-1.57302713	1.61774409	6.04885244	-0.28907031	-1.87567294	
0.00847700	 0.07686414  1.40724959 -3.28947547 -0.05173268 -0.03755379 -0.02149437	 -38.59292339  -81.99170491 -983.14897622  -64.94310803  -20.26609684    2.22496709	  -3.41414172   21.04828060   -6.18677412  -13.45330261   17.34577122  -21.87121034   11.12218235 -100.20891595  -34.90988085 -124.83804676    2.61074443  -87.84137511	-0.00267210  0.11955436 -0.41405480  0.85355778 -0.49824898 -0.12984349 -0.07478841 -0.05138130 -0.21466072  0.70696777 -0.48657650 -0.01704397	 0.01254000  0.05020687 -0.39068014 -0.96865212  1.08065223 -0.03403308  0.00724047 -0.21618340  0.36058899  0.01262648 -0.36250653 -0.11451537	 0.00038629  0.04734599 -0.39898475 -0.92977580  1.08989764 -0.02923833  0.00142701 -0.20910651  0.37885544  0.00165447 -0.35435586 -0.10876327	0.26286698 0.19187489 3.88600258	-0.04470602 -0.01887356  0.00202336	-0.04401687 -0.01983597  0.00192751	-0.00624467  0.00290909 -0.99997627	0.35000000	0.00000000	0.00000000	0.79466164	-1.50027370	-0.23687196	0.63152289	1.20433307	0.07894249	-3.01779032	-2.68703890	1.92731094	-4.99047232	4.53419399	-0.73881769	0.32749674	-0.00664089	-2.03498292	1.56359541	0.90592623	-3.56235003	-0.60600120	-1.54017949	1.58768415	6.03500271	-0.29885411	-1.84200919	
0.00848400	-0.56503402  0.94657699 -3.19160170 -0.03822065 -0.06322790 -0.01474214	 -33.85917166  -81.63758755 -982.35414803  -64.75547862  -17.13350021    0.90734854	  -3.67090955   20.84971517   -4.36600421  -12.38792275   16.23636277  -22.29951540    9.76291794  -98.06045103  -38.03525630 -123.32125124    5.61886723  -87.42371392	-0.00266560  0.11994615 -0.41688712  0.84510108 -0.48891668 -0.13013078 -0.07479208 -0.05313920 -0.21150738  0.70695492 -0.48950810 -0.01784486	 0.00580656  0.07115136 -0.30517619 -1.08894739  1.13370127 -0.04456098  0.00537782 -0.20247620  0.38747718  0.00775460 -0.33564845 -0.10829969	 0.00134112  0.04641753 -0.32716495 -1.02380676  1.11439372 -0.03587253  0.00095633 -0.20961120  0.37584027 -0.00145149 -0.34928679 -0.09473140	0.26805958 0.19752559 3.88380242	-0.04680414 -0.01559003  0.00206744	-0.04525007 -0.01798595  0.00201396	-0.00639132  0.00329801 -0.99997414	0.35000000	0.00000000	0.00000000	0.79811919	-1.45868444	-0.24326469	0.64374399	1.22034979	0.10265232	-3.07592869	-2.69859457	1.93896556	-4.96664858	4.48751307	-0.72465110	0.30199635	0.01495749	-1.99413931	1.59890091	0.90285808	-3.49776745	-0.56336570	-1.51237965	1.53647363	6.00516272	-0.30936623	-1.79160762	
0.00800000	-1.17443990  0.84139091 -3.18896302 -0.02619089 -0.07033282 -0.01054019	 -35.93690997  -82.30494310 -981.73950598  -64.74231186  -17.57946907    0.91531572	  -3.61939874   18.09472299   -2.81934987  -11.67430977   17.15375170  -20.92982030    8.97374086  -97.19123316  -37.46716511 -123.86568806    4.68341589  -87.14750266	-0.00267913  0.12024861 -0.41907068  0.83635868 -0.47979567 -0.13036796 -0.07479009 -0.05488705 -0.20850622  0.70696322 -0.49232530 -0.01851409	-0.01206758  0.02368363 -0.26161866 -1.24025685  1.21514269 -0.03389995 -0.01787350 -0.23692969  0.39219656  0.02366558 -0.36899929 -0.10617916	-0.00254584  0.03584513 -0.26472208 -1.11366256  1.14919351 -0.02570814 -0.00037205 -0.21967897  0.37944143  0.00109932 -0.35289565 -0.08470918	0.27356760 0.20334668 3.88154492	-0.04724347 -0.01461311  0.00215677	-0.04647406 -0.01599723  0.00208122	-0.00650999  0.00367570 -0.99997205	0.35000000	0.00000000	0.00000000	0.81057084	-1.44499469	-0.25287557	0.66422808	1.22813654	0.13490735	-3.13917017	-2.70352602	1.95037162	-4.96337748	4.47039843	-0.69782484	0.25689745	0.04718285	-1.96832788	1.65899014	0.90490746	-3.46112347	-0.52403724	-1.48873186	1.51812899	5.99084473	-0.30381653	-1.75839102	
0.00800400	-1.55077577  0.47051713 -3.13764988 -0.01548659 -0.08367169 -0.00414251	 -36.45206153  -83.23710937 -981.01368286  -64.71650688  -17.89733884    0.59351325	  -3.54603739   17.87430024   -1.58847833  -11.31403121   16.49602215  -21.39364615    8.11980357  -95.93214083  -39.10914215 -124.51513299    4.35478392  -86.97256029	-0.00266350  0.12048830 -0.42075207  0.82685051 -0.47032196 -0.13048809 -0.07478864 -0.05671966 -0.20545528  0.70696011 -0.49521207 -0.01910749	 0.02956222  0.02424039 -0.16574883 -1.24026738  1.18020230 -0.02905537 -0.01751749 -0.21089719  0.40047576  0.00500353 -0.34374141 -0.05988516	 0.00294789  0.02865251 -0.20113323 -1.20712615  1.19137517 -0.01482642 -0.00008318 -0.22939822  0.38510498  0.00051252 -0.36126236 -0.07440910	0.27937112 0.20928309 3.87922073	-0.04776562 -0.01389791  0.00223531	-0.04713172 -0.01487301  0.00215865	-0.00662397  0.00405565 -0.99996984	0.35000000	0.00000000	0.00000000	0.82219625	-1.41369545	-0.25683495	0.68170309	1.23323655	0.16319862	-3.19761062	-2.70764232	1.95656669	-4.94504881	4.43454695	-0.67563629	0.22120477	0.07375316	-1.93667197	1.71590805	0.90649581	-3.40816069	-0.48925471	-1.46004868	1.49036443	5.96745920	-0.30707100	-1.72201169	
0.00800400	-1.94327944 -0.18400416 -3.00814699  0.00563508 -0.09926703  0.00682423	 -36.44429506  -83.20261666 -979.83545371  -64.63384745  -17.76769365    0.25835044	  -4.13123302   16.00735313   -0.37847084  -10.33200887   15.48122746  -21.38825867    7.37697300  -94.03760457  -40.57443476 -124.82676390    4.53470381  -86.47776258	-0.00268330  0.12063658 -0.42189973  0.81659108 -0.46058287 -0.13053660 -0.07479204 -0.05865472 -0.20235729  0.70696780 -0.49816519 -0.01966799	-0.02846199  0.01428862 -0.13679567 -1.44392966  1.28234437 -0.02407999 -0.00450673 -0.26348546  0.38834877  0.03037227 -0.39017853 -0.07122246	-0.00255376  0.01805410 -0.13509782 -1.29972571  1.22244533 -0.00836574 -0.00158921 -0.24466975  0.38775949  0.00254095 -0.37038757 -0.07007293	0.28530191 0.21538497 3.87682389	-0.04825635 -0.01294558  0.00233185	-0.04770296 -0.01389909  0.00224684	-0.00673100  0.00443987 -0.99996749	0.35000000	0.00000000	0.00000000	0.83297282	-1.38338959	-0.26365620	0.70335329	1.24999988	0.18820648	-3.27163839	-2.71840835	1.97663105	-4.92664051	4.39630747	-0.65114629	0.17665464	0.10056648	-1.90332341	1.77998376	0.89956421	-3.36058187	-0.45292547	-1.43798494	1.44917130	5.95176315	-0.30905867	-1.67204356	
0.00851000	-1.42802942 -0.02214880 -2.75483491  0.00020531 -0.07822956  0.00239750	 -38.65182003  -82.75113954 -979.23425308  -64.61543439  -18.47669117    0.98671749	  -3.49788127   15.04138917    1.27318443  -10.26248254   15.24060595  -21.59807622    6.47399417  -91.79271507  -41.96609709 -125.05886355    4.25466059  -85.78844154	-0.00267270  0.12069774 -0.42254578  0.80489888 -0.44994742 -0.13054718 -0.07478120 -0.06075709 -0.19900283  0.70696268 -0.50137117 -0.02018708	 0.00956240  0.00810497 -0.05521848 -1.33808019  1.21938695  0.01076303  0.01128823 -0.22195987  0.37435579  0.00226665 -0.36120527 -0.04655608	 0.00063770  0.00727978 -0.06613097 -1.38549536  1.25126298 -0.00057872  0.00071326 -0.24652499  0.39231057  0.00031887 -0.37662727 -0.05906777	0.29118150 0.22124649 3.87421617	-0.05188047 -0.00924993  0.00239172	-0.04931741 -0.01231840  0.00231864	-0.00683099  0.00486391 -0.99996484	0.35000000	0.00000000	0.00000000	0.84242773	-1.35153067	-0.26772442	0.72685003	1.25631249	0.21759665	-3.33094811	-2.72363830	1.98837793	-4.90804768	4.35904360	-0.62552488	0.13691002	0.13009544	-1.86844122	1.84349883	0.89843678	-3.30964041	-0.41727403	-1.41196203	1.42277491	5.92745352	-0.30852523	-1.63220620	
0.00846300	 0.01417358 -0.05770804 -1.74292915  0.00270526 -0.01616804 -0.00103625	 -43.78893033  -82.81534541 -986.51752021  -65.12422531  -19.63210568    3.29231863	  -3.84844370   12.18305135    3.30054715   -8.63228781   14.02271470  -21.71923032    5.21019970  -90.91640329  -42.90998954 -124.80184686    4.39981982  -85.32064557	-0.00268074  0.12072971 -0.42280267  0.79251273 -0.43908236 -0.13056136 -0.07477483 -0.06292971 -0.19567589  0.70695637 -0.50465126 -0.02061133	-0.01673212  0.00807714  0.00567766 -1.53571498  1.30717449 -0.00028807  0.03562343 -0.25088359  0.40628251 -0.02613042 -0.40690762 -0.03999992	-0.00154354  0.00561353 -0.02484135 -1.47744696  1.29120993 -0.00165921  0.00355406 -0.25785682  0.39133788 -0.00106984 -0.38947063 -0.04542792	0.29479013 0.22668457 3.87261800	-0.05830812  0.00457595  0.00229915	-0.05340926 -0.00530122  0.00237040	-0.00685294  0.00533263 -0.99996230	0.35000000	0.00000000	0.00000000	0.85072315	-1.32620883	-0.27303368	0.74840033	1.27224422	0.24228708	-3.40506101	-2.73344851	2.01057315	-4.89944506	4.32662010	-0.59417510	0.09783252	0.15311120	-1.83674037	1.90994298	0.88988304	-3.26326466	-0.38815755	-1.38899863	1.39662898	5.91559839	-0.31583276	-1.59542167	
0.00803300	 137.12855103  120.42586948 -268.32558528  -14.44990604  -46.15068272  -35.37508992	 -26.06435842  -97.75778381 -858.95246066  -56.84972354  -13.32835162    8.50549530	  -3.57870839   10.05476016    9.47498032   -8.45800852   14.21232431  -21.99192661    3.42118757  -89.67886233  -42.74596348 -122.24914688    5.64256078  -85.64735770	-0.00231642  0.12038235 -0.42249135  0.78200277 -0.42711828 -0.13059804 -0.07482370 -0.06493471 -0.19258659  0.70685775 -0.50769410 -0.02123283	 0.09955462 -0.09404461  0.06679980 -1.10487642  1.71414549 -0.03075025 -0.00341081 -0.21905635  0.38893861 -0.02304291 -0.34392936 -0.09501267	 0.06283692 -0.06027928  0.05975336 -1.23456277  1.57473972 -0.00941380 -0.00684289 -0.24655522  0.38683040 -0.01742134 -0.37642550 -0.09280958	0.30112903 0.22681567 3.88091010	-0.05979262  0.02390108  0.01147578	-0.05706044  0.00839128  0.00552830	-0.00673239  0.00580674 -0.99996048	0.35000000	0.00000000	0.00000000	0.86444265	-1.31417561	-0.26901811	0.75245661	1.28434110	0.28280026	-3.44779110	-2.71915150	2.03114462	-4.83377552	4.27527285	-0.57951450	0.09671383	0.15854917	-1.82750654	1.97604191	0.87449211	-3.21630716	-0.35208786	-1.35806787	1.39876378	5.89188433	-0.31741002	-1.58234632	
0.00800400	  72.09743216  107.32733202 -258.24189897  -14.35594887  -42.39823133  -26.14143221	 -30.12992006  -97.92626818 -818.49480893  -53.84804753   -6.41848286   14.53363405	 -12.14538943   13.54334247   -0.25366399  -18.51650812  -15.73330311  -16.70668383   10.87169001  -95.33035493  -28.50517574 -108.45281729   12.08807981  -79.96631658	-0.00155187  0.11928172 -0.42124714  0.77446559 -0.41244536 -0.13069830 -0.07491628 -0.06686293 -0.18944373  0.70658548 -0.51069609 -0.02240720	 0.10143710 -0.15502257  0.20725933 -0.84814633  1.96194903  0.00806750  0.01810513 -0.25421891  0.42047346 -0.04392589 -0.35979352 -0.16186045	 0.09122851 -0.14470822  0.16336907 -0.90456823  1.84260836 -0.00940121 -0.01001993 -0.24166463  0.39533600 -0.03570342 -0.37193013 -0.14752621	0.30612818 0.22818496 3.88440870	-0.05620152  0.02420243  0.01390911	-0.05774510  0.01896762  0.01066704	-0.00652755  0.00627575 -0.99995900	0.35000000	0.00000000	0.00000000	0.87537676	-1.27445042	-0.32083139	0.76049012	1.15073466	0.24580562	-3.35903215	-2.52436042	1.98354137	-4.68575668	4.13840580	-0.54438162	0.03968542	0.18388394	-1.78216124	1.94329357	0.84758639	-3.11082649	-0.33602473	-1.23140335	1.45765793	5.68780327	-0.29915383	-1.67202711	
0.00847800	  50.77141199   85.87479183 -225.12317067  -13.02999792  -36.46890903  -18.86614410	 -43.78894763  -93.77943831 -810.23114648  -52.63995301    5.03826551   19.26593818	 -17.08305768   18.27729601  -23.59498726  -25.71639472  -45.79516411   -9.29431330   17.85121227 -101.86680889   -6.43585434  -93.59291869   27.40558487  -72.55748081	-0.00109129  0.11756284 -0.41952038  0.76865009 -0.39670283 -0.13075722 -0.07500574 -0.06906047 -0.18592155  0.70609002 -0.51376804 -0.02347657	 0.05087277 -0.19859259  0.21763463 -0.56847547  1.74393769  0.00631435 -0.01998724 -0.26639704  0.40995492 -0.06420119 -0.31438950 -0.08431256	 0.04754314 -0.20483197  0.20594029 -0.65756770  1.83132717 -0.00499866 -0.00945612 -0.26448700  0.41853816 -0.06337689 -0.35696275 -0.11132674	0.31017380 0.23169372 3.88473897	-0.04992805  0.02282965  0.00941359	-0.05421522  0.02161901  0.01119666	-0.00632948  0.00672554 -0.99995735	0.35000000	0.00000000	0.00000000	0.88188875	-1.26696074	-0.41870150	0.76141590	0.96094757	0.20907080	-3.18256235	-2.30233574	1.89330840	-4.57368469	4.01955938	-0.45557255	0.00682833	0.22578247	-1.72461259	1.77764130	0.82011485	-2.97488356	-0.33394206	-1.08630836	1.51815403	5.42359829	-0.24918084	-1.81212234	
0.00850700	  53.85426733   72.61457055 -185.30732967  -10.97056380  -30.08134367  -15.63456172	 -55.17635508 -105.08777135 -838.72171952  -54.01025244   18.66843570   19.51759118	 -14.22204007   23.58424670  -38.33855204  -31.53702904  -56.38001615   -4.89710145   19.85626992 -104.95581794   11.90223297  -80.28083056   43.65643197  -73.31198597	-0.00090155  0.11554395 -0.41773339  0.76469763 -0.38265807 -0.13078677 -0.07504340 -0.07146930 -0.18222406  0.70530688 -0.51666906 -0.02392967	 0.00193805 -0.24831050  0.21970762 -0.36244053  1.50715475 -0.02544022  0.00938899 -0.27613014  0.43529286 -0.09404564 -0.33911227 -0.02977545	 0.01965657 -0.24040531  0.21002546 -0.43504986  1.61013643 -0.00463381 -0.00387530 -0.28463393  0.43774702 -0.09621895 -0.33912221 -0.04902421	0.31362074 0.23494944 3.88416101	-0.04943806  0.02062039  0.00650636	-0.05096159  0.02157379  0.00874056	-0.00614406  0.00714374 -0.99995561	0.35000000	0.00000000	0.00000000	0.88451165	-1.26985610	-0.51368022	0.71937615	0.89474660	0.23918083	-2.99642396	-2.20303750	1.83682334	-4.52433538	3.97210193	-0.38478455	0.06752527	0.25390014	-1.70208752	1.55374467	0.81302649	-2.87249041	-0.33967823	-0.99153668	1.50414693	5.25788546	-0.20428841	-1.88064587	
0.00803900	  57.14349374   71.23291530 -177.93079476  -10.59519249  -28.61992471  -15.02101479	 -58.06027915 -113.51512018 -852.14719849  -54.49190616   29.96952294   19.55790125	 -11.51711855   27.74402249  -45.26823536  -43.79890887  -56.31009704   -2.19511646   19.68211557 -107.50965881   22.82819466  -71.36244793   55.40054324  -76.77159733	-0.00082763  0.11354057 -0.41606101  0.76227661 -0.37157084 -0.13078343 -0.07506923 -0.07382372 -0.17854572  0.70429574 -0.51922010 -0.02408867	 0.02077913 -0.24733632  0.17739467 -0.23236907  1.20321326  0.01129525 -0.02514078 -0.27785783  0.45133756 -0.12136212 -0.30195833  0.00032696	 0.00954883 -0.24957197  0.20617872 -0.28257876  1.33833564  0.00029743 -0.00535952 -0.29045414  0.45819872 -0.12852327 -0.31509115 -0.01797517	0.31663362 0.23746329 3.88427185	-0.05222661  0.01740259  0.00578879	-0.05098471  0.01979212  0.00702357	-0.00599169  0.00755003 -0.99995355	0.35000000	0.00000000	0.00000000	0.88629919	-1.25778782	-0.58750629	0.66795874	0.90451699	0.28490022	-2.84779835	-2.18142557	1.80529356	-4.50305033	3.96177578	-0.34223095	0.13179946	0.28032458	-1.68971717	1.36412835	0.81924802	-2.80564332	-0.33695477	-0.93608087	1.45191276	5.14626694	-0.17716201	-1.89050615	
0.00844800	  57.14875107   71.95761249 -183.76562253  -10.94440260  -29.14192424  -14.82065299	 -57.88279267 -118.12003228 -854.68842979  -54.38356008   37.71904491   19.49816758	  -8.80731309   29.25470996  -48.48638150  -55.26707603  -51.21330956   -0.14683308   20.40267010 -108.03496051   28.71352574  -66.12696777   62.02374798  -77.90783226	-0.00080315  0.11138405 -0.41419404  0.76060711 -0.36188379 -0.13079146 -0.07506528 -0.07637316 -0.17442271  0.70289704 -0.52176440 -0.02417468	-0.00985879 -0.22031385  0.21232724 -0.15681388  1.01930667  0.01471998 -0.01406641 -0.28382659  0.48286911 -0.18780438 -0.29698433  0.00048626	 0.00170938 -0.25424400  0.22057478 -0.18679278  1.11136085 -0.00118377 -0.00007670 -0.30224486  0.49067435 -0.17082994 -0.30013326 -0.00980548	0.31975873 0.23983985 3.88549064	-0.05588196  0.01349009  0.00563020	-0.05322959  0.01673164  0.00615987	-0.00586070  0.00801071 -0.99995074	0.35000000	0.00000000	0.00000000	0.88682407	-1.24535978	-0.63630784	0.64494789	0.92870289	0.32623655	-2.75795245	-2.18566179	1.79348445	-4.48426723	3.95739293	-0.30987671	0.15490018	0.31080034	-1.67088735	1.25654674	0.81804985	-2.75864768	-0.31454173	-0.90793228	1.38594222	5.06240606	-0.15103264	-1.86630201	
0.00803300	  54.40791317   74.80231816 -200.07423191  -11.89946334  -31.31371999  -14.93459991	 -53.84346365 -118.90311675 -841.67911156  -53.28787584   44.21509332   18.74911091	  -6.44609422   30.44455373  -50.62787889  -65.29143745  -45.88836864    1.91837554   20.02390906 -106.19942951   30.89152867  -59.85042834   67.18090421  -77.14484268	-0.00078745  0.10929692 -0.41228485  0.75957758 -0.35441426 -0.13079785 -0.07506834 -0.07877357 -0.17030604  0.70123124 -0.52402003 -0.02418951	-0.01545514 -0.27778656  0.25132559 -0.09631000  0.84499478 -0.02622997  0.02593685 -0.29224769  0.49583920 -0.22287788 -0.27906583 -0.00471940	 0.00146620 -0.25992705  0.23943184 -0.12368083  0.90759350 -0.00318397  0.00075713 -0.29973896  0.51276392 -0.21156221 -0.27897977 -0.00041998	0.32213189 0.24158729 3.88731211	-0.05972794  0.01142052  0.00551780	-0.05635162  0.01383872  0.00579343	-0.00576241  0.00847426 -0.99994749	0.35000000	0.00000000	0.00000000	0.87993866	-1.22368097	-0.67405128	0.63704056	0.95106775	0.35970384	-2.68991566	-2.19526410	1.78775573	-4.45971251	3.94070935	-0.28311375	0.15250635	0.34208038	-1.64142132	1.18114793	0.80952257	-2.71235800	-0.27773559	-0.88862586	1.30577695	4.97753525	-0.12133564	-1.82382822	
0.00848900	  50.42319160   75.75169197 -215.93018831  -12.83434843  -33.45318581  -14.73948714	 -50.50044396 -119.12161116 -829.08382196  -52.26877612   49.28468425   17.71136720	  -4.76472092   29.63133001  -50.69260126  -73.26877347  -40.32696775    4.26246969   20.25734050 -104.55329061   32.95000193  -55.74404822   71.01663691  -75.81894255	-0.00078780  0.10707265 -0.41006254  0.75868028 -0.34771653 -0.13080184 -0.07507122 -0.08135125 -0.16569230  0.69910064 -0.52630666 -0.02420773	 0.00933187 -0.26613133  0.27157820 -0.10456594  0.69631975 -0.01063625  0.01572179 -0.28996412  0.54320524 -0.27770714 -0.24872078 -0.01051369	-0.00044566 -0.26338641  0.26728006 -0.10535606  0.76928006 -0.00332290  0.00174504 -0.30340269  0.54718858 -0.25780847 -0.26601734 -0.00090472	0.32450675 0.24332075 3.88979855	-0.06245111  0.00917636  0.00539841	-0.05967910  0.01141774  0.00557662	-0.00567466  0.00899548 -0.99994344	0.35000000	0.00000000	0.00000000	0.87152982	-1.20991635	-0.70225245	0.64232391	0.96672553	0.39267644	-2.64915895	-2.19706511	1.78813446	-4.43514585	3.92895365	-0.25540909	0.13392058	0.36994222	-1.61364901	1.13775706	0.79563242	-2.66817904	-0.23548204	-0.86954015	1.24304497	4.90119934	-0.09580622	-1.78313243	
0.00850400	 229.82331278  182.31225659 -745.70820288  -50.77996613   55.22637750   -6.04360816	 -34.78272863 -114.71275289 -647.06102854  -40.61685260   49.44266761   20.34530417	  -3.02677425   29.62573647  -51.59323181  -78.67065430  -35.72772208    6.27298238   20.06955033 -102.02334499   32.80334295  -49.47398137   75.28592366  -73.41022718	-0.00077077  0.10453335 -0.40766814  0.75798793 -0.34307201 -0.13057949 -0.07507905 -0.08409249 -0.16097528  0.69637023 -0.52825865 -0.02438711	 0.01202897 -0.36481273  0.27350974 -0.04088880  0.29157575  0.08591719  0.00130426 -0.33725051  0.53238576 -0.38179078 -0.16945168 -0.07969874	 0.00277290 -0.32140047  0.28286941 -0.06902599  0.44689092  0.04316378  0.00024034 -0.33479084  0.55147416 -0.34664910 -0.21162349 -0.03546050	0.31103088 0.24398251 3.91986349	-0.00019939  0.04371700  0.00230763	-0.04313320  0.02042082  0.00410653	-0.00548978  0.00934001 -0.99994131	0.35000000	0.00000000	0.00000000	0.87449700	-1.18995464	-0.72522902	0.61831796	1.02685928	0.40133157	-2.61895466	-2.21002698	1.79767263	-4.30428123	3.85186410	-0.23471668	0.10970046	0.41456407	-1.58522606	1.10518324	0.74559975	-2.65896678	-0.17305562	-0.88453805	1.05642080	4.81421518	-0.00305462	-1.67250919	
0.00851600	 189.82347285  166.47366818 -684.62243190  -46.17607466   42.83632258   -9.52184355	 -40.40618841  -94.60575601 -602.31271029  -37.72868783   42.30005470   23.90791210	  0.38782801  37.89374661 -45.14113025 -72.05481511 -25.38031746   8.88861255  21.07701644 -84.38249373  44.49902865 -54.30726197  84.31049055 -65.08726037	-0.00075750  0.10125335 -0.40513736  0.75778090 -0.34294969 -0.12969914 -0.07509040 -0.08726304 -0.15618219  0.69224557 -0.52924418 -0.02496067	 0.00460324 -0.40226405  0.29329615  0.02167910 -0.16426968  0.11899270  0.03509204 -0.36050793  0.53547416 -0.52406678 -0.06978961 -0.06816273	 0.00183781 -0.38755801  0.30013591 -0.01478646 -0.04762821  0.11086268  0.00194413 -0.36869927  0.57107385 -0.51089655 -0.09993393 -0.06546946	0.29672039 0.24086085 3.94832432	0.02501252 0.05753058 0.00118587	-0.00183932  0.04276251  0.00282800	-0.00502878  0.00917536 -0.99994526	0.35000000	0.00000000	0.00000000	0.87758541	-1.23006976	-0.71472383	0.64070028	1.00307500	0.46819085	-2.50587416	-2.17365813	1.77522218	-4.18737268	3.81818223	-0.22347605	0.16269395	0.50543594	-1.53302860	0.98227417	0.71123987	-2.64808965	-0.12427328	-0.91861033	0.94120055	4.75049353	0.11989851	-1.62034738	
0.00800500	 148.55609706  151.36392738 -620.90246998  -41.55661862   35.75811743   -8.28946694	 -40.49024790  -81.47700454 -564.37534824  -35.35377494   36.65192122   20.84817718	  2.14446624  43.87826216 -34.83862941 -75.07177469  -1.66349614   8.72211749  19.40871575 -74.44789958  42.10088736 -50.46260548  76.94296288 -59.40123743	-0.00066406  0.09815943 -0.40247360  0.75776565 -0.34527414 -0.12857541 -0.07511861 -0.09016007 -0.15111585  0.68694768 -0.52940369 -0.02545270	 0.02062899 -0.34680534  0.31053049  0.00001294 -0.35683393  0.14701187 -0.00744670 -0.29342562  0.61706227 -0.67429737  0.03464449 -0.05934463	 0.01100361 -0.37992526  0.33253252 -0.00346045 -0.31068595  0.13944192 -0.00316632 -0.35228690  0.63798294 -0.67704603 -0.00836575 -0.05687500	0.28817170 0.23452938 3.96351908	 0.00704205  0.05653029 -0.00054277	0.00920944 0.05195466 0.00107261	-0.00456771  0.00903474 -0.99994875	0.35000000	0.00000000	0.00000000	0.86287999	-1.25475717	-0.68012500	0.67857158	0.99686265	0.52599323	-2.41802001	-2.21070457	1.76850367	-4.19079971	3.86857653	-0.21581200	0.16446754	0.55449784	-1.51018322	0.97430331	0.71117443	-2.66164947	-0.06411776	-0.95757663	0.88475323	4.74747276	0.21274164	-1.58416510	
0.00851100	 116.00875931  132.34071968 -540.13471525  -35.95523652   30.11692869   -9.06138527	 -37.95983082  -77.99090303 -554.06911960  -34.72424415   35.22390847   18.96467242	  0.88072976  37.03697419 -28.80566156 -74.32675272   9.51998658  11.72629899  20.82995414 -70.77096057  33.03663154 -41.93224992  71.17228103 -54.48649061	-0.00051955  0.09512124 -0.39945003  0.75775248 -0.34890757 -0.12730238 -0.07511729 -0.09302216 -0.14525058  0.68025315 -0.52901932 -0.02569464	 0.03212238 -0.33669077  0.34475605 -0.02249797 -0.43000655  0.14905212  0.01359898 -0.29156814  0.68220380 -0.77240458  0.06186281 -0.04271345	 0.01813107 -0.35044744  0.35278191 -0.00426378 -0.43093601  0.15298083  0.00049561 -0.32711183  0.68862313 -0.78932441  0.05335797 -0.02656151	0.28073927 0.22856003 3.97057934	-0.00886571  0.05338186 -0.00142721	 0.00100097  0.05373261 -0.00035707	-0.00410059  0.00905337 -0.99995061	0.35000000	0.00000000	0.00000000	0.83400911	-1.26375520	-0.66514617	0.71260035	1.00119174	0.52005059	-2.41484427	-2.23012900	1.78858340	-4.20617199	3.88720274	-0.20393510	0.10757431	0.57790500	-1.48750257	1.02503288	0.67680550	-2.68348074	-0.00669337	-0.98618436	0.82608086	4.72915220	0.27533719	-1.52604556	
0.00845400	 101.07157389  122.28923698 -496.95446137  -32.91548592   27.18413622   -8.42481908	 -37.36756951  -76.35190501 -554.68310511  -34.74238464   35.68179017   17.39634499	  1.20807831  32.20294714 -26.74893226 -72.14726137  16.41184531  14.03452589  20.90859577 -67.53005481  29.36464889 -37.31565192  70.31473982 -50.88617635	-0.00037698  0.09218262 -0.39627437  0.75757757 -0.35296329 -0.12579333 -0.07512151 -0.09572842 -0.13909899  0.67285070 -0.52824902 -0.02578254	 0.01394501 -0.37104453  0.41885193 -0.05555653 -0.48963504  0.19881639 -0.01314793 -0.31077142  0.81475463 -0.96726878  0.12428166 -0.00022009	 0.01732742 -0.34517990  0.37637961 -0.02826880 -0.47639766  0.18471387 -0.00056831 -0.31609293  0.73263779 -0.88256862  0.09623672 -0.00953003	0.27396903 0.22341179 3.97347716	-0.01788295  0.05082172 -0.00184042	-0.00907153  0.05251544 -0.00123152	-0.00365844  0.00917170 -0.99995125	0.35000000	0.00000000	0.00000000	0.81597853	-1.28221369	-0.66243351	0.74639118	0.96313542	0.52627522	-2.40081286	-2.21471214	1.78752601	-4.21025515	3.90523481	-0.17396453	0.07113267	0.59745437	-1.47155261	1.04228520	0.65092647	-2.67044616	0.03880648	-0.98405230	0.81890190	4.68982458	0.32349560	-1.51465642	
0.00851800	  93.33781447  116.67296034 -480.06622272  -31.72732087   26.24322735   -7.34780418	 -33.34310443  -74.62108002 -547.73326955  -34.16358369   38.74784231   14.97030284	  2.16334512  30.63885486 -25.90145126 -69.57921325  20.42413732  14.15117557  21.33239023 -64.70334053  26.17239562 -30.66493707  71.97029704 -47.62815291	-0.00023116  0.08929194 -0.39297082  0.75713136 -0.35697062 -0.12389386 -0.07513414 -0.09831825 -0.13280745  0.66504345 -0.52716502 -0.02582052	 0.02048168 -0.30846232  0.36789824 -0.06551922 -0.43544305  0.22002546 -0.02989955 -0.27706038  0.66117662 -0.86010494  0.12077668  0.01118392	 0.01820670 -0.33567448  0.38735209 -0.05871325 -0.46318088  0.22787024 -0.00342637 -0.29958714  0.73527545 -0.91682025  0.13066505 -0.00281497	0.26676614 0.21833120 3.97418833	-0.02502611  0.05027654 -0.00196575	-0.01765586  0.05109843 -0.00168000	-0.00323083  0.00935662 -0.99995101	0.35000000	0.00000000	0.00000000	0.79639125	-1.28176939	-0.66203249	0.77256978	0.93198574	0.53359157	-2.39283442	-2.20660830	1.79437745	-4.20572853	3.90621042	-0.14587630	0.04690380	0.60255843	-1.44877076	1.04579544	0.62680316	-2.62292957	0.07758725	-0.97315812	0.79925835	4.65024757	0.34213853	-1.50162518	
0.00800900	  88.11463478  110.37736465 -471.77435597  -31.11377125   24.53745750   -6.19567299	 -31.76631187  -72.88318960 -547.25046266  -34.02861878   41.01024424   13.21273591	  3.19040619  27.29337275 -24.87928843 -68.95836735  20.59142415  13.55652882  22.06847609 -62.30126500  26.46317014 -27.73605487  73.44184685 -43.72794026	-0.00009669  0.08659323 -0.38978891  0.75643949 -0.36050812 -0.12181443 -0.07512943 -0.10066117 -0.12682200  0.65745392 -0.52592128 -0.02583049	 0.04483849 -0.29675011  0.40806750 -0.10364750 -0.40830216  0.25936099 -0.00726852 -0.28114983  0.70714967 -0.88828896  0.18416646  0.02835047	 0.01858411 -0.33445017  0.39980338 -0.09093926 -0.43634641  0.26399311 -0.00046276 -0.29033148  0.74433542 -0.94764881  0.15937642  0.00133041	0.26025086 0.21387398 3.97389548	-0.02986826  0.04891290 -0.00186305	-0.02414967  0.05012222 -0.00182383	-0.00283378  0.00957816 -0.99995011	0.35000000	0.00000000	0.00000000	0.78762543	-1.28619719	-0.66219604	0.81058985	0.89051801	0.53171587	-2.39364791	-2.18034577	1.80446613	-4.18159628	3.90270162	-0.11770126	0.01922088	0.61568362	-1.42736638	1.06439328	0.60277081	-2.58505607	0.10990966	-0.96077114	0.80776674	4.61098337	0.35870528	-1.50637317	
0.00845000	  85.14912487  106.44388989 -470.24240839  -30.98262740   23.63713946   -5.20902328	 -28.96215813  -71.04066754 -542.61607480  -33.60749539   43.69040210   11.55020579	  4.12484651  25.79609871 -25.21538234 -67.92374620  20.66467282  12.84224552  22.15214679 -59.83145857  25.69443568 -23.57865425  74.99357074 -40.24784756	 0.00001728  0.08376054 -0.38634982  0.75541491 -0.36395962 -0.11928792 -0.07514195 -0.10306143 -0.12045703  0.64923142 -0.52442638 -0.02583463	 0.01801035 -0.33455990  0.41924824 -0.13350087 -0.43321722  0.33973262 -0.03202981 -0.30652939  0.76953577 -1.01254957  0.18384267  0.03578012	 0.01528100 -0.33498775  0.41198015 -0.12559049 -0.40736863  0.30670765 -0.00274456 -0.28622963  0.75544281 -0.98079845  0.18093886  0.00250831	0.25308849 0.20914903 3.97305439	-0.03462142  0.04829779 -0.00172360	-0.02970875  0.04904904 -0.00178797	-0.00242182  0.00985355 -0.99994852	0.35000000	0.00000000	0.00000000	0.77690530	-1.28724349	-0.66377997	0.84476256	0.84368044	0.52959186	-2.38632393	-2.15435576	1.81146932	-4.15954065	3.89681196	-0.08632158	-0.00165111	0.62290770	-1.40773797	1.07787883	0.57826769	-2.53914380	0.13867703	-0.94336879	0.81188858	4.56858921	0.37351680	-1.51008570	
0.00802300	  82.62639362  102.22060261 -476.73947575  -31.40640806   23.02718192   -3.83879526	 -23.88741615  -68.34247147 -532.59728416  -32.78078025   47.57627753    9.03503771	  5.56648496  23.61574060 -24.80760983 -66.99468870  20.51849471  11.17967580  22.72327553 -56.98389125  25.06487294 -18.24065724  77.49679792 -36.69105121	 0.00011041  0.08111146 -0.38309615  0.75421856 -0.36690809 -0.11671683 -0.07513829 -0.10523616 -0.11449789  0.64141703 -0.52285949 -0.02584328	 0.00196959 -0.31496311  0.39193826 -0.15600624 -0.35895036  0.31223396 -0.00477942 -0.27402952  0.73457120 -0.97848585  0.19775147  0.01602312	 0.01063011 -0.32882544  0.40610943 -0.15185875 -0.36692231  0.32400861 -0.00220263 -0.27372253  0.74383241 -0.97882828  0.19877643  0.00100233	0.24574774 0.20474282 3.97189647	-0.03789423  0.04870343 -0.00158754	-0.03406861  0.04870881 -0.00168424	-0.00203426  0.01014511 -0.99994647	0.35000000	0.00000000	0.00000000	0.76289326	-1.27891970	-0.66589946	0.87742323	0.83241618	0.52434707	-2.40181375	-2.15336752	1.84476519	-4.13770342	3.88395095	-0.05999184	-0.02327192	0.62146199	-1.38545084	1.09796143	0.54553610	-2.49294686	0.16669720	-0.93788123	0.78905135	4.54504728	0.37037265	-1.49206090	
0.00853300	  78.71578350   99.02818607 -478.48575309  -31.43391452   20.65110722   -2.48330670	 -21.41970685  -66.58387796 -528.95478241  -32.43266590   49.88123756    7.14687668	  6.97980758  20.67433631 -23.99903671 -67.77867100  18.36765343  11.14766628  22.65986998 -54.90497565  25.84742973 -16.13042629  78.81491339 -32.77758506	 0.00020163  0.07831603 -0.37961820  0.75275151 -0.36975198 -0.11378273 -0.07514642 -0.10748451 -0.10824782  0.63311434 -0.52111231 -0.02583690	-0.01856533 -0.30999816  0.38466175 -0.16383404 -0.28989803  0.33462182 -0.01330711 -0.25719425  0.67098596 -0.92936733  0.19243293  0.03254467	 0.00825536 -0.32571940  0.40516780 -0.17306845 -0.32806832  0.34722771 -0.00288429 -0.26373795  0.72718045 -0.96933769  0.20502163  0.00252838	0.23832459 0.20049665 3.97044283	-0.03967330  0.04787410 -0.00192862	-0.03730402  0.04842786 -0.00174012	-0.00162338  0.01047600 -0.99994381	0.35000000	0.00000000	0.00000000	0.75367677	-1.27402580	-0.66790050	0.91565949	0.80796719	0.51570404	-2.42274141	-2.13458085	1.87139201	-4.11442041	3.87406325	-0.03450259	-0.06531794	0.63317543	-1.35981929	1.13296044	0.51604754	-2.45771742	0.19142208	-0.93200898	0.78157383	4.51499462	0.36686301	-1.47993422	
0.00800200	  75.32633342   95.63239577 -481.26666539  -31.55621390   18.52113892   -1.49715708	 -19.20344763  -64.45676987 -526.31003775  -32.14119923   52.20847461    6.97565391	  8.41943049  18.66613853 -23.90494531 -68.18882884  16.59774327  10.28817195  23.08002723 -52.31854153  26.09328265 -13.93437023  80.58850873 -29.19815040	 0.00030798  0.07569097 -0.37632745  0.75117259 -0.37218668 -0.11081055 -0.07512352 -0.10955396 -0.10242318  0.62530416 -0.51937679 -0.02584482	-0.00135119 -0.28305515  0.39229956 -0.17427642 -0.28195155  0.32124738 -0.01844897 -0.26307424  0.67119661 -0.88726366  0.18595607 -0.00168494	 0.01286030 -0.32397254  0.40785164 -0.19562590 -0.30067615  0.36978822  0.00082644 -0.25829170  0.72035300 -0.96623594  0.21355783  0.00033884	0.23156993 0.19702026 3.96906368	-0.04092218  0.04653114 -0.00687944	-0.03926932  0.04758744 -0.00360084	-0.00124623  0.01079878 -0.99994091	0.35000000	0.00000000	0.00000000	0.74503052	-1.26493299	-0.66938847	0.94989431	0.78771573	0.50854844	-2.43765235	-2.11969852	1.89542425	-4.08648634	3.85871267	-0.00889300	-0.09450182	0.64178300	-1.33582211	1.16234672	0.48754138	-2.41956902	0.21473047	-0.92437869	0.77021658	4.48552322	0.36622790	-1.46685374	
0.00800000	  72.78672128   92.08174758 -484.48990347  -31.73439426   17.12272649   -1.11272299	 -16.73980825  -61.92602490 -521.56078603  -31.70862933   54.59883453    6.63855141	  8.82682773  16.25959128 -24.11471400 -68.17984992  15.61173365   9.48872470  22.84430826 -49.56329870  26.10734209 -10.97520624  82.16627365 -25.24589089	 0.00044048  0.07306395 -0.37302997  0.74942094 -0.37438200 -0.10761641 -0.07505927 -0.11157103 -0.09666662  0.61749135 -0.51756356 -0.02584733	 0.02154764 -0.30895523  0.35888447 -0.20792856 -0.22836678  0.37568628  0.01328612 -0.22440659  0.64184771 -0.92097086  0.20474092  0.00861832	 0.01656664 -0.32518085  0.40647150 -0.21918693 -0.26776001  0.39945556  0.00727861 -0.24941732  0.71055008 -0.96688651  0.22439809 -0.00039113	0.22476076 0.19385900 3.96754873	-0.04159723  0.04532715 -0.01372208	-0.04058117  0.04646435 -0.00821902	-0.00088012  0.01112926 -0.99993768	0.35000000	0.00000000	0.00000000	0.73630542	-1.26060343	-0.67043144	0.98263246	0.76713639	0.50242573	-2.45608687	-2.10733581	1.91813457	-4.06513262	3.84575748	0.02066324	-0.12435884	0.65150535	-1.31246829	1.19732273	0.46068928	-2.38472438	0.24137393	-0.91619748	0.76446819	4.46038723	0.37090060	-1.45781660	
0.00847800	  68.89919579   87.34233588 -488.58824361  -31.95659101   14.79013029   -0.82210668	 -14.24943553  -59.36582820 -515.84722922  -31.22829291   56.61384322    6.06548475	  9.24705941  13.76857746 -23.92912950 -68.13759948  13.28162706   8.01838282  22.36211501 -46.90965915  26.10694431  -8.43152717  83.23261946 -21.23122263	 0.00065301  0.07025685 -0.36950441  0.74744582 -0.37652284 -0.10406872 -0.07490666 -0.11370385 -0.09063713  0.60927735 -0.51559754 -0.02585185	 0.01176674 -0.33113521  0.39924006 -0.22440056 -0.23038920  0.42319145  0.05483466 -0.24983147  0.72500996 -0.96058685  0.22508184 -0.02374788	 0.02475156 -0.32997304  0.41257858 -0.23369589 -0.24723881  0.41948094  0.02073781 -0.25090927  0.70851547 -0.96251146  0.23266513 -0.00208596	0.21770949 0.19087232 3.96569685	-0.04123461  0.04357996 -0.02235041	-0.04113316  0.04506061 -0.01514173	-0.00050416  0.01148170 -0.99993396	0.35000000	0.00000000	0.00000000	0.73096001	-1.25104666	-0.66991526	1.01422083	0.75305271	0.49158254	-2.48163271	-2.09447742	1.94380808	-4.03343439	3.82326865	0.04602029	-0.15521328	0.66504890	-1.28585088	1.24484837	0.43392867	-2.35724592	0.26636425	-0.91151500	0.75107449	4.44137907	0.37937081	-1.44514275	
0.00801300	  67.18723158   84.76501698 -499.29027611  -32.64509711   13.92984999   -0.96520870	 -10.61654934  -55.42893880 -503.99310185  -30.32781934   58.91894831    5.13700320	  8.97043424  11.99546731 -24.40521419 -68.62715077  12.90409331   6.69654247  21.26956773 -43.17740703  25.70487199  -4.64589145  84.51787931 -17.05384639	 0.00091415  0.06762234 -0.36621479  0.74548676 -0.37837001 -0.10061013 -0.07472878 -0.11566059 -0.08509364  0.60160507 -0.51372014 -0.02584997	 0.03832543 -0.31839517  0.39301544 -0.23066251 -0.20837150  0.42210992 -0.00190522 -0.21726421  0.63910101 -0.88773253  0.22260778  0.00023210	 0.03452595 -0.32849317  0.40799830 -0.24556938 -0.22870084  0.43245862  0.02231809 -0.24246696  0.68700098 -0.95198906  0.23491784 -0.00125130	0.21063507 0.18783698 3.96388442	-0.04082255  0.04309357 -0.02930904	-0.04105006  0.04390994 -0.02232846	-0.00016069  0.01180986 -0.99993025	0.35000000	0.00000000	0.00000000	0.72268611	-1.23953915	-0.66889054	1.04182279	0.75539970	0.48823413	-2.51667452	-2.10367513	1.97928226	-4.01429510	3.80275059	0.07182176	-0.18999904	0.67653644	-1.25748527	1.29082680	0.40808854	-2.32979250	0.29532143	-0.91257399	0.72455168	4.43538141	0.38201720	-1.42425334	
0.00800500	  63.41376441   81.59524560 -505.05575218  -32.94932283   11.58287600   -1.25927144	  -8.06723096  -52.00270566 -495.99989178  -29.69880315   60.69376183    5.02850857	  8.80691240   8.90381360 -23.55968094 -69.61097752  10.54360387   6.15286162  21.25723198 -40.03632760  26.06073532  -2.41502431  85.36765981 -12.65116048	 0.00121092  0.06498366 -0.36296045  0.74349577 -0.38007334 -0.09707154 -0.07446300 -0.11760696 -0.07965692  0.59407045 -0.51182782 -0.02584411	 0.06018397 -0.30254925  0.36931934 -0.23846525 -0.22123045  0.42819399  0.05805675 -0.19662025  0.63200699 -0.89074249  0.21344749  0.00971640	 0.04073561 -0.32846898  0.40289645 -0.24926739 -0.21140556  0.44264379  0.03532357 -0.23840146  0.67220183 -0.93414582  0.23544092  0.00013552	0.20384082 0.18510451 3.96182689	-0.03937239  0.04164267 -0.03710362	-0.04039563  0.04288910 -0.02961808	 0.00017530  0.01213086 -0.99992640	0.35000000	0.00000000	0.00000000	0.71590847	-1.22766984	-0.66661251	1.07109952	0.75737202	0.47974560	-2.55716634	-2.09995198	2.01218295	-3.98558831	3.77645373	0.09317952	-0.23491645	0.69431901	-1.22532737	1.34717774	0.38193524	-2.31136727	0.32313710	-0.91409129	0.70154095	4.42385483	0.38712826	-1.40278482	
0.00846700	  60.43894121   79.65462097 -513.65501678  -33.44785356    9.61617861   -1.39246316	  -5.10767069  -47.92000876 -485.53178307  -28.91016019   62.31193501    4.08188121	  8.60172515   7.01053917 -23.76190946 -70.80736561   9.14368178   5.52982730  19.99492303 -36.27871442  26.00410177   0.14358679  86.06941134  -8.24408209	 0.00158841  0.06217141 -0.35955137  0.74131491 -0.38176131 -0.09314256 -0.07414882 -0.11967085 -0.07402748  0.58622657 -0.50982093 -0.02584883	 0.04269924 -0.34242866  0.39564867 -0.28283724 -0.20108699  0.48996638  0.04321652 -0.22943676  0.65979969 -0.89032311  0.25507234 -0.00716029	 0.04527210 -0.33365947  0.40029835 -0.25883752 -0.19880250  0.46704678  0.03816421 -0.24294397  0.66130809 -0.92075656  0.23738697 -0.00015697	0.19657552 0.18197023 3.95950476	-0.03809304  0.04051304 -0.04393575	-0.03922895  0.04162498 -0.03718196	 0.00051963  0.01245978 -0.99992224	0.35000000	0.00000000	0.00000000	0.71033311	-1.21762276	-0.66528523	1.09982336	0.74976420	0.47620112	-2.59129786	-2.09607768	2.03800154	-3.95866442	3.75251055	0.11963374	-0.27799368	0.71392453	-1.19392908	1.39952922	0.35862279	-2.28909183	0.35313880	-0.91135836	0.67957044	4.40960264	0.39912459	-1.38586879	
0.00800300	  57.08770688   76.66201172 -529.34461111  -34.44329436    7.97057908   -1.41626598	  -2.45351305  -41.02271477 -471.06225747  -27.84397585   63.54701825    2.33134591	  8.61984297   5.12522292 -23.01807831 -71.86147338   8.15057141   3.42613870  19.82216302 -31.57688570  25.45938941   4.18735780  86.55931485  -3.54391820	 0.00198560  0.05951969 -0.35637162  0.73924014 -0.38325765 -0.08930091 -0.07375103 -0.12157511 -0.06887459  0.57899753 -0.50793893 -0.02585004	 0.04991527 -0.30945602  0.41304383 -0.28162650 -0.20943476  0.50130530  0.02673549 -0.20903860  0.66580507 -0.92545434  0.23188950 -0.02514878	 0.04880696 -0.32972242  0.39630678 -0.26026915 -0.18822876  0.48209567  0.04987738 -0.23563947  0.64056793 -0.89966956  0.23515661 -0.00120452	0.18959289 0.17870545 3.95730643	-0.03706318  0.03951078 -0.04982327	-0.03812547  0.04057191 -0.04362694	 0.00083496  0.01276030 -0.99991824	0.35000000	0.00000000	0.00000000	0.70233470	-1.19889855	-0.65897810	1.13019621	0.76520395	0.47126967	-2.63753510	-2.11162758	2.08118653	-3.92860937	3.72047329	0.13930345	-0.31859896	0.72910333	-1.15943563	1.46378577	0.33167094	-2.26849985	0.38446978	-0.91829777	0.64129156	4.41153145	0.40386975	-1.35491455	
0.00803300	  53.33672981   73.25169188 -536.79436444  -34.85793296    5.69548880   -1.33295426	  -0.95549274  -29.55763008 -459.08887587  -26.89336870   64.00491086    1.80047264	  8.65260639   1.72276031 -22.86761594 -72.64007694   6.32193578   2.79927526  18.60989547 -27.62504399  25.39626991   6.54645120  87.13514847   1.74711882	 0.00244858  0.05686396 -0.35325691  0.73717297 -0.38467014 -0.08537857 -0.07320970 -0.12352633 -0.06390855  0.57202035 -0.50607388 -0.02564984	 0.06979665 -0.31691239  0.38919631 -0.27370638 -0.14662161  0.48748908  0.07622080 -0.25073066  0.60119656 -0.84499865  0.24740750  0.05778058	 0.05961899 -0.32817881  0.38599569 -0.25855803 -0.17352173  0.49008230  0.06752820 -0.24426044  0.61289805 -0.86205595  0.23254958  0.03413391	0.18278739 0.17544173 3.95469073	-0.03613455  0.03818280 -0.05512974	-0.03714300  0.03940372 -0.04956084	 0.00113996  0.01305370 -0.99991415	0.35000000	0.00000000	0.00000000	0.69946301	-1.18667579	-0.65663183	1.16097724	0.76937711	0.46781051	-2.69445062	-2.11532831	2.11438489	-3.90096116	3.68790030	0.16474520	-0.37681872	0.75586039	-1.11934316	1.53529048	0.30770928	-2.25220561	0.41949049	-0.92351711	0.60778594	4.40511274	0.41511774	-1.33020282	
0.00847000	  48.31409249   71.97197835 -552.71719395  -35.79402363    2.93214379   -1.67989083	   1.18874736  -21.21580844 -438.51533759  -25.48636886   63.67662863    0.17768804	  8.09606743  -0.69819967 -21.56407245 -74.88077566   4.72466985   2.02491998  17.14352691 -22.34776706  25.20537124   9.02758253  86.42785925   4.19538276	 0.00295510  0.05403191 -0.35002006  0.73500787 -0.38612975 -0.08104158 -0.07250294 -0.12566381 -0.05882261  0.56487968 -0.50404437 -0.02494776	 0.10271017 -0.36003539  0.40452244 -0.25165134 -0.16692951  0.54176046  0.11218446 -0.29471889  0.64207362 -0.89801572  0.27640577  0.09673410	 0.06376275 -0.33307403  0.37907903 -0.25557941 -0.16897283  0.51447788  0.08572386 -0.25558236  0.59502480 -0.83747930  0.24048571  0.09124040	0.17588260 0.17146734 3.95142743	-0.03520124  0.03597847 -0.05787589	-0.03613010  0.03778514 -0.05436723	 0.00144879  0.01335724 -0.99990974	0.35000000	0.00000000	0.00000000	0.70260513	-1.17339325	-0.65548491	1.18562222	0.77396083	0.47312081	-2.73461318	-2.12043142	2.14046335	-3.87343669	3.66224623	0.18609919	-0.41988006	0.78314489	-1.09194314	1.59685075	0.29170272	-2.24533319	0.44927618	-0.92185456	0.58102375	4.40519810	0.43918109	-1.30183434	
0.00803100	  43.73557184   68.31515034 -569.97637872  -36.88573203    1.18427502   -1.82072973	   4.14977281  -15.01126579 -420.25939420  -24.27350758   63.60630309   -1.70840312	  7.84316228  -3.64337648 -20.26142640 -75.58111405   4.27484388  -0.12692221  15.92872621 -17.08327264  23.73734513  12.17284428  85.28396595   5.33076616	 0.00343382  0.05135615 -0.34701915  0.73298959 -0.38746354 -0.07674871 -0.07167807 -0.12773124 -0.05425568  0.55847369 -0.50211532 -0.02383148	 0.07387599 -0.29244987  0.35945241 -0.24061729 -0.16363797  0.50768308  0.11955894 -0.23689975  0.52067780 -0.75218427  0.22516530  0.15197659	 0.06212588 -0.32963683  0.37129467 -0.25043866 -0.16504679  0.53382596  0.10587666 -0.25704606  0.56366100 -0.79028099  0.24023560  0.14330084	0.16940081 0.16730282 3.94818906	-0.03369813  0.03384760 -0.05812248	-0.03502865  0.03582296 -0.05673550	 0.00172100  0.01363387 -0.99990557	0.35000000	0.00000000	0.00000000	0.70802003	-1.15534759	-0.65155828	1.20434546	0.80949455	0.48079795	-2.79433274	-2.15482759	2.18819690	-3.85602617	3.63554549	0.20397978	-0.45289448	0.80269247	-1.06994057	1.67163968	0.27137765	-2.24355197	0.47234803	-0.93202418	0.53926665	4.43365669	0.45147288	-1.25357151	
0.00847600	  39.90109506   64.03957459 -578.43617530  -37.39735547   -0.47793719   -1.52763223	   5.15969947   -9.95158628 -410.84049810  -23.69365934   62.59134502   -1.53836708	  8.15861702  -7.31034660 -19.31117733 -76.17532465   3.44855265  -1.19646368  14.36964354 -12.78613278  22.93646307  12.20239720  84.04542911   6.81010388	 0.00393336  0.04848473 -0.34392173  0.73091918 -0.38883662 -0.07202538 -0.07063306 -0.13002496 -0.04965948  0.55206657 -0.50003031 -0.02221862	 0.05446970 -0.33933855  0.36169316 -0.23693963 -0.20107803  0.58195359  0.11990050 -0.27453079  0.52391506 -0.74627545  0.26437468  0.21474431	 0.05807942 -0.33789156  0.36283860 -0.24244921 -0.16351567  0.56151823  0.12432217 -0.27051972  0.53368311 -0.74760376  0.24751039  0.19926812	0.16284877 0.16292193 3.94463094	-0.03131917  0.03130623 -0.05793916	-0.03325313  0.03357037 -0.05754862	 0.00199083  0.01391082 -0.99990126	0.35000000	0.00000000	0.00000000	0.71949285	-1.14766777	-0.64880270	1.22381473	0.82339090	0.49047780	-2.84538269	-2.16797996	2.21731782	-3.83337450	3.61317801	0.22838914	-0.48696911	0.83166283	-1.04926598	1.74446821	0.25397971	-2.24458003	0.49343204	-0.93613702	0.51810622	4.44656515	0.47334784	-1.22061658	
0.00851600	  36.20893018   61.00492633 -597.06081298  -38.60171404   -1.65741750   -1.31148895	   5.59810556   -5.92943541 -397.48876887  -22.95363870   60.60245782   -1.08836028	  8.42148108  -8.85172248 -17.67308794 -77.49072540   3.46647860  -3.60234693  12.91959156  -7.30625343  21.40584652  13.70885942  81.22871715   7.28940391	 0.00443688  0.04563529 -0.34088782  0.72890380 -0.39014402 -0.06717481 -0.06946873 -0.13237814 -0.04532093  0.54609266 -0.49792677 -0.02021797	 0.04469366 -0.27984403  0.32322651 -0.19679895 -0.14414307  0.53685870  0.12814055 -0.27662784  0.46163533 -0.60997687  0.23256476  0.22061516	 0.05839895 -0.33090794  0.35395128 -0.23337501 -0.15225038  0.56784161  0.13602742 -0.27796665  0.50035323 -0.68728078  0.24582087  0.23835610	0.15675037 0.15785883 3.94140789	-0.03007862  0.02780222 -0.05809166	-0.03148453  0.03075367 -0.05785026	 0.00223479  0.01417201 -0.99989707	0.35000000	0.00000000	0.00000000	0.72865218	-1.12609255	-0.64020914	1.24144280	0.86874717	0.50480956	-2.90616703	-2.21055460	2.26858783	-3.81458044	3.58661222	0.24176385	-0.51662469	0.85025835	-1.03083539	1.82940722	0.23568989	-2.24859810	0.50882477	-0.95055717	0.47579288	4.48650551	0.48118913	-1.16651726	
0.00847300	  32.29672377   57.39579974 -607.10111981  -39.18858708   -3.63450985   -1.34577333	   6.08685663    0.30336461 -383.74513625  -22.13842851   58.48344855   -0.25672254	  8.36282921 -13.05144298 -16.75993617 -78.90843844   2.27397443  -4.31696417  11.68553797  -2.14941216  19.85129465  14.71467052  78.23544753   9.13578445	 0.00494901  0.04278380 -0.33794056  0.72695022 -0.39143790 -0.06219419 -0.06827085 -0.13475630 -0.04128421  0.54060426 -0.49579196 -0.01786747	 0.09590869 -0.35305190  0.32252002 -0.21524109 -0.14162233  0.62038810  0.16845514 -0.32813333  0.50467039 -0.65179359  0.28305648  0.29894369	 0.06206136 -0.33408495  0.34446065 -0.22843466 -0.15106953  0.59104769  0.14088491 -0.28420064  0.47029848 -0.63731071  0.25193272  0.28347308	0.15106560 0.15268057 3.93790629	-0.02831318  0.02424893 -0.05832690	-0.02991145  0.02745590 -0.05809453	 0.00244811  0.01442131 -0.99989301	0.35000000	0.00000000	0.00000000	0.73819387	-1.11464322	-0.63487291	1.26530910	0.89285636	0.51166672	-2.96490455	-2.23219085	2.30702591	-3.79286146	3.56042910	0.26238057	-0.55971026	0.87827331	-1.01108038	1.92116404	0.21517155	-2.26166034	0.53056431	-0.95990258	0.45186442	4.50865602	0.50513244	-1.12428761	
0.00803300	  28.99439945   54.24663386 -623.38499529  -40.23046698   -4.88736618   -1.68681686	   6.84459840    5.74459677 -366.95064834  -21.14859332   55.91095251    0.47350891	  7.97502849 -15.18026137 -15.90268607 -79.97631389   1.94925692  -6.48334166  11.09974999   3.02275302  18.25691393  15.42591280  74.18633187  10.33877671	 0.00541615  0.04009199 -0.33519152  0.72516317 -0.39262045 -0.05736810 -0.06716541 -0.13702397 -0.03781186  0.53597924 -0.49381041 -0.01534019	 0.06338240 -0.30786230  0.33015648 -0.21455316 -0.12119540  0.58471030  0.12824731 -0.27078582  0.37411496 -0.50834692  0.22833364  0.30445776	 0.05952263 -0.33377103  0.34012641 -0.22174373 -0.14625906  0.60185679  0.13812555 -0.28266447  0.42418905 -0.56691981  0.24515292  0.31759429	0.14598519 0.14738103 3.93453325	-0.02678022  0.02102034 -0.05840730	-0.02832067  0.02421816 -0.05827786	 0.00262152  0.01464233 -0.99988936	0.35000000	0.00000000	0.00000000	0.75087678	-1.09682286	-0.62353963	1.28827333	0.93576401	0.52297717	-3.03389168	-2.27422929	2.36151314	-3.77384281	3.53302360	0.27838039	-0.59977859	0.90036267	-0.99289757	2.02280521	0.19271871	-2.27189612	0.54365140	-0.97889566	0.41524652	4.55136776	0.51327151	-1.07062089	
0.00850300	  26.18263987   51.85258736 -637.19550503  -41.08389833   -6.36295080   -1.63592265	   7.37217440   12.23008705 -347.86624345  -19.98423832   52.95269419    1.40904299	  8.17569404 -18.04819947 -15.72775735 -81.57922950   1.22430764  -7.49073457  11.04299117   7.37329292  17.41959883  15.25575046  69.96351671  12.25768855	 0.00591921  0.03726719 -0.33235985  0.72335748 -0.39385496 -0.05212893 -0.06604290 -0.13946653 -0.03444372  0.53166967 -0.49173862 -0.01236622	 0.07920520 -0.32167206  0.33023304 -0.18172572 -0.11257160  0.59613337  0.13898575 -0.29317248  0.35665515 -0.44256968  0.23292396  0.33617539	 0.06098411 -0.32992717  0.33065586 -0.20973636 -0.14292390  0.61364944  0.13255416 -0.28760950  0.38582434 -0.49161723  0.24224652  0.35284572	0.14085915 0.14164822 3.93059385	-0.02444438  0.01810700 -0.05974913	-0.02644115  0.02097899 -0.05883240	 0.00277937  0.01486142 -0.99988570	0.35000000	0.00000000	0.00000000	0.76359212	-1.08494639	-0.61441189	1.31227481	0.96623248	0.53297156	-3.09345579	-2.30244899	2.40680170	-3.75186038	3.50767803	0.29913366	-0.64294332	0.92692804	-0.97514528	2.12354231	0.17026825	-2.28525901	0.55613738	-0.99577564	0.39250273	4.58145618	0.52661580	-1.02876270	
0.00849300	  23.54510986   50.07287889 -652.25968235  -42.02599023   -7.53535175   -2.03938008	   7.99153689   19.24010805 -328.26814606  -18.77574079   49.92732122    2.43870537	  7.75959454 -20.39211673 -15.33753120 -83.15723670   0.95362953  -8.58090194  11.30651518  12.64669621  16.50264563  15.02090761  65.62340444  13.92072330	 0.00643508  0.03442465 -0.32959047  0.72163709 -0.39508981 -0.04668904 -0.06498712 -0.14192611 -0.03145626  0.52797164 -0.48977210 -0.00907922	 0.08375515 -0.31699261  0.30152386 -0.17822979 -0.14369167  0.58379931  0.09325813 -0.29184303  0.30690267 -0.39353994  0.22019918  0.36685158	 0.06168241 -0.33235049  0.32217553 -0.19760572 -0.14364255  0.63547696  0.12127935 -0.28932125  0.34145022 -0.42130135  0.22978941  0.38810114	0.13595873 0.13551089 3.92632705	-0.02240423  0.01580296 -0.06178758	-0.02433999  0.01820550 -0.06021766	 0.00291504  0.01506140 -0.99988232	0.35000000	0.00000000	0.00000000	0.77779186	-1.07411492	-0.60315871	1.33708906	1.00107872	0.54703116	-3.15633106	-2.33647299	2.45647812	-3.72875428	3.48219872	0.31879991	-0.68641287	0.95183223	-0.95948851	2.22475767	0.14500302	-2.29923511	0.56775182	-1.01499295	0.36430061	4.61778450	0.53941125	-0.98073614	
0.00850800	  21.46855198   47.85751271 -670.37083704  -43.19463426   -8.36710559   -2.42737833	   8.08550742   25.97537141 -309.67055907  -17.62203413   47.08457682    3.47661491	  7.44031651 -22.38177943 -15.07670866 -84.92402941   0.99406930 -10.53932448  11.96049340  17.46609813  15.71995461  15.20777246  61.75864685  15.54287575	 0.00696438  0.03161034 -0.32690784  0.72000650 -0.39631344 -0.04103160 -0.06394222 -0.14439842 -0.02881611  0.52493415 -0.48793843 -0.00552894	 0.06549342 -0.27225308  0.30662714 -0.14891140 -0.12949454  0.59560267  0.09105696 -0.28374600  0.27538016 -0.29253592  0.17628983  0.40241327	 0.06281805 -0.32534910  0.31273934 -0.18639686 -0.14407778  0.65851906  0.11841325 -0.28860498  0.30122851 -0.34094406  0.20993135  0.41846871	0.13124888 0.12903620 3.92204853	-0.02038801  0.01378206 -0.06486619	-0.02229402  0.01584298 -0.06240924	 0.00303196  0.01524441 -0.99987920	0.35000000	0.00000000	0.00000000	0.79259896	-1.05995810	-0.59112728	1.35797858	1.04592967	0.56324416	-3.22022557	-2.37810159	2.51212764	-3.70488977	3.45483732	0.33765870	-0.72027475	0.97398508	-0.94477695	2.32650518	0.11974792	-2.31107903	0.57672060	-1.03766882	0.33617508	4.66089916	0.54540485	-0.93379408	
0.00847100	  19.78249337   44.63688755 -682.23245701  -43.96406673   -8.89063556   -2.96372080	   8.77815212   33.05925433 -295.51580154  -16.70738639   44.87815306    4.50945631	  6.79594738 -25.26176888 -15.11401563 -85.67883560   1.09653018 -11.93554391  11.85528599  22.00218111  14.95635796  14.15521716  59.11105603  17.52474672	 0.00752632  0.02877840 -0.32431710  0.71847221 -0.39752276 -0.03516548 -0.06290946 -0.14687620 -0.02656489  0.52252252 -0.48620692 -0.00172085	 0.05467657 -0.33039934  0.29765815 -0.16931666 -0.16452059  0.65837956  0.12567804 -0.29495960  0.25428428 -0.25042632  0.18611116  0.43871620	 0.06658679 -0.33285893  0.30372943 -0.17891949 -0.14514337  0.69184351  0.12074940 -0.29405826  0.26128726 -0.27172668  0.19933531  0.45318295	0.12657011 0.12224059 3.91770077	-0.01833767  0.01274571 -0.06739262	-0.02026453  0.01408580 -0.06501198	 0.00313544  0.01541031 -0.99987634	0.35000000	0.00000000	0.00000000	0.81111336	-1.05390859	-0.58122963	1.37537527	1.07777715	0.58353168	-3.28069878	-2.40619516	2.55393720	-3.67593670	3.42640281	0.36344087	-0.74750590	1.00107789	-0.93093747	2.42099667	0.09590378	-2.32023168	0.58860409	-1.05346549	0.32108343	4.69238377	0.56063038	-0.89903367	
0.00853900	  17.53405562   42.21676273 -705.35254692  -45.49452575   -9.24128063   -3.87861640	   9.40495984   38.75113348 -276.73267805  -15.56196097   42.02236717    5.30694400	  5.70358245 -26.17216736 -14.28620804 -87.11727983   1.73430408 -14.94761679  11.43540166  26.72721022  13.95495117  14.23758851  55.19007137  18.64446548	 0.00808152  0.02598908 -0.32182008  0.71707455 -0.39871991 -0.02917906 -0.06193546 -0.14935585 -0.02469590  0.52074088 -0.48459595  0.00237175	 0.02598055 -0.30576704  0.28943799 -0.15464422 -0.11419139  0.62138104  0.09830537 -0.28211903  0.19046789 -0.15589946  0.18780689  0.43643964	 0.06293651 -0.32561708  0.29097352 -0.16049405 -0.13946469  0.69648575  0.11219798 -0.29128768  0.21033034 -0.19703120  0.18711201  0.47983189	0.12206043 0.11456602 3.91369044	-0.01678943  0.01159356 -0.06808102	-0.01839730  0.01277897 -0.06687861	 0.00322991  0.01556093 -0.99987370	0.35000000	0.00000000	0.00000000	0.82903349	-1.03887427	-0.56517047	1.38969004	1.13865685	0.60690242	-3.34439802	-2.45840001	2.61728930	-3.64641500	3.39540744	0.38185573	-0.76190364	1.01838410	-0.92150474	2.52295280	0.06821992	-2.33161902	0.59053671	-1.08056366	0.29301232	4.74827528	0.56111902	-0.85153627	
0.00849500	  14.97674261   41.00272528 -718.77197268  -46.31298230  -10.63223417   -4.32075127	  10.29680010   44.60269222 -257.85062547  -14.38261979   39.10620704    6.14361665	  5.30822944 -28.95971304 -13.97871308 -89.32122743   1.04243269 -15.51758945  11.58355096  30.85572720  13.15606192  13.68903475  50.60919204  20.08068785	 0.00865796  0.02324169 -0.31944579  0.71579069 -0.39995421 -0.02307337 -0.06102834 -0.15179649 -0.02318474  0.51963407 -0.48315071  0.00666063	 0.06403403 -0.28371770  0.26889020 -0.12722650 -0.12816182  0.63214805  0.08806530 -0.23345156  0.15151572 -0.06462279  0.17489695  0.47219928	 0.06536306 -0.31964894  0.27569156 -0.14734604 -0.14258523  0.71052742  0.10283699 -0.28202094  0.16861451 -0.11578796  0.16700517  0.50089256	0.11776050 0.10673708 3.90939173	-0.01440952  0.01093420 -0.06880005	-0.01645848  0.01173115 -0.06792702	 0.00331603  0.01569551 -0.99987132	0.35000000	0.00000000	0.00000000	0.84591693	-1.02623606	-0.55229104	1.40420854	1.19014633	0.62840492	-3.40728688	-2.49422765	2.67203021	-3.61790776	3.36254692	0.40327990	-0.79179871	1.04266942	-0.91187781	2.63373208	0.04110605	-2.35255599	0.59371066	-1.10498798	0.27969715	4.79051685	0.56859952	-0.80757308	
0.00845300	  12.10830880   40.31791886 -732.82547026  -47.19659998  -11.69825458   -5.46628177	  14.45605077   50.99855643 -241.40191810  -13.29300441   36.42613477    6.91043071	  4.01699059 -30.00689220 -13.57387982 -90.75141191   1.03721733 -16.68506710  12.07237357  34.40104866  12.38743425  11.77592227  46.94826043  22.06703478	 0.00923004  0.02052200 -0.31716544  0.71463797 -0.40118536 -0.01674585 -0.06016249 -0.15424678 -0.02201560  0.51910595 -0.48188633  0.01114789	 0.06075032 -0.30056353  0.27563501 -0.12920442 -0.15991918  0.79255965  0.09356413 -0.29790730  0.14426642 -0.05475189  0.16924539  0.57863656	 0.06573022 -0.31990676  0.26923770 -0.13396104 -0.14729942  0.75358979  0.09913974 -0.28808837  0.13449535 -0.05493833  0.14956523  0.53720098	0.11353254 0.09844200 3.90511416	-0.01230020  0.01188901 -0.06843735	-0.01428814  0.01145340 -0.06838525	 0.00340206  0.01581014 -0.99986922	0.35000000	0.00000000	0.00000000	0.86832207	-1.02074921	-0.53465515	1.41406512	1.22066367	0.65902209	-3.45510674	-2.51356339	2.70896316	-3.57471490	3.32803154	0.43171400	-0.80503678	1.07330573	-0.90287101	2.73354340	0.01717880	-2.36037493	0.59575480	-1.12230909	0.28130186	4.82055950	0.58261323	-0.78186095	
0.00851700	   9.28817655   37.02938986 -750.65075564  -48.38262122  -12.01843920   -6.48340327	  19.28243220   56.95816590 -229.72806440  -12.50467600   34.49413916    7.55021387	  2.91422575 -31.47987688 -12.63436098 -91.37791216   1.87513493 -19.63636257  12.33354804  39.46068406  11.07932805  12.48048528  44.19174850  23.18970206	 0.00980374  0.01783280 -0.31501989  0.71359141 -0.40240260 -0.01025671 -0.05934147 -0.15665912 -0.02106764  0.51889741 -0.48079226  0.01583215	 0.08037895 -0.26967070  0.23102776 -0.09783007 -0.13194955  0.72304772  0.08744002 -0.26738141  0.10734295 -0.03334774  0.09280133  0.52546584	 0.06694713 -0.31184831  0.25105832 -0.11788813 -0.14181730  0.76495569  0.09602136 -0.28316841  0.10971339 -0.02315982  0.12628890  0.55526461	0.10913650 0.08942940 3.90173186	-0.01140543  0.01509455 -0.06702449	-0.01259934  0.01293463 -0.06789906	 0.00350738  0.01591185 -0.99986725	0.35000000	0.00000000	0.00000000	0.88390630	-1.00772738	-0.51401877	1.41892946	1.28503227	0.69214332	-3.50746489	-2.55767488	2.77103424	-3.52586651	3.28442597	0.45793650	-0.79127526	1.08667624	-0.90262687	2.83358097	-0.01865000	-2.36832881	0.59305602	-1.14937854	0.27350336	4.87329817	0.58692914	-0.74287277	
0.00851800	  -0.93129173   -7.67005130 -843.87440136  -33.00150270  -15.39226778   -7.63292507	  22.24464784   64.59919350 -209.93424115  -11.30792845   31.58282760    8.45868243	  1.59561107 -33.21501458 -10.99148551 -92.91646379   0.66545180 -20.36943652  11.26993840  42.91984153   9.21979330  14.01713346  42.82321492  24.89180103	 0.01033937  0.01520348 -0.31305233  0.71268009 -0.40366072 -0.00384385 -0.05860462 -0.15905058 -0.02023122  0.51881698 -0.47978289  0.02069780	 0.04259370 -0.27717836  0.20002920 -0.09648060 -0.13959459  0.64339868  0.07620272 -0.29378919  0.07380428 -0.00213015  0.12139948  0.55363759	 0.05971706 -0.30402999  0.22625754 -0.10015650 -0.14795033  0.72855790  0.08449122 -0.28412056  0.09513145 -0.00771397  0.11775994  0.57141145	0.10536988 0.08178333 3.90148510	 0.00207849  0.01600706 -0.06384936	-0.00938262  0.01528633 -0.06607385	 0.00363880  0.01598827 -0.99986556	0.35000000	0.00000000	0.00000000	0.88925165	-0.98518026	-0.49407813	1.40947652	1.37017834	0.72373110	-3.55806565	-2.58749962	2.83720279	-3.44318533	3.21470141	0.48449469	-0.77706319	1.09783804	-0.89980769	2.93056250	-0.06968210	-2.37376213	0.59365410	-1.17672634	0.24469790	4.90510130	0.59232670	-0.68777704	
0.00845700	  -5.12545499  -20.50623015 -894.49135724  -26.59766128  -19.30132580   -8.29823377	  24.58563697   72.75327435 -187.76865408   -9.93533315   28.27260872    9.53224127	  1.05370128 -32.14431179 -10.46384336 -94.54855981  -1.57881730 -17.61841302  11.43086135  49.85511684   6.68848911  16.17456941  39.87332717  26.46200556	 0.01086913  0.01277899 -0.31131817  0.71223970 -0.40507800  0.00064128 -0.05798100 -0.16162841 -0.01946891  0.51877777 -0.47869179  0.02566118	 0.07074641 -0.28915839  0.20677249 -0.06995760 -0.18511780  0.43823179  0.08742762 -0.32316085  0.08426668  0.00469943  0.16689314  0.61570388	 0.06144155 -0.28337249  0.20139135 -0.04786741 -0.17333614  0.49461371  0.07389199 -0.30938059  0.08707986 -0.00396387  0.13473872  0.58932021	0.10207903 0.07683054 3.90672509	 0.02749960  0.01574764 -0.06193643	 0.00886897  0.01546082 -0.06381830	 0.00376245  0.01584555 -0.99986737	0.35000000	0.00000000	0.00000000	0.87550235	-0.92959452	-0.46263698	1.39024913	1.51566792	0.76016200	-3.62260890	-2.63472390	2.93091750	-3.30953622	3.08389950	0.49398655	-0.78424877	1.09619856	-0.88823360	3.04295850	-0.14718139	-2.38473845	0.59986514	-1.22352171	0.13770530	4.92988157	0.59404647	-0.56720775	
0.00800900	 -12.44420665  -18.53471081 -922.47148338  -17.40188677  -24.31254402   -9.87874759	  23.10495132   82.07706500 -149.19318638   -7.66404331   22.67691629   10.95162516	  -0.71612478  -28.42493552   -8.83187350 -102.16131300   -3.46850148   -2.75224298   10.89312126   62.74294019    2.33929106   26.57700142   30.45733103   26.71072778	 0.01135043  0.01072385 -0.30984533  0.71207856 -0.40652188  0.00340502 -0.05747107 -0.16406177 -0.01892753  0.51896615 -0.47762113  0.03010700	 0.07772035 -0.26016146  0.20394988 -0.02302013 -0.17838277  0.30377838  0.08624844 -0.27353704  0.02512127  0.04946078  0.15472083  0.53037526	 0.06101378 -0.25458752  0.18471860 -0.01910526 -0.18053263  0.33630756  0.06567888 -0.29970358  0.05990058  0.03244584  0.13552043  0.54773090	0.09908312 0.06987440 3.91056099	 0.02874878  0.01669603 -0.05882920	 0.02158265  0.01597922 -0.06151530	 0.00388460  0.01561291 -0.99987057	0.35000000	0.00000000	0.00000000	0.82713407	-0.85822910	-0.42718920	1.35859108	1.63579297	0.84508777	-3.66864228	-2.65699649	3.00016856	-3.21841431	2.96472502	0.50300884	-0.87019306	1.10945129	-0.87528074	3.16720605	-0.20510148	-2.40120077	0.63659871	-1.23445451	0.06502439	4.91979742	0.60960382	-0.42265257	
0.00804100	 -15.69029311  -18.25751142 -949.92578256  -10.16884018  -27.00856457  -11.46446674	  7.83387166  96.45593866 -97.39260044  -4.52716079  15.16700787  13.83674266	  -2.96752787  -25.49801117   -5.82826693 -111.41483536   -5.25823021    6.48232006   10.29143848   70.17458844   -1.78821669   40.48754413   20.01747116   32.68116689	 0.01177253  0.00891932 -0.30838497  0.71200132 -0.40803411  0.00546376 -0.05707701 -0.16629613 -0.01865570  0.51981168 -0.47667950  0.03419147	 0.03533538 -0.20163919  0.15740747  0.00166220 -0.16136917  0.21173351  0.02661820 -0.23434483  0.03233466  0.13326243  0.08609718  0.45885796	 0.04987091 -0.22099819  0.18426244 -0.00928949 -0.18610162  0.25113715  0.04693385 -0.27096817  0.03086021  0.11805482  0.11173302  0.50094878	0.10034235 0.06067858 3.91081177	 0.02436722  0.00014551 -0.04845769	 0.02440507  0.01093302 -0.05620593	 0.00395345  0.01540275 -0.99987355	0.35000000	0.00000000	0.00000000	0.77689391	-0.77135795	-0.36721984	1.31273687	1.76701808	0.95126325	-3.73995829	-2.67781210	3.12013507	-3.07002211	2.83900452	0.53629553	-0.93676329	1.13113546	-0.85647911	3.35785890	-0.28223920	-2.38190866	0.67556196	-1.25316453	0.04035765	4.93368053	0.61344600	-0.30890924	
0.00845200	 -20.07541520  -21.67844026 -949.99691292   -2.67634156  -30.94265226  -13.42210926	   7.25659738  110.82160303 -102.33713667   -4.72855231   16.14822605   15.67174772	  -4.88212265  -22.17024308   -7.78567835 -120.13484204   -8.37191851   14.44420727   11.37992802   77.46035528   -9.77007555   49.50205502    8.33657522   40.56561518	 0.01212367  0.00726735 -0.30664550  0.71198012 -0.40970461  0.00725350 -0.05674418 -0.16842704 -0.01871689  0.52178031 -0.47606901  0.03874895	 0.03302151 -0.18400807  0.22986918 -0.00711967 -0.21283388  0.21334422  0.03660031 -0.22259394 -0.03616899  0.31247073  0.05993935  0.61037675	 0.03983588 -0.19087905  0.21037153 -0.00206549 -0.20112566  0.20928688  0.03820134 -0.24698333 -0.01765729  0.26037266  0.06234072  0.56105330	0.10219554 0.04885406 3.91100280	 0.01142711 -0.01666470 -0.03617734	 0.01970127 -0.00291204 -0.04630746	 0.00386915  0.01524879 -0.99987624	0.35000000	0.00000000	0.00000000	0.74264741	-0.64972788	-0.27292010	1.23896575	1.83956432	1.09520400	-3.85793686	-2.67670131	3.26019263	-2.84877396	2.69073629	0.58704352	-1.00862157	1.16334307	-0.82142323	3.61676002	-0.37647262	-2.31131983	0.69229341	-1.26718295	0.09298189	4.93588829	0.63108474	-0.22397746	
0.00802300	 -21.56720457  -26.99981305 -970.77756283    4.25478389  -33.81077136  -16.37226557	   7.05668182  120.21055443 -106.55870169   -5.02467290   17.19248948   16.76384676	  -7.90690897  -19.72248584   -9.80353602 -129.70833257   -8.65721865   20.83432230   14.54243829   84.09339976  -16.52494869   62.93356492   -4.46730626   45.03881085	 0.01235111  0.00601282 -0.30489051  0.71189118 -0.41124792  0.00876101 -0.05649925 -0.17016603 -0.01939936  0.52521746 -0.47602480  0.04416617	 0.02677222 -0.14127802  0.23292142 -0.03898863 -0.21349140  0.20883478  0.04097729 -0.21854595 -0.15506927  0.55288659 -0.05099586  0.77113864	 0.02661908 -0.14996915  0.22180377 -0.01533582 -0.19187836  0.18848497  0.03225405 -0.21234629 -0.10290472  0.46374086 -0.00705029  0.70178822	0.10260695 0.03613543 3.91343932	-0.00704879 -0.02582234 -0.02486229	 0.00760798 -0.01515390 -0.03568887	 0.00369055  0.01523515 -0.99987713	0.35000000	0.00000000	0.00000000	0.70932293	-0.48100775	-0.15977418	1.10090816	1.91079795	1.31513381	-4.06462145	-2.70933056	3.52160621	-2.56952095	2.58571291	0.62893915	-1.04030907	1.13612533	-0.80008644	3.92644119	-0.50441051	-2.20603085	0.65376389	-1.28388405	0.22538379	4.99680042	0.66000086	-0.16561443	
0.00948100	  -30.49867911   -23.83503899 -1010.97407788    10.12812798   -41.69820811   -13.08590369	 0.71501914 46.00751414 -4.13319398 -1.39663168  1.00063868  0.63295814	 -11.32372246  -16.95873517  -11.64215503 -139.31108963  -14.02536777   27.57281443   21.20263414   86.92833495  -18.04283042   79.46382222  -21.60743290   48.47756487	 0.01250736  0.00462411 -0.30264191  0.71161390 -0.41300027  0.01044955 -0.05534810 -0.17138897 -0.02140305  0.53218313 -0.47688764  0.05380729	 0.00685671 -0.16063512  0.24384663 -0.03387029 -0.18123722  0.18302778  0.20902694 -0.06833454 -0.28049070  0.90677508 -0.14130577  1.25675945	 0.01362344 -0.15373814  0.24180675 -0.03423006 -0.18270892  0.18015925  0.15943153 -0.10390679 -0.24076473  0.80877610 -0.11210793  1.12056589	0.10318596 0.02704002 3.91175063	 0.02083714 -0.03322871 -0.01017577	 0.00654477 -0.02559762 -0.02150041	 0.00340565  0.01521188 -0.99987849	0.35000000	0.00000000	0.00000000	0.71121615	-0.29106316	-0.05034620	0.94434965	1.94982815	1.56173778	-4.35658312	-2.72105646	3.82235789	-2.24496150	2.49599338	0.65433085	-1.11341989	1.12238801	-0.77106100	4.33524847	-0.62766218	-2.12072062	0.60140061	-1.30675697	0.35221785	5.09365416	0.72496396	-0.13219856	
0.00851300	  -41.34516501   -12.39387119 -1003.92954735    18.70038964   -53.26613469   -14.11820143	 2.53186715 32.60788964  4.77091609 -0.94916302  0.11205182 -0.05159760	 -17.52583832    5.85988820  -20.08220245 -139.60400477  -28.48339641   38.30699000   25.91081084   79.12245893  -18.70398427   82.60543588  -41.01199374   35.11601824	 0.01254876  0.00321067 -0.30054237  0.71124547 -0.41453899  0.01198584 -0.05270205 -0.17137285 -0.02441716  0.54166220 -0.47900928  0.06613095	 0.00754654 -0.13462499  0.21419676 -0.04483006 -0.16535640  0.18717834  0.37845703  0.04933232 -0.39905759  1.22583889 -0.32151060  1.44557757	 0.00465646 -0.16507532  0.24407162 -0.04023868 -0.18340682  0.18034310  0.34100143  0.02620382 -0.37618570  1.17193529 -0.28823320  1.47687144	0.10410585 0.02022427 3.90839451	 0.03295416 -0.03682284 -0.00485203	 0.02222861 -0.03214700 -0.01184650	 0.00310308  0.01495556 -0.99988334	0.35000000	0.00000000	0.00000000	0.74285400	-0.16997066	0.02892843	0.74619216	1.94631195	1.77200913	-4.40873718	-2.66216898	3.91931295	-2.11460280	2.45818901	0.68275070	-1.06386280	1.14667296	-0.82018536	4.53280735	-0.65044171	-2.07541490	0.46001917	-1.26533210	0.50299501	5.19660711	0.69169068	-0.16708969	
0.00803400	  -51.83489299     6.00422292 -1013.42636828    22.32637306   -62.69728202   -15.09364773	 4.78646158 17.69889190  6.63734715 -0.54013380  0.09079126  0.04418732	 -22.21759672   26.51965469  -23.29740150 -145.30130708  -35.17043012   43.48873889   22.77264581   59.30402040  -24.63851062   72.86673325  -42.72209421   17.27061722	 0.01257125  0.00189967 -0.29862760  0.71105291 -0.41608064  0.01341623 -0.04881534 -0.17023883 -0.02836469  0.55341870 -0.48298515  0.07846959	 0.01427630 -0.16199002  0.24529132 -0.04250083 -0.19235684  0.19634877  0.54382576  0.18728738 -0.52443751  1.59785999 -0.61429082  1.45547182	 0.00221341 -0.16181917  0.23405207 -0.02440517 -0.19274866  0.17764781  0.49608088  0.15572578 -0.50399859  1.49458489 -0.52571768  1.49611343	0.10481318 0.01359394 3.90601561	 0.03546852 -0.03440427 -0.00273848	 0.02989587 -0.03436989 -0.00658684	 0.00281485  0.01468092 -0.99988827	0.35000000	0.00000000	0.00000000	0.77899545	-0.06822228	0.06218459	0.52204174	2.09717298	1.92816973	-4.41983891	-2.70070386	3.97418594	-2.10384393	2.44127846	0.67400324	-0.93495953	1.15740645	-0.87520516	4.55566168	-0.62928593	-2.03942871	0.32938856	-1.23315227	0.53492945	5.28940153	0.52933145	-0.15316150	
0.00849300	  -57.30612015    23.65667825 -1022.62849540    23.66005545   -66.34888098   -14.66634552	 5.02151130  8.31019673  5.98610584 -0.26473464  0.13669695  0.00577453	 -26.06012003   42.30638456  -23.59100947 -150.39745682  -35.78355548   46.83652407   12.72384344   38.07370090  -28.69718741   60.59755185  -28.35635376   12.22687624	 0.01256595  0.00057382 -0.29669455  0.71096188 -0.41773973  0.01478683 -0.04382005 -0.16810062 -0.03376136  0.56841818 -0.48900751  0.09002528	-0.01782333 -0.14195395  0.23613692 -0.01157834 -0.16399464  0.14766912  0.59760334  0.25042523 -0.67243741  1.80612388 -0.72067230  1.17510124	-0.00205114 -0.15660679  0.22685290 -0.00964081 -0.19366011  0.15727831  0.58991830  0.26010205 -0.65334767  1.79669636 -0.72520577  1.30996327	0.10545321 0.00720459 3.90487322	 0.04376556 -0.02811307  0.00385231	 0.03651878 -0.03200093 -0.00172156	 0.00254902  0.01434604 -0.99989384	0.35000000	0.00000000	0.00000000	0.79541558	0.01441084	0.08142331	0.32674536	2.27204514	2.06625295	-4.48288631	-2.75236869	4.02217674	-2.09429264	2.40547967	0.66127801	-0.83234036	1.17825174	-0.85860717	4.54125452	-0.60526484	-1.96172786	0.26461792	-1.21392083	0.52619576	5.31603861	0.33068088	-0.15045901	
0.00846900	  -61.44000529    39.25970497 -1026.20691806    25.42021159   -68.91840390   -15.06999653	 4.53633362  3.98666363  4.67443723 -0.11529458  0.16371967 -0.07840418	 -27.50922301   56.96030021  -23.96607004 -152.35288864  -37.37130082   50.98191923    4.74590345   20.75364667  -27.22980010   48.15187550  -14.68339670   14.44898996	 0.01246118 -0.00074454 -0.29487902  0.71088763 -0.41940078  0.01602844 -0.03875573 -0.16542066 -0.04028668  0.58536592 -0.49596406  0.09972972	 0.00756175 -0.18462177  0.21578841  0.01355440 -0.21919720  0.14220101  0.62103340  0.32322707 -0.84814601  2.16901885 -0.85578341  1.08210887	-0.01400051 -0.15717060  0.21144036 -0.00735648 -0.19544496  0.14155069  0.58951566  0.31920331 -0.78652265  2.02441464 -0.82277322  1.11428287	0.10694143 0.00077627 3.90412448	 0.05225324 -0.02278741  0.02040721	 0.04450617 -0.02733416  0.00815128	 0.00233632  0.01393602 -0.99990016	0.35000000	0.00000000	0.00000000	0.80484909	0.05754316	0.10351528	0.18242261	2.34979701	2.18454719	-4.49956894	-2.73326325	4.02067471	-2.06078935	2.37129235	0.66664577	-0.74198753	1.20909023	-0.82264751	4.51278782	-0.58205569	-1.87332892	0.21705863	-1.18061244	0.57910556	5.27339840	0.18161833	-0.20952754	
0.00801500	  -64.59485669    51.69324360 -1026.45121299    26.82924226   -70.66391932   -14.25310214	 4.81108538  1.86259651  3.69284444 -0.03171508  0.16190276 -0.10346764	 -26.64475556   69.18567991  -23.87730065 -153.05991924  -39.09445819   54.36924231    3.44700469    8.74499324  -24.01506741   38.10133956   -9.95329584   17.47406651	 0.01222871 -0.00196966 -0.29319575  0.71084185 -0.42092553  0.01705505 -0.03437228 -0.16264796 -0.04728859  0.60255591 -0.50277476  0.10762038	-0.00817034 -0.13548273  0.21697976 -0.02263329 -0.17613161  0.09632277  0.46816130  0.32108991 -0.83392209  2.05708115 -0.80438115  0.84966791	-0.02823404 -0.15409117  0.20955409 -0.00554319 -0.19010789  0.12534954  0.53623248  0.34536408 -0.88082713  2.15418208 -0.84890010  0.96798800	 0.10942234 -0.00496262  3.90339725	 0.05903821 -0.02036361  0.03551491	 0.05194610 -0.02345799  0.02163405	 0.00216920  0.01348826 -0.99990668	0.35000000	0.00000000	0.00000000	0.81415451	0.07524278	0.13669151	0.09102808	2.37009072	2.27123094	-4.47675800	-2.68613291	4.00157022	-2.01303458	2.34733939	0.67587340	-0.66660345	1.22865367	-0.80432206	4.50949621	-0.56895769	-1.81348383	0.16882727	-1.14984548	0.66544688	5.22065115	0.09508314	-0.28275329	
0.00848100	  -66.04929873    60.72657857 -1026.24676860    29.28935396   -71.39844592   -13.34335908	 5.53975788  0.43671333  3.19804586  0.02591703  0.15325885 -0.09287154	 -25.54386950   78.66491580  -24.24023190 -152.28760308  -39.89327806   58.38523394    5.00096897    0.55903232  -22.25443856   32.23522928  -10.23628778   19.79481226	 0.01185426 -0.00325146 -0.29145183  0.71082203 -0.42254876  0.01804076 -0.03020463 -0.15961526 -0.05541326  0.62165582 -0.51005337  0.11529356	-0.06962890 -0.16587353  0.22656560 -0.02351958 -0.20160434  0.12164856  0.47822511  0.34475504 -0.97295589  2.28422713 -0.85019765  0.90613520	-0.04652100 -0.15243650  0.20750927 -0.00328014 -0.19058851  0.11586302  0.48274758  0.35561768 -0.96780168  2.26449063 -0.85893688  0.89980449	 0.11274747 -0.01037439  3.90263386	 0.06521597 -0.01895388  0.04672961	 0.05899505 -0.02088049  0.03523061	 0.00200758  0.01295728 -0.99991404	0.35000000	0.00000000	0.00000000	0.82701111	0.07753851	0.17406306	0.02659629	2.38776040	2.34376264	-4.46392393	-2.65234542	3.99309278	-1.97472405	2.32857513	0.68952453	-0.62351727	1.24477661	-0.79589325	4.53900337	-0.56809169	-1.77876556	0.13090345	-1.12933230	0.72905010	5.18122625	0.04573119	-0.32839212	
0.00800000	  -66.51799815    68.92739024 -1025.87695229    31.27741605   -70.78890606   -12.02662546	 6.63785845 -2.60490247  2.72923846  0.11674271  0.13564669 -0.05224179	 -23.94071853   87.78142214  -24.03490737 -151.59666133  -39.41047364   61.63127035    6.17569895   -6.43736096  -20.66470186   26.10419139  -12.79855717   17.96537521	 0.01146961 -0.00441354 -0.28980179  0.71081056 -0.42408941  0.01885092 -0.02674880 -0.15676166 -0.06358590  0.64015203 -0.51705667  0.12200321	-0.04367477 -0.16468519  0.21919657 -0.00464022 -0.18734773  0.10116207  0.40553149  0.35990456 -1.09920757  2.46370241 -0.94364172  0.85112913	-0.04838048 -0.14723044  0.20872943 -0.00179638 -0.19294619  0.10142481  0.42665028  0.35588812 -1.03692904  2.33616544 -0.88640114  0.83626149	 0.11636347 -0.01498264  3.90203433	 0.06891754 -0.01843208  0.05154339	 0.06432133 -0.01946274  0.04437107	 0.00186354  0.01241824 -0.99992115	0.35000000	0.00000000	0.00000000	0.84434104	0.07524570	0.21060361	-0.03968559	2.42449284	2.41722894	-4.44334173	-2.63777208	3.99450684	-1.94960165	2.32382107	0.69787788	-0.56323433	1.24539554	-0.81194204	4.56196547	-0.56686425	-1.76316047	0.07824709	-1.11378312	0.79446000	5.16986227	0.00187712	-0.36138314	
0.00854100	  -65.80190028    74.35190608 -1025.78852170    33.78252662   -69.15883802   -12.02607931	 7.10110737 -4.86771123  2.19141220  0.18500635  0.13049847 -0.02099768	 -24.14002819   94.69493866  -24.16391711 -150.58413219  -37.93401137   65.05958581    7.29557803  -11.96913308  -19.80763105   21.93628092  -11.92202110   17.29596289	 0.01101370 -0.00560691 -0.28801376  0.71081117 -0.42575261  0.01965202 -0.02351527 -0.15378380 -0.07263708  0.66003867 -0.52466268  0.12840192	-0.02189888 -0.11827884  0.19914020  0.00396910 -0.19820278  0.07190346  0.33430316  0.32120437 -0.99152656  2.14772346 -0.83837516  0.65440501	-0.05021492 -0.13764253  0.20951099 -0.00029481 -0.19457637  0.09174192  0.36761096  0.34476156 -1.05729750  2.31368274 -0.88746824  0.73070250	 0.12030952 -0.01955090  3.90156521	 0.07139903 -0.01773949  0.05501805	 0.06830810 -0.01853039  0.05042600	 0.00171534  0.01182007 -0.99992867	0.35000000	0.00000000	0.00000000	0.84554523	0.06185517	0.24189961	-0.10393199	2.45169044	2.48037457	-4.39839745	-2.61231732	3.98784113	-1.91182494	2.31759357	0.70973337	-0.47577876	1.22935140	-0.83483672	4.55261278	-0.57651150	-1.74987650	0.03107617	-1.09600437	0.87516010	5.13756561	-0.02802097	-0.41036382	
0.00845400	  -65.79314650    76.40236467 -1027.42550635    37.43719999   -67.57499789   -11.84372997	 7.36290733 -5.06881526  2.03558821  0.19733530  0.14398655 -0.02251107	 -23.87191920  100.01590776  -23.84543914 -148.88474381  -36.43336719   69.34792989    8.09619645  -15.65779328  -21.23840702   21.18996271  -10.40190900   19.41015375	 0.01052664 -0.00672422 -0.28622707  0.71081494 -0.42741243  0.02039082 -0.02076998 -0.15096188 -0.08208666  0.68002333 -0.53237760  0.13415454	-0.07895372 -0.12150900  0.19527740  0.02628776 -0.17407083  0.08105730  0.32527055  0.30197520 -1.18867235  2.40374369 -0.91003255  0.67505327	-0.05770727 -0.13066078  0.21123738  0.00151771 -0.19508275  0.08699063  0.31786599  0.32893225 -1.12428556  2.36240140 -0.91123039  0.67474185	 0.12394751 -0.02362589  3.90130206	 0.07291727 -0.01592490  0.05638230	 0.07092715 -0.01735900  0.05401325	 0.00157738  0.01120507 -0.99993598	0.35000000	0.00000000	0.00000000	0.84646028	0.05455177	0.27671552	-0.15572408	2.52025127	2.53673244	-4.42299461	-2.62098312	4.01998615	-1.88244331	2.29767871	0.71678138	-0.44854170	1.22493970	-0.82844794	4.58433294	-0.60215342	-1.73475051	0.01412376	-1.09933627	0.88035059	5.12104607	-0.06746168	-0.40493393	
0.00801600	  -64.64632941    79.31355808 -1026.39091150    39.82308782   -65.60557875   -11.04512095	 7.59986498 -7.06936878  1.38336319  0.25468180  0.13389408  0.00585830	 -22.92734879  105.35640931  -23.80214196 -147.70447040  -34.91804186   71.98804492    8.99744971  -19.59149057  -19.80060624   17.06721599   -9.73915120   17.82131317	 0.01008193 -0.00772551 -0.28450530  0.71080883 -0.42901315  0.02104171 -0.01859729 -0.14845462 -0.09126994  0.69886551 -0.53969084  0.13911576	-0.03652824 -0.11210995  0.23314229  0.00538518 -0.18905744  0.08940589  0.24022019  0.26388683 -1.10508831  2.24869998 -0.86894796  0.56260974	-0.05542761 -0.12186864  0.21518482 -0.00021112 -0.19946733  0.08320870  0.26475463  0.30778957 -1.15082206  2.34799517 -0.91128488  0.60946380	 0.12742405 -0.02708649  3.90117785	 0.07306182 -0.01429855  0.05487208	 0.07225170 -0.01583780  0.05499234	 0.00146189  0.01062000 -0.99994254	0.35000000	0.00000000	0.00000000	0.85364413	0.03759818	0.30570623	-0.21172592	2.55773354	2.59338665	-4.39346981	-2.60791898	4.02477741	-1.85036302	2.29445100	0.72581267	-0.36993495	1.20997286	-0.85211676	4.57800293	-0.61434656	-1.72856975	-0.02707084	-1.08791542	0.94771361	5.10217762	-0.09131025	-0.43936506	
0.00800100	  -62.65685014    79.80026614 -1027.27831035    42.71287215   -62.38132565   -11.13455927	 7.58634470 -7.49717402  1.17725109  0.26932703  0.13802611  0.01495211	 -23.15843812  108.70955920  -23.39841779 -145.68130696  -31.84081703   75.06741065    9.86910040  -21.85245717  -20.25113314   16.72799160   -8.44872914   18.74497744	 0.00965934 -0.00867425 -0.28277430  0.71081976 -0.43063368  0.02163793 -0.01676415 -0.14613924 -0.10068898  0.71757394 -0.54696875  0.14356999	-0.02851604 -0.12888556  0.25027555  0.02896396 -0.23016676  0.10088021  0.23527918  0.29839592 -1.19896756  2.41146070 -0.92950028  0.53617076	-0.05009925 -0.11828634  0.21957834  0.00377919 -0.20384908  0.07702381  0.22421684  0.28633017 -1.18040052  2.33978044 -0.91008073  0.55013375	 0.13057181 -0.03024959  3.90118970	 0.07270090 -0.01213701  0.05292760	 0.07262032 -0.01407912  0.05417907	 0.00136082  0.01003641 -0.99994871	0.35000000	0.00000000	0.00000000	0.85229379	0.02093118	0.33572409	-0.25974748	2.61560178	2.64310622	-4.39630413	-2.61376047	4.04819345	-1.81919479	2.28309107	0.73229408	-0.31710932	1.19484055	-0.86322600	4.58975077	-0.63745594	-1.72789764	-0.04545565	-1.08993912	0.97569162	5.09201336	-0.10853621	-0.45054418	
0.00850900	  -61.01076333    79.73508233 -1028.48805068    45.34559183   -58.82436245   -11.35701381	 7.79950141 -8.15579291  0.94802636  0.28847427  0.14022030  0.02418416	 -23.52297782  112.41046262  -22.29387355 -144.35669044  -28.58876136   77.29426253   10.16546723  -23.99265969  -20.63772734   15.67072721   -8.18748189   18.83375964	 0.00921020 -0.00957430 -0.28093758  0.71081310 -0.43237426  0.02219647 -0.01521533 -0.14391715 -0.11096621  0.73726036 -0.55461371  0.14788399	-0.02561357 -0.08261267  0.21966103 -0.01025880 -0.20585357  0.04859907  0.16124995  0.23849459 -1.19904830  2.23096186 -0.88023561  0.44042153	-0.05018951 -0.10335243  0.21671867  0.00101506 -0.20602641  0.06355134  0.17532460  0.25690782 -1.21009494  2.30855518 -0.89749113  0.49539496	 0.13366196 -0.03359018  3.90136908	 0.07131387 -0.00986260  0.05149395	 0.07212310 -0.01192398  0.05277593	 0.00127221  0.00942401 -0.99995478	0.35000000	0.00000000	0.00000000	0.85240281	0.00016352	0.36965108	-0.30726969	2.67679763	2.69123650	-4.39295435	-2.62442970	4.07486248	-1.78874123	2.27686167	0.73760617	-0.25479490	1.17485440	-0.88073498	4.59976482	-0.66129720	-1.73317432	-0.06976123	-1.09505570	1.01448357	5.08820915	-0.12553023	-0.46513709	
0.00800000	  -59.39525754    78.07380539 -1027.52265089    48.86683656   -55.92586901   -10.95219738	 7.87244055 -8.42361178  0.66813319  0.29494257  0.13469830  0.03585587	 -22.95737189  114.09969735  -21.69398355 -142.63237640  -26.18326579   81.06958842   11.00919563  -24.91780084  -20.33766086   14.80086167   -8.23862033   19.09508482	 0.00880696 -0.01034230 -0.27918773  0.71080224 -0.43402026  0.02264557 -0.01410767 -0.14208162 -0.12087092  0.75559886 -0.56170680  0.15158763	-0.03744107 -0.06722208  0.18830830 -0.01647821 -0.19904099  0.05275001  0.10485804  0.19614179 -1.17814785  2.09525220 -0.82435510  0.43222973	-0.04841049 -0.09255126  0.21774679 -0.00143193 -0.20634738  0.05684050  0.13159667  0.22315171 -1.23548904  2.27615580 -0.88095526  0.45486360	 0.13645102 -0.03626576  3.90152563	 0.06999857 -0.00787112  0.04907985	 0.07110847 -0.00987328  0.05111242	 0.00120556  0.00885867 -0.99996003	0.35000000	0.00000000	0.00000000	0.85183066	-0.02500320	0.39834881	-0.34771088	2.72962546	2.73499131	-4.39425468	-2.62536502	4.09735823	-1.75928366	2.26902390	0.74439228	-0.20644736	1.15934944	-0.89740723	4.61497307	-0.68664402	-1.74577236	-0.08794312	-1.09856558	1.05589986	5.07726812	-0.13092566	-0.47498915	
0.00847000	  -57.90352843    75.21017102 -1027.49324092    52.48085503   -52.68318554   -10.74436268	 8.01797729 -8.60879122  0.49231813  0.29728491  0.13168644  0.04948936	 -22.73081790  115.94732118  -20.70199707 -140.94493407  -23.40954866   83.93989599   11.84442895  -25.10201424  -20.53964444   14.50794438   -8.67301132   19.09924540	 0.00841173 -0.01109559 -0.27730431  0.71080016 -0.43579262  0.02304570 -0.01322887 -0.14038202 -0.13159312  0.77480057 -0.56917597  0.15515362	-0.04452646 -0.11468698  0.23736341 -0.02362384 -0.21155760  0.03298631  0.08583363  0.19376931 -1.34972000  2.34689697 -0.92683981  0.44527488	-0.04495573 -0.08790212  0.22567821 -0.00310902 -0.20890697  0.04825293  0.09680392  0.19516959 -1.27972551  2.27555111 -0.88727169  0.41868523	 0.13925651 -0.03880523  3.90173018	 0.06793888 -0.00605213  0.04541245	 0.06957129 -0.00786173  0.04837764	 0.00115038  0.00827256 -0.99996512	0.35000000	0.00000000	0.00000000	0.85575825	-0.04364784	0.43042430	-0.38494447	2.80932808	2.78195453	-4.42575359	-2.65088081	4.14264297	-1.73364198	2.25577426	0.74598157	-0.17521049	1.14380360	-0.91033816	4.64921856	-0.71555042	-1.76156616	-0.10118124	-1.11160779	1.06881106	5.09146547	-0.14598678	-0.46183920	
0.00802700	  -55.12810313    73.63133656 -1026.98567377    54.92980534   -48.80198272   -10.61463316	 7.88162511 -9.32598776  0.03140779  0.31597479  0.12443818  0.06308652	 -22.69231955  118.04669571  -20.20257078 -139.83299518  -19.88648862   85.59209764   12.16725983  -26.12660664  -19.80872446   12.83159112   -7.48198067   18.46702848	 0.00804874 -0.01169029 -0.27553355  0.71080047 -0.43750666  0.02330028 -0.01264217 -0.13904593 -0.14183693  0.79258203 -0.57608463  0.15812029	-0.05405053 -0.08147189  0.22678605 -0.01015269 -0.20397369  0.02275331  0.06239977  0.13860887 -1.32543826  2.26673217 -0.83904595  0.32190351	-0.04470874 -0.07367787  0.22230177 -0.00218701 -0.21281922  0.03087207  0.07000816  0.16282392 -1.28180831  2.21580200 -0.85909254  0.36151348	 0.14175201 -0.04109943  3.90199520	 0.06558924 -0.00455331  0.04254570	 0.06766778 -0.00615805  0.04540802	 0.00111121  0.00773848 -0.99996944	0.35000000	0.00000000	0.00000000	0.85390872	-0.06716431	0.45831454	-0.43010858	2.85935211	2.82582211	-4.40645933	-2.65398097	4.15926743	-1.69837248	2.24911880	0.75133145	-0.09720229	1.11979282	-0.93646151	4.64168215	-0.73640013	-1.77217758	-0.12496024	-1.11384189	1.12588871	5.08308935	-0.15109026	-0.48825002	
0.00846700	  -53.78593948    72.00742902 -1026.89763765    57.79766929   -45.33387459   -10.26411532	 8.11774032 -8.31869456 -0.04468087  0.28594873  0.12808798  0.05422697	 -22.24456566  117.94388247  -18.95428135 -137.94095409  -16.88574775   89.28966367   11.62501292  -25.23399478  -21.11098839   13.19512965   -8.01457302   20.24559981	 0.00771029 -0.01224506 -0.27363233  0.71081727 -0.43934407  0.02346222 -0.01231556 -0.13789028 -0.15290137  0.81111667 -0.58332426  0.16097690	-0.05204139 -0.06584815  0.24377546  0.02114564 -0.22507146  0.02495832  0.00955644  0.13635221 -1.34900291  2.27221225 -0.88630941  0.36001084	-0.03998409 -0.06471503  0.22479152  0.00276264 -0.21891066  0.01950236  0.03399078  0.13173760 -1.31394249  2.19379202 -0.85739381  0.33661300	 0.14407111 -0.04334687  3.90231857	 0.06268503 -0.00264928  0.03929013	 0.06516143 -0.00439217  0.04236318	 0.00108343  0.00719395 -0.99997354	0.35000000	0.00000000	0.00000000	0.85113567	-0.09023869	0.49160197	-0.45824501	2.93658328	2.86384964	-4.44523954	-2.67729521	4.20588541	-1.67190754	2.23284030	0.75365758	-0.07914072	1.10524404	-0.94339246	4.68450737	-0.77235001	-1.79603255	-0.12852636	-1.13448370	1.13475287	5.09211826	-0.15462819	-0.47129679	
0.00803600	  -51.52715717    70.55485783 -1026.04672603    60.00481829   -41.45088706   -10.32911093	 7.95981678 -8.97841492 -0.44361528  0.30339364  0.12416008  0.08589365	 -22.23801818  119.23234606  -17.89464891 -137.35961112  -13.39125444   91.24441540   12.56444757  -25.40381813  -20.47758111   11.87393028   -6.89716402   19.27013108	 0.00741178 -0.01268139 -0.27182651  0.71080780 -0.44107924  0.02359076 -0.01216930 -0.13705721 -0.16347304  0.82819308 -0.58996969  0.16345485	-0.02879499 -0.04807064  0.19161238  0.00525707 -0.17398985 -0.01770704  0.01156559  0.10377281 -1.25466488  1.98075783 -0.73401231  0.28674521	-0.03642805 -0.05397684  0.22230553  0.00087552 -0.21500622  0.01251226  0.01817881  0.10116521 -1.31597043  2.11666443 -0.82128598  0.30323543	 0.14616476 -0.04518850  3.90261283	 0.05972449 -0.00145695  0.03462544	 0.06248150 -0.00282990  0.03872744	 0.00106965  0.00670474 -0.99997695	0.35000000	0.00000000	0.00000000	0.84889555	-0.11536221	0.51708829	-0.49974141	2.97901368	2.90730691	-4.42181635	-2.67526102	4.21213293	-1.63792253	2.22650385	0.75899231	-0.00543828	1.08318031	-0.97094643	4.67306614	-0.78894436	-1.81052661	-0.14645492	-1.13197398	1.19703746	5.07866001	-0.14905435	-0.49846590	
0.00848200	  -50.71106611    69.29107472 -1026.38679525    62.28512773   -38.82168484   -10.23610239	 8.01599157 -8.52709313 -0.27344728  0.28820914  0.12623794  0.09337644	 -22.03058311  119.06229973  -17.01921757 -135.63012937  -11.31569628   93.93361640   11.06035847  -24.67147946  -21.42939387   13.34968762   -7.78226797   20.01244143	 0.00714465 -0.01307520 -0.26987896  0.71080481 -0.44297687  0.02376193 -0.01212087 -0.13642590 -0.17482121  0.84593738 -0.59689838  0.16582764	-0.04613692 -0.04864791  0.22819224 -0.00326965 -0.21861189  0.02610243  0.02288565  0.06105971 -1.30289645  2.00853714 -0.79432480  0.27923204	-0.03199761 -0.04577344  0.22811611 -0.00129734 -0.22296661  0.02230899  0.00638356  0.07176415 -1.33937322  2.08348662 -0.81324640  0.27808156	 0.14819762 -0.04686968  3.90288300	 0.05663235 -0.00021890  0.02833568	 0.05945834 -0.00145579  0.03363381	 0.00106455  0.00621101 -0.99998014	0.35000000	0.00000000	0.00000000	0.84901607	-0.13587879	0.54674244	-0.53151721	3.05021548	2.94427729	-4.45162106	-2.69453669	4.24882889	-1.61354947	2.20813704	0.76125920	0.02334359	1.07007611	-0.98273915	4.71377802	-0.81556118	-1.83879447	-0.15113543	-1.14500594	1.22012651	5.08934021	-0.14351322	-0.49116868	
0.00801700	  -47.46388273    65.18160613 -1025.69331306    64.19085153   -34.77239703   -10.06882126	 7.68931511 -8.59841062 -0.68667311  0.28788801  0.12141750  0.10014661	 -21.88353912  118.96511459  -16.69279381 -134.27810669   -7.46485569   94.48192286   10.27146856  -24.44163966  -20.89217857   12.10280657   -5.92509703   19.82361972	 0.00694763 -0.01338637 -0.26801345  0.71081269 -0.44479978  0.02392304 -0.01209727 -0.13607594 -0.18565421  0.86229078 -0.60324079  0.16786799	 0.00442694 -0.02548022  0.23222716  0.01834650 -0.21680415  0.02514122 -0.01413455  0.02948005 -1.26202567  1.91928882 -0.75094112  0.23101134	-0.02244083 -0.03716354  0.23307038  0.00211848 -0.22777231  0.02074779  0.00220347  0.04024804 -1.35031412  2.03171765 -0.78933658  0.25190388	 0.14986545 -0.04827080  3.90319042	0.05426734 0.00114625 0.02295247	 0.05677211 -0.00017239  0.02825306	 0.00106970  0.00576812 -0.99998279	0.35000000	0.00000000	0.00000000	0.85328072	-0.15906920	0.57218337	-0.57193035	3.10987687	2.98674107	-4.45856857	-2.71044350	4.27020788	-1.58360672	2.19597650	0.76690340	0.08896856	1.05478692	-1.00250590	4.72112083	-0.83194947	-1.85805357	-0.16161278	-1.15239859	1.26954710	5.09727478	-0.13745645	-0.51039100	
0.00802000	  -45.45121062    61.48630147 -1030.62471006    66.05469753   -30.85543153   -10.31521504	 7.58253632 -6.94445999 -0.78235823  0.22712124  0.12353706  0.08871066	 -22.30075633  117.83375406  -15.79566293 -132.38962272   -3.46849983   96.00840664    8.28901817  -22.96053952  -21.30286094   12.28888119   -5.32947958   20.28458858	 0.00676580 -0.01362540 -0.26615427  0.71078785 -0.44663963  0.02402741 -0.01209065 -0.13591224 -0.19660724  0.87824510 -0.60933301  0.16972641	-0.02840422 -0.02056716  0.24650494  0.00080017 -0.23951523  0.02400858  0.01655043  0.02899648 -1.37476628  1.97400304 -0.75259719  0.23729497	-0.02362178 -0.02887432  0.23181794 -0.00298663 -0.22985722  0.01457461  0.00100812  0.01819391 -1.35889079  1.97115360 -0.75276009  0.22968982	 0.15128200 -0.05056687  3.90392174	0.04912892 0.00252751 0.01997486	0.05346373 0.00118004 0.02367417	 0.00108570  0.00535268 -0.99998508	0.35000000	0.00000000	0.00000000	0.85141844	-0.18444014	0.59837759	-0.60496742	3.16362906	3.02622461	-4.47080946	-2.72577214	4.29040575	-1.56463253	2.18563604	0.77221024	0.14251302	1.04000962	-1.02002752	4.74046612	-0.84810853	-1.88625073	-0.16525474	-1.15957808	1.32249713	5.10634279	-0.12326546	-0.52927315	
0.00847500	  -43.54522562    55.40485917 -1032.40661825    67.57526044   -27.44422720    -9.63647539	 7.63469075 -5.25837902 -0.99124134  0.16089605  0.11406467  0.07545147	 -21.37128058  116.62046099  -14.77357261 -131.17554379   -0.45507545   97.14668477    6.29143032  -22.53440905  -21.22124373   12.21384370   -6.39667059   20.12915295	 0.00661293 -0.01375652 -0.26415582  0.71076737 -0.44858644  0.02410252 -0.01207960 -0.13583180 -0.20835661  0.89475470 -0.61555861  0.17148335	-0.03153862 -0.04481461  0.23743596  0.00485054 -0.19508375 -0.01309302  0.02289777  0.03907912 -1.36061792  1.85526828 -0.67117801  0.17828216	-0.01923728 -0.01705412  0.23599949 -0.00174208 -0.22833155  0.00948775  0.00170136  0.00994794 -1.38206099  1.92821877 -0.72510364  0.20102047	 0.15269828 -0.05363863  3.90502666	0.04206694 0.00354410 0.01744393	0.04772532 0.00245404 0.02021903	 0.00111265  0.00496863 -0.99998704	0.35000000	0.00000000	0.00000000	0.85371059	-0.20483959	0.62633675	-0.63675356	3.21834660	3.06572342	-4.48532248	-2.74241996	4.31267595	-1.55258548	2.17728376	0.77479601	0.18975645	1.02737784	-1.03895247	4.77356958	-0.85740429	-1.91904712	-0.17386109	-1.16416085	1.38794315	5.12414360	-0.11305548	-0.55213684	
0.00801100	  -41.80502518    51.60902209 -1035.96475214    68.22227216   -24.81292489    -9.61903475	 7.43476324 -3.96896703 -1.38868304  0.11339230  0.10172709  0.06564620	 -21.40814640  115.57605267  -14.66524346 -130.69091475    2.28655518   98.04095781    4.37087762  -24.19113523  -20.17888627   10.92307577   -5.96244831   20.49277604	 0.00647738 -0.01378860 -0.26224985  0.71069195 -0.45043477  0.02431611 -0.01208110 -0.13581131 -0.21948476  0.90985162 -0.62120676  0.17292697	 0.00205370  0.00751000  0.21586157 -0.02829862 -0.22026149  0.04879478 -0.01341852 -0.00623873 -1.31695534  1.77777023 -0.64529558  0.16656138	-0.01710570 -0.00227481  0.23627019 -0.01043782 -0.22847419  0.03021536  0.00152229  0.00325375 -1.38362394  1.86717080 -0.69717650  0.17519682	 0.15407812 -0.05642020  3.90642999	0.03737117 0.00418041 0.01731652	0.04233968 0.00339979 0.01836815	 0.00114469  0.00465276 -0.99998852	0.35000000	0.00000000	0.00000000	0.85587925	-0.23203391	0.64894319	-0.67386276	3.24522924	3.10218596	-4.47550344	-2.73713231	4.31377649	-1.53905869	2.17607880	0.78581405	0.25277770	1.01795518	-1.06026471	4.78638172	-0.85904253	-1.94481921	-0.18783846	-1.15999222	1.48461556	5.12345695	-0.09974230	-0.60652292	
0.00800900	  -41.27357348    50.54396829 -1039.72560600    68.45228249   -22.49004323    -9.25320323	 7.31297067 -3.03951500 -1.73019906  0.08302704  0.09928651  0.05438868	 -20.98169227  114.66264653  -14.62038163 -128.29263493    4.06560963   98.53419220    2.46473963  -25.92171305  -20.17163023    9.74756527   -4.89218659   21.29983020	 0.00634111 -0.01382394 -0.26030797  0.71061471 -0.45228495  0.02477379 -0.01207919 -0.13579243 -0.23067360  0.92443836 -0.62660057  0.17422242	-0.00425470 -0.00789153  0.23582691 -0.01602279 -0.20669605  0.06574115 -0.00402415  0.02048552 -1.39055629  1.75618163 -0.61052848  0.12825523	-0.01606211 -0.00479860  0.24034211 -0.00920607 -0.22825554  0.06327820 -0.00025532  0.00339029 -1.38986907  1.80126350 -0.66170010  0.15861341	 0.15542355 -0.05925260  3.90818785	0.03324192 0.00464818 0.01764114	0.03764304 0.00407433 0.01782667	 0.00118086  0.00437145 -0.99998975	0.35000000	0.00000000	0.00000000	0.85771680	-0.25934926	0.67147809	-0.70669246	3.25554585	3.13420057	-4.45939493	-2.71881580	4.30232573	-1.51946986	2.16832590	0.80032325	0.31803021	1.00971377	-1.07844412	4.79670048	-0.86210191	-1.96271920	-0.20255098	-1.14976811	1.58081698	5.11175776	-0.08110908	-0.66501862	
0.00846800	  -39.15042677    46.50038368 -1037.74023265    68.21371353   -19.88167945    -8.83261441	 7.11131974 -3.22101307 -1.98175395  0.08916162  0.09128286  0.05586337	 -20.49964292  115.57751155  -14.29644840 -128.20407739    6.82088683   96.46502197    0.64614432  -28.24752045  -19.88850953    9.32838114   -4.64223057   21.38594338	 0.00617470 -0.01383533 -0.25822681  0.71051246 -0.45426312  0.02551101 -0.01208509 -0.13581785 -0.24258502  0.93934976 -0.63203283  0.17554126	-0.02203420 -0.03368463  0.28784061 -0.03454758 -0.20315837  0.08340768 -0.00871194  0.01266566 -1.44837173  1.78345396 -0.66482797  0.18415640	-0.02049717 -0.00453028  0.24900827 -0.01383998 -0.23047892  0.08914636 -0.00123352 -0.00213493 -1.40921140  1.75049739 -0.63655350  0.15518820	 0.15680139 -0.06153489  3.91003851	0.03248114 0.00531106 0.01767877	0.03434191 0.00469453 0.01774232	 0.00122380  0.00409470 -0.99999087	0.35000000	0.00000000	0.00000000	0.86725080	-0.27908278	0.69774783	-0.74112850	3.29141760	3.16830468	-4.45479393	-2.72606993	4.30894661	-1.49476337	2.15935588	0.81200504	0.38378349	0.99981874	-1.09733427	4.81687498	-0.86451775	-1.97851765	-0.21650773	-1.14826667	1.65496254	5.12038517	-0.07257783	-0.71219987	
0.00852500	  -35.54446515    44.87250091 -1030.46072183    67.60874289   -16.58057477    -7.62615186	 6.56531259 -3.99270377 -2.52996179  0.11245938  0.07479869  0.06216234	 -19.14622013  115.89761543  -14.92286026 -126.61872342    9.52369326   95.00658178   -1.66708001  -29.68260181  -18.67903980    8.23410993   -3.22743628   20.70762736	 0.00603498 -0.01383795 -0.25612552  0.71037431 -0.45624275  0.02633728 -0.01207923 -0.13594109 -0.25449600  0.95356831 -0.63705612  0.17672671	-0.02305767 -0.01948681  0.24487260 -0.02410010 -0.23181296  0.07575375 -0.00579301 -0.04234241 -1.31025478  1.49035569 -0.52193311  0.09924438	-0.01746910 -0.00254495  0.24933958 -0.01634093 -0.23156481  0.09690494 -0.00002414 -0.01762311 -1.39647424  1.65070052 -0.57965600  0.13412230	 0.15797540 -0.06306047  3.91144107	0.03436232 0.00653088 0.01633011	0.03383158 0.00556235 0.01720266	 0.00127476  0.00381085 -0.99999193	0.35000000	0.00000000	0.00000000	0.87155712	-0.30431783	0.71872145	-0.78230798	3.30820084	3.20287085	-4.41548681	-2.71267509	4.29223824	-1.45966840	2.14731193	0.82799542	0.48305705	0.98380053	-1.12715018	4.81065369	-0.86475301	-1.99478579	-0.23795211	-1.13767231	1.75843680	5.10894585	-0.04775982	-0.77916437	
0.00849800	  -34.15745301    46.42948755 -1031.92527152    67.61666587   -13.62538509    -7.24813578	 6.48048934 -3.22498189 -2.46698772  0.09160055  0.07210122  0.05257779	 -18.89057590  115.79059148  -14.63158704 -124.73445976   12.14556393   95.67640102   -4.16416701  -28.97710729  -18.84764129    8.52070214   -3.61369834   22.05850583	 0.00590539 -0.01383743 -0.25400097  0.71017398 -0.45819480  0.02722680 -0.01207178 -0.13617400 -0.26636865  0.96708473 -0.64168212  0.17785501	-0.00183960  0.00583148  0.22537481 -0.00366776 -0.23440425  0.10731437  0.01712884 -0.06166642 -1.25672822  1.41151546 -0.47367525  0.11839833	-0.01447955 -0.00101713  0.24812862 -0.02181006 -0.23067736  0.10576885  0.00252362 -0.03118292 -1.38720577  1.56579052 -0.53164021  0.13199609	 0.15897616 -0.06475055  3.91290764	0.03539975 0.00782060 0.01512493	0.03462586 0.00670141 0.01614904	 0.00133658  0.00351332 -0.99999294	0.35000000	0.00000000	0.00000000	0.87063199	-0.33098301	0.74434233	-0.81087011	3.32867217	3.23438144	-4.40160608	-2.70329881	4.28207588	-1.43314123	2.13142490	0.83942342	0.54219288	0.97647297	-1.14353788	4.83303738	-0.86834133	-2.02314854	-0.24522257	-1.13777757	1.83835495	5.10187864	-0.01643937	-0.82639748	
0.00847200	  -33.58171199    48.02305686 -1030.35475743    67.44672173   -11.41440584    -6.76775146	 6.41620008 -3.47240475 -2.62121284  0.09797644  0.06638606  0.05653712	 -18.42985112  116.19907188  -14.13460131 -122.99239460   13.93397109   95.77738297   -6.25048566  -29.23847556  -18.64061983    8.00776260   -3.80986865   21.66282004	 0.00577507 -0.01384012 -0.25183953  0.70992610 -0.46012374  0.02824619 -0.01207629 -0.13650574 -0.27822602  0.97988566 -0.64589905  0.17903788	-0.01021442 -0.00620776  0.26164045 -0.05451285 -0.21224191  0.10754901  0.01225772 -0.06532846 -1.39884907  1.48087196 -0.47642786  0.14343934	-0.01483368 -0.00179255  0.25433520 -0.03101591 -0.22803150  0.12122480  0.00119099 -0.04313641 -1.39464888  1.49514848 -0.48924668  0.13956333	 0.16002772 -0.06651688  3.91424189	0.03586602 0.00862731 0.01351261	0.03532896 0.00775892 0.01486362	 0.00140737  0.00320986 -0.99999386	0.35000000	0.00000000	0.00000000	0.87593216	-0.35603109	0.76811028	-0.84432256	3.35429263	3.26830602	-4.38661623	-2.69700098	4.27222490	-1.41166043	2.11869788	0.85033262	0.60776091	0.96928436	-1.16436124	4.84901333	-0.86786866	-2.04923344	-0.25882798	-1.13351762	1.91904163	5.10179520	0.00716982	-0.87124628	
0.00850200	  -31.36248038    47.74665237 -1024.73462655    66.98770372    -8.84455135    -5.79208047	 6.05812718 -3.95068581 -2.95244031  0.10850641  0.04912000  0.05064743	 -17.50453856  116.59299803  -14.50079024 -121.36475143   16.01123786   94.88588035   -8.30591470  -29.52306151  -17.42552241    7.48677756   -3.76076963   20.78746504	 0.00566817 -0.01384137 -0.24965927  0.70967646 -0.46207311  0.02939530 -0.01210320 -0.13694885 -0.29004234  0.99194455 -0.64973242  0.18014596	-0.01289226 -0.00802889  0.23267426 -0.04154450 -0.22523394  0.10923365  0.02705815 -0.06796929 -1.35708099  1.32994489 -0.39105222  0.12095522	-0.01251239 -0.00154387  0.25629129 -0.03068458 -0.22922718  0.13543446 -0.00262801 -0.05551104 -1.39054820  1.40533326 -0.44333678  0.12856860	 0.16112855 -0.06825675  3.91517874	0.03676648 0.00918324 0.01284851	0.03601194 0.00854766 0.01368276	 0.00148366  0.00290112 -0.99999469	0.35000000	0.00000000	0.00000000	0.88090569	-0.38291165	0.78907335	-0.87967294	3.37552857	3.30123496	-4.35534191	-2.68986154	4.25901127	-1.38651025	2.10844946	0.86261296	0.69219649	0.95700634	-1.19364393	4.85305405	-0.86591172	-2.07697320	-0.27896565	-1.12801123	2.01228690	5.10325480	0.03414119	-0.92737633	
0.00809300	  -29.19378831    47.17886151 -1023.07804663    66.79062093    -6.32526014    -5.07765236	 5.62424152 -3.43541056 -3.13757538  0.09281002  0.03980424  0.02566725	 -16.99521014  116.70686007  -14.86143965 -120.50534192   18.30767503   94.39858258  -10.24771443  -29.09058213  -16.67533856    7.26807523   -2.80190758   21.56202608	 0.00556195 -0.01383624 -0.24759230  0.70940660 -0.46390305  0.03057852 -0.01226009 -0.13747602 -0.30107538  1.00255290 -0.65295725  0.18108704	 0.00915253  0.01057848  0.22856930 -0.06103696 -0.25091457  0.16921336 -0.04783390 -0.09518319 -1.38101196  1.26548730 -0.38535455  0.10679189	-0.01132548 -0.00022778  0.25043310 -0.03472967 -0.22519134  0.14551707 -0.02191981 -0.06802378 -1.34884375  1.28357208 -0.38727879  0.11415557	 0.16211804 -0.07001459  3.91594724	0.03788894 0.00977138 0.01444388	0.03691844 0.00917179 0.01371077	 0.00155989  0.00260208 -0.99999540	0.35000000	0.00000000	0.00000000	0.87522626	-0.41163093	0.80728549	-0.90626937	3.37626576	3.32440162	-4.30303669	-2.66698098	4.23329258	-1.35291612	2.09853792	0.87722158	0.77839392	0.94153202	-1.22156000	4.84262514	-0.86828816	-2.10167861	-0.29597542	-1.12364829	2.11079979	5.08361578	0.06929090	-0.99291891	
0.00849000	  -30.17154210    48.26792427 -1022.23271946    66.70926628    -5.21836897    -4.80212540	 5.54950264 -2.71817866 -2.98842939  0.07233627  0.04655826  0.01210391	 -16.78811993  116.98384047  -14.28072339 -118.88750020   19.00904448   94.59296739  -10.51561439  -28.35994953  -17.57577904    8.03508263   -2.65660321   22.54389894	 0.00542588 -0.01383068 -0.24535644  0.70911144 -0.46583704  0.03194784 -0.01259910 -0.13815661 -0.31271248  1.01307146 -0.65595047  0.18215181	-0.02620270 -0.00089282  0.27285459 -0.04109595 -0.22251300  0.17548946 -0.02625986 -0.08435744 -1.29536923  1.14255462 -0.33466825  0.12354457	-0.01579069  0.00083519  0.25967466 -0.03469391 -0.22774831  0.16372527 -0.04179914 -0.08247166 -1.35358751  1.20849713 -0.34219910  0.12657112	 0.16319865 -0.07206190  3.91659596	0.03834915 0.01026193 0.01609489	0.03776698 0.00976377 0.01485993	 0.00164561  0.00227715 -0.99999605	0.35000000	0.00000000	0.00000000	0.87237418	-0.43638951	0.83315384	-0.92736453	3.40125322	3.34134078	-4.28613329	-2.66023302	4.22756672	-1.32225990	2.07816601	0.88418746	0.83195782	0.93189692	-1.23636293	4.85681725	-0.88034165	-2.12727308	-0.30517486	-1.12815177	2.16503358	5.07590628	0.09100115	-1.02082419	
0.00841800	  -27.48064618    46.93462278 -1018.04028423    66.32672931    -2.32745909    -3.63742233	 5.10609726 -3.18182662 -3.33087311  0.08225415  0.03272292  0.01614365	 -15.44240202  117.36472654  -14.61009914 -117.79344162   21.69777265   93.39800441  -10.86716086  -28.21633422  -16.35247130    7.39082264   -2.03030517   21.42193416	 0.00527716 -0.01383919 -0.24311394  0.70878845 -0.46777816  0.03341636 -0.01314079 -0.13893638 -0.32424340  1.02278531 -0.65844759  0.18326379	-0.02951678 -0.00799919  0.31082253 -0.05376270 -0.25045135  0.15008194 -0.07201887 -0.09262397 -1.42820798  1.14813573 -0.29728108  0.11623359	-0.01836660 -0.00183199  0.26722088 -0.03831705 -0.22968570  0.17404246 -0.06575280 -0.09409437 -1.35995397  1.13035348 -0.28696591  0.12899774	 0.16423294 -0.07381055  3.91699293	0.03976901 0.01075875 0.01651399	0.03867343 0.01028079 0.01585412	 0.00173538  0.00194502 -0.99999660	0.35000000	0.00000000	0.00000000	0.87507623	-0.46679267	0.85386699	-0.95332950	3.42390442	3.36596942	-4.25010490	-2.65969944	4.21901703	-1.29560184	2.07249260	0.89666355	0.91260892	0.91418982	-1.26873100	4.84812164	-0.88706958	-2.15023375	-0.32351354	-1.12707400	2.24059701	5.07703447	0.11244091	-1.06307030	
0.00802200	  -24.14418398    45.15399339 -1015.03687345    66.01430836     0.84229912    -2.49686553	 4.65350218 -3.01906775 -3.62357169  0.07492970  0.01135715  0.01511617	 -14.19158527  117.79712296  -14.98651177 -116.78620079   24.51823264   92.39348829  -11.12753520  -27.17875880  -14.44207766    6.78811545   -2.33281506   21.30282819	 0.00515591 -0.01383645 -0.24097476  0.70845502 -0.46961002  0.03488867 -0.01383435 -0.13978938 -0.33499701  1.03116254 -0.66035375  0.18425671	-0.00101242  0.00376924  0.26784045 -0.03199483 -0.21339999  0.19643276 -0.08779913 -0.09397306 -1.26911404  0.92764364 -0.18846805  0.10081856	-0.01402421 -0.00051332  0.26853958 -0.04211466 -0.22696874  0.18398070 -0.08667189 -0.10794105 -1.33635649  1.02696911 -0.22934679  0.12088754	 0.16526448 -0.07521369  3.91723025	0.04188808 0.01080258 0.01617324	0.04014832 0.01060946 0.01615511	 0.00182207  0.00161791 -0.99999703	0.35000000	0.00000000	0.00000000	0.87239170	-0.49995732	0.87418747	-0.97173715	3.42865944	3.38506031	-4.19684982	-2.64646983	4.20019960	-1.26301003	2.06769633	0.90840793	0.99407351	0.89566702	-1.30364990	4.83725452	-0.89257705	-2.17764974	-0.34307939	-1.12770510	2.32710457	5.07009983	0.14500991	-1.11430109	
0.00801000	  -22.99320386    45.68888453 -1013.50846802    65.84951702     2.91966859    -2.14888410	 4.35357036 -2.35718846 -3.74587218  0.05567184  0.00697690  0.00900742	 -13.94853854  117.74522543  -15.08461721 -115.25893202   26.00216286   92.24909973  -10.96476139  -25.79723263  -14.05683159    6.55131640   -1.73744364   22.04530674	 0.00502671 -0.01383684 -0.23881113  0.70808413 -0.47142062  0.03637168 -0.01470629 -0.14071080 -0.34557404  1.03875490 -0.66184480  0.18521624	-0.01538996  0.00200457  0.23760656 -0.04804197 -0.21431147  0.15053345 -0.11504577 -0.12031469 -1.21468817  0.82767029 -0.15171883  0.10317415	-0.01339914 -0.00180214  0.26814818 -0.04552834 -0.22395785  0.18400676 -0.11043574 -0.11650660 -1.30933559  0.92532560 -0.17827800  0.11818508	 0.16629765 -0.07691060  3.91738888	0.04270791 0.01077088 0.01577633	0.04158937 0.01072021 0.01601606	 0.00190857  0.00127843 -0.99999736	0.35000000	0.00000000	0.00000000	0.86277634	-0.53005928	0.89483553	-0.98415947	3.43444657	3.39462757	-4.14845610	-2.62974858	4.18313599	-1.22788036	2.05401397	0.91745198	1.06184685	0.87512916	-1.33088815	4.82476664	-0.90689880	-2.20247698	-0.35984084	-1.13220310	2.39409757	5.05477142	0.17149356	-1.15296924	
0.00853000	  -22.75203719    46.60112785 -1013.32003552    65.78942515     4.33467009    -1.72910578	 4.04415009 -2.16806243 -3.84099892  0.04893817  0.00399615  0.01620785	 -13.46347844  118.28132010  -14.90115289 -114.72762123   27.13008817   91.98210013  -10.01299967  -24.70505971  -13.43330020    6.27309159   -1.18731528   21.95005363	 0.00488767 -0.01378354 -0.23646108  0.70765956 -0.47335380  0.03801730 -0.01574807 -0.14172580 -0.35661996  1.04595930 -0.66289387  0.18627616	-0.03581094  0.04279629  0.24930780 -0.03788879 -0.18470824  0.16039302 -0.11222068 -0.10068585 -1.21335754  0.74147227 -0.08927904  0.10522250	-0.01675134  0.00840427  0.27315941 -0.04992083 -0.22215012  0.19007433 -0.12313073 -0.11843907 -1.28097610  0.81896647 -0.11322658  0.12103528	 0.16758979 -0.07905360  3.91757818	0.04183706 0.01021785 0.01368158	0.04201475 0.01055389 0.01508204	 0.00199810  0.00091829 -0.99999758	0.35000000	0.00000000	0.00000000	0.85155326	-0.55907321	0.91662371	-0.99700010	3.43049145	3.40096760	-4.08051634	-2.60638404	4.15533161	-1.19462919	2.04302263	0.92338729	1.13826489	0.85424322	-1.36103415	4.80017614	-0.91516948	-2.22527885	-0.37938884	-1.13050795	2.47444844	5.03097010	0.19640258	-1.19802213	
0.00800500	  -21.68776742    48.65764229 -1011.96592130    65.66098807     6.16896044    -0.88169793	 4.13237732 -2.39678439 -3.94632481  0.05642633 -0.01125129  0.02498827	 -12.51586626  118.02126551  -15.67849545 -113.00419432   28.48777959   92.48272562   -9.96657749  -25.24958444  -12.70390863    5.55315461   -1.00654522   21.79460317	 0.00479957 -0.01373000 -0.23421517  0.70723167 -0.47519916  0.03964381 -0.01682590 -0.14270226 -0.36677749  1.05186296 -0.66340282  0.18730027	-0.00865739  0.01981475  0.23163613 -0.07666733 -0.20161403  0.21515289 -0.12573192 -0.11295580 -1.13642475  0.61686350 -0.03566700  0.11817803	-0.01118542  0.00840801  0.27554185 -0.05469670 -0.22574421  0.20418074 -0.13461183 -0.12049065 -1.24712558  0.71151963 -0.05605878  0.12627041	 0.16879929 -0.08094349  3.91771579	0.04113597 0.00992887 0.01038195	0.04162625 0.01022181 0.01297987	 0.00207850  0.00058653 -0.99999767	0.35000000	0.00000000	0.00000000	0.84186828	-0.59564084	0.93327814	-1.01234221	3.41011477	3.40568113	-4.00464249	-2.57133627	4.11508131	-1.16916895	2.04048038	0.93657303	1.21346819	0.83472586	-1.39599991	4.77181816	-0.92040795	-2.24957705	-0.40294027	-1.12456536	2.56745696	5.00110245	0.23041305	-1.25406003	
0.00848500	  -19.86328014    48.78154961 -1010.02350995    65.43546285     8.59566789    -0.54723407	 4.38340941 -2.53958065 -3.82166586  0.05858418 -0.03233030  0.04169176	 -12.35079377  118.72166777  -15.69721556 -112.40519497   30.85264394   91.34623837   -9.48586914  -24.70913559  -11.65350741    5.48454878   -0.30078309   21.37561613	 0.00473273 -0.01363191 -0.23178253  0.70679120 -0.47717434  0.04144314 -0.01802783 -0.14376751 -0.37732227  1.05722285 -0.66362086  0.18831981	-0.00334176 -0.00121345  0.27998234 -0.04075645 -0.19897448  0.20445207 -0.12148024 -0.12087678 -1.16004037  0.55162377  0.00675061  0.08828722	-0.00739496  0.01330868  0.28553939 -0.05227630 -0.22845881  0.21044915 -0.14072480 -0.12457478 -1.22200487  0.60676135 -0.02085277  0.11551351	 0.17016064 -0.08335025  3.91778949	0.03918357 0.00946110 0.00678925	0.04057463 0.00985508 0.00987351	 0.00216094  0.00024484 -0.99999764	0.35000000	0.00000000	0.00000000	0.83160466	-0.62660933	0.95350420	-1.02685976	3.41902924	3.41309309	-3.94404197	-2.56194949	4.09749985	-1.14188266	2.03467846	0.94182217	1.28897393	0.80969346	-1.42895162	4.74451494	-0.92928278	-2.27394104	-0.42538515	-1.13029790	2.63638830	4.99466896	0.24777393	-1.29411960	
0.00844000	  -16.88655064    48.31136135 -1010.62277388    65.37621303    11.32226873     0.04204883	 4.19757218 -2.12699035 -3.73093526  0.04580207 -0.04942440  0.03950197	 -11.74987018  117.82440615  -16.80537704 -112.18976983   33.38088003   90.83070207   -9.78679364  -24.01113945  -10.46894786    5.59984283    3.51622973   21.82369757	 0.00468644 -0.01347769 -0.22933286  0.70631163 -0.47916459  0.04327836 -0.01927255 -0.14479859 -0.38755043  1.06159075 -0.66370731  0.18930366	-0.01540196  0.01273263  0.31714996 -0.06988991 -0.26340679  0.27319336 -0.14566870 -0.12523287 -1.31252080  0.48863643  0.01079807  0.12681893	-0.00675780  0.01882039  0.29253877 -0.05645680 -0.23689333  0.21912697 -0.14691066 -0.12188450 -1.21032117  0.49880948 -0.00723647  0.11513827	 0.17138405 -0.08593275  3.91804260	0.03731137 0.00965907 0.00371872	0.03893794 0.00966025 0.00665561	 0.00224193 -0.00007979 -0.99999748	0.35000000	0.00000000	0.00000000	0.81875855	-0.65872341	0.96755499	-1.04060173	3.43413782	3.42061305	-3.89660525	-2.55769610	4.08601332	-1.11804938	2.02576733	0.95304275	1.35629821	0.78546160	-1.45280325	4.70633650	-0.94368523	-2.28822923	-0.43909159	-1.13604712	2.69523287	4.98183870	0.25588953	-1.32977366	
0.00857200	  -12.49128958    48.62793994 -1009.44532916    65.20138053    14.03689086     0.91868671	 3.40457832 -2.46453919 -3.88027433  0.05327902 -0.08088685  0.04533391	 -10.10207409  117.72796774  -18.86354069 -112.35740215   35.43589184   90.21578670  -10.25490015  -23.85177720   -7.13093110    5.43732979    9.22314877   21.07960129	 0.00467193 -0.01324428 -0.22681686  0.70576567 -0.48112242  0.04508576 -0.02059479 -0.14583713 -0.39738856  1.06498216 -0.66374591  0.19024623	-0.00241860  0.02882151  0.28425107 -0.05866429 -0.17233365  0.18075508 -0.14829892 -0.12111523 -0.96163784  0.31441926 -0.00605247  0.08839240	-0.00219318  0.02907518  0.29345287 -0.06314886 -0.22607111  0.21088892 -0.15416755 -0.12019478 -1.13397586  0.37394124 -0.00297566  0.10688717	 0.17266359 -0.08882150  3.91837450	0.03514902 0.00983652 0.00202740	0.03703419 0.00973557 0.00400038	 0.00232490 -0.00038746 -0.99999722	0.35000000	0.00000000	0.00000000	0.79977250	-0.68718141	0.96933728	-1.05909598	3.42999911	3.42987108	-3.80517626	-2.53199482	4.05935669	-1.08819664	2.01970172	0.96830177	1.45380104	0.75464219	-1.48862100	4.63220835	-0.95219326	-2.29186082	-0.46572304	-1.13401806	2.77966571	4.95211649	0.26313534	-1.38584912	
0.00802600	  -13.43459813    50.57471679 -1010.41912401    65.29646445    14.17313264     0.44927118	 2.36875681 -2.35737917 -3.90965408  0.04870682 -0.06467911  0.04244528	 -10.20096351  116.41588545  -19.59648092 -111.28007838   34.83087122   91.33278203   -9.60677658  -23.27959764   -7.15462051    6.46294619   15.51251176   21.10013211	 0.00467360 -0.01298720 -0.22443651  0.70521394 -0.48299074  0.04682795 -0.02186015 -0.14676214 -0.40628223  1.06722321 -0.66365362  0.19097407	 0.01550019  0.04059985  0.24283407 -0.07060723 -0.21892720  0.18192624 -0.11926960 -0.08461604 -0.92829212  0.18682698  0.00076790  0.08035639	 0.00253899  0.03310477  0.28899504 -0.06845985 -0.22849033  0.21561094 -0.15324649 -0.11210308 -1.07763823  0.25833414  0.01618577  0.08732774	 0.17394133 -0.09161228  3.91864762	0.03353699 0.01000408 0.00136615	0.03522389 0.00986958 0.00248876	 0.00240437 -0.00066162 -0.99999689	0.35000000	0.00000000	0.00000000	0.77250659	-0.70811164	0.97377723	-1.07990742	3.43200040	3.42473984	-3.72505498	-2.49972224	4.02772141	-1.05351055	1.99628067	0.97375679	1.53531146	0.72480732	-1.51315105	4.55914211	-0.96978599	-2.29865432	-0.48634583	-1.13228226	2.83158183	4.90685797	0.26649165	-1.41801405	
0.00842100	  -13.24893435    51.67962673 -1010.36241376    65.27508772    14.85774910     0.73629240	 1.15691520 -2.18515982 -3.92451036  0.04457637 -0.05674279  0.03174079	  -9.78030013  116.53980064  -20.43141718 -111.22803941   35.40931490   91.04224372   -9.72184117  -23.13814473   -5.94294242    6.03171803   19.57958356   21.40245214	 0.00465055 -0.01268340 -0.22185996  0.70464548 -0.48499950  0.04884095 -0.02325272 -0.14772298 -0.41533487  1.06861809 -0.66310336  0.19165273	-0.02133092  0.03217646  0.28869535 -0.04314440 -0.20431167  0.23158900 -0.16364655 -0.09296291 -1.04535583  0.07578937  0.08771852  0.09643255	-0.00338293  0.03617333  0.30151894 -0.06780515 -0.23517409  0.23896727 -0.16367333 -0.10958606 -1.05725118  0.14252110  0.07623153  0.07904462	 0.17549094 -0.09483830  3.91887617	0.03139995 0.00984815 0.00107971	0.03329824 0.00994499 0.00164192	 0.00248934 -0.00093719 -0.99999646	0.35000000	0.00000000	0.00000000	0.75396037	-0.74278474	0.98598367	-1.09069371	3.40901732	3.41768575	-3.63520813	-2.46313214	3.98509932	-1.02023959	1.98818445	0.98274612	1.61718428	0.70081800	-1.54004085	4.48862457	-0.97992021	-2.30495620	-0.50689512	-1.12524390	2.90966463	4.86068296	0.27890250	-1.47049320	
0.00850800	   -8.70899502    49.58202903 -1010.98064753    65.17026556    18.00920564     1.60594160	-1.93362747 -1.74410422 -1.40495644  0.02299077 -0.05117859  0.01648888	  -6.94346029  115.76491237  -22.12317735 -111.28424701   38.28909829   89.27714729   -9.48759656  -22.69133234   -3.30249245    6.53325951   21.84419060   21.36619669	 0.00465069 -0.01232833 -0.21923907  0.70406613 -0.48705600  0.05094595 -0.02461802 -0.14864279 -0.42398633  1.06921504 -0.66193224  0.19223149	 0.00034697  0.06445042  0.31853826 -0.05118821 -0.24028905  0.23032645 -0.14576406 -0.06991148 -0.99727092  0.02942153  0.20014055  0.07283763	-0.00159772  0.04373945  0.30874829 -0.06768101 -0.24028409  0.24557170 -0.15957137 -0.10487779 -1.01017739  0.06103021  0.15336729  0.06845274	 0.17729016 -0.09823768  3.91793501	0.03052667 0.00727669 0.00100587	0.03166444 0.00899832 0.00124478	 0.00256336 -0.00119929 -0.99999600	0.35000000	0.00000000	0.00000000	0.73871833	-0.77638280	0.99482721	-1.09694064	3.38489962	3.40927196	-3.53829050	-2.43606400	3.94765615	-0.99280024	1.99056482	0.99324834	1.70592391	0.67760360	-1.57775569	4.43299437	-0.98283726	-2.31920457	-0.52645385	-1.12435555	3.00021410	4.82883167	0.30271086	-1.52740240	
0.00848500	   -6.15605981    49.05397651 -1010.07259692    65.01701340    20.65658239     2.30713127	-2.79775445 -1.16914652 -0.82076077  0.00544507 -0.05549921  0.00428388	  -6.11725673  114.42487621  -23.08905542 -109.96319622   40.40162730   88.70411479   -9.76649995  -22.22679383   -2.67575678    4.38519760   21.59204051   22.01104748	 0.00464780 -0.01192897 -0.21657232  0.70348104 -0.48914456  0.05300691 -0.02595200 -0.14953794 -0.43237221  1.06941080 -0.66009976  0.19273849	 0.00370740  0.06332933  0.29653498 -0.03745076 -0.28012789  0.21070980 -0.13881003 -0.09232487 -0.97077217  0.03071304  0.24836760  0.07953165	-0.00205806  0.04846326  0.31312832 -0.06662449 -0.24871110  0.23980678 -0.15616385 -0.10277447 -0.98270540  0.01871274  0.22928953  0.06134667	 0.17909696 -0.10161225  3.91646751	0.03071675 0.00433174 0.00101304	0.03099635 0.00670260 0.00109104	 0.00261159 -0.00145946 -0.99999552	0.35000000	0.00000000	0.00000000	0.72838002	-0.81261635	1.01381874	-1.09908414	3.36768818	3.39464235	-3.47268891	-2.41418147	3.91815996	-0.97300911	1.99062312	0.99845469	1.76487839	0.66121924	-1.60959613	4.41222668	-0.99087578	-2.34835672	-0.54784274	-1.13686812	3.07711697	4.81020641	0.32241088	-1.56893611	
0.00802600	   -4.72976770    48.89425499 -1009.80824509    64.92618423    22.70871918     2.62719261	-2.43470519 -0.78485886 -1.49710059 -0.00512804 -0.07351303  0.00656393	  -4.82954190  113.74028659  -23.29751515 -109.58297241   42.39873818   88.15790594   -9.55859844  -21.02039760   -1.68560145    0.73440768   19.88679296   22.24888590	 0.00464116 -0.01149656 -0.21400943  0.70292906 -0.49111581  0.05492853 -0.02716631 -0.15033121 -0.43999239  1.06919611 -0.65780261  0.19324022	-0.01437782  0.06647742  0.32651909 -0.03867740 -0.25737169  0.20746279 -0.15090168 -0.09465555 -0.93680329 -0.07047274  0.31126350  0.05266682	-0.00226439  0.05452101  0.31879548 -0.06639451 -0.24699297  0.23539825 -0.15003394 -0.09703656 -0.94222870 -0.03582274  0.29406219  0.06283491	 0.18088130 -0.10500753  3.91548233	0.03014175 0.00207170 0.00105018	0.03063313 0.00435116 0.00105671	 0.00263647 -0.00170323 -0.99999507	0.35000000	0.00000000	0.00000000	0.71969420	-0.84715444	1.03337514	-1.09352803	3.33563948	3.38011074	-3.39679766	-2.38356614	3.87872148	-0.95387298	1.99384892	1.00103152	1.81766713	0.64743793	-1.64407623	4.39654922	-0.99210137	-2.38104510	-0.57296520	-1.14807284	3.16679811	4.78869486	0.34561226	-1.61503744	
0.00848000	   -5.09416079    49.56105049 -1007.67295083    64.75986112    23.61253972     2.87622277	-2.11042182 -0.97871952 -2.13684387  0.00036073 -0.08129099  0.01122241	  -3.92069572  113.10291362  -23.33032507 -108.86534798   43.05130550   87.81748021   -9.75877336  -20.88872820   -1.60300792   -1.88214490   19.43214342   21.81120345	 0.00463952 -0.01096676 -0.21123148  0.70230503 -0.49322379  0.05693812 -0.02839434 -0.15114111 -0.44773021  1.06846140 -0.65482677  0.19376488	-0.00809557  0.07279071  0.31602691 -0.08079437 -0.24690136  0.25037972 -0.12199035 -0.09905920 -0.88363205 -0.13083837  0.38700552  0.05911571	-0.00296404  0.06518072  0.32624598 -0.07428543 -0.24717285  0.23613853 -0.14176922 -0.09513517 -0.90267845 -0.09884957  0.36081416  0.05957569	 0.18291434 -0.10869568  3.91460511	0.02937220 0.00014186 0.00105479	0.03001826 0.00211358 0.00105672	 0.00264527 -0.00195607 -0.99999459	0.35000000	0.00000000	0.00000000	0.70783621	-0.87824559	1.05033445	-1.09772515	3.30898070	3.36076784	-3.31508040	-2.34906483	3.83587551	-0.93368512	1.99172974	1.00278401	1.88176382	0.63078380	-1.67832565	4.37012339	-0.99525088	-2.40901613	-0.60031939	-1.15462065	3.25304866	4.75824356	0.36299276	-1.65779805	
0.00802000	   -4.79929586    50.21071414 -1003.64244340    64.47427001    24.65646736     3.20902297	-1.92635892 -0.89017841 -2.82363639 -0.00206140 -0.09391951  0.01257047	  -2.82922118  111.71282601  -24.11580348 -107.35461593   43.69348553   87.60167408   -9.81317706  -20.17458928   -0.94370777   -4.53500504   18.98897615   21.76649573	 0.00465231 -0.01042662 -0.20857563  0.70173137 -0.49525556  0.05882319 -0.02951970 -0.15182619 -0.45463294  1.06715142 -0.65154570  0.19424829	 0.02175737  0.08941006  0.30393498 -0.08424608 -0.24700946  0.23069394 -0.12804514 -0.10271802 -0.83464864 -0.22114918  0.42686502  0.05474670	 0.00254870  0.06987246  0.32835871 -0.07223714 -0.25172649  0.23496834 -0.13705066 -0.08734353 -0.85072430 -0.17525687  0.41607825  0.05993318	 0.18484470 -0.11223346  3.91377141	 0.02847589 -0.00097011  0.00104970	0.02928312 0.00044231 0.00105278	 0.00264139 -0.00218740 -0.99999412	0.35000000	0.00000000	0.00000000	0.69530761	-0.91320169	1.06309450	-1.09553683	3.27011013	3.33875489	-3.22682214	-2.30848598	3.78802776	-0.91542590	1.99168563	1.00763917	1.94426930	0.61338753	-1.71508193	4.34071827	-0.99829239	-2.44098091	-0.63040990	-1.16193771	3.34569669	4.72725439	0.38891816	-1.70737064	
0.00849500	   -5.11357619    50.33984363 -1003.56694887    64.42913793    25.54321920     3.30248403	-1.91055480 -1.10205607 -3.29164216  0.00224998 -0.09853292  0.01810096	  -2.56086967  111.45231509  -24.02450241 -107.74003330   44.92044747   86.91483653   -9.70426236  -19.71689057   -0.47030514   -6.32368467   19.39380634   21.15225813	 0.00465190 -0.00980964 -0.20569981  0.70112766 -0.49744964  0.06083139 -0.03067814 -0.15246704 -0.46150553  1.06504389 -0.64756899  0.19465488	-0.00077882  0.07638471  0.36299454 -0.04934641 -0.25549201  0.22551807 -0.11973316 -0.05749584 -0.78473647 -0.27029055  0.47966661  0.06622884	 0.00206237  0.07314702  0.33916988 -0.07076523 -0.25817467  0.23371391 -0.13396695 -0.07431175 -0.79766115 -0.26201064  0.47560469  0.04717622	 0.18709748 -0.11618660  3.91311521	 0.02719747 -0.00210422  0.00107279	 0.02827094 -0.00091079  0.00106268	 0.00262812 -0.00242394 -0.99999361	0.35000000	0.00000000	0.00000000	0.67902833	-0.94400728	1.07512462	-1.09654796	3.23737669	3.31732106	-3.12813330	-2.27201915	3.73820782	-0.89523214	1.99404037	1.00768054	2.01474690	0.59082240	-1.75420129	4.29410076	-0.99898261	-2.46938705	-0.65907228	-1.16637194	3.43290687	4.69414616	0.40834144	-1.75727451	
0.00849400	   -3.93086443    50.52033770 -1003.03873137    64.31715976    27.40164800     3.68223062	-1.95672251 -1.08701197 -3.57539454  0.00242086 -0.10181895  0.01789546	  -1.31921571  111.32122302  -24.70433620 -107.42695543   46.97382179   86.11992276   -9.79995372  -19.59742463   -0.35528380   -7.38465313   19.63974059   21.20163351	 0.00464264 -0.00910118 -0.20278547  0.70047229 -0.49963465  0.06281567 -0.03176691 -0.15303241 -0.46785898  1.06210233 -0.64303406  0.19489722	 0.01838202  0.07267655  0.33278414 -0.05580271 -0.23059993  0.20370824 -0.13597814 -0.06317285 -0.67790754 -0.36593481  0.53359174  0.02824412	 0.00104160  0.08244474  0.34485716 -0.07574481 -0.25643358  0.23031109 -0.12817719 -0.06550536 -0.73621123 -0.36050219  0.54057134  0.02660171	 0.18918447 -0.12034566  3.91269553	 0.02566487 -0.00210510  0.00107672	 0.02698429 -0.00171045  0.00107061	 0.00260971 -0.00264843 -0.99999309	0.35000000	0.00000000	0.00000000	0.65842503	-0.97654939	1.08599555	-1.09671962	3.19303298	3.29246640	-3.01843071	-2.23100734	3.67995739	-0.87793940	1.99897468	1.01196969	2.08869863	0.56645870	-1.79336643	4.24482632	-0.99838942	-2.49215770	-0.68663216	-1.16896880	3.52792192	4.65131378	0.43210974	-1.81410754	
0.00800300	   -3.95039015    51.01625475 -1000.87619852    64.15128121    28.36650606     3.86937222	-2.09924207 -0.69221988 -3.85911547 -0.00831136 -0.10692239  0.01269975	  -0.02170944  109.90128708  -25.15593494 -106.28413078   47.58627230   85.94641507   -9.68736459  -18.81613213    0.29410127   -8.30916303   19.93235153   21.62361607	 0.00463986 -0.00836471 -0.20001034  0.69981394 -0.50171389  0.06462963 -0.03274645 -0.15346766 -0.47337601  1.05853834 -0.63823472  0.19501062	 0.01265121  0.09410069  0.32565355 -0.05954911 -0.23560240  0.18350387 -0.11576203 -0.04332008 -0.64482442 -0.43385687  0.59004843  0.01374409	 0.00061504  0.09229387  0.34546319 -0.08010720 -0.25720676  0.22371440 -0.12196845 -0.05485905 -0.67855358 -0.45471787  0.60575838  0.01335898	 0.19121051 -0.12436459  3.91225752	 0.02421642 -0.00198332  0.00100338	 0.02561127 -0.00190870  0.00103559	 0.00259335 -0.00284761 -0.99999258	0.35000000	0.00000000	0.00000000	0.63694084	-1.01003385	1.09456944	-1.09084857	3.14677286	3.26123261	-2.91407561	-2.18475914	3.62410355	-0.86107045	2.00075102	1.01490784	2.15312934	0.54480720	-1.82944739	4.20004606	-1.00101435	-2.51903963	-0.71305877	-1.17335248	3.61867356	4.60742521	0.45770079	-1.86479926	
0.00801200	  -4.41844702   51.64963349 -999.66676948   64.06318774   28.80371977    3.96950046	-2.16273195 -0.39813707 -4.13019175 -0.01661443 -0.11539927  0.01146014	   1.08497545  108.93982768  -25.62184198 -106.06924826   47.88818550   85.75517666   -9.49255679  -18.21433413    1.18703146   -9.42773383   19.56688723   21.43155396	 0.00463223 -0.00756732 -0.19718048  0.69913738 -0.50381023  0.06644646 -0.03365906 -0.15380958 -0.47837413  1.05415210 -0.63293970  0.19505953	-0.00689581  0.09250703  0.34058245 -0.08187535 -0.23936782  0.20752045 -0.11597507 -0.05255206 -0.55945421 -0.55651499  0.64299797 -0.02210869	-0.00153467  0.09913709  0.35285167 -0.08323030 -0.26103461  0.22581211 -0.11446191 -0.04238386 -0.61321069 -0.55826196  0.66860013  0.00430978	 0.19342134 -0.12850409  3.91184097	 0.02269705 -0.00200261  0.00093426	 0.02417073 -0.00195036  0.00098208	 0.00257754 -0.00303502 -0.99999207	0.35000000	0.00000000	0.00000000	0.61648840	-1.04402971	1.10092461	-1.08264804	3.08847070	3.22745323	-2.79734898	-2.13073707	3.55863309	-0.84449255	2.00618196	1.01667464	2.21696687	0.52400458	-1.86968040	4.15032196	-0.99856895	-2.54814172	-0.74193394	-1.17330003	3.71787071	4.55866194	0.48756313	-1.92146719	
0.00848000	  -4.21022938   51.61901039 -997.50185033   63.87237998   29.80946343    4.24875801	-2.31609719 -0.19336202 -4.19418783 -0.02239079 -0.11698422  0.00708712	   2.40550208  108.49657607  -26.27224012 -105.66587305   49.00787044   84.75037360   -9.61788545  -17.85800880    1.24509300   -9.44920572   19.71548188   20.99158096	 0.00463621 -0.00664998 -0.19414591  0.69838716 -0.50605275  0.06837915 -0.03454495 -0.15405475 -0.48310173  1.04856315 -0.62678596  0.19509539	 0.00355975  0.12044655  0.35253700 -0.06350414 -0.24280825  0.22347591 -0.11224664 -0.00776247 -0.49842124 -0.66937463  0.70516718  0.03329448	-0.00018289  0.10901279  0.35741566 -0.08775289 -0.26359629  0.22583804 -0.10497099 -0.02516381 -0.54394161 -0.67344635  0.73400876  0.00567021	 0.19571565 -0.13313460  3.91132676	 0.02083430 -0.00136034  0.00083068	 0.02249745 -0.00176055  0.00089844	 0.00256287 -0.00321979 -0.99999153	0.35000000	0.00000000	0.00000000	0.59342754	-1.07670903	1.10544133	-1.07685161	3.02662253	3.19117403	-2.66740417	-2.07876778	3.48674893	-0.83125454	2.01381302	1.02021682	2.29283428	0.49996135	-1.91193020	4.09025574	-0.99330932	-2.57199264	-0.77133065	-1.17129993	3.81861377	4.50730705	0.51855057	-1.98198247	
0.00854600	  -4.04298290   52.14215559 -994.30418070   63.62940600   30.50743484    4.72701757	-2.63208076 -0.29471251 -4.21179068 -0.01837772 -0.12510079  0.00718141	   3.51290895  108.07044387  -26.92184661 -105.40917504   49.56309485   83.97588181   -9.85613136  -18.20234847    2.24845586   -9.21379119   19.47106272   19.68897218	 0.00462727 -0.00565002 -0.19105625  0.69759730 -0.50831077  0.07023414 -0.03535258 -0.15420631 -0.48721447  1.04204360 -0.62008391  0.19508729	-0.00832574  0.08461039  0.33276535 -0.08521388 -0.23965551  0.17708269 -0.07352445 -0.00107875 -0.38872026 -0.69457734  0.70074339 -0.00063919	-0.00205780  0.11558790  0.35964244 -0.09299522 -0.26154316  0.21298608 -0.09303168 -0.01499325 -0.46407114 -0.76858791  0.78215723 -0.00197710	 0.19813040 -0.13786987  3.91058306	 0.01924360 -0.00077256  0.00076983	 0.02075148 -0.00125219  0.00082371	 0.00255412 -0.00338927 -0.99999099	0.35000000	0.00000000	0.00000000	0.57181472	-1.10690677	1.10488784	-1.07494831	2.97802567	3.15640068	-2.54239893	-2.03179955	3.42464066	-0.82175040	2.02306843	1.02261496	2.36542201	0.47519383	-1.95847893	4.03305387	-0.98805672	-2.60017276	-0.80524886	-1.17366743	3.90957999	4.46709394	0.54319173	-2.03463960	
0.00845900	  -5.50586970   52.36850087 -992.23156968   63.48734015   30.37679420    4.73832026	-2.77133665 -0.69811842 -3.96024414 -0.00524119 -0.12152817  0.01439358	   4.27057927  107.10135126  -26.96982308 -105.56022757   49.59216607   83.29249740   -9.83188785  -16.63975483    1.85377454   -8.18780391   19.06284839   18.86422564	 0.00462642 -0.00456284 -0.18793994  0.69676553 -0.51057524  0.07198453 -0.03608921 -0.15426779 -0.49070773  1.03457819 -0.61281962  0.19509793	-0.01725158  0.12255710  0.37171843 -0.09606415 -0.24379661  0.20750124 -0.09409395 -0.00408532 -0.36985246 -0.91785460  0.89300750 -0.00206322	-0.00247565  0.12749373  0.36734525 -0.09971611 -0.26594784  0.20354835 -0.08779385 -0.00631896 -0.39915133 -0.89292247  0.86346885 -0.00016935	 0.20071851 -0.14218164  3.90955176	 0.01999921 -0.00025227  0.00063772	 0.01995981 -0.00072961  0.00073229	 0.00254996 -0.00355451 -0.99999043	0.35000000	0.00000000	0.00000000	0.54733807	-1.13732576	1.10705483	-1.06707585	2.92360616	3.11138701	-2.41233826	-1.98179603	3.35348701	-0.80372018	2.02532220	1.02086794	2.43620658	0.45060658	-2.00130296	3.97465801	-0.98529309	-2.63249350	-0.83068866	-1.17265069	3.99626112	4.41472912	0.58025056	-2.08062577	
0.00801500	  -5.43378411   54.06516170 -989.03901771   63.27087459   31.01253024    5.08099579	-3.02961883 -0.96086955 -3.84897187  0.00281170 -0.13305874  0.02443363	   5.46282325  106.41472197  -28.07849011 -104.41219214   49.91706696   83.32786977   -9.57103467  -15.89315748    2.98117687   -7.62235061   17.87057143   17.43403636	 0.00462633 -0.00349071 -0.18494575  0.69595481 -0.51272556  0.07354028 -0.03667893 -0.15428828 -0.49343336  1.02672744 -0.60556130  0.19510212	-0.00378184  0.10197851  0.32372425 -0.09075729 -0.24559675  0.15978298 -0.05162552 -0.00949739 -0.26924737 -0.96309752  0.83833146 -0.00823270	-0.00123929  0.13262307  0.37015629 -0.10039368 -0.26521441  0.19181543 -0.07116052 -0.00186827 -0.32887571 -0.98839111  0.90802385 -0.00018817	 0.20325896 -0.14595346  3.90824848	0.02198976 0.00012461 0.00051807	 0.02071540 -0.00027715  0.00062333	 0.00254966 -0.00372258 -0.99998982	0.35000000	0.00000000	0.00000000	0.52728373	-1.17000473	1.10386860	-1.06176007	2.87403226	3.07624316	-2.29493022	-1.93613839	3.29068947	-0.79596895	2.03078008	1.02144802	2.49337649	0.42961529	-2.04656601	3.92785287	-0.97869176	-2.66698575	-0.86065531	-1.17592335	4.07565069	4.37754440	0.61353230	-2.12040472	
0.00846100	  -7.07249164   55.36971870 -988.23729135   63.22841358   30.72389077    5.30227160	-3.26977900 -1.06688012 -3.69350223  0.00630405 -0.13175716  0.02186921	   5.80820309  106.22175527  -28.40604058 -104.62960684   49.73681751   83.02699184  -10.01082876  -13.81402063    2.98417932   -6.97088488   18.08013028   16.20842928	 0.00463356 -0.00231582 -0.18171323  0.69506126 -0.51505792  0.07514717 -0.03724300 -0.15430024 -0.49571297  1.01756746 -0.59742094  0.19511169	-0.00612859  0.16253121  0.39511232 -0.08107629 -0.32466661  0.18889723 -0.09478674 -0.01967386 -0.24517239 -1.22319287  1.03980033  0.00627947	-0.00021403  0.13842829  0.38261756 -0.10297233 -0.27689402  0.18853445 -0.06658426 -0.00131703 -0.25699653 -1.10194865  0.97099140  0.00230851	 0.20618617 -0.14988418  3.90670884	0.02462126 0.00034008 0.00047766	0.02256215 0.00008429 0.00053875	 0.00255190 -0.00392116 -0.99998906	0.35000000	0.00000000	0.00000000	0.50553888	-1.19973969	1.10173690	-1.05547726	2.82315111	3.03486443	-2.16938686	-1.88894260	3.22061038	-0.77770180	2.03048205	1.01728940	2.55696321	0.40911731	-2.08754206	3.86629415	-0.97380227	-2.69905043	-0.88445914	-1.17646682	4.14603424	4.32973909	0.65066910	-2.15623379	
0.00801800	  -5.69334223   56.10223984 -985.79359342   62.99991608   32.60498328    5.62765171	-3.57571161 -1.05889822 -3.51731840  0.00494286 -0.13495225  0.02611166	   6.50922313  105.65158772  -29.68286821 -103.12884849   51.60254225   82.43593180   -9.61688063  -11.54236478    3.10262538   -5.91519288   17.82682237   14.65814212	 0.00462709 -0.00118151 -0.17864274  0.69419745 -0.51727103  0.07658577 -0.03765467 -0.15430762 -0.49730380  1.00819228 -0.58935433  0.19510156	 0.00238326  0.10442158  0.36205996 -0.08723837 -0.27630445  0.13961897 -0.01110852 -0.01590243 -0.16053529 -1.15935516  0.98096730 -0.01153826	-0.00139176  0.13923878  0.38288742 -0.10621480 -0.27893835  0.17619892 -0.04776322 -0.00198813 -0.18900812 -1.18174960  1.01314491 -0.00166544	 0.20864871 -0.15357803  3.90505506	0.02732274 0.00161891 0.00042379	0.02487321 0.00069939 0.00048231	 0.00255954 -0.00412957 -0.99998820	0.35000000	0.00000000	0.00000000	0.48662847	-1.22875869	1.09664059	-1.05090737	2.78861213	3.00330806	-2.06575561	-1.86317492	3.16515422	-0.77376318	2.03294516	1.01544344	2.61068773	0.38770926	-2.12961745	3.81849647	-0.96817315	-2.73186064	-0.90630859	-1.18557227	4.19711781	4.30441189	0.68288291	-2.17776442	
0.00846900	  -6.41227661   56.56916208 -984.28226137   62.86799475   33.29438375    6.03753502	-3.76227990 -0.98967572 -3.40786134  0.00255994 -0.13957969  0.01903346	   6.99691685  105.02307177  -29.43808714 -102.90601629   52.22931004   81.81869620  -10.32959506   -8.09449551    3.63899491   -5.51021783   17.29924339   13.51412031	 0.00464078  0.00007697 -0.17535966  0.69327749 -0.51962643  0.07802715 -0.03802231 -0.15430599 -0.49839052  0.99746139 -0.58041281  0.19509530	 0.00670711  0.16198552  0.42457597 -0.13182571 -0.27449205  0.16296707 -0.03020288  0.00539893 -0.07180918 -1.41830162  1.12977938  0.00320916	 0.00214868  0.14897233  0.39053276 -0.10999881 -0.27870578  0.16537051 -0.04021419 -0.00021860 -0.11598412 -1.29032694  1.06600012 -0.00265502	 0.21151719 -0.15748037  3.90309549	0.03050003 0.00222323 0.00046859	0.02769742 0.00156833 0.00045803	 0.00257657 -0.00437602 -0.99998711	0.35000000	0.00000000	0.00000000	0.46548301	-1.25756526	1.09400594	-1.03942907	2.74830794	2.96553969	-1.95376074	-1.82926345	3.10543346	-0.76145613	2.03347087	1.00740016	2.66609144	0.36838296	-2.16959667	3.76989722	-0.96128231	-2.77094030	-0.92737019	-1.19382834	4.25857067	4.27573442	0.71995056	-2.20274353	
0.00803900	  -8.80560216   58.01005010 -984.00018122   62.86189896   33.20403056    5.09525087	-2.85474828 -0.81866307 -2.90195155 -0.00487717 -0.09654644  0.01935852	   7.12145779  104.22975039  -31.01059197 -101.19407895   52.15177578   81.99129856   -9.78430392   -5.86805595    4.29037475   -4.68688548   17.36706850   11.90734990	 0.00462637  0.00128934 -0.17224967  0.69243206 -0.52190996  0.07932518 -0.03828633 -0.15431078 -0.49890760  0.98667713 -0.57161802  0.19510875	-0.01398065  0.15328731  0.39742434 -0.10215340 -0.32442954  0.20098311 -0.03824599  0.01228729 -0.05618801 -1.46175800  1.15222757 -0.00243991	-0.00194551  0.15029810  0.38682680 -0.10561254 -0.28606028  0.16203537 -0.03337240 -0.00072429 -0.05872438 -1.35793186  1.10154471  0.00156302	 0.21321006 -0.16110736  3.90122376	0.03384570 0.00715336 0.00030573	0.03067091 0.00330254 0.00042293	 0.00260784 -0.00463355 -0.99998586	0.35000000	0.00000000	0.00000000	0.44846034	-1.28746939	1.08636308	-1.03298950	2.71330595	2.92873240	-1.85529733	-1.80089772	3.05160999	-0.75840431	2.03213382	1.00349462	2.70903969	0.35116839	-2.20717835	3.72038865	-0.95751148	-2.80626345	-0.95090485	-1.20342290	4.29915762	4.25109720	0.74997383	-2.21709967	
0.00850000	 -13.55172703   57.25368424 -989.21859307   63.15792013   33.19289666    3.32679112	-1.09912542 -0.61134907 -2.08501643 -0.01348006 -0.02774031  0.01408359	   7.58292316  104.43218255  -29.95053628 -101.38798052   53.77835441   80.81699997   -9.84857224   -2.49981812    6.21654680   -4.47611157   16.68981148   10.05897379	 0.00462797  0.00260543 -0.16906576  0.69158176 -0.52434525  0.08056607 -0.03848569 -0.15429757 -0.49912173  0.97465091 -0.56189908  0.19509533	-0.00249798  0.14690670  0.33017608 -0.09400978 -0.27363517  0.13056493 -0.02006916  0.00020902 -0.01668888 -1.34346724  1.09564295  0.00025880	-0.00125974  0.15406980  0.37054545 -0.10087655 -0.28496623  0.14316588 -0.02513529  0.00291107 -0.02295070 -1.41729641  1.14454929 -0.00262850	 0.21282423 -0.16492527  3.89999870	0.03840461 0.02089829 0.00000687	0.03449702 0.01097204 0.00020913	 0.00272664 -0.00494128 -0.99998407	0.35000000	0.00000000	0.00000000	0.43425709	-1.31268227	1.08427727	-1.02543581	2.70174336	2.89897037	-1.76870263	-1.79508507	3.01146507	-0.75337827	2.03573680	0.98998141	2.75181794	0.33378872	-2.24431419	3.67552805	-0.94959623	-2.84913206	-0.97166914	-1.22366130	4.32716274	4.25073051	0.77183235	-2.22428751	
0.00847000	 -17.62648212   58.98703216 -992.08883155   63.34026679   33.59476955    3.13045545	-1.16727799 -0.10456958 -1.93504322 -0.03128351 -0.03865253  0.00564836	   7.47492583  104.62021255  -26.88288778 -100.59960997   54.87506488   81.04651970   -9.94023129    0.40178557   10.98468799   -4.64900177   14.88933653    8.40683645	 0.00462770  0.00399484 -0.16600647  0.69073548 -0.52680022  0.08160644 -0.03865433 -0.15428229 -0.49911337  0.96211074 -0.55187738  0.19510980	 0.00068001  0.14986649  0.35241550 -0.11103512 -0.29909188  0.14213647 -0.03202348 -0.00380928  0.03852158 -1.54590183  1.22968866  0.00169599	-0.00173188  0.16325966  0.35925226 -0.10185726 -0.29149694  0.12189598 -0.02176158  0.00478909  0.00821131 -1.49263958  1.18983288  0.00168305	 0.21330272 -0.16927397  3.89880177	 0.04104548  0.02986784 -0.00004273	0.03813364 0.02115894 0.00005209	 0.00294860 -0.00528081 -0.99998171	0.35000000	0.00000000	0.00000000	0.41992098	-1.35332930	1.08345389	-1.01601100	2.68337011	2.87651300	-1.67954862	-1.77704132	2.97237873	-0.75660241	2.05364180	0.97429371	2.79383731	0.32295766	-2.28216600	3.63089228	-0.93536538	-2.90204167	-0.99486071	-1.24045527	4.37588739	4.26028013	0.79911047	-2.24439406	
0.00808000	 -17.77393061   60.99686665 -995.94037568   63.55943771   35.16522451    3.64265472	-1.89080617  0.74555872 -1.84646667 -0.06125906 -0.07210466 -0.00490886	   7.87687097  104.36821985  -26.46275473 -100.22266766   56.46552944   81.61095399   -9.68262952    3.35546742   15.40171569   -3.95487326   13.07700301    6.05459011	 0.00463813  0.00538406 -0.16312997  0.68993345 -0.52910279  0.08245118 -0.03874901 -0.15419163 -0.49878684  0.94979372 -0.54224305  0.19510749	 0.01306154  0.17528634  0.33644843 -0.09703657 -0.28612581  0.10030406 -0.00326144  0.00687346  0.05957596 -1.46699551  1.14863323  0.02050094	 0.00153665  0.17131267  0.35125103 -0.09962659 -0.28324325  0.10331281 -0.01029283  0.01363746  0.04837284 -1.51520628  1.18159268  0.00198823	 0.21487743 -0.17419632  3.89774219	 0.04055165  0.03309166 -0.00000106	0.03986045 0.02800223 0.00000677	 0.00320343 -0.00560848 -0.99997914	0.35000000	0.00000000	0.00000000	0.40787408	-1.38371217	1.07355225	-1.00708580	2.68240762	2.86242986	-1.61475420	-1.77830350	2.95124245	-0.78059763	2.07190728	0.96102154	2.81436563	0.31388524	-2.31893182	3.60197163	-0.91766953	-2.95366740	-1.01802838	-1.26368821	4.40776062	4.29042959	0.81212062	-2.24752188	
0.00842900	 -20.17151168   61.98660428 -998.79543581   63.77226726   34.44791055    4.01966204	-2.43792941  1.38530755 -1.93162945 -0.08236257 -0.08800512 -0.02537094	   7.47885208  103.82262516  -26.11622451 -101.65157744   55.87014520   81.51156503  -10.00521850    5.37970558   17.70848048   -4.17213535   13.37400953    4.19018760	 0.00463742  0.00696371 -0.16003431  0.68906190 -0.53157653  0.08323750 -0.03879765 -0.15396454 -0.49797777  0.93615914 -0.53190191  0.19510690	-0.00355913  0.21206245  0.38267663 -0.10742407 -0.27899594  0.07795280 -0.00823015  0.02004090  0.12392875 -1.68112227  1.24421461  0.02799479	-0.00087488  0.19022307  0.36802971 -0.10373760 -0.29123022  0.09000253 -0.00433044  0.02948507  0.10667144 -1.62002040  1.22200793  0.00173292	 0.21763343 -0.18010620  3.89675123	0.03812640 0.03304542 0.00008752	0.03939864 0.03135839 0.00003404	 0.00348612 -0.00594305 -0.99997626	0.35000000	0.00000000	0.00000000	0.38856134	-1.41449308	1.06421757	-0.99909544	2.63770199	2.82539010	-1.50039780	-1.74243152	2.88889098	-0.78612894	2.08482194	0.94644690	2.86806989	0.30184498	-2.35447860	3.53809404	-0.89513183	-2.99669361	-1.04285836	-1.26365328	4.48529243	4.27196932	0.83875275	-2.28779078	
0.00802100	 -17.08952993   63.71734626 -998.17159575   63.69205407   36.25955135    5.49953333	-3.51212401  1.79569500 -1.69397878 -0.09685765 -0.11810078 -0.04013637	   8.27430062  102.47920108  -29.32709698 -100.69396397   57.11488795   81.85502338  -10.19507848    6.50103024   20.57397492   -1.54412577   12.58675298    1.83033141	 0.00464833  0.00853310 -0.15707261  0.68819695 -0.53395623  0.08394641 -0.03882853 -0.15357859 -0.49674306  0.92278713 -0.52203801  0.19511051	 0.01519359  0.19521022  0.40043384 -0.12277679 -0.32863752  0.06234623 -0.02454172  0.03875349  0.19182124 -1.74135312  1.27455590  0.00844252	 0.00225916  0.19667316  0.37047052 -0.10750681 -0.29834141  0.08548125 -0.00411817  0.04862401  0.16383596 -1.67272037  1.22921489  0.00283839	 0.22029932 -0.18601043  3.89565759	0.03536377 0.03288370 0.00020612	0.03756869 0.03234495 0.00011111	 0.00374969 -0.00623655 -0.99997352	0.35000000	0.00000000	0.00000000	0.37284684	-1.45105326	1.04349828	-0.99340773	2.59867811	2.79666662	-1.40275502	-1.72370327	2.84012628	-0.82149965	2.10994935	0.94623733	2.90731621	0.28875729	-2.39694929	3.48785901	-0.87171167	-3.03979993	-1.06859279	-1.26746261	4.55240440	4.27519703	0.86807722	-2.32076716	
0.00846100	  -15.85576931    63.34834331 -1000.23910097    63.75733207    37.23113330     6.37697487	-4.48649928  2.24734740 -1.46025950 -0.11282799 -0.14208104 -0.05417427	   8.03239021  102.52927327  -30.04102612 -102.76396421   58.32010603   80.56548506  -10.13955521    7.91362855   23.37040474    0.27684944   12.19177832   -0.15226247	 0.00465261  0.01035128 -0.15385639  0.68726082 -0.53648712  0.08463319 -0.03883634 -0.15296509 -0.49489448  0.90810395 -0.51152857  0.19509485	 0.02193289  0.23098908  0.37867171 -0.15970737 -0.31289879  0.08659039 -0.03257132  0.10239023  0.25881662 -1.89257129  1.32639871 -0.01561196	 0.00250857  0.21729383  0.38154252 -0.11559361 -0.30054598  0.07742203 -0.00299998  0.07767624  0.23020800 -1.75213920  1.24706950 -0.00323079	 0.22376856 -0.19297325  3.89451948	0.03111784 0.03091315 0.00043591	0.03452407 0.03198646 0.00026101	 0.00402138 -0.00651876 -0.99997067	0.35000000	0.00000000	0.00000000	0.35276580	-1.48053241	1.02853549	-0.98535204	2.55686855	2.76200581	-1.28681338	-1.70108533	2.78509569	-0.84704018	2.13622904	0.93571413	2.96010113	0.27487630	-2.43654299	3.42645502	-0.84155118	-3.08052444	-1.09495187	-1.27015793	4.63234854	4.27423096	0.88925511	-2.36528182	
0.00801900	 -13.24290077   65.15730510 -996.18366475   63.48527961   37.93453526    7.72578447	-5.54296438  2.03829362 -1.36970828 -0.10674633 -0.17153519 -0.05421189	   8.51842412  101.17934990  -33.39693706 -102.43792397   58.05706251   80.66516590  -10.33217225    6.90683401   26.16350535    2.38039250   11.82102858   -2.35184639	 0.00465138  0.01219790 -0.15072380  0.68635140 -0.53890888  0.08516196 -0.03883212 -0.15218566 -0.49262327  0.89385012 -0.50158423  0.19510052	 0.00205014  0.23598920  0.40907801 -0.12233752 -0.30562049  0.04674398  0.02012823  0.13355246  0.31685650 -1.87233320  1.30937135 -0.00905738	 0.00128597  0.23308695  0.39214094 -0.11438034 -0.30259511  0.06394944  0.00107901  0.10238131  0.29437757 -1.79169109  1.24676129 -0.00132653	 0.22717841 -0.19953308  3.89308028	0.02810958 0.02923760 0.00075868	0.03120103 0.03065738 0.00050168	 0.00426116 -0.00675409 -0.99996811	0.35000000	0.00000000	0.00000000	0.33581534	-1.51369345	1.00634623	-0.98311198	2.51216006	2.72417450	-1.18319201	-1.67248785	2.73239350	-0.88495129	2.16178322	0.93456280	3.00056052	0.26501206	-2.47582483	3.37698030	-0.81336528	-3.12082481	-1.12668073	-1.27215028	4.71276665	4.27242470	0.90820092	-2.40970325	
0.00800100	 -12.45711384   66.49915066 -998.77467838   63.63500691   38.47339544    8.52557764	-6.36764649  2.10201314 -1.06571395 -0.11039853 -0.19091942 -0.05851037	   8.16583933  100.83563423  -34.84652229 -103.84251961   58.67237449   80.53660834  -10.75248084    7.07200068   28.01191013    4.43963848   11.19115701   -4.84615471	 0.00465699  0.01415383 -0.14749770  0.68539320 -0.54136816  0.08561113 -0.03883633 -0.15124541 -0.48984939  0.87924159 -0.49168315  0.19510390	 0.00391429  0.25364972  0.43759779 -0.10701773 -0.31452904  0.03530945 -0.00304640  0.12527046  0.38118306 -1.91152420  1.24332125 -0.00163532	 0.00291245  0.24736771  0.40603319 -0.11852956 -0.30777075  0.05428502 -0.00057562  0.12100915  0.35548171 -1.83614696  1.23835170  0.00072420	 0.23094101 -0.20625249  3.89166685	0.02557677 0.02705265 0.00110041	0.02831354 0.02897264 0.00080560	 0.00448614 -0.00696821 -0.99996566	0.35000000	0.00000000	0.00000000	0.31937402	-1.54240072	0.98760313	-0.98266327	2.48304462	2.68976760	-1.08791077	-1.65526080	2.68427610	-0.92047846	2.18707800	0.92620575	3.03491426	0.25579831	-2.51145911	3.32908416	-0.78415698	-3.16431284	-1.15278268	-1.27765560	4.77417612	4.27821636	0.92457259	-2.44041395	
0.00801200	 -10.16603109   67.83412851 -997.87262870   63.53177400   39.87736809    9.45051869	-7.31367128  2.18987429 -0.94138286 -0.11456219 -0.20855514 -0.06442184	   7.96726159   99.78787947  -37.26443104 -103.70219871   59.73805207   80.37268335  -10.65914523    7.30854028   29.70732281    6.39918295   11.74578515   -7.33621418	 0.00464064  0.01622834 -0.14419713  0.68439080 -0.54387510  0.08599297 -0.03884123 -0.15013608 -0.48652289  0.86433687 -0.48178898  0.19509420	-0.00468302  0.27619821  0.43469169 -0.13139910 -0.32819340  0.05265596  0.00237490  0.12592830  0.46485072 -1.94659540  1.25474983 -0.02205481	-0.00195860  0.26269812  0.41543073 -0.12564887 -0.31596244  0.04710508 -0.00132435  0.13976791  0.42566744 -1.87166832  1.23776688 -0.00211645	 0.23470834 -0.21314509  3.89012849	0.02336929 0.02540026 0.00151566	0.02576864 0.02713269 0.00115119	 0.00469520 -0.00716346 -0.99996332	0.35000000	0.00000000	0.00000000	0.30169275	-1.57383120	0.96556139	-0.98452270	2.44919682	2.65365100	-0.99046391	-1.63762760	2.63391256	-0.96038598	2.21285343	0.92220962	3.07746124	0.24541356	-2.54724884	3.27400637	-0.75598991	-3.20324254	-1.17924798	-1.28234339	4.83838654	4.28087807	0.94137323	-2.47360921	
0.00851900	  -7.99116061   68.90219921 -996.41682845   63.36723720   41.84009425   10.43415916	-8.01757616  2.27911975 -0.74985405 -0.11933766 -0.22817383 -0.06835309	   8.06914315   98.67450953  -38.78183074 -103.12481767   61.40709955   79.96784031  -10.88180398    7.51750803   31.24324568    8.33314180   10.89559858   -9.61352549	 0.00465330  0.01852997 -0.14059140  0.68330131 -0.54656109  0.08632812 -0.03883512 -0.14875713 -0.48245786  0.84823635 -0.47133680  0.19510004	 0.01795271  0.24316720  0.39418680 -0.13560458 -0.29238149  0.04021012 -0.00866652  0.16741060  0.46595357 -1.79497435  1.13219061 -0.00725067	 0.00132332  0.27069236  0.42113553 -0.12891100 -0.31577728  0.03893866 -0.00006231  0.16330420  0.48519732 -1.88697300  1.21824401 -0.00085753	 0.23876855 -0.22061984  3.88826129	0.02145972 0.02370993 0.00185025	0.02344728 0.02534385 0.00152287	 0.00490339 -0.00735333 -0.99996094	0.35000000	0.00000000	0.00000000	0.28621539	-1.60462368	0.94478726	-0.98351133	2.42440057	2.61963034	-0.91025072	-1.62865376	2.59208441	-1.00762999	2.24173474	0.91634500	3.10594416	0.23860715	-2.58052659	3.23892617	-0.72521526	-3.24798989	-1.20521796	-1.29469323	4.89246702	4.30104303	0.95439148	-2.49831963	
0.00845800	  -7.17295567   70.15716026 -997.29500891   63.37899648   42.87693351   11.24429491	-8.66584195  2.16781024 -0.52037135 -0.11743701 -0.24425818 -0.06874803	   7.33626404   98.50476050  -39.89500855 -103.93067235   62.35112000   79.44742113  -11.07405507    7.04984260   32.68033908   10.06109101   10.31663306  -12.22614777	 0.00465398  0.02098706 -0.13687050  0.68217556 -0.54929587  0.08653517 -0.03884000 -0.14718645 -0.47779954  0.83193195 -0.46097339  0.19510251	 0.02493841  0.33376320  0.48693706 -0.15249923 -0.31977481  0.02389368 -0.00480965  0.22806575  0.61445004 -2.02740901  1.27158034 -0.01037999	 0.00313004  0.29346290  0.44336632 -0.13534998 -0.32496637  0.02141559 -0.00105215  0.19004122  0.56150499 -1.93408471  1.22238788 -0.00056753	 0.24313334 -0.22824338  3.88631900	0.02009892 0.02152613 0.00212602	0.02163164 0.02345864 0.00185270	 0.00509536 -0.00752964 -0.99995867	0.35000000	0.00000000	0.00000000	0.26646319	-1.63491833	0.92575109	-0.98679566	2.38403654	2.57707572	-0.80272412	-1.60522282	2.53425884	-1.04898930	2.27135754	0.90586472	3.15159774	0.22996610	-2.61533928	3.18734431	-0.68798542	-3.29280615	-1.23484004	-1.29783285	4.97046041	4.30572653	0.97161853	-2.54181623	
0.00803500	  35.89278817   88.90130551 -840.47541054   53.33792896   50.79050528   21.06278547	  -0.31447727 -108.47527214 -434.46027001   26.94918452  -68.78985306   21.20092987	   6.48330739   97.46360874  -42.59651221 -101.16364107   64.88198930   80.54185730  -11.24486870    4.97753735   33.46626426   12.39983435   10.08501195  -14.82459512	 0.00464756  0.02340399 -0.13322913  0.68099172 -0.55185452  0.08681325 -0.03888440 -0.14546967 -0.47298778  0.81706016 -0.45088579  0.19502579	 0.01329835  0.30762482  0.47870134 -0.18267129 -0.26527537  0.08488234 -0.02119735  0.24401260  0.54431035 -1.58309943  1.33647195 -0.04156801	 0.00028540  0.30594295  0.46250416 -0.15679124 -0.31225518  0.04820429 -0.01006326  0.22684622  0.59722761 -1.78993326  1.30114317 -0.01911907	 0.24978270 -0.23404814  3.89457806	-0.00407128  0.00937811  0.00225020	0.01567894 0.01967324 0.00207191	 0.00524266 -0.00764342 -0.99995705	0.35000000	0.00000000	0.00000000	0.25703904	-1.67172825	0.90165991	-0.99567580	2.31754899	2.54699612	-0.71310401	-1.58060491	2.46384120	-1.16038644	2.33971238	0.90880132	3.19284225	0.24116693	-2.64647579	3.12958455	-0.63078851	-3.31915021	-1.25804031	-1.28472793	5.07983971	4.31754398	0.97696501	-2.60195804	
0.00845700	  41.27224115   79.97185706 -817.54613606   51.56745113   53.48664314   22.32852012	 -45.30086482 -101.10799626 -441.43829644   27.80139793  -68.34570539   15.43930589	   4.65346566   91.52675581  -39.21117346 -104.32978418   68.38335013   74.38601995  -11.72108264    3.32231542   26.41385338   14.49614690   -1.82996216  -16.29510026	 0.00463209  0.02621441 -0.12859630  0.67881336 -0.55419060  0.08792998 -0.03921345 -0.14276312 -0.46820444  0.80557389 -0.43744838  0.19427107	-0.00490416  0.36966610  0.62283793 -0.33148384 -0.27415545  0.13881112 -0.04073035  0.36529679  0.51645152 -1.16566512  1.73604408 -0.14010301	-0.00187291  0.33752060  0.56544258 -0.28094501 -0.26846521  0.13839710 -0.03745601  0.33292800  0.55017301 -1.28710391  1.62720662 -0.10526191	 0.25802655 -0.23876331  3.91195757	-0.03437797 -0.01358952  0.00203683	-0.01057140  0.00335123  0.00225058	 0.00520971 -0.00744883 -0.99995869	0.35000000	0.00000000	0.00000000	0.28513005	-1.65674853	0.91143924	-0.96659940	2.27575731	2.46789908	-0.72801554	-1.61389136	2.42267418	-1.32103693	2.43109584	0.88223517	3.18077683	0.28681928	-2.67610955	3.22450376	-0.54567796	-3.38362384	-1.24676478	-1.29088068	5.21541882	4.39736700	0.97399914	-2.63768959	
0.00800100	  32.90977141   59.81890705 -804.60267213   50.13224899   59.54863078   17.70656910	 -35.18479525  -74.72370349 -346.94035764   22.15869591  -53.70252907   10.40106039	 -1.14334246  84.61160755 -30.59883775 -90.45421618  76.33823669  61.50162935 -12.97232614 -12.17269570   6.30254252   1.37022006 -32.21644038 -11.71925296	 0.00462260  0.02902105 -0.12361830  0.67582279 -0.55590978  0.08889215 -0.03962495 -0.13990862 -0.46439077  0.79799863 -0.42404531  0.19327976	 0.01976641  0.38442854  0.67485946 -0.43321574 -0.17768937  0.06945316 -0.07016506  0.34537748  0.45940708 -0.84663134  1.69417650 -0.13774480	 0.00019350  0.35665410  0.63286497 -0.39013815 -0.20702067  0.10270312 -0.05354033  0.35700636  0.46571571 -0.91224972  1.67154029 -0.11711036	 0.26083161 -0.23996089  3.92081415	-0.03485046 -0.01492559  0.00515528	-0.02647437 -0.00842292  0.00338539	 0.00508484 -0.00715913 -0.99996144	0.35000000	0.00000000	0.00000000	0.34346598	-1.67529702	0.99450678	-0.92870277	2.31185246	2.34747815	-0.93292898	-1.71096408	2.47218561	-1.45524919	2.48656893	0.85983062	3.06172562	0.31587148	-2.69084406	3.59994531	-0.51574081	-3.51209188	-1.28800821	-1.41542363	5.25895596	4.60835505	0.94410568	-2.62691832	
0.00804300	  19.13201642   61.18403377 -803.50606346   49.94647459   63.77019596   13.21049079	 -16.90959900  -61.18829900 -284.86504782   18.17879444  -44.15571444    8.73466497	 -5.27894444  80.50731945 -20.17122658 -75.68591547  80.11835432  57.25538087 -14.09715800 -13.41530213  -3.56802760 -14.18339417 -44.74598712 -13.94030674	 0.00456697  0.03188809 -0.11832677  0.67209241 -0.55725962  0.08930490 -0.04021301 -0.13712506 -0.46125421  0.79265155 -0.41165310  0.19264117	 0.01565718  0.36621673  0.63859642 -0.46855854 -0.14191125  0.01452554 -0.11760865  0.32506117  0.33672111 -0.56305390  1.38292901 -0.07164096	-0.00447942  0.35651044  0.66075319 -0.47158911 -0.16287689  0.04303180 -0.08005092  0.34341222  0.37998372 -0.63972953  1.51225655 -0.07624026	 0.26184795 -0.23994270  3.92570326	-0.02627872 -0.00912017  0.00944168	-0.02870117 -0.01048809  0.00616101	 0.00498673 -0.00691345 -0.99996367	0.35000000	0.00000000	0.00000000	0.38890538	-1.68259764	1.03859234	-0.92130965	2.45999694	2.31201601	-1.17115724	-1.83946908	2.57910371	-1.55773878	2.48907614	0.83105862	2.96379519	0.33640099	-2.68729758	3.84685612	-0.51952356	-3.60164785	-1.32234919	-1.53937387	5.17067814	4.82521009	0.85534120	-2.50900984	
0.00849200	  11.35487511   62.57590852 -805.34824002   49.96719091   67.69817994   11.53521171	  -4.33489870  -59.21184907 -251.33921507   15.81380596  -38.89771644    8.91244850	 -6.16726092  77.49186993 -13.80599663 -67.17850460  83.99567592  55.83622134 -13.79140786 -12.81539860  -7.17412736 -26.29607755 -49.43203291 -18.55785386	 0.00448354  0.03483813 -0.11248379  0.66754928 -0.55836917  0.08950614 -0.04114422 -0.13431625 -0.45837409  0.78860066 -0.40030049  0.19202785	-0.01520017  0.32330962  0.69857410 -0.53504661 -0.11931844  0.04022417 -0.15327805  0.32919998  0.31070647 -0.41566743  1.23026256 -0.07004116	-0.00862035  0.34286821  0.68938195 -0.53992384 -0.12551435  0.02194452 -0.11806937  0.32749081  0.33101508 -0.45306402  1.29260442 -0.07671404	 0.26223827 -0.23895898  3.92896286	-0.01263918 -0.00082945  0.01031777	-0.02189511 -0.00639860  0.00879714	 0.00494489 -0.00674960 -0.99996499	0.35000000	0.00000000	0.00000000	0.41947857	-1.68372250	1.04874539	-0.92874122	2.61196136	2.31278753	-1.35086846	-1.95576417	2.67331791	-1.63372290	2.49011016	0.81468010	2.89589190	0.34430102	-2.69489241	3.99080348	-0.52477133	-3.66123414	-1.35366929	-1.63608301	5.07795334	4.99680090	0.76317436	-2.39670897	
0.00849300	  10.22149294   65.16336711 -800.97350724   49.53930524   73.03134361   11.66855957	   0.07819669  -59.02620833 -239.38087815   14.86007711  -36.85979075    9.04047296	 -6.07074586  77.17006516 -10.12937878 -58.96063693  88.74840885  53.48205364 -12.91048861 -11.89394096  -7.46291886 -35.34469540 -47.63263804 -20.54202650	 0.00442266  0.03769480 -0.10652072  0.66253933 -0.55921908  0.08957417 -0.04244953 -0.13159450 -0.45576003  0.78561058 -0.39102962  0.19103973	 0.02547193  0.35181813  0.72628381 -0.59415119 -0.07432936 -0.00328584 -0.17554999  0.31814708  0.30462222 -0.29759688  0.95052646 -0.15257156	-0.00492615  0.33405228  0.70561982 -0.59402779 -0.09427215  0.00900913 -0.16178871  0.31820373  0.30558545 -0.33870041  1.05312814 -0.12740477	 0.26213574 -0.23779262  3.93117076	0.00034471 0.00730041 0.00812950	-0.01075510  0.00041365  0.00901384	 0.00497399 -0.00670154 -0.99996517	0.35000000	0.00000000	0.00000000	0.43156123	-1.68540537	1.05229735	-0.93799531	2.75062370	2.32925820	-1.48420298	-2.06095171	2.75946045	-1.68763387	2.48673534	0.80654979	2.86600447	0.33780995	-2.69657493	4.06181383	-0.53631026	-3.68213081	-1.38369703	-1.71943045	4.98567486	5.13889360	0.66251695	-2.31050134	
0.00848100	  14.25476722   65.75962791 -792.23779998   48.78347382   79.01597524   12.24315657	  -2.87495744  -59.24457331 -244.38600452   15.01892224  -37.35696150    8.86534566	 -5.86404393  75.51693606  -8.18557121 -52.96368852  93.74137294  51.92482311 -11.43531607 -10.46826023  -4.48979775 -42.67441672 -42.67672750 -20.55931816	 0.00436216  0.04041954 -0.10044896  0.65713419 -0.55986339  0.08959782 -0.04405563 -0.12890998 -0.45322948  0.78328542 -0.38361356  0.18958868	-0.00435483  0.31387459  0.72965932 -0.66279559 -0.06609933 -0.00442562 -0.21041643  0.28997401  0.28639262 -0.23259632  0.78961112 -0.21103717	-0.00777938  0.32153745  0.72114379 -0.64579526 -0.07097275  0.00309157 -0.19406360  0.31441042  0.29815317 -0.26611199  0.84725140 -0.18220065	 0.26200566 -0.23658081  3.93313186	0.01142505 0.01284454 0.00531908	0.00084324 0.00711760 0.00734238	 0.00506188 -0.00675572 -0.99996437	0.35000000	0.00000000	0.00000000	0.43635115	-1.69803107	1.04800332	-0.93864411	2.85961270	2.35024405	-1.58690190	-2.14442039	2.82920432	-1.72909224	2.49109864	0.80660689	2.84585190	0.33378977	-2.69770622	4.09179306	-0.54628044	-3.69316840	-1.40036166	-1.78672087	4.91780376	5.25086832	0.57820421	-2.25373292	
0.00803300	  20.83843743   66.72980449 -784.16318949   48.04720325   85.59242467   13.21044870	  -7.88453802  -59.42809157 -252.46059759   15.40531228  -38.39591400    8.59069244	 -4.48350768  74.74098992  -7.68678617 -47.59370115  99.20271832  49.79022139 -10.40205890  -8.61221498  -1.58345062 -46.93105699 -38.01673928 -20.41697031	 0.00435317  0.04290251 -0.09462869  0.65176723 -0.56026334  0.08960832 -0.04580541 -0.12636318 -0.45077498  0.78138706 -0.37807934  0.18772882	-0.00747508  0.32215559  0.76646065 -0.67758628 -0.03391221  0.01323303 -0.22378288  0.33938638  0.30587891 -0.20081153  0.61856517 -0.26454642	-0.00111444  0.30959408  0.72631273 -0.67193710 -0.04524108  0.00110777 -0.21883900  0.31756147  0.30620028 -0.23014667  0.66667453 -0.23933454	 0.26169786 -0.23582025  3.93499676	0.01879998 0.01619866 0.00325328	0.01038032 0.01202521 0.00520240	 0.00517945 -0.00688031 -0.99996292	0.35000000	0.00000000	0.00000000	0.43350226	-1.71088052	1.04243731	-0.93858975	2.94900990	2.36949587	-1.65156257	-2.21836710	2.88444614	-1.76307368	2.49733591	0.80778325	2.84426641	0.32149300	-2.70539260	4.09691429	-0.55334020	-3.70001936	-1.41702759	-1.84296930	4.86336517	5.34676552	0.50983781	-2.21303320	
0.00845900	  23.86532039   67.21182053 -769.76482961   47.04718857   87.62824551   13.47188138	 -14.32991625  -59.50690613 -261.65381562   15.86113620  -39.61031747    8.22250655	 -3.86791400  73.55885887  -7.22580581 -44.69482835 103.06148833  47.39412630  -9.19842600  -7.34911591   1.17677347 -49.86226682 -32.43700513 -19.84730190	 0.00434474  0.04547990 -0.08833897  0.64574139 -0.56049684  0.08960650 -0.04779620 -0.12364594 -0.44803534  0.77948690 -0.37334119  0.18526467	 0.01008233  0.33137739  0.79309044 -0.77953382 -0.02367511 -0.02163882 -0.24373741  0.35514751  0.35374185 -0.22759225  0.55925368 -0.33463557	 0.00078847  0.30639510  0.74738205 -0.71954979 -0.02460863 -0.00208813 -0.23636807  0.32412263  0.32680780 -0.22359417  0.54377623 -0.30198162	 0.26171693 -0.23543431  3.93655437	0.02377157 0.01700413 0.00223345	0.01790760 0.01514749 0.00348507	 0.00532237 -0.00706472 -0.99996088	0.35000000	0.00000000	0.00000000	0.42454144	-1.71819711	1.03617191	-0.93569982	3.01627135	2.37400293	-1.69060767	-2.27163720	2.92482424	-1.78133845	2.49900794	0.80647159	2.85472417	0.30696186	-2.71194744	4.08238649	-0.56009430	-3.69935083	-1.42713451	-1.88285887	4.82701111	5.41339922	0.45045903	-2.18699932	
0.00854000	  29.05724018   66.47255062 -747.98940903   45.56288152   89.81538375   14.23171754	 -20.46785132  -58.65522212 -271.76997131   16.40590732  -41.06223494    7.75920433	 -2.42296491  71.28361630  -8.67619590 -38.92021260 107.24606895  45.00474948  -7.92828874  -5.94175851   2.90878010 -50.34757197 -29.39779982 -18.59586680	 0.00433107  0.04803857 -0.08190357  0.63946952 -0.56058928  0.08960790 -0.04985653 -0.12085114 -0.44512344  0.77763550 -0.36952711  0.18234940	 0.00601213  0.29511925  0.72370714 -0.69077991 -0.03088257 -0.00870856 -0.21388018  0.31164599  0.29342872 -0.18834329  0.39655946 -0.30822925	-0.00053892  0.29897951  0.75146040 -0.73300021 -0.01185281 -0.00234856 -0.23796873  0.32719719  0.33897806 -0.21382266  0.43256567 -0.34533803	 0.26161629 -0.23540511  3.93687804	0.02591178 0.01712876 0.00195361	0.02267268 0.01640622 0.00254033	 0.00546741 -0.00727824 -0.99995857	0.35000000	0.00000000	0.00000000	0.41475421	-1.73536885	1.03074265	-0.92592353	3.07098913	2.36905766	-1.73009109	-2.32506490	2.96702361	-1.80638409	2.50238061	0.81153488	2.85606766	0.29124850	-2.72052717	4.08617163	-0.57192588	-3.70699716	-1.43764353	-1.92694521	4.78771496	5.48415232	0.40825120	-2.16017151	
0.00850900	  31.31385564   65.63906200 -734.82677585   44.66605569   90.75284987   14.92935365	 -25.54308501  -57.16097174 -278.10803084   16.71633431  -41.95202979    7.22956051	 -0.63181397  69.19532514  -8.63948658 -36.86173208 111.63301671  41.84040594  -7.80367337  -4.27817351   4.79361571 -51.37296443 -26.02184746 -17.98033303	 0.00432427  0.05060513 -0.07539923  0.63302325 -0.56060821  0.08961228 -0.05190605 -0.11798681 -0.44202907  0.77577561 -0.36639073  0.17905901	-0.00401789  0.28169407  0.69476681 -0.69593315  0.01895365 -0.02203934 -0.21436451  0.31719537  0.34542671 -0.20437407  0.32558062 -0.37664696	-0.00194948  0.30049764  0.75900470 -0.75303977 -0.00119201 -0.00237450 -0.23627593  0.33580133  0.36308642 -0.21675728  0.35746349 -0.38857291	 0.26181614 -0.23571152  3.93638531	0.02613465 0.01557720 0.00196423	0.02492982 0.01632843 0.00215585	 0.00560697 -0.00750067 -0.99995615	0.35000000	0.00000000	0.00000000	0.40352637	-1.74570048	1.02617812	-0.91512328	3.11987448	2.35996532	-1.75041723	-2.37345791	3.00181103	-1.82416511	2.51100230	0.81067276	2.87021875	0.27439567	-2.73156786	4.07503223	-0.57841736	-3.71367359	-1.44546950	-1.96421957	4.76448345	5.54415131	0.36911732	-2.14078546	
0.00850200	  35.58489254   63.95453968 -718.48256294   43.51116653   93.05468035   16.08983359	 -30.47386841  -56.12272866 -286.45362474   17.16445134  -43.19952061    6.78758414	  1.23763032  66.11762762 -10.04484192 -32.33642191 115.22339737  38.92623168  -7.41919353  -3.78549185   5.70217832 -51.44976971 -24.04035723 -16.79341418	 0.00432334  0.05316708 -0.06877246  0.62644746 -0.56063858  0.08962444 -0.05392164 -0.11504054 -0.43877065  0.77388217 -0.36376509  0.17545502	 0.00101203  0.27192034  0.72632449 -0.71838355 -0.01311246  0.01453727 -0.22200708  0.32580882  0.34411683 -0.19649105  0.27527941 -0.37587212	-0.00076942  0.29865656  0.77229915 -0.76543205 -0.00379685  0.00212955 -0.23226412  0.34508364  0.38056290 -0.21964022  0.29946047 -0.42104638	 0.26180675 -0.23591304  3.93507232	0.02621436 0.01415457 0.00199325	0.02574499 0.01525940 0.00204277	 0.00573251 -0.00772325 -0.99995374	0.35000000	0.00000000	0.00000000	0.39242262	-1.76321924	1.02247953	-0.90088856	3.14876437	2.33788848	-1.76844573	-2.40958786	3.03010368	-1.84562361	2.51950383	0.81505346	2.88028789	0.25790429	-2.74316168	4.07692146	-0.58783114	-3.72313428	-1.45587099	-1.99928689	4.75115442	5.59857368	0.34264469	-2.12899160	
0.00850300	  40.93773139   62.73196057 -703.72760441   42.43015160   96.27610499   17.59258894	 -35.63108180  -55.46038969 -296.20099155   17.69900975  -44.67244933    6.38706542	  3.00205903  63.67220736 -11.13418531 -28.32775696 120.34064519  35.29520035  -7.19227917  -3.36561263   6.77661676 -51.90130378 -22.23689345 -15.70277992	 0.00431470  0.05575784 -0.06212662  0.61982491 -0.56064265  0.08961507 -0.05583330 -0.11205206 -0.43538942  0.77198063 -0.36148782  0.17164281	-0.01791791  0.27915248  0.71132866 -0.71088168 -0.01122504 -0.02362921 -0.22710607  0.31110026  0.38485648 -0.20421227  0.22972807 -0.39864644	-0.00172635  0.30152387  0.77625146 -0.77150617 -0.00240766 -0.00241268 -0.22269967  0.34962172  0.39682762 -0.22209227  0.25969982 -0.44458007	 0.26141264 -0.23596574  3.93316710	0.02613298 0.01306534 0.00195474	0.02604940 0.01411498 0.00199360	 0.00584778 -0.00794622 -0.99995133	0.35000000	0.00000000	0.00000000	0.38192594	-1.78380847	1.02062070	-0.88822609	3.17409062	2.31752634	-1.77952731	-2.44890499	3.05603766	-1.86886537	2.53575730	0.82058167	2.89828658	0.24048100	-2.75691390	4.07335186	-0.59436148	-3.73066688	-1.46574974	-2.03492713	4.74411774	5.65437078	0.31890881	-2.12404323	
0.00844000	  44.67048656   61.02073704 -691.07289843   41.49455806   99.30587881   16.92001745	 -40.36996960  -55.05642588 -306.55020541   18.26817253  -46.26378654    6.06437661	  4.80022868  60.17845154 -12.10269597 -23.88329796 124.09964418  32.40496305  -7.31674505  -2.48116593   7.97019688 -52.30430003 -21.53426528 -14.89596322	 0.00432217  0.05834242 -0.05549141  0.61321623 -0.56061647  0.08961434 -0.05761500 -0.10902407 -0.43190758  0.77007141 -0.35941234  0.16769079	 0.01396407  0.27909068  0.80055906 -0.78926502 -0.00928124 -0.02187333 -0.19943939  0.33399418  0.42369697 -0.22605010  0.23998315 -0.49430125	 0.00048500  0.30449740  0.78633165 -0.78196787  0.00321556 -0.00180324 -0.20944965  0.35855681  0.41684003 -0.22544900  0.24311670 -0.47182578	 0.26090463 -0.23612181  3.93088433	0.02637891 0.01138502 0.00622348	0.02617838 0.01281466 0.00339132	 0.00595152 -0.00816924 -0.99994892	0.35000000	0.00000000	0.00000000	0.37090439	-1.80676794	1.01760375	-0.87156576	3.18216562	2.29103041	-1.78625000	-2.47396636	3.07376742	-1.89413047	2.55255914	0.82513177	2.91438293	0.22613408	-2.77398014	4.07751036	-0.59772044	-3.74550414	-1.47626221	-2.06425381	4.75693607	5.70518017	0.30488989	-2.12600446	
0.00801200	  44.68301803   59.91574755 -690.52860194   41.37427582  102.13670528   14.37851602	 -42.90410695  -53.10291242 -313.12903407   18.64121072  -47.33516405    5.64491447	  6.52044116  57.20695519 -13.13005540 -18.28450321 127.38569677  28.96199402  -7.29039513  -2.11661623   8.08517070 -52.62331216 -21.34435299 -13.36023811	 0.00432708  0.06078802 -0.04929286  0.60709451 -0.56052152  0.08962613 -0.05922861 -0.10615573 -0.42855874  0.76828096 -0.35761789  0.16393515	 0.00745690  0.31900965  0.82982545 -0.83726874  0.05428341  0.00234186 -0.22540763  0.37306591  0.46465032 -0.24465651  0.24524571 -0.52987916	 0.00183849  0.30635013  0.77778007 -0.76665952  0.01494462  0.00245830 -0.20201743  0.35827495  0.42530279 -0.22374914  0.22528501 -0.47431909	 0.26038364 -0.23639026  3.92895501	0.02830432 0.00901012 0.01787294	0.02698952 0.01105151 0.00931398	 0.00603210 -0.00838832 -0.99994662	0.35000000	0.00000000	0.00000000	0.36085552	-1.83463848	1.01762033	-0.85347867	3.18227386	2.25777030	-1.79230487	-2.49598479	3.09084797	-1.91344881	2.56685686	0.83146179	2.92744565	0.21333802	-2.78857899	4.08670473	-0.60679889	-3.75777841	-1.48928821	-2.09768462	4.75875711	5.75250244	0.29191428	-2.12565422	
0.00802900	  44.22778403   58.40919266 -686.24318423   41.02585253  103.70105004   12.04635937	 -44.87631742  -53.15627622 -319.98503897   18.98707832  -48.40435160    5.59953464	  8.56783906  54.23093009 -13.17616348 -14.27693857 128.56369615  25.50583333  -6.46918839  -0.80010652   8.62295622 -54.34887937 -21.04090816 -13.32292025	 0.00431172  0.06319404 -0.04325703  0.60124095 -0.56035688  0.08962778 -0.06074210 -0.10329674 -0.42512682  0.76651561 -0.35591040  0.16019655	-0.03137995  0.29480047  0.77039595 -0.75395127  0.01826572  0.00263721 -0.18535952  0.38676282  0.45032524 -0.21051978  0.19526029 -0.49165278	-0.00254082  0.29908078  0.75100424 -0.72538897  0.02358532  0.00278972 -0.18550699  0.35734786  0.43159069 -0.21802116  0.21132461 -0.46902951	 0.26015140 -0.23679204  3.92710455	0.03101153 0.00533093 0.03453727	0.02883485 0.00841950 0.02082436	 0.00608740 -0.00862738 -0.99994425	0.35000000	0.00000000	0.00000000	0.35487437	-1.85741663	1.01591957	-0.83489436	3.18442631	2.22174692	-1.78995562	-2.51313686	3.10634041	-1.91911054	2.57495642	0.83035266	2.94335699	0.20127507	-2.80742860	4.08689928	-0.61753905	-3.77495193	-1.50928867	-2.13032460	4.75190449	5.79493666	0.27690002	-2.11518693	
0.00846700	  41.65192356   57.20790564 -683.24579832   40.78989688  103.67104947   11.37348236	 -45.76186787  -53.17661932 -326.42424086   19.32165199  -49.42896795    5.58735277	 11.12044686  52.01676702 -12.98201497 -11.65446248 128.59757066  22.02409816  -6.09904526   0.60841699   8.33538058 -56.39322186 -21.51163155 -13.42041196	 0.00432455  0.06573198 -0.03704133  0.59537688 -0.56010639  0.08962429 -0.06227057 -0.10028223 -0.42135939  0.76461829 -0.35412888  0.15619298	 0.02617777  0.33725663  0.77478807 -0.69988686  0.03495410 -0.00506478 -0.19911270  0.39930902  0.45699568 -0.23509161  0.22373122 -0.51084952	 0.00145025  0.30104957  0.73243443 -0.68531852  0.03138035  0.00165475 -0.17843221  0.35993502  0.44861325 -0.22355213  0.21028507 -0.47689260	 0.26037087 -0.23724037  3.92529945	0.03394508 0.00044735 0.05327510	0.03139437 0.00455031 0.03706335	 0.00610810 -0.00890645 -0.99994168	0.35000000	0.00000000	0.00000000	0.34450024	-1.87276065	1.01762652	-0.81167221	3.17579365	2.17535019	-1.77313554	-2.52061105	3.11585999	-1.91686058	2.57874703	0.82316303	2.96074080	0.18653664	-2.82648087	4.08532619	-0.62933737	-3.79130077	-1.53360295	-2.16090512	4.75066137	5.82639360	0.26096648	-2.10372400	
0.00805400	  33.20917089   52.16244096 -628.00709341   37.54960598   95.82892799   10.11213675	  49.77922342 -104.09233893 -553.50734835   35.67081921    0.61564019   -0.59447520	 13.05861434  49.01287794 -13.65946698  -6.62956649 128.40582240  19.00449196  -4.24242532   1.47084669   7.00703370 -58.40878874 -21.31482857 -12.33770186	 0.00437158  0.06808425 -0.03148102  0.59028075 -0.55970619  0.08962456 -0.06349690 -0.09740150 -0.41768637  0.76286550 -0.35275206  0.15222620	 0.02647890  0.29540497  0.60370004 -0.55945227  0.07599296 -0.00190214 -0.09836681  0.34435235  0.44778912 -0.18864533  0.06856521 -0.52430859	 0.01130898  0.29461612  0.67794097 -0.62353425  0.05779698  0.00155242 -0.14237177  0.36195943  0.45645060 -0.20990719  0.14191284 -0.50651769	 0.25504589 -0.23566086  3.93319629	0.02867845 0.00486585 0.06215296	0.03246648 0.00220161 0.05165081	 0.00610646 -0.00917833 -0.99993923	0.35000000	0.00000000	0.00000000	0.33355269	-1.88464892	1.01922190	-0.78731650	3.17725658	2.12770629	-1.78801847	-2.53894639	3.13604784	-1.93111622	2.57610106	0.81648564	2.95006847	0.16924289	-2.83352733	4.09349298	-0.64842993	-3.80166721	-1.55874789	-2.20093441	4.71998453	5.86595154	0.22565827	-2.07820773	
0.00844700	  28.63328187   48.55226602 -613.03918926   36.54107349   93.57438907    9.30829785	  63.08893794 -102.25208686 -574.47423163   37.42285692   10.49595923    2.03375486	 13.68806496  44.93195963  -9.98613130  -6.96506527 127.30245280  14.16983265  -5.75206266   3.62732358   7.42011157 -59.51253249 -19.35056672 -11.31562199	 0.00459166  0.07068592 -0.02609747  0.58524178 -0.55861974  0.08962677 -0.06434538 -0.09394523 -0.41369017  0.76135291 -0.35336704  0.14701654	 0.07248198  0.31491763  0.62845467 -0.57398311  0.17656602  0.02655327 -0.07809251  0.43751961  0.50689909 -0.13831935 -0.19916282 -0.69536661	 0.03340370  0.31250304  0.63226574 -0.59370715  0.14430253  0.00218870 -0.09413385  0.41877113  0.47932342 -0.17269863 -0.11309033 -0.64349601	 0.24433771 -0.23229155  3.94962514	0.01547027 0.01504996 0.05980289	0.02447407 0.00833470 0.05758812	 0.00619484 -0.00936070 -0.99993700	0.35000000	0.00000000	0.00000000	0.31985071	-1.85613871	1.02357507	-0.75200909	3.28312731	2.09277344	-1.90895641	-2.62785530	3.25064492	-1.97916389	2.56376147	0.78017151	2.88760304	0.14117172	-2.82399154	4.14990568	-0.67181885	-3.82108760	-1.57844174	-2.27348971	4.63937950	5.99188423	0.10400648	-1.99998116	
0.00803900	  24.69185702   42.83213796 -599.36615623   35.55592607   91.44518420    8.22741781	  47.41392639  -79.04871299 -548.63185897   35.79832251    7.41502728    2.17403012	 13.57083318  38.33941472  -6.08378902  -5.05428796 123.22879136   8.23820545  -8.44660350   1.27658683   7.74832582 -59.97609444  -5.95546335  -2.09820372	 0.00499467  0.07316419 -0.02146712  0.58077693 -0.55703066  0.08961687 -0.06496984 -0.09051705 -0.40981573  0.76005499 -0.35543150  0.14163726	 0.06151266  0.29192638  0.54007735 -0.51466691  0.22951378  0.00681076 -0.08333840  0.41542054  0.45212078 -0.16857304 -0.30798317 -0.62334582	 0.05340257  0.30928931  0.57212800 -0.54893138  0.20671561 -0.00130360 -0.07693631  0.42649544  0.48357305 -0.16099636 -0.27101060 -0.66232590	 0.23668938 -0.22822477  3.96000316	0.01088411 0.01722012 0.05986516	0.01681697 0.01360904 0.05886778	 0.00632351 -0.00946399 -0.99993522	0.35000000	0.00000000	0.00000000	0.30587402	-1.85339606	1.02165830	-0.72634071	3.34824395	2.03498602	-2.00215006	-2.65857697	3.32811284	-1.95689487	2.53035593	0.77424300	2.86842251	0.13688874	-2.77303410	4.14220858	-0.71664393	-3.78783965	-1.56152320	-2.32694030	4.54452324	6.02736712	0.00824456	-1.97377789	
0.00850300	  25.49841309   32.35534710 -585.44864687   34.41284877   89.12350216    6.65269925	  28.81114257  -63.09899931 -505.50372828   32.77307471    1.40152648    2.79997782	 13.27190468  33.30279303  -5.78500160  -5.97586248 117.16637850   2.75790442  -8.57077166   6.39889371   9.55959655 -57.84266903  -2.26550104  -2.18741570	 0.00565993  0.07582910 -0.01689946  0.57634938 -0.55487474  0.08943042 -0.06556268 -0.08693482 -0.40558264  0.75864577 -0.35834707  0.13617719	 0.08590069  0.27729218  0.44069207 -0.45563455  0.25196895 -0.04861747 -0.08787389  0.35232396  0.43699116 -0.16050302 -0.35975581 -0.57094723	 0.08094487  0.31289103  0.52603314 -0.51065708  0.25752170 -0.03297500 -0.07262920  0.41640980  0.49488050 -0.16727476 -0.35053710 -0.63106700	 0.23068470 -0.22466142  3.96550156	0.00854999 0.01528192 0.06238432	0.01198957 0.01532073 0.06042109	 0.00645839 -0.00954838 -0.99993356	0.35000000	0.00000000	0.00000000	0.31146520	-1.84298515	1.01100874	-0.69653583	3.40781283	1.97948599	-2.05941558	-2.70499778	3.39503670	-1.94818270	2.49813676	0.75433362	2.86061239	0.12473992	-2.76488519	4.14292002	-0.74074531	-3.80710888	-1.56556833	-2.36627316	4.46968603	6.09426785	-0.03561570	-1.92643249	
0.00850300	  24.36837309   22.50339889 -560.44405339   32.62735725   85.24370827    4.93682880	  20.22360528  -56.88752851 -485.85395171   31.38445457   -0.28271632    3.63796491	 10.33119720  25.95934671  -5.95951491  -4.11587473 110.18094474  -0.15546206  -7.85516681   8.71862790   9.37950649 -55.54845423   1.58710523  -2.89294094	 0.00650091  0.07853809 -0.01261085  0.57227128 -0.55238646  0.08881149 -0.06615428 -0.08340892 -0.40122976  0.75712273 -0.36154611  0.13096064	 0.09718338  0.27898361  0.46276984 -0.44466261  0.29054409 -0.08893057 -0.06077962  0.37128189  0.47725624 -0.15134175 -0.37103096 -0.52587670	 0.09846424  0.31420116  0.49360197 -0.46766966  0.29491546 -0.08138577 -0.07064926  0.40668780  0.50783644 -0.17866492 -0.37676292 -0.60230022	 0.22553105 -0.22087552  3.96660896	0.01024777 0.01223479 0.06726602	0.01032214 0.01412812 0.06355291	 0.00656986 -0.00963037 -0.99993204	0.35000000	0.00000000	0.00000000	0.31258410	-1.84061980	0.99711782	-0.68057263	3.45323968	1.90824866	-2.11170602	-2.72937059	3.44686174	-1.94309127	2.46399140	0.73382711	2.85401630	0.11022195	-2.76155424	4.13796711	-0.76747930	-3.83767891	-1.57199252	-2.39707422	4.40341568	6.14487123	-0.06492043	-1.88315141	
0.00850300	  22.69565754   15.21401641 -534.96016264   30.87567929   81.36570989    3.62235516	  14.83061171  -53.11990504 -478.38037449   30.81214206   -1.61655156    4.41477201	  8.45788419  20.24261749  -6.59757112  -0.75538271 103.55121982  -2.24218862  -6.99458529  11.77557349   9.10669865 -54.25243244   2.83138899  -3.44629817	 0.00741762  0.08128991 -0.00869178  0.56869784 -0.54974910  0.08772989 -0.06677348 -0.07996333 -0.39683770  0.75548592 -0.36478100  0.12583257	 0.09123664  0.29912544  0.38368216 -0.32276897  0.27781638 -0.14200326 -0.04264030  0.38805834  0.45928132 -0.18012785 -0.35781729 -0.54193242	 0.10671203  0.32115037  0.45082388 -0.40525877  0.31050854 -0.13460290 -0.07209778  0.40350299  0.51219568 -0.19405150 -0.37801218 -0.59857532	 0.22082605 -0.21697004  3.96452828	0.01320682 0.00878674 0.07316083	0.01143436 0.01156618 0.06826006	 0.00665292 -0.00973448 -0.99993049	0.35000000	0.00000000	0.00000000	0.31059617	-1.84634876	0.98913497	-0.65977138	3.47739029	1.83242643	-2.14752555	-2.74376798	3.48504519	-1.94948983	2.43557668	0.70914364	2.84385967	0.09448005	-2.76001692	4.13318634	-0.78969127	-3.87826180	-1.58688414	-2.42765236	4.34961748	6.19323730	-0.08393122	-1.84752095	
0.00847200	  21.30548783    9.81303810 -509.97196782   29.21713537   77.62590626    2.64585924	  10.80827636  -50.60640476 -488.46603193   31.41953759   -3.06885898    5.57587878	  7.10328042  14.36030155  -7.28576953   2.30818972  97.67489845  -3.19969365  -5.67667492  13.42707086   9.28005193 -55.05961350   3.22731781  -2.09001304	 0.00828653  0.08403834 -0.00515516  0.56573075 -0.54702650  0.08631502 -0.06743656 -0.07662827 -0.39240820  0.75379455 -0.36795162  0.12075916	 0.13162712  0.35485233  0.39244549 -0.31804647  0.36632201 -0.18360549 -0.05749460  0.40713049  0.55109412 -0.24451163 -0.39705401 -0.62344552	 0.10293604  0.32354108  0.40727400 -0.33636647  0.32223976 -0.17095996 -0.07642846  0.39173637  0.52183891 -0.20302575 -0.37185111 -0.59746632	 0.21656392 -0.21238968  3.96083794	0.01712579 0.00447096 0.07849851	0.01411355 0.00811785 0.07353936	 0.00670253 -0.00986844 -0.99992884	0.35000000	0.00000000	0.00000000	0.30921921	-1.86550975	0.98220557	-0.62725365	3.47075582	1.74944520	-2.17984247	-2.73810077	3.50592971	-1.96175468	2.41853881	0.68858850	2.80786085	0.08819953	-2.75255299	4.13246012	-0.80940151	-3.91977501	-1.59603488	-2.45748425	4.30428457	6.22431087	-0.09257406	-1.82307625	
0.00801300	  20.28722274    3.98987300 -483.95693110   27.50583063   73.70834390    1.64208353	   8.77525845  -49.07001278 -501.93351802   32.26833679   -3.74612799    7.15621071	  6.34378468   9.76448041  -8.63842551   5.41045871  91.71805233  -5.09070584  -3.70218930  16.02349073   8.65492158 -55.96167395   3.76356080  -1.24428039	 0.00901786  0.08659500 -0.00224368  0.56367676 -0.54450413  0.08476333 -0.06808855 -0.07357336 -0.38825766  0.75218057 -0.37082330  0.11602595	 0.09176265  0.29869038  0.31981982 -0.22335196  0.29588802 -0.21816022 -0.06592955  0.33777666  0.47994511 -0.20022236 -0.31059409 -0.53804885	 0.08999438  0.31902172  0.35357212 -0.24384415  0.31263695 -0.19863264 -0.07990573  0.37635456  0.51614560 -0.20235080 -0.35386454 -0.58705974	 0.21252611 -0.20765987  3.95624368	0.01983131 0.00112939 0.08095318	0.01707582 0.00455519 0.07764757	 0.00671747 -0.01002196 -0.99992722	0.35000000	0.00000000	0.00000000	0.31187367	-1.88493490	0.97442281	-0.58997101	3.45683765	1.65854454	-2.19990897	-2.73532486	3.51674557	-1.97867680	2.40211463	0.66498244	2.77006769	0.08069080	-2.74469137	4.11433315	-0.82862252	-3.95933247	-1.60600924	-2.48637319	4.24021387	6.25034046	-0.09629494	-1.79176950	
0.00846500	  20.72041650   -3.27602587 -458.81397828   25.81580978   69.87001942    0.51819375	   5.40315454  -50.36187226 -521.43477936   33.45341736   -5.50805026    8.73017975	  5.91126067   4.71869490  -9.78933746   6.96039548  86.94091254  -7.62780562  -2.07729013  17.64992779   9.40006363 -58.76268300   3.17667289  -1.04767027	 0.00970560  0.08928652  0.00032639  0.56240109 -0.54188097  0.08289174 -0.06877365 -0.07037122 -0.38389579  0.75046774 -0.37373933  0.11092617	 0.06507872  0.34267975  0.25680636 -0.09396626  0.32150829 -0.25594549 -0.07306578  0.42385440  0.53862501 -0.18714170 -0.35048331 -0.65116152	 0.07958388  0.32138624  0.29285869 -0.13219669  0.30947329 -0.22969199 -0.08024451  0.37989575  0.51739725 -0.20148677 -0.34260498 -0.60774978	 0.20855123 -0.20193179  3.95081488	 0.02288823 -0.00261683  0.08169114	0.02005496 0.00085912 0.08011450	 0.00670309 -0.01020888 -0.99992542	0.35000000	0.00000000	0.00000000	0.31627083	-1.90851855	0.96491611	-0.54517442	3.44080687	1.56139123	-2.21457624	-2.73791194	3.52673173	-2.01694584	2.40430713	0.63439131	2.72750020	0.06930638	-2.74777651	4.09259510	-0.83716637	-4.01579809	-1.62328672	-2.52038598	4.19492674	6.29290390	-0.10602647	-1.77166224	
0.00800900	  29.71702814   -9.94430006 -426.40388579   23.68590460   64.57510482   -0.07775544	   2.91180609  -52.39113570 -559.51103323   35.92370923   -6.45368002   11.01142400	  4.75403724  -0.20398827 -11.75835942   9.93110771  79.01074380 -10.12366195   0.32025695  17.04638916   9.86920287 -62.75506316   4.07343567   1.92608573	 0.01023498  0.09177475  0.00235417  0.56186694 -0.53947603  0.08089735 -0.06940483 -0.06744878 -0.37983535  0.74882041 -0.37632954  0.10608056	 0.06137441  0.31260806  0.23583467 -0.04172742  0.28842524 -0.23869683 -0.09001125  0.39652102  0.51585886 -0.22985203 -0.30259560 -0.62547383	 0.06418115  0.31071381  0.25018957 -0.06161572  0.30085035 -0.25284784 -0.07843796  0.36663673  0.50734493 -0.20504976 -0.31992111 -0.60683126	 0.20447156 -0.19533479  3.94675193	 0.02604545 -0.00209558  0.07976065	 0.02302680 -0.00128008  0.08044695	 0.00667528 -0.01040977 -0.99992354	0.35000000	0.00000000	0.00000000	0.32660788	-1.93888962	0.95083529	-0.48189524	3.37310576	1.43582940	-2.22862124	-2.70508265	3.50520325	-2.06038547	2.40438318	0.60958266	2.65670657	0.07112763	-2.73267150	4.06288004	-0.84501666	-4.05820847	-1.62959647	-2.54096675	4.14602089	6.30384636	-0.10913299	-1.77049768	
0.00801900	  31.35254070  -19.42327668 -391.82527880   21.44967951   59.27564730   -1.50345114	  -1.93957132  -56.05677136 -588.28562855   37.69397392   -8.61978202   13.15503574	  3.79988193  -4.68909071 -14.21430800  15.03751107  72.45834142 -14.25006734   2.37729526  18.48145497  12.01167903 -65.79560478   2.82660223   1.87642681	 0.01063678  0.09427527  0.00408208  0.56176819 -0.53710974  0.07856875 -0.07002531 -0.06459464 -0.37585140  0.74716212 -0.37880176  0.10117702	 0.03150496  0.30515435  0.17490782  0.03924953  0.26226091 -0.30171453 -0.09988964  0.33125099  0.46320166 -0.19316066 -0.28656973 -0.57933369	 0.04646596  0.31017223  0.20791947 -0.00324581  0.29190005 -0.29670926 -0.07826133  0.35511377  0.49501565 -0.20704362 -0.30585650 -0.61261303	 0.20055794 -0.18822978  3.94244457	 0.02824980 -0.00153801  0.07713154	 0.02582333 -0.00148990  0.07902390	 0.00665551 -0.01063267 -0.99992132	0.35000000	0.00000000	0.00000000	0.34407613	-1.97486269	0.92450708	-0.40239969	3.31361818	1.30356908	-2.25059962	-2.70445466	3.49654937	-2.15553117	2.43085122	0.57473934	2.58061957	0.05914488	-2.73576546	4.02267218	-0.84154946	-4.12657547	-1.64339244	-2.56797838	4.08375788	6.36797428	-0.11346165	-1.76036274	
0.00800200	  29.33379490  -31.27079239 -346.66337803   18.64905748   52.60177658   -3.47501997	  -6.97088305  -62.55162407 -631.76532539   40.40019704  -11.00295242   15.51113703	  2.43803724 -12.23766959 -17.21750748  23.55971455  65.16402107 -18.05186068   4.54537250  18.59065861  14.71746225 -71.21189925   2.36687275   2.49076985	 0.01087498  0.09677776  0.00544439  0.56231714 -0.53478167  0.07577130 -0.07060126 -0.06177335 -0.37191240  0.74547966 -0.38113997  0.09601742	 0.01889874  0.31111745  0.15660658  0.11022196  0.26590794 -0.36100655 -0.05193941  0.35722373  0.48743022 -0.22690986 -0.27518181 -0.63404070	 0.02576346  0.31126483  0.16014949  0.08532764  0.28716951 -0.35616127 -0.07071289  0.35195147  0.49068135 -0.21260722 -0.28947036 -0.64711461	 0.19705489 -0.17974932  3.93759472	 0.03134948 -0.00383538  0.07467065	 0.02850820 -0.00229196  0.07694838	 0.00662844 -0.01087561 -0.99991889	0.35000000	0.00000000	0.00000000	0.35848141	-2.02447248	0.87789077	-0.29716879	3.21864128	1.13848948	-2.28117704	-2.69739294	3.47404099	-2.30314469	2.49419999	0.52627438	2.47622490	0.03546473	-2.74547315	3.95856118	-0.82732391	-4.22793579	-1.66260195	-2.60200310	4.02355242	6.45340443	-0.11268066	-1.77055717	
0.00851600	  21.81045968  -44.89235685 -275.26162392   14.38484536   42.02651160   -5.91918017	 -10.93479178  -72.02132446 -695.72053400   44.43706087  -13.55590105   17.67503355	  0.89456313 -20.02710032 -21.79427874  34.55287540  53.57375765 -23.21841553   6.99287771  17.63051289  18.04710802 -79.25159246   1.76070300   4.20067130	 0.01099024  0.09943637  0.00623576  0.56407754 -0.53232924  0.07222206 -0.07118428 -0.05882370 -0.36770387  0.74365199 -0.38352751  0.09008611	 0.03501069  0.29163763  0.04927008  0.28553398  0.27637026 -0.40839907 -0.06583388  0.33300462  0.47387215 -0.19408627 -0.26224291 -0.67449046	 0.01336791  0.31075663  0.08073627  0.23286800  0.28481127 -0.42704686 -0.06553560  0.34496423  0.49644140 -0.21408175 -0.27750212 -0.70303990	 0.19519001 -0.16842758  3.93110297	 0.03444576 -0.01526349  0.06797848	 0.03163300 -0.00671091  0.07325819	 0.00655298 -0.01116080 -0.99991624	0.35000000	0.00000000	0.00000000	0.36809856	-2.05785632	0.78920013	-0.13925162	3.03257418	0.92137265	-2.32923245	-2.67531371	3.43039560	-2.51531219	2.62106991	0.43168637	2.30814409	-0.02629501	-2.75968671	3.84060240	-0.78699255	-4.37082052	-1.70685256	-2.64843082	3.94725132	6.57028675	-0.09527481	-1.82251871	
0.00849300	  18.20725242  -62.56619808 -169.36096404    8.10153375   26.08278749   -8.82932251	 -18.52028840  -88.31247765 -779.79063317   49.64418142  -19.02671964   21.90255148	 -2.00909214 -28.60364527 -29.52227913  44.83896044  34.21472561 -30.72196516  11.52724120  14.94020247  21.29631032 -91.02092588  -1.06722989   5.05344797	 0.01103514  0.10212129  0.00641471  0.56735265 -0.52998792  0.06792238 -0.07166589 -0.05586640 -0.36329078  0.74171479 -0.38585928  0.08346567	 0.02920486  0.30085282  0.00499346  0.46355981  0.25411330 -0.51775373 -0.03679916  0.36304739  0.52811714 -0.20799944 -0.25336107 -0.79219250	 0.00694174  0.31548376  0.01016352  0.41745159  0.27082382 -0.51856303 -0.05225225  0.34859920  0.52480275 -0.22782810 -0.27147591 -0.79197488	 0.19719146 -0.15412776  3.92141686	 0.03593642 -0.04113757  0.05351659	 0.03415938 -0.02238145  0.06422049	 0.00630283 -0.01146525 -0.99991441	0.35000000	0.00000000	0.00000000	0.35665801	-1.98607457	0.60140234	0.12323976	2.63953209	0.64322841	-2.46627116	-2.63565040	3.39551592	-2.83220196	2.89048076	0.21244572	2.00089002	-0.21505730	-2.78957105	3.63773823	-0.68799978	-4.57813072	-1.82247961	-2.72381401	3.87215447	6.78088284	-0.03278454	-1.97929978	
0.00800400	 30.39554956 -74.21062072 -83.08794437   3.25974230  12.94451850  -9.39035858	 -37.14944346 -108.99153959 -860.79305153   54.40496181  -31.79946052   28.26444155	  -2.12963441  -36.06978989  -45.40813601   53.87750554    6.06711113  -40.45854819   17.68880813    8.61767283   23.72915441 -106.31511128   -9.14044981    4.62459377	 0.01104427  0.10466010  0.00581150  0.57225531 -0.52810896  0.06284299 -0.07198316 -0.05306727 -0.35889352  0.73978692 -0.38805373  0.07626546	 0.00152687  0.32976010 -0.10659064  0.71273035  0.20435478 -0.70509404 -0.01631825  0.33832178  0.52076360 -0.21679793 -0.27853693 -0.93056062	 0.00233330  0.31775878 -0.09081312  0.65243681  0.21861138 -0.66343657 -0.03702374  0.35091622  0.55196499 -0.24316216 -0.27318810 -0.91775267	 0.19873565 -0.13777395  3.91228736	 0.03865599 -0.05873786  0.03682532	 0.03620699 -0.04111418  0.05131693	 0.00588968 -0.01176495 -0.99991345	0.35000000	0.00000000	0.00000000	0.34579396	-1.83568728	0.37327141	0.42726284	2.12564874	0.31765670	-2.63205528	-2.58817387	3.35917282	-3.17355847	3.21874952	-0.07706988	1.64789164	-0.47141710	-2.81962347	3.39719772	-0.56593716	-4.78221560	-1.99360466	-2.81542969	3.77338576	6.98651075	0.04270352	-2.20594144	
0.00800800	 38.87411915 -76.81638458 -72.55154004   2.82082213  11.45901738  -8.77548661	 -51.08598874 -127.14796518 -912.98306506   57.41719474  -42.42895178   31.44842144	  -3.80714364  -37.51355886  -58.43676363   55.42211632  -21.26648131  -45.96359813   24.36610086    0.93163094   24.22578645 -121.25443777  -12.53222213    3.69752089	 0.01105742  0.10713415  0.00409326  0.57946094 -0.52715064  0.05583372 -0.07214922 -0.05020826 -0.35427655  0.73756783 -0.39013240  0.06776056	 0.02314919  0.26767669 -0.24900701  0.95854325  0.05338296 -0.95103988 -0.01579942  0.32732852  0.56781860 -0.30289308 -0.24462467 -1.09075874	 0.00322807  0.30562415 -0.23362414  0.93584445  0.09909531 -0.91533975 -0.01768946  0.35495525  0.57797800 -0.28381113 -0.25535196 -1.08053889	 0.19907738 -0.11860622  3.90773099	 0.04784914 -0.06620882  0.02019779	 0.04106406 -0.05520704  0.03542374	 0.00538148 -0.01211162 -0.99991217	0.35000000	0.00000000	0.00000000	0.36763078	-1.77567923	0.31027105	0.54203117	1.95028150	0.05567826	-2.63564515	-2.56382489	3.28201413	-3.32018971	3.29975724	-0.24178478	1.52981842	-0.53884250	-2.79963589	3.20324826	-0.51218885	-4.86524677	-2.07506275	-2.84884977	3.59173298	6.98081112	-0.00112877	-2.26436138	
0.00846600	 21.36168098 -31.95375934 -11.03751516   0.93762437   2.13846294  -1.05685733	 -49.48354928 -133.47626807 -961.41812085   60.72921554  -42.14219986   25.33551185	 -12.34144023  -34.02329814  -64.80446157   53.20624851  -32.82066375  -39.04987422   30.22071310   -3.79727614   17.62360070 -124.49124089   -8.19028795    9.48612310	 0.01096770  0.10950169  0.00074201  0.58980920 -0.52747621  0.04579679 -0.07222522 -0.04712419 -0.34921757  0.73477119 -0.39206348  0.05725261	-0.03860502  0.22661633 -0.54860150  1.40104997 -0.11516093 -1.36769578 -0.00611410  0.39578387  0.61170828 -0.34970964 -0.24079393 -1.32637522	-0.01701983  0.26371882 -0.43165158  1.26715779 -0.06678967 -1.23176166 -0.00745859  0.36611038  0.59519654 -0.33547506 -0.22462801 -1.25796301	 0.19656401 -0.09881408  3.90466511	 0.04800700 -0.06195123  0.01178306	 0.04647908 -0.06106728  0.02196646	 0.00482895 -0.01253398 -0.99990979	0.35000000	0.00000000	0.00000000	0.33241814	-1.77276158	0.31866544	0.55253750	1.95334911	-0.09544453	-2.61284423	-2.56607747	3.23932266	-3.37769103	3.28324938	-0.33331418	1.44289744	-0.56533766	-2.73427081	3.03611398	-0.51594311	-4.88885593	-2.08612013	-2.88055110	3.36024666	6.91433859	-0.06775956	-2.22150683	
0.00802000	 18.38845269 -15.36479061   0.24997021   0.39136631   0.51133187   0.07980092	 -45.13923377 -124.07626932 -976.86808311   62.11975994  -38.54594742   25.26316991	 -14.23898436  -28.35277957  -63.79831572   44.86817960  -35.66158739  -23.16488203   33.13351753   -5.10257393   12.55101549 -118.89790455   -5.84532405   18.31614675	 0.01055266  0.11106555 -0.00402320  0.60176679 -0.52921921  0.03490070 -0.07224238 -0.04416046 -0.34450675  0.73188768 -0.39357966  0.04664398	-0.06246333  0.18515479 -0.69302583  1.61740502 -0.30915424 -1.35850752 -0.00790385  0.38888432  0.59404077 -0.37218377 -0.16304563 -1.36972042	-0.05960083  0.18396664 -0.62277633  1.52237400 -0.24307167 -1.34762411 -0.00014204  0.37062679  0.58180423 -0.36070863 -0.18628171 -1.32352181	 0.19231112 -0.08193338  3.90251849	 0.03661943 -0.05154562  0.00421953	 0.04329811 -0.05781245  0.01280882	 0.00437439 -0.01287306 -0.99990757	0.35000000	0.00000000	0.00000000	0.27218491	-1.79877055	0.31872836	0.56908149	1.90213406	-0.17899244	-2.55734849	-2.51415610	3.15908408	-3.42853284	3.29539418	-0.38627127	1.27617657	-0.55850077	-2.64634919	2.88472128	-0.51151770	-4.89215612	-2.03587461	-2.88175154	3.16464734	6.78297043	-0.05982678	-2.17469859	
0.00846500	17.14508359 -7.53311086  0.27569302  0.18490898  0.38395311  0.10306912	 -43.72440978 -123.48257307 -978.30568082   62.40818808  -37.71086138   24.46755122	 -10.61793634  -19.06344914  -58.12474026   34.23076263  -28.30567431  -14.50818056   32.75301976  -10.39308971   10.49928978 -116.94581452   -6.92744929   21.64637065	 0.00982262  0.11202777 -0.01061551  0.61631455 -0.53241879  0.02402799 -0.07218810 -0.04102892 -0.33970662  0.72882480 -0.39500320  0.03535778	-0.08593853  0.09893919 -0.89778597  1.88350955 -0.45422442 -1.23941174  0.01215431  0.38063607  0.56834858 -0.38526709 -0.17664413 -1.34097223	-0.08762997  0.10398962 -0.80771337  1.75296475 -0.40048739 -1.25322167  0.00876891  0.37071536  0.56333569 -0.36333016 -0.16622961 -1.33135617	 0.18837020 -0.06511097  3.90046393	 0.01958063 -0.04221948 -0.00759197	 0.03238429 -0.05002539  0.00271735	 0.00397963 -0.01310930 -0.99990615	0.35000000	0.00000000	0.00000000	0.23729220	-1.83628666	0.31467223	0.56771117	1.82920659	-0.20504376	-2.44115400	-2.46605134	3.04942298	-3.48855519	3.37445617	-0.42326036	1.17718482	-0.54346848	-2.59924006	2.70840526	-0.46326569	-4.88284016	-1.99994791	-2.87245417	3.03796077	6.67453909	-0.03398101	-2.17670369	
0.00801100	17.02057819 -6.50527590  0.36111328  0.16134794  0.39698811  0.11855113	  -45.59715380   -29.47858416 -1142.64154012    25.54626452   -37.62598420    23.13816768	  -7.86038258   -9.09685636  -51.12291197   21.47127631  -19.48319833  -15.27007681   32.50573417  -18.81156707    6.97365651 -117.23922059   -7.73698644   23.50482294	 0.00909725  0.11275707 -0.01795400  0.63109281 -0.53629022  0.01522043 -0.07203041 -0.03820844 -0.33550879  0.72640048 -0.39633919  0.02730636	-0.08699493  0.12250121 -0.98112310  1.88996337 -0.51138462 -1.05655895  0.01043779  0.33398049  0.48714100 -0.25396799 -0.17267480 -0.73117408	-0.08891341  0.09775406 -0.93423968  1.85954882 -0.49188247 -1.08281388  0.02051709  0.34796495  0.51768897 -0.28758582 -0.17337608 -0.91354744	 0.18640070 -0.05869825  3.91112109	-0.05942366 -0.04401502 -0.02343528	-0.00636896 -0.04608695 -0.00948317	 0.00363254 -0.01292050 -0.99990993	0.35000000	0.00000000	0.00000000	0.24197823	-1.86942458	0.30650577	0.59409314	1.62964165	-0.22179557	-2.31233740	-2.39333677	2.89126086	-3.63481259	3.52858305	-0.43883833	1.10321057	-0.48986852	-2.53981185	2.53429103	-0.35901839	-4.81348276	-1.98122787	-2.84629893	3.04342341	6.57957458	-0.03076206	-2.28036547	
0.00850900	18.01567731 -7.89102489 -1.84243955  0.18020952  0.39181690  0.18645687	  -51.00085070   -59.00504295 -1102.42371009    16.79299420   -42.54692620    19.98229869	  -7.19185987  -19.72936714  -49.92441742    7.07259751  -14.28520082  -22.55310071   28.34023608  -42.20585299    6.34516856 -120.52391127  -14.59606066    0.61704977	 0.00841328  0.11339273 -0.02658910  0.64727874 -0.54080181  0.00681708 -0.07174889 -0.03568837 -0.33147642  0.72457054 -0.39804094  0.02297965	-0.07793837  0.05188703 -0.99828193  1.83589283 -0.53032985 -0.93909310  0.00621042  0.25057631  0.42438189 -0.15358215 -0.20805900 -0.29606557	-0.07702691  0.06488113 -1.02771374  1.90284628 -0.53487871 -0.99094092  0.03188010  0.28329155  0.46657423 -0.20084935 -0.20620853 -0.45107093	 0.18518310 -0.04799925  3.91918889	-0.07110029 -0.04408853 -0.03308052	-0.04746802 -0.04486485 -0.02280193	 0.00326024 -0.01232620 -0.99991871	0.35000000	0.00000000	0.00000000	0.33536831	-1.91269541	0.23360121	0.51277870	1.66156971	-0.24024574	-2.31108880	-2.45668888	2.86287808	-3.80027962	3.72383237	-0.44537550	1.13449323	-0.47674596	-2.63728714	2.44998074	-0.26433778	-4.89805317	-2.02501464	-2.84872794	3.05199099	6.67585945	-0.02759381	-2.32416892	
0.00851900	18.12153836 -3.98449912 -0.62245857  0.02742266  0.35524619  0.14018699	  -48.23978698   -86.25768576 -1093.55357351     1.96701860   -44.09984551    19.87524307	 -10.67033846  -12.55263627  -47.94148299   10.32771105  -20.91260514  -23.25596714   28.25372706  -58.48647881    6.09520264 -135.81362659  -12.81731882  -28.17679405	 0.00792475  0.11363004 -0.03596766  0.66350854 -0.54570110 -0.00160234 -0.07142481 -0.03373344 -0.32764413  0.72311231 -0.39992610  0.02092680	-0.04515059  0.01307183 -1.09612840  1.78899686 -0.57239709 -0.95162025  0.02349301  0.17032405  0.43596675 -0.16107528 -0.19788657 -0.16602000	-0.05628823  0.02426444 -1.11091170  1.89753545 -0.58469980 -0.98641317  0.03624549  0.22255050  0.44864448 -0.16961974 -0.21950935 -0.22089894	 0.18479691 -0.03972813  3.92615019	-0.07281398 -0.04419424 -0.03471508	-0.06349909 -0.04443044 -0.03030179	 0.00288835 -0.01171177 -0.99992724	0.35000000	0.00000000	0.00000000	0.41559139	-1.91979396	0.18450245	0.36970681	1.64922750	-0.20694242	-2.22586536	-2.43773842	2.75779438	-3.92569470	3.84110785	-0.48616597	1.28768909	-0.48649687	-2.73051953	2.23990512	-0.16063020	-4.91087770	-2.13994384	-2.78353596	3.08099723	6.71746683	-0.06497614	-2.36729956	
0.00846100	16.95521218 -0.27556773  0.39877553 -0.08822669  0.32301057  0.04108323	  -46.40402964   -98.93973505 -1075.93837639   -12.45151303   -46.06508627    20.38126957	 -15.75451604   -7.92368603  -44.59694108   14.18811187  -22.59064391  -19.53637747   28.74742491  -74.67529869    1.66397344 -141.12433156  -15.01449689  -48.18377626	 0.00747215  0.11362365 -0.04605172  0.67993497 -0.55127980 -0.00994802 -0.07111194 -0.03203911 -0.32382226  0.72156033 -0.40177166  0.01971573	-0.05099456 -0.01964744 -1.28324260  2.03877503 -0.72568604 -1.01797756  0.06617141  0.17122973  0.46274007 -0.21782631 -0.21615967 -0.12506255	-0.05677996 -0.00725197 -1.21257337  1.95501825 -0.67545985 -0.98177789  0.03743527  0.19521248  0.45380812 -0.18747641 -0.21744437 -0.13897320	 0.18473101 -0.03134960  3.93132087	-0.06959029 -0.04354384 -0.03190028	-0.06829940 -0.04405335 -0.03215963	 0.00251848 -0.01110514 -0.99993516	0.35000000	0.00000000	0.00000000	0.45450801	-1.94112813	0.15060860	0.23959637	1.66802549	-0.19984676	-2.14552689	-2.42977405	2.67468357	-4.04561186	3.94838238	-0.53508627	1.38547444	-0.50207514	-2.80594587	2.07492685	-0.08179150	-4.96262312	-2.21583033	-2.74353456	3.06090260	6.74924135	-0.07180050	-2.38493085	
0.00800000	14.61797047  3.37581814  0.90495137 -0.19416745  0.27721733 -0.03480105	  -40.08354911  -105.42290569 -1065.92758255   -19.47876664   -45.59287271    18.78799660	 -17.97829379   -2.94721864  -38.49265517   15.95749060  -19.43120228  -15.41248278   27.04814344  -84.56015253   -4.75149032 -145.00238878  -15.06872258  -56.68402052	 0.00690506  0.11334562 -0.05615902  0.69557849 -0.55716828 -0.01708868 -0.07086781 -0.03063370 -0.32014077  0.71990054 -0.40340562  0.01882794	-0.07720987 -0.04682608 -1.32636802  2.01218855 -0.81183036 -0.82474722  0.01842368  0.17973142  0.48964939 -0.22632168 -0.21196763 -0.10785633	-0.07556628 -0.03780803 -1.28687355  1.97798994 -0.75282193 -0.88027246  0.03045408  0.17566275  0.46618156 -0.21476194 -0.20365982 -0.11129893	 0.18469309 -0.02323207  3.93516384	-0.06429108 -0.04176897 -0.02584201	-0.06714069 -0.04309982 -0.02980920	 0.00217969 -0.01056969 -0.99994176	0.35000000	0.00000000	0.00000000	0.46956682	-1.96379256	0.13884580	0.16201317	1.63980579	-0.20278648	-2.08585286	-2.40324521	2.57869387	-4.13509369	4.03578854	-0.57974851	1.41490781	-0.49364367	-2.82680845	1.94608986	-0.01343630	-4.98347759	-2.22423077	-2.71026683	3.02105689	6.73284626	-0.05415174	-2.39790225	
0.00803700	11.91107803  4.02933441  0.47245236 -0.22042984  0.24405700 -0.03206372	  -33.97579952  -107.25585883 -1050.49822854   -23.38585728   -44.56189798    17.10424136	 -16.60784732    1.37523106  -34.05576889   16.48199938  -11.50035372  -16.95827171   25.86867032  -89.39882588  -11.46860482 -145.00729811  -15.52206543  -60.76168376	 0.00619367  0.11282133 -0.06679564  0.71136512 -0.56335730 -0.02331773 -0.07067487 -0.02942254 -0.31642879  0.71804281 -0.40491305  0.01805473	-0.07883854 -0.06903644 -1.23589327  1.83178984 -0.69689111 -0.68573172  0.01228198  0.12656725  0.40171585 -0.20550809 -0.15858061 -0.08579583	-0.08990111 -0.06755904 -1.33030080  1.96464182 -0.76873238 -0.76190712  0.02282325  0.14993727  0.45956097 -0.23421080 -0.18508031 -0.09352292	 0.18415578 -0.01487607  3.93780075	-0.05774736 -0.03719919 -0.02131026	-0.06288039 -0.04061006 -0.02554327	 0.00186560 -0.01008249 -0.99994743	0.35000000	0.00000000	0.00000000	0.48305696	-1.97386634	0.13483913	0.12357192	1.61752689	-0.20943269	-2.05774951	-2.41409183	2.50967145	-4.20074654	4.10901165	-0.61290300	1.43049753	-0.49108848	-2.83516097	1.86286020	0.04296787	-4.98030758	-2.19327784	-2.68925714	2.96198368	6.72915077	-0.03272450	-2.40041256	
0.00845500	10.26360687  3.94101798 -0.42493688 -0.22564997  0.21196843 -0.01039476	  -30.84961233  -105.77673231 -1036.57646867   -27.42111425   -43.78426928    15.54987548	 -15.03171368    5.83932468  -30.28416513   13.83574639   -6.55131940  -19.55500610   24.74605279  -91.96861768  -15.05808456 -143.99608675  -16.07601294  -64.65321904	 0.00536543  0.11211044 -0.07865180  0.72814680 -0.56989763 -0.02929488 -0.07048735 -0.02831593 -0.31245857  0.71586571 -0.40636713  0.01728937	-0.09495951 -0.09277771 -1.52219967  2.10770142 -0.82361264 -0.74126544  0.02295942  0.12804350  0.51887286 -0.29813694 -0.16918833 -0.10254155	-0.09756986 -0.08721652 -1.41499056  1.98920519 -0.77171694 -0.70516643  0.02023996  0.12903436  0.47048009 -0.26259496 -0.17057737 -0.08877698	 0.18351621 -0.00646540  3.93949803	-0.05174947 -0.03130125 -0.01826917	-0.05715912 -0.03610879 -0.02158057	 0.00157734 -0.00961918 -0.99995249	0.35000000	0.00000000	0.00000000	0.49338150	-1.98067749	0.13076137	0.09545028	1.61231434	-0.22192898	-2.01452160	-2.43208432	2.45639348	-4.24339581	4.16892433	-0.65054667	1.45574450	-0.49942273	-2.84903693	1.77034640	0.09183707	-4.98540545	-2.16694403	-2.66918278	2.90503526	6.72585773	-0.01714874	-2.40945506	
0.00804100	 8.93766673  5.64340063 -1.17116595 -0.27374675  0.16288463 -0.02811350	  -25.12339251  -104.44454788 -1021.60435443   -30.19632220   -40.72075429    13.68035817	 -14.57669405   10.04247028  -25.50377019   11.12527153   -4.81850663  -18.34566289   23.15155323  -94.01382685  -19.12875742 -140.95601022  -14.78108695  -67.19642365	 0.00460380  0.11139285 -0.09020113  0.74374698 -0.57579112 -0.03452337 -0.07035257 -0.02742140 -0.30877017  0.71371123 -0.40764563  0.01662737	-0.10579799 -0.07427512 -1.33647499  1.76752200 -0.66673570 -0.58211509 -0.02029884  0.12063393  0.41754763 -0.26131373 -0.14895884 -0.04522866	-0.09485217 -0.08976581 -1.44067267  1.93465937 -0.72711907 -0.64274215  0.01443616  0.11145458  0.45820150 -0.26950621 -0.15787242 -0.07913431	0.18269690 0.00085710 3.94000020	-0.04727903 -0.02493427 -0.01599504	-0.05202662 -0.03069859 -0.01863140	 0.00135493 -0.00922466 -0.99995653	0.35000000	0.00000000	0.00000000	0.49335766	-1.96733427	0.12400854	0.07873501	1.58477855	-0.23315576	-2.00358582	-2.42819452	2.40186310	-4.29078674	4.21251202	-0.68886280	1.43707418	-0.49638015	-2.83599234	1.69989741	0.13963324	-4.96235228	-2.11902952	-2.63125777	2.84442329	6.69843864	-0.01519630	-2.40202928	
0.00848300	 8.46287894  5.93556755 -1.35775313 -0.28241114  0.14371824 -0.02581960	  -24.73225946  -101.77303094 -1018.01863773   -33.97948371   -39.68192721    13.13530745	 -13.82938395   12.09345967  -23.84936598   10.52093866   -4.67404623  -19.11578013   23.03282042  -95.76846242  -19.43034644 -139.92310303  -14.52773273  -70.61118877	 0.00386719  0.11064383 -0.10278149  0.75998410 -0.58173848 -0.03959929 -0.07020999 -0.02661894 -0.30490924  0.71134108 -0.40890935  0.01597099	-0.08224082 -0.09271518 -1.52449297  1.93577317 -0.69727980 -0.60391840 -0.01445266  0.07303009  0.46886725 -0.31481757 -0.16678882 -0.06113964	-0.08655205 -0.08747480 -1.48825253  1.90607111 -0.69538522 -0.59283204  0.01396139  0.09149806  0.45432531 -0.28259845 -0.14832749 -0.07420392	0.18207266 0.00818971 3.94010216	-0.04345750 -0.01941230 -0.01497673	-0.04740863 -0.02474985 -0.01648969	 0.00116979 -0.00884050 -0.99996024	0.35000000	0.00000000	0.00000000	0.50422615	-1.97126043	0.11356442	0.06853746	1.55824280	-0.24586415	-1.98092830	-2.42827821	2.35641551	-4.33801317	4.26424170	-0.71975410	1.44536257	-0.49550897	-2.84125853	1.62692070	0.18578821	-4.95872641	-2.09031224	-2.59947729	2.81166863	6.69412851	-0.00831502	-2.41792321	
0.00852000	 7.96292894  6.50473379 -1.89820672 -0.29759669  0.10905321 -0.04021742	  -22.53902178   -98.06218751 -1009.65715000   -37.66163622   -37.60509890    12.01349720	 -14.17847171   14.13977683  -20.62283316    8.21035563   -5.10428561  -19.22462068   22.02312510  -96.57675290  -21.00310993 -137.24693754  -13.62944701  -73.75194907	 0.00322908  0.10994488 -0.11561674  0.77578860 -0.58732830 -0.04428400 -0.07008301 -0.02592146 -0.30109177  0.70894068 -0.41011860  0.01534872	-0.06528479 -0.08317833 -1.42173596  1.74303780 -0.61826838 -0.50794820 -0.01072159  0.10018500  0.41650336 -0.27788100 -0.12180938 -0.06875771	-0.07395436 -0.08168481 -1.50794478  1.84551295 -0.65105148 -0.54361946  0.01146161  0.08117470  0.44663773 -0.28339982 -0.13994383 -0.07177437	0.18164157 0.01478417 3.93958678	-0.04091178 -0.01475994 -0.01387035	-0.04378407 -0.01942455 -0.01508689	 0.00102728 -0.00848335 -0.99996349	0.35000000	0.00000000	0.00000000	0.51041329	-1.96096563	0.10478693	0.06093263	1.54071224	-0.25993744	-1.97987545	-2.43372297	2.32141685	-4.38547468	4.30719805	-0.75783229	1.43503976	-0.49221900	-2.83459592	1.56687427	0.23072402	-4.94846296	-2.05038548	-2.56709862	2.76550698	6.68991899	-0.00910778	-2.41479731	
0.00849700	 7.58331878  6.63933786 -2.15188524 -0.30085002  0.09313452 -0.04587844	  -21.89122585   -94.00536336 -1007.42441564   -41.18323278   -36.15509017    11.40563469	 -14.20215823   15.22847193  -19.16480640    7.31692313   -4.75746387  -19.72333904   21.65013248  -98.23481870  -21.37922472 -135.93285456  -12.78786553  -76.00157285	 0.00265579  0.10937008 -0.12860248  0.79097610 -0.59260539 -0.04864848 -0.06996354 -0.02536224 -0.29734916  0.70654992 -0.41132598  0.01481860	-0.08118426 -0.03137446 -1.45210576  1.67053641 -0.59044863 -0.44082150  0.01844287  0.05909422  0.43110342 -0.26926750 -0.11774713 -0.02503073	-0.06731239 -0.06436566 -1.52232762  1.76594186 -0.61350169 -0.50437263  0.01222545  0.06437684  0.43826002 -0.27942459 -0.13929327 -0.05835996	0.18143479 0.02097984 3.93879513	-0.03861585 -0.01113693 -0.01286186	-0.04097074 -0.01494241 -0.01388988	 0.00091958 -0.00814644 -0.99996639	0.35000000	0.00000000	0.00000000	0.51986277	-1.95877445	0.09488958	0.05996490	1.51969230	-0.27218425	-1.98682189	-2.44262624	2.29131579	-4.43992186	4.35569668	-0.78653491	1.42449796	-0.48558983	-2.82701421	1.51572812	0.27429104	-4.93677235	-2.01248622	-2.53949237	2.72856426	6.69300175	-0.01358685	-2.42208433	
0.00847000	 7.01401261  6.28581165 -2.30145753 -0.28652682  0.08162115 -0.04591766	  -20.71752957   -88.40562917 -1005.94689556   -45.53297391   -34.28938994    10.47993109	 -13.96853575   14.72287381  -17.81361564    7.34606047   -3.77666030  -20.17825748   20.83248232  -98.02882576  -21.95728193 -134.48784733  -11.39724074  -79.54587507	 0.00216287  0.10889727 -0.14165175  0.80554169 -0.59750476 -0.05279055 -0.06985306 -0.02490462 -0.29367841  0.70419022 -0.41252459  0.01439243	-0.03964679 -0.06686335 -1.61911697  1.75267786 -0.59419365 -0.47790563  0.00599320  0.04625479  0.41137874 -0.26409343 -0.15951373 -0.07074766	-0.05752562 -0.05355872 -1.54818800  1.71307033 -0.57468838 -0.48571223  0.01032221  0.05247723  0.43131692 -0.27675689 -0.14192481 -0.04938358	0.18129557 0.02664048 3.93785964	-0.03701999 -0.00810117 -0.01197971	-0.03876359 -0.01127686 -0.01287290	 0.00083969 -0.00782610 -0.99996902	0.35000000	0.00000000	0.00000000	0.52872121	-1.96080697	0.08303152	0.05617009	1.52300131	-0.28070879	-2.00335169	-2.46954894	2.27716613	-4.49758434	4.40258408	-0.81683075	1.42263722	-0.48640478	-2.82817578	1.46232903	0.31119782	-4.93641186	-1.97722340	-2.51962876	2.68304658	6.71233940	-0.01978831	-2.41478348	
0.00800200	 6.43570900  6.60103135 -2.63968717 -0.29109554  0.05776453 -0.05726521	  -18.45786142   -84.73028909 -1002.40666110   -48.98293342   -31.84898481     9.51150003	 -14.00114410   15.01530558  -15.18566386    5.97828485   -3.49847497  -19.75051145   20.00620930  -98.86056900  -22.76538868 -132.63907731   -9.64787362  -82.16140753	 0.00174365  0.10857516 -0.15396901  0.81858558 -0.60174774 -0.05648873 -0.06974156 -0.02458419 -0.29026855  0.70200227 -0.41365745  0.01415368	-0.05820127 -0.04760068 -1.58062650  1.64044390 -0.55390982 -0.46351900  0.02595360  0.06333485  0.41764566 -0.28706753 -0.13880392 -0.01735596	-0.05190037 -0.03990853 -1.54549759  1.62587818 -0.52821841 -0.46158228  0.01494816  0.04126330  0.42449233 -0.27375088 -0.14181067 -0.02667184	0.18137109 0.03162371 3.93672368	-0.03557950 -0.00624090 -0.01139187	-0.03711594 -0.00855966 -0.01208265	 0.00078400 -0.00753613 -0.99997130	0.35000000	0.00000000	0.00000000	0.53509903	-1.95441806	0.07167409	0.05516495	1.51191735	-0.28779411	-2.02097130	-2.47957540	2.25393414	-4.54922962	4.44400024	-0.84587872	1.40743101	-0.47922760	-2.81775713	1.41761649	0.35101962	-4.92224932	-1.93432689	-2.49027061	2.64439416	6.71283436	-0.02764138	-2.40967560	
0.00801100	 5.93300757  6.29093570 -2.59490113 -0.27767206  0.05391864 -0.05256395	  -17.73347654   -81.81874418 -1001.45279012   -52.47431576   -30.07546960     8.43287592	 -13.42099057   14.23065972  -14.83663528    7.01191445   -2.56243934  -19.97653599   18.94317402  -99.18650150  -22.89426322 -131.26715028   -8.31926168  -85.52921891	 0.00136741  0.10837931 -0.16625934  0.83096383 -0.60558817 -0.05995999 -0.06965608 -0.02435809 -0.28691026  0.69989692 -0.41482720  0.01400618	-0.06508524  0.00856054 -1.56602823  1.52154029 -0.43923375 -0.43335427  0.02406867  0.02260518  0.41942241 -0.26102443 -0.16363967 -0.00897153	-0.04675925 -0.02189040 -1.53722954  1.53676135 -0.47198887 -0.43132790  0.01271855  0.02846599  0.41933552 -0.26142589 -0.14684318 -0.01601108	0.18148580 0.03637709 3.93543584	-0.03370851 -0.00481411 -0.01020435	-0.03543747 -0.00656004 -0.01121938	 0.00074094 -0.00725946 -0.99997338	0.35000000	0.00000000	0.00000000	0.54567033	-1.95433962	0.05721677	0.05677433	1.50551987	-0.29053968	-2.04689407	-2.50019407	2.24019265	-4.61126757	4.48956394	-0.86717367	1.40102398	-0.47548190	-2.81601524	1.38110662	0.38799042	-4.91084337	-1.89704394	-2.46412754	2.61387873	6.72970104	-0.03716998	-2.40575027	
0.00848100	 5.66698622  4.76472583 -2.70268994 -0.22564020  0.04922720 -0.03815650	  -16.12931276   -76.16788075 -1002.92115883   -56.07301485   -27.41659943     7.86471359	 -12.88195910   13.42010659  -14.24134424    6.97040794   -2.26522151  -21.19381201   18.61563785  -99.21032763  -22.99399798 -129.94538462   -5.80364996  -88.20571554	 0.00104343  0.10826284 -0.17929667  0.84338811 -0.60922696 -0.06352029 -0.06956741 -0.02423409 -0.28341996  0.69773868 -0.41607882  0.01392833	 0.00133868 -0.01906549 -1.60502693  1.46307714 -0.39419926 -0.43443034  0.03950543 -0.00594229  0.39367116 -0.23233233 -0.14641415  0.00692935	-0.03527375 -0.01283614 -1.54607749  1.45807505 -0.42048953 -0.42148173  0.01300944  0.01111482  0.40998674 -0.25229989 -0.14837002 -0.00739719	0.18151944 0.04149704 3.93421989	-0.03097283 -0.00333576 -0.01023454	-0.03325888 -0.00487204 -0.01050420	 0.00070704 -0.00698483 -0.99997536	0.35000000	0.00000000	0.00000000	0.55633110	-1.95126569	0.04328017	0.05647469	1.51220214	-0.29662719	-2.07432723	-2.52604008	2.23081088	-4.65595865	4.52438974	-0.89064074	1.39870214	-0.47575113	-2.81187296	1.33625054	0.41914839	-4.89740038	-1.85654140	-2.43981409	2.56751609	6.74296236	-0.04798065	-2.39814639	
0.00803700	 5.08338880  3.45288866 -3.07730200 -0.17103285  0.03257654 -0.03811987	 -14.26718021  -66.32928292 -998.47853274  -59.40390854  -25.29381648    6.88793806	 -13.02454218   13.72409189  -12.25585756    6.66344414   -1.67210412  -20.86074769   17.56473612  -98.65295815  -23.41130348 -128.28658870   -4.40756936  -91.00209236	 0.00074854  0.10822106 -0.19148229  0.85437118 -0.61219067 -0.06681794 -0.06948094 -0.02416485 -0.28016855  0.69577555 -0.41729624  0.01384663	-0.03594865 -0.02022604 -1.39503163  1.21591090 -0.32969904 -0.38079585  0.02845030  0.00339645  0.40119238 -0.23225434 -0.12179038 -0.04105682	-0.03490401 -0.00680347 -1.51546539  1.35305338 -0.36096223 -0.40921142  0.01366827  0.00810046  0.40505203 -0.24307757 -0.15028845 -0.01327049	0.18162424 0.04572482 3.93285103	-0.03014949 -0.00223393 -0.01063043	-0.03135681 -0.00349903 -0.01046242	 0.00068559 -0.00674259 -0.99997703	0.35000000	0.00000000	0.00000000	0.56439525	-1.94099641	0.03264976	0.06166963	1.51069570	-0.29699439	-2.10720634	-2.54367089	2.22051525	-4.70539904	4.55758524	-0.91578555	1.37902403	-0.46912614	-2.80001712	1.30993450	0.45340258	-4.87770367	-1.81197917	-2.41093302	2.52909994	6.75073671	-0.05959390	-2.38098907	
0.00846500	 4.75263280  2.11781725 -3.17206197 -0.11774818  0.03856389 -0.02049148	 -13.91618624  -56.48613926 -997.60152554  -62.05872254  -23.54785338    6.44646320	 -11.92218113   13.80584121  -13.06272493    7.59844667   -0.36067051  -20.90763217   17.26539452 -100.28085756  -23.06214753 -126.90718570   -2.90475716  -91.84045231	 0.00044686  0.10821076 -0.20434577  0.86527108 -0.61479358 -0.07016919 -0.06939663 -0.02415373 -0.27681686  0.69377853 -0.41861827  0.01374020	-0.04377223  0.00668127 -1.56670736  1.29960630 -0.30414788 -0.39876050 -0.01946906 -0.00047203  0.37577247 -0.27274398 -0.16267516 -0.01947570	-0.03399630 -0.00079377 -1.51864134  1.27466681 -0.29664209 -0.39295446  0.00970007 -0.00019315  0.39470441 -0.23609702 -0.15491714 -0.01350760	0.18151135 0.04952614 3.93136560	-0.03211743 -0.00030316 -0.01251022	-0.03122213 -0.00195341 -0.01125369	 0.00067548 -0.00647924 -0.99997878	0.35000000	0.00000000	0.00000000	0.57227790	-1.94772375	0.01966811	0.06903431	1.48845470	-0.29965302	-2.11863160	-2.54968953	2.19555974	-4.75808287	4.59867382	-0.92554104	1.36636364	-0.46367627	-2.78987122	1.27127647	0.48703477	-4.85057259	-1.77045226	-2.37846565	2.50949407	6.74140930	-0.06841363	-2.39560008	
0.00802100	 4.37902584  1.71239997 -3.47667129 -0.10108772  0.01707671 -0.01433585	 -12.70963090  -54.68778040 -993.91897937  -63.88649402  -21.48207816    5.67394464	 -11.28879185   13.88781524  -10.59162939    6.31953650   -0.88059878  -21.23109400   16.56033162 -101.02712822  -23.17081763 -124.85866597   -1.49317169  -93.89600790	 0.00017572  0.10820641 -0.21634265  0.87477890 -0.61670164 -0.07321553 -0.06927843 -0.02413747 -0.27369821  0.69199627 -0.41992552  0.01357643	-0.04731442 -0.00784688 -1.51475559  1.17526246 -0.20946307 -0.39775818  0.00510419 -0.01650207  0.41044636 -0.25547546 -0.15273009 -0.00651207	-0.03354615 -0.00060382 -1.49816600  1.17750966 -0.22938955 -0.37954792  0.01323077  0.00021858  0.38910758 -0.22378212 -0.16310320 -0.02015464	0.18176628 0.05293533 3.92966468	-0.03385650  0.00004570 -0.01534469	-0.03243370 -0.00073700 -0.01308443	 0.00067608 -0.00621482 -0.99998046	0.35000000	0.00000000	0.00000000	0.57973921	-1.93606162	0.00912206	0.07564954	1.48622453	-0.30373302	-2.14579368	-2.55864573	2.18426061	-4.79672241	4.62656069	-0.94721937	1.34546173	-0.45783612	-2.77481866	1.24743879	0.51797462	-4.82296991	-1.72672403	-2.34630966	2.47639871	6.73613787	-0.08407145	-2.38511229	
0.00800500	 4.02099470  1.12814208 -3.51474141 -0.07812013  0.01676198  0.00192390	 -12.10512654  -51.36233571 -995.39287992  -65.22498802  -19.63140251    4.67117678	 -10.20481161   14.34468943  -10.61178679    6.71677288    0.24270600  -21.42585975   15.51531368 -103.31919980  -23.03470665 -123.93869936    0.40117809  -94.46728909	-0.00004123  0.10819439 -0.22819288  0.88352468 -0.61810222 -0.07616749 -0.06913028 -0.02413218 -0.27064535  0.69033704 -0.42128040  0.01330777	-0.02494432 -0.01736665 -1.54587410  1.10885239 -0.16960007 -0.37359363  0.02492719  0.01752430  0.37046911 -0.17696528 -0.15921231 -0.05737283	-0.02776096 -0.00260809 -1.48145204  1.08276110 -0.16645100 -0.36680962  0.01977693  0.00018762  0.38009836 -0.20561061 -0.17004024 -0.03587612	0.18206994 0.05605557 3.92806266	-0.03626320  0.00020857 -0.01790508	-0.03420103 -0.00018280 -0.01548304	 0.00067800 -0.00593412 -0.99998216	0.35000000	0.00000000	0.00000000	0.58781499	-1.93470275	-0.00295165	0.08047529	1.46635783	-0.30155313	-2.16226029	-2.55938792	2.15870523	-4.84040356	4.65807676	-0.95494831	1.32961416	-0.44759500	-2.75714087	1.21957755	0.55273950	-4.78508234	-1.68335938	-2.31066108	2.46097207	6.71830320	-0.09816079	-2.39791727	
0.00800600	 3.64268925  1.16135956 -3.45766536 -0.07891916  0.00738183  0.00724166	 -11.83293150  -52.99881155 -996.56931798  -65.41461691  -18.34950662    3.40092486	  -9.76116509   15.16952890   -9.34313028    6.77382454    0.90970059  -21.66497949   14.14767824 -105.55688477  -23.20639044 -123.29817736    1.59279302  -94.73443711	-0.00017089  0.10820369 -0.23986273  0.89150072 -0.61890171 -0.07906877 -0.06899386 -0.02414100 -0.26764127  0.68874933 -0.42270045  0.01299637	-0.01032673  0.02234429 -1.52829520  0.98240953 -0.07475615 -0.36629203 -0.00971738 -0.00088475  0.38930678 -0.19695379 -0.18476348 -0.05536902	-0.01650161  0.00075078 -1.45647020  0.98390466 -0.09025562 -0.35855851  0.01707393 -0.00192450  0.37331793 -0.19641541 -0.17796950 -0.04069894	0.18270725 0.05918951 3.92648683	-0.03779717 -0.00068360 -0.01884739	-0.03612552 -0.00022591 -0.01743349	 0.00067750 -0.00563656 -0.99998388	0.35000000	0.00000000	0.00000000	0.59490097	-1.92960012	-0.01130616	0.08850785	1.44531822	-0.29894644	-2.18469644	-2.55718422	2.13565063	-4.87793350	4.68445635	-0.96484816	1.30833495	-0.43573824	-2.73571968	1.20387197	0.58598149	-4.74499989	-1.63890970	-2.27509403	2.44439435	6.70097542	-0.11506512	-2.40779734	
0.00851100	 4.15005155  1.62298636 -3.08998307 -0.09139518 -0.01371900 -0.01189004	 -12.03134301  -56.06615639 -997.93904405  -65.48628866  -17.09839110    3.20357859	  -9.79507971   15.45339924   -8.58601763    6.91666040    0.88269195  -21.46903878   14.15305094 -107.23431015  -23.40040668 -122.09551048    2.60930170  -95.49200952	-0.00022333  0.10820864 -0.25202959  0.89910529 -0.61927232 -0.08212072 -0.06882348 -0.02416096 -0.26448543  0.68721177 -0.42426792  0.01258414	 0.01195089  0.01411728 -1.37954906  0.79794917 -0.01092868 -0.34249679  0.01682904 -0.01198926  0.34069466 -0.18698231 -0.17822169 -0.04280273	-0.00465255  0.00150147 -1.41757090  0.87119596 -0.03671847 -0.35461806  0.01995582 -0.00269111  0.36502748 -0.17840421 -0.18479835 -0.04951980	0.18374567 0.06262619 3.92479710	-0.03846110 -0.00259052 -0.01906574	-0.03747571 -0.00124978 -0.01847762	 0.00066445 -0.00531204 -0.99998567	0.35000000	0.00000000	0.00000000	0.60244823	-1.91918159	-0.02297590	0.09424739	1.43131292	-0.29702097	-2.21414018	-2.55799699	2.11721110	-4.91355610	4.70515490	-0.97624552	1.28094268	-0.42053849	-2.71194315	1.19148409	0.61754370	-4.70718193	-1.59292603	-2.23998046	2.41678452	6.68485117	-0.12952937	-2.40556121	
0.00848400	 4.26454795  2.24456875 -2.63419562 -0.10745601 -0.02250823 -0.02655970	  -12.59170593   -58.06989373 -1001.12792676   -65.67453339   -16.53091156     2.55506607	  -9.90314155   16.11365110   -8.33754583    7.87333506    3.32953163  -20.85915223   13.42592537 -109.19966793  -23.49792329 -122.56078640    3.32245197  -95.62980843	-0.00026281  0.10820864 -0.26392361  0.90585733 -0.61943307 -0.08505090 -0.06867621 -0.02423745 -0.26134985  0.68579635 -0.42591599  0.01205995	-0.00649702  0.02220703 -1.30849155  0.67113915 -0.00583392 -0.32533538  0.00268438 -0.02478209  0.36350660 -0.17681882 -0.16510302 -0.08661785	-0.00372441  0.00225856 -1.39128325  0.77453564 -0.01668439 -0.34173928  0.01564269 -0.01135187  0.36869401 -0.16563910 -0.19365740 -0.06448086	0.18514932 0.06605244 3.92329470	-0.03856331 -0.00507692 -0.01710598	-0.03816501 -0.00307688 -0.01815079	 0.00063236 -0.00498433 -0.99998738	0.35000000	0.00000000	0.00000000	0.61002213	-1.92221069	-0.03337441	0.09977052	1.41454422	-0.28869507	-2.23453093	-2.56246328	2.09512568	-4.95233965	4.73514318	-0.98105955	1.25658607	-0.40179959	-2.69035912	1.17116451	0.64879346	-4.67356539	-1.54984117	-2.21222663	2.38656235	6.67029428	-0.13756225	-2.40734577	
0.00848600	 3.93228501  2.54924658 -2.58948393 -0.11515770 -0.03969860 -0.03689898	 -10.99216260  -60.14935856 -999.70805287  -65.55112926  -15.26504370    2.09697680	  -9.40559808   17.32788795   -7.03995629    7.87789665    8.26993275  -20.78620598   13.18841633 -109.95090985  -25.69779623 -121.68993038    4.13863666  -95.88280749	-0.00027053  0.10820335 -0.27553824  0.91177240 -0.61948630 -0.08782703 -0.06851968 -0.02432738 -0.25827218  0.68452896 -0.42767225  0.01147848	-0.00811545  0.01770192 -1.34298719  0.63590359  0.00280228 -0.33568711  0.01674145 -0.01279503  0.34350005 -0.17614318 -0.21519309 -0.07095858	-0.00190302  0.00066792 -1.36162022  0.67867659 -0.00491855 -0.32524766  0.01820552 -0.01223647  0.36368974 -0.14963432 -0.20947521 -0.07030599	0.18651779 0.06965538 3.92175010	-0.03800922 -0.00656107 -0.01549054	-0.03822234 -0.00498197 -0.01682194	 0.00058271 -0.00465864 -0.99998898	0.35000000	0.00000000	0.00000000	0.61448824	-1.91633141	-0.04052109	0.10234690	1.41371775	-0.27666602	-2.26368427	-2.58527160	2.07958889	-4.98934460	4.76083660	-0.98968613	1.22701812	-0.38518062	-2.66513491	1.15409195	0.67884117	-4.63565397	-1.49842155	-2.19134641	2.33341169	6.65905333	-0.14773838	-2.38832664	
0.00852400	 2.75626059  2.88967897 -2.60429841 -0.12403446 -0.04908856 -0.03929715	   -9.04297728   -61.19183790 -1000.91900106   -65.58692836   -14.20910769     0.85985447	  -8.92549635   17.98378390   -4.90265566    8.48561331   13.84941383  -20.43954803   11.92996664 -111.02961922  -27.15170216 -123.14330071    5.22615859  -95.61167204	-0.00026370  0.10820004 -0.28683954  0.91681338 -0.61941819 -0.09039103 -0.06841056 -0.02448577 -0.25522821  0.68341364 -0.42948603  0.01079486	 0.02119923  0.00993370 -1.20575615  0.50145516  0.04568542 -0.25099073  0.00259959 -0.03824649  0.31720775 -0.12070815 -0.19992178 -0.07546664	 0.00243781 -0.00044341 -1.31270408  0.57143144  0.01438499 -0.29519539  0.01247472 -0.02083786  0.35624680 -0.13059556 -0.21248376 -0.08113115	0.18815132 0.07334434 3.92031678	-0.03698023 -0.00819508 -0.01266034	-0.03768878 -0.00663514 -0.01488126	 0.00052035 -0.00433992 -0.99999045	0.35000000	0.00000000	0.00000000	0.62291509	-1.91415358	-0.04747245	0.10862926	1.40312040	-0.25723436	-2.29907870	-2.60113692	2.06025553	-5.02418804	4.79102945	-0.99418902	1.19771850	-0.35901260	-2.63745928	1.14348590	0.71140927	-4.59451771	-1.44488418	-2.17056251	2.29104877	6.64804554	-0.15638024	-2.37536645	
0.00845400	 1.39851841  2.66452482 -2.94432333 -0.12027840 -0.04166923 -0.03248214	   -9.30966643   -62.83414092 -1000.04128682   -65.55414865   -14.74513564     0.71659961	  -8.76088781   19.77573508   -3.78910065    8.39429965   19.71772143  -21.15474904   12.07784551 -111.54366469  -28.99369740 -123.73425564    4.31213313  -95.79836893	-0.00026844  0.10819641 -0.29778606  0.92097039 -0.61899832 -0.09278638 -0.06830200 -0.02470594 -0.25222890  0.68242439 -0.43140755  0.01008153	 0.02394976 -0.00356991 -1.31679336  0.45466195  0.08243932 -0.27502308  0.01175348 -0.03643551  0.34363063 -0.09242728 -0.26358300 -0.07923161	 0.00105333 -0.00070957 -1.29125046  0.47683228  0.06162583 -0.28266395  0.01324002 -0.02890160  0.35442062 -0.11459556 -0.22930886 -0.08660110	0.19000886 0.07731257 3.91886250	-0.03520972 -0.00942281 -0.01061764	-0.03655865 -0.00812680 -0.01262193	 0.00044547 -0.00403315 -0.99999177	0.35000000	0.00000000	0.00000000	0.63214999	-1.91068566	-0.04967017	0.11811325	1.39768279	-0.23788027	-2.33330083	-2.62782097	2.04461360	-5.05701160	4.81777859	-0.99717402	1.16504550	-0.34226766	-2.61614227	1.14268947	0.74216205	-4.55441475	-1.39442897	-2.15007901	2.24830413	6.64273548	-0.16669144	-2.36246848	
0.00806200	 0.17639940  2.76847671 -3.04423096 -0.12252028 -0.05138544 -0.03083151	   -7.26663606   -63.71996119 -1001.84433529   -65.63333296   -13.59197219    -0.43538031	  -8.31375790   21.06813109   -1.40042743    8.94912143   22.47629097  -20.99286228   10.92244099 -111.92537355  -30.67260323 -124.88178292    5.69205015  -95.76722145	-0.00028114  0.10820506 -0.30773415  0.92402487 -0.61797321 -0.09493433 -0.06823137 -0.02495899 -0.24941418  0.68160696 -0.43328429  0.00932397	-0.01445944 -0.01044790 -1.09743212  0.31735634  0.16046918 -0.24674780  0.02011357 -0.02479176  0.30426157 -0.08703696 -0.23258630 -0.11137306	-0.00237688  0.00057379 -1.22318213  0.36554582  0.13875216 -0.26298492  0.00864671 -0.03278656  0.34664602 -0.09791495 -0.23471068 -0.09559742	0.19200400 0.08114905 3.91765019	-0.03334813 -0.01077806 -0.00812598	-0.03500545 -0.00944406 -0.01043762	 0.00036479 -0.00375930 -0.99999287	0.35000000	0.00000000	0.00000000	0.64113307	-1.89365053	-0.05326972	0.13314258	1.38076377	-0.21954016	-2.37749863	-2.63377571	2.02814603	-5.07638168	4.82873058	-1.00192928	1.12883055	-0.31885615	-2.58373070	1.15004635	0.76921999	-4.49798012	-1.34110689	-2.12074256	2.21386361	6.62239981	-0.18421789	-2.34335542	
0.00847300	-0.15031613  2.65697550 -2.99811302 -0.12028216 -0.03817981 -0.02786134	   -9.23509601   -64.44726087 -1001.48144935   -65.61136660   -13.87153831    -0.15607156	  -7.33114688   22.44150722   -2.25440981    9.39955575   23.95492333  -21.43074757   11.47681524 -112.70496345  -30.23903190 -125.20660874    5.65668040  -95.31215954	-0.00027344  0.10820317 -0.31791710  0.92635365 -0.61613905 -0.09714086 -0.06816854 -0.02531383 -0.24644412  0.68081549 -0.43534076  0.00850830	-0.01041114 -0.01738733 -1.22647358  0.22735488  0.26482060 -0.26809159  0.02769523 -0.04192418  0.33796064 -0.06482015 -0.27572477 -0.10711544	-0.00007136 -0.00113985 -1.19097107  0.25665551  0.23066674 -0.25859289  0.00819020 -0.04251738  0.34736650 -0.08925812 -0.24513301 -0.09767939	0.19441047 0.08550289 3.91631101	-0.03084955 -0.01236313 -0.00580713	-0.03296472 -0.01091731 -0.00802119	 0.00026644 -0.00348681 -0.99999389	0.35000000	0.00000000	0.00000000	0.65201163	-1.88717020	-0.05997517	0.15284243	1.35021961	-0.20347011	-2.40443230	-2.63163948	2.00424767	-5.09268284	4.83907843	-0.99522662	1.09618807	-0.30102482	-2.55983591	1.15547299	0.79524177	-4.44286537	-1.29213357	-2.08193970	2.19966412	6.59453297	-0.19470195	-2.34840560	
0.00800700	-0.65014554  2.78433467 -2.73583773 -0.12169418 -0.04863617 -0.03011906	   -8.47737500   -65.49975286 -1002.66008384   -65.65165050   -12.60252769    -0.92506874	  -7.28197757   24.21608144   -0.80265149   10.74134203   23.09282362  -21.17269742   10.72529605 -112.85365891  -30.96690878 -125.14183995    7.08417349  -95.42356026	-0.00027917  0.10819565 -0.32709847  0.92773678 -0.61363700 -0.09915159 -0.06814024 -0.02573023 -0.24361997  0.68012834 -0.43732267  0.00773453	 0.00776272  0.00277765 -1.14594692  0.15793091  0.37058602 -0.25275040  0.01320751 -0.06039652  0.36096175 -0.08218096 -0.23247155 -0.10177030	-0.00109628 -0.00206175 -1.13537489  0.16073580  0.32220303 -0.24936784  0.00353613 -0.05404677  0.35137461 -0.08272358 -0.24736323 -0.09762386	0.19698618 0.08971895 3.91503426	-0.02847155 -0.01454659 -0.00326572	-0.03073780 -0.01262257 -0.00568454	 0.00015879 -0.00325013 -0.99999471	0.35000000	0.00000000	0.00000000	0.65981251	-1.86865270	-0.06467577	0.17018165	1.32546663	-0.18934691	-2.43691015	-2.62166119	1.98507333	-5.09410286	4.83217287	-0.99685526	1.06480479	-0.28312126	-2.52836919	1.16120434	0.81399149	-4.38106251	-1.24528658	-2.04283905	2.16831183	6.56198454	-0.20849982	-2.33212161	
0.00846200	-1.65393432  3.01803652 -1.21338915 -0.12862299 -0.03044070 -0.03322160	   -9.80203807   -66.75644948 -1004.59843129   -65.76234036   -11.83487198    -0.48594658	  -6.78609888   25.83974248   -2.02067580   10.90821641   22.84317774  -21.00807983   11.36751660 -112.84997368  -30.66163785 -124.05264765    7.71433534  -95.65163541	-0.00027176  0.10822307 -0.33650119  0.92841429 -0.61023573 -0.10118741 -0.06811836 -0.02623657 -0.24062922  0.67948115 -0.43950396  0.00689540	 0.02082290 -0.00372554 -1.16577567  0.07055401  0.44570747 -0.24575120  0.00328878 -0.09069010  0.36109289 -0.06019020 -0.28284909 -0.09032973	 0.00042726  0.00356910 -1.10896281  0.07147014  0.41527410 -0.23946982  0.00186948 -0.06287855  0.35492975 -0.07327518 -0.25928057 -0.10060433	0.19993645 0.09405636 3.91323611	-0.02763835 -0.01773678 -0.00146155	-0.02885816 -0.01497752 -0.00336008	 0.00002275 -0.00301324 -0.99999546	0.35000000	0.00000000	0.00000000	0.66631299	-1.85537624	-0.07329608	0.18802404	1.30116761	-0.17324612	-2.45965385	-2.61879277	1.96502006	-5.10574293	4.83015013	-0.99144399	1.03317058	-0.27167439	-2.50329900	1.15848339	0.83366346	-4.32135487	-1.20000064	-1.99938130	2.14420485	6.52892923	-0.22157624	-2.32562542	
0.00803200	-2.80397749  2.90319005  0.24222141 -0.12437419 -0.03215927 -0.03176207	   -8.60414735   -66.91122310 -1006.89946562   -65.85137135   -10.12790833    -0.78957021	  -6.79472423   26.28965759   -1.28651321   11.10171533   21.20930815  -21.12106860   10.88131398 -112.61154652  -31.16129536 -124.22723916    9.55308949  -95.35290456	-0.00027612  0.10827517 -0.34508861  0.92868483 -0.60638984 -0.10300314 -0.06811620 -0.02677093 -0.23777807  0.67894119 -0.44162556  0.00607022	-0.01217937  0.02622803 -1.02731577  0.01631527  0.45935460 -0.20575750 -0.02028829 -0.08242724  0.33719627 -0.07207334 -0.23551084 -0.10953928	-0.00135412  0.00795072 -1.07211048  0.03197739  0.48689847 -0.22390396 -0.00106785 -0.06890360  0.35690919 -0.06669865 -0.26391688 -0.10377848	0.20307951 0.09806794 3.91093542	-0.02837145 -0.02247558 -0.00058539	-0.02833526 -0.01844410 -0.00181324	-0.00013847 -0.00278961 -0.99999610	0.35000000	0.00000000	0.00000000	0.67389810	-1.83800173	-0.07892306	0.20618290	1.28782332	-0.16505730	-2.48687887	-2.61413741	1.95376956	-5.10249710	4.81779289	-0.99379051	1.00591457	-0.25591728	-2.47256613	1.15690506	0.84513140	-4.26908922	-1.16021061	-1.96876609	2.10880089	6.49778986	-0.23533720	-2.30631828	
0.00802100	-2.97888517  3.08244085  0.72007483 -0.12768502 -0.02816137 -0.03586125	   -9.61932917   -67.34667411 -1004.50936972   -65.67947331    -9.63781099    -0.64572694	  -6.38193444   26.74661303   -2.44202705    8.16022334   20.08568001  -20.89935800   11.28902135 -112.40807724  -31.25738546 -123.31558397    9.78948909  -94.88287246	-0.00027104  0.10837993 -0.35348681  0.92879909 -0.60200253 -0.10473251 -0.06809734 -0.02734324 -0.23490332  0.67848632 -0.44382104  0.00527213	 0.01196201  0.01190014 -0.95183396  0.03771140  0.54354494 -0.21011729  0.01129673 -0.07488160  0.32691352 -0.06915935 -0.26651476 -0.08805632	 0.00161691  0.01377699 -1.03837118  0.01638134  0.55185847 -0.21231245  0.00171591 -0.07224147  0.35671171 -0.05624121 -0.27299925 -0.09881401	0.20637436 0.10203581 3.90821835	-0.02971247 -0.02701269 -0.00012959	-0.02885935 -0.02269927 -0.00086071	-0.00033768 -0.00255712 -0.99999667	0.35000000	0.00000000	0.00000000	0.68247330	-1.81869054	-0.08885159	0.22643648	1.27150893	-0.16024052	-2.50555420	-2.61168408	1.93910170	-5.10455990	4.80766106	-0.99322283	0.96462852	-0.23746723	-2.44267845	1.15804958	0.85972732	-4.22449350	-1.11898196	-1.93855906	2.07653236	6.45968485	-0.24347074	-2.29102302	
0.00848100	-1.96210042  3.47529629  0.44753376 -0.13274886 -0.02835817 -0.04739880	  -11.63468922   -67.51484430 -1005.61419413   -65.73130138    -9.12478685    -0.21759937	  -6.61601840   26.34683406   -4.04685413    5.04598677   17.09390067  -20.06623341   11.42740154 -112.34388638  -30.29551261 -123.53007892   11.00621755  -94.52043176	-0.00027190  0.10855806 -0.36225444  0.92876446 -0.59688680 -0.10637206 -0.06809542 -0.02800616 -0.23180363  0.67809101 -0.44622353  0.00445771	 0.02493119  0.02421283 -1.01519260 -0.00989706  0.63595356 -0.17983100  0.02280900 -0.07157403  0.35830543 -0.04400180 -0.30098300 -0.10298740	 0.00154531  0.02029746 -1.02462426 -0.00728261  0.60847323 -0.18811859  0.00229746 -0.07783054  0.36361757 -0.04473369 -0.28339484 -0.09550305	0.21005185 0.10633601 3.90569264	-0.03097269 -0.03095363  0.00013889	-0.02992402 -0.02707798 -0.00027662	-0.00058562 -0.00229868 -0.99999719	0.35000000	0.00000000	0.00000000	0.69209683	-1.80395818	-0.10206445	0.24541929	1.24834871	-0.15866409	-2.52163482	-2.59969664	1.91946161	-5.10819530	4.79798889	-0.99053073	0.92343378	-0.21684924	-2.41249132	1.14702344	0.87345499	-4.18049288	-1.08131874	-1.90254033	2.05158377	6.41405392	-0.25096223	-2.28279567	
0.00847600	-1.33444601  3.31050121  0.07267106 -0.12584742 -0.03475066 -0.04838017	  -11.74272706   -67.78892677 -1005.91436531   -65.70553075    -7.73935985    -0.32885709	  -6.46113306   25.91705465   -4.60130619    2.56994887   15.43279584  -20.37341405   11.32841163 -112.04972434  -30.58729432 -123.24680158   12.79156063  -94.18945515	-0.00026959  0.10879138 -0.37081692  0.92850949 -0.59144600 -0.10773099 -0.06808893 -0.02874540 -0.22866466  0.67771383 -0.44867340  0.00371820	 0.01942300  0.02505133 -1.04929751 -0.04996411  0.64493202 -0.16436007  0.00014958 -0.06693792  0.36325850 -0.02159870 -0.31843854 -0.11123111	 0.00178374  0.02674456 -1.00967403 -0.03806510  0.64594684 -0.15679095  0.00323315 -0.08638058  0.36979164 -0.04276667 -0.29188585 -0.08789560	0.21369310 0.11076543 3.90357221	-0.03181976 -0.03344510  0.00031725	-0.03095366 -0.03061549  0.00006453	-0.00086087 -0.00203131 -0.99999757	0.35000000	0.00000000	0.00000000	0.70115662	-1.78719616	-0.11256225	0.26122215	1.23550165	-0.15733516	-2.54208565	-2.59840441	1.90532696	-5.10892248	4.78781748	-0.98941493	0.89218360	-0.19841081	-2.38219333	1.13615215	0.88433856	-4.13520336	-1.04187429	-1.87217176	2.01387954	6.37655306	-0.25818878	-2.26588202	
0.00804900	-1.13246911  2.92726764 -0.52593278 -0.11397095 -0.04341487 -0.04363071	  -11.43096197   -68.09904055 -1005.74551695   -65.66723856    -6.50027356    -0.66734454	  -6.40018747   25.27070022   -4.23171753   -0.27233737   15.66501488  -20.88080359   10.85972022 -110.77309084  -31.35665778 -122.69570702   13.95158485  -94.27599132	-0.00026901  0.10904387 -0.37863070  0.92796342 -0.58605481 -0.10883891 -0.06808867 -0.02949944 -0.22567536  0.67738891 -0.45102413  0.00310663	 0.02780174  0.01959727 -0.99889370 -0.09759726  0.73849016 -0.12743619  0.02740330 -0.07461598  0.38177786 -0.04704793 -0.32326295 -0.07040038	 0.00281236  0.03110945 -0.97351232 -0.07692987  0.67747059 -0.13659272  0.00217078 -0.09312455  0.37235232 -0.04010015 -0.29569426 -0.07510682	0.21706415 0.11491111 3.90192887	-0.03271285 -0.03457136  0.00044856	-0.03183315 -0.03283560  0.00027471	-0.00113361 -0.00177299 -0.99999779	0.35000000	0.00000000	0.00000000	0.71175432	-1.76631474	-0.12208924	0.27812755	1.23512554	-0.15118597	-2.57576990	-2.61113310	1.90244687	-5.11258316	4.78033972	-0.98968410	0.85752672	-0.17709614	-2.35235310	1.13976872	0.89439875	-4.09494543	-0.99914157	-1.85048544	1.96853578	6.35336304	-0.26462036	-2.23511958	
0.00803300	-0.79241819  2.93841993 -1.04403423 -0.11096137 -0.04134423 -0.04490209	  -13.05332800   -68.95556993 -1007.04935202   -65.75677231    -6.17217901    -0.53977826	  -6.40824714   24.58130872   -4.83584985   -3.01558636   16.14433591  -20.52327172   10.99845023 -110.03001451  -31.20702232 -122.49738705   14.42774834  -94.58320165	-0.00027708  0.10932571 -0.38620880  0.92699021 -0.58038806 -0.10977212 -0.06808852 -0.03030301 -0.22266631  0.67708334 -0.45340222  0.00247680	-0.01347227  0.02383862 -0.84137299 -0.13384922  0.64096710 -0.07507233  0.02042525 -0.08500417  0.35057647 -0.03562326 -0.26714907 -0.06306703	-0.00121202  0.03336404 -0.93371424 -0.13076988  0.70530659 -0.11180469  0.00151526 -0.09975520  0.37343710 -0.03855801 -0.29568530 -0.07712134	0.22052443 0.11908803 3.90066975	-0.03352769 -0.03503597  0.00054103	-0.03270083 -0.03410391  0.00041955	-0.00141231 -0.00150773 -0.99999787	0.35000000	0.00000000	0.00000000	0.72408605	-1.74929285	-0.13533220	0.29396665	1.22634900	-0.13993381	-2.60276103	-2.61770225	1.89309955	-5.12181711	4.77913189	-0.98347092	0.82171583	-0.15251850	-2.32614708	1.14209843	0.90782338	-4.05486107	-0.95783198	-1.82272470	1.93665957	6.32491922	-0.26646173	-2.21257782	
0.00850600	-0.59453639  2.78655704 -1.56182633 -0.10720086 -0.04098055 -0.04270459	  -15.04632063   -69.32132803 -1004.70901973   -65.61499410    -6.39889121    -0.43441953	  -6.08802756   24.57442743   -5.03257510   -5.37784500   16.77847736  -20.92986235   10.67840557 -109.42009068  -31.21272447 -122.40673658   14.33866730  -94.11855209	-0.00028537  0.10965107 -0.39393640  0.92541315 -0.57403265 -0.11061020 -0.06808129 -0.03121223 -0.21944802  0.67679205 -0.45597405  0.00180803	-0.00141876  0.02337099 -0.84514723 -0.20471597  0.69966623 -0.08393654  0.03082614 -0.12879630  0.37236629 -0.03903069 -0.27799449 -0.05926812	-0.00251085  0.03617986 -0.89796429 -0.19672177  0.74779473 -0.09593063  0.00214656 -0.10915851  0.37783339 -0.03415523 -0.30071571 -0.07707100	0.22439813 0.12351008 3.89939967	-0.03447299 -0.03510770  0.00061252	-0.03361369 -0.03473118  0.00052711	-0.00171045 -0.00121845 -0.99999779	0.35000000	0.00000000	0.00000000	0.73656011	-1.73100567	-0.14444615	0.31330007	1.21810293	-0.12705840	-2.63676500	-2.62591863	1.88564229	-5.12773466	4.77415514	-0.97592354	0.78332728	-0.12853414	-2.29670882	1.15673304	0.92117035	-4.01011944	-0.91481501	-1.79458439	1.90479302	6.29900980	-0.27134317	-2.19296718	
0.00847700	-0.45329044  2.74215626 -1.96552913 -0.10456692 -0.04607002 -0.04316079	  -15.77994966   -69.81759632 -1003.87570661   -65.54956140    -5.83462401    -0.59529745	  -6.18000480   24.27278775   -4.88149303   -7.36586900   16.72708999  -20.89498469   10.10411350 -108.57445002  -31.80753935 -122.23608977   15.16825542  -93.95275211	-0.00028305  0.11001942 -0.40126699  0.92316064 -0.56729453 -0.11127841 -0.06809561 -0.03214425 -0.21621482  0.67652805 -0.45861463  0.00110608	-0.00609199  0.04486005 -0.76785750 -0.27005132  0.75018385 -0.07072864 -0.01126240 -0.10783202  0.37122356 -0.02073577 -0.30108091 -0.07621033	-0.00204569  0.04344906 -0.85052891 -0.27708440  0.79502745 -0.07712764 -0.00232135 -0.10908195  0.37965144 -0.02983021 -0.31063435 -0.08164113	0.22831012 0.12791230 3.89830715	-0.03558779 -0.03440113  0.00066593	-0.03460993 -0.03470512  0.00060211	-0.00200593 -0.00092042 -0.99999756	0.35000000	0.00000000	0.00000000	0.74689150	-1.70639563	-0.15347821	0.33087099	1.21350002	-0.11316284	-2.67922997	-2.63458943	1.88262820	-5.13366222	4.76316881	-0.96974242	0.74448103	-0.10432255	-2.26420712	1.17458344	0.93275338	-3.96006799	-0.87127656	-1.76503122	1.87269270	6.27184343	-0.28346455	-2.16635799	
0.00801700	-0.41762781  2.32383508 -2.17496885 -0.09033380 -0.04839164 -0.03674700	  -16.08169660   -68.90537459 -1002.59184141   -65.42077513    -4.93800677    -0.72337800	  -6.10507605   22.90943366   -4.84867675   -8.34916174   16.73502271  -21.07698670   10.17459995 -108.09789991  -31.82505339 -122.55240607   16.53061947  -92.81497860	-0.00026909  0.11036644 -0.40782434  0.92035960 -0.56060685 -0.11178754 -0.06809159 -0.03309718 -0.21314486  0.67624567 -0.46110675  0.00046383	 0.00506595  0.05399238 -0.76025861 -0.37536379  0.80306695 -0.04188561 -0.01401832 -0.11020382  0.38751674 -0.04425136 -0.28680427 -0.08396816	 0.00248181  0.04470985 -0.80715936 -0.36112764  0.83660754 -0.06048865 -0.00253565 -0.11873346  0.38270672 -0.03633277 -0.31055387 -0.07919078	0.23204710 0.13236914 3.89736150	-0.03573128 -0.03334450  0.00072596	-0.03530975 -0.03411380  0.00066463	-0.00227672 -0.00063458 -0.99999721	0.35000000	0.00000000	0.00000000	0.75812370	-1.68929660	-0.16312157	0.34949094	1.20300543	-0.09982073	-2.72025537	-2.63605690	1.87615430	-5.13082409	4.75106335	-0.95718634	0.71124893	-0.07751478	-2.23254347	1.19402540	0.94126683	-3.91062093	-0.82568616	-1.73584569	1.84774208	6.24121046	-0.28793991	-2.14869308	
0.00842800	-0.65723028  2.20238844 -2.49557056 -0.08695039 -0.05641823 -0.03447314	 -16.93249749  -69.46445951 -999.10322040  -65.19763208   -4.62752423   -1.00495199	  -6.52906093   22.97124434   -3.95973856   -9.31938499   17.28398663  -21.26361433    9.44365977 -106.58937311  -32.49006157 -121.61651427   16.47747552  -92.76876199	-0.00026801  0.11072308 -0.41435265  0.91664838 -0.55313599 -0.11221931 -0.06808002 -0.03417848 -0.20985920  0.67596456 -0.46378213 -0.00014243	 0.01530237  0.02158827 -0.76647524 -0.50487985  0.92586018 -0.04758947 -0.00345995 -0.15383717  0.40987850 -0.02231054 -0.32806621 -0.07505760	 0.00293911  0.04209921 -0.76390185 -0.45538260  0.89255686 -0.04832062 -0.00008937 -0.13024546  0.39021079 -0.03440977 -0.31692767 -0.07176017	0.23620106 0.13696144 3.89616504	-0.03659869 -0.03234155  0.00079403	-0.03590248 -0.03320679  0.00073123	-0.00255541 -0.00032729 -0.99999668	0.35000000	0.00000000	0.00000000	0.76924527	-1.66739428	-0.17028219	0.36683309	1.20064867	-0.07917456	-2.76871443	-2.64656687	1.87421608	-5.13236523	4.73716640	-0.94694734	0.67205584	-0.05380510	-2.20208693	1.22358286	0.95194697	-3.85989785	-0.77925843	-1.70429969	1.81378305	6.21972227	-0.29208386	-2.11955714	
0.00800800	-0.79861504  2.00704870 -2.62170259 -0.08074407 -0.06315789 -0.03168260	  -16.83551885   -70.62215139 -1000.42714498   -65.26655040    -3.64265926    -1.36234720	  -6.83159501   22.56869280   -3.39205054  -10.03276758   17.21562065  -21.42677745    8.49693953 -105.84066868  -33.47504675 -121.55668926   17.65243480  -93.07336020	-0.00028363  0.11108526 -0.42006882  0.91240073 -0.54571047 -0.11256452 -0.06808821 -0.03523111 -0.20673552  0.67568594 -0.46633104 -0.00072703	-0.02026093  0.05082006 -0.70235728 -0.56440477  0.98777496 -0.05977865 -0.00956113 -0.12574542  0.39671087 -0.04633753 -0.29775952 -0.06241798	-0.00147787  0.04629655 -0.70633565 -0.54239589  0.93694538 -0.04263128 -0.00242316 -0.13231993  0.39186150 -0.03458701 -0.31747158 -0.07308553	0.24012992 0.14128494 3.89523169	-0.03761184 -0.03098346  0.00084906	-0.03671751 -0.03217222  0.00079085	-0.00280872 -0.00003026 -0.99999606	0.35000000	0.00000000	0.00000000	0.78063601	-1.64034438	-0.17912556	0.37990737	1.20401800	-0.05893938	-2.81540489	-2.65637040	1.87574649	-5.13084173	4.71850157	-0.93589389	0.64360839	-0.02981758	-2.17167974	1.24900603	0.96006685	-3.80757356	-0.73937696	-1.67512488	1.78470135	6.19577026	-0.30297291	-2.08921957	
0.00801200	-0.87212835  1.97280486 -2.70710579 -0.07683132 -0.06467484 -0.03129295	 -17.82482995  -71.13567667 -999.24282970  -65.18859013   -3.62281635   -1.36327542	  -6.54452093   21.43823457   -3.24297035  -10.50663591   17.27767155  -20.89559567    8.21580072 -105.24455237  -33.47252291 -121.72534651   17.74454105  -92.33259833	-0.00028045  0.11143378 -0.42535584  0.90737640 -0.53794320 -0.11280301 -0.06807403 -0.03634028 -0.20359912  0.67540601 -0.46891458 -0.00133272	 0.00969986  0.05962755 -0.62865448 -0.66661399  0.98674382 -0.01497820 -0.00122074 -0.14023842  0.37231796 -0.02321782 -0.29312853 -0.08299328	 0.00153838  0.04757489 -0.69353494 -0.66317893  1.02304041 -0.03378407  0.00050396 -0.14724465  0.41095172 -0.03593777 -0.33580032 -0.07895972	0.24265728 0.14297333 3.89474331	-0.03798799 -0.02973508  0.00092040	-0.03740789 -0.03095705  0.00085305	-0.00305103  0.00027265 -0.99999531	0.35000000	0.00000000	0.00000000	0.78742886	-1.62747645	-0.18496466	0.39931202	1.19693172	-0.03620339	-2.86901546	-2.65941429	1.86999202	-5.13400078	4.70351982	-0.91629815	0.60083616	-0.01225305	-2.14465785	1.28490388	0.96830082	-3.75494552	-0.69267154	-1.63574433	1.77043521	6.16825676	-0.31115800	-2.07395434	
0.00801100	-1.64812861  1.45697573 -2.79147610 -0.06307808 -0.09604571 -0.02342389	 -13.09406519  -70.33705770 -995.76468859  -64.85227268   -0.31638220   -2.86627863	  -7.11031046   21.47031444   -0.47381326   -9.62706259   16.44459178  -21.82762563    6.23527935 -103.51128840  -36.60769588 -120.79096195   20.69677421  -91.75763643	-0.00028373  0.11175709 -0.43016361  0.90159988 -0.52980736 -0.11295438 -0.06807632 -0.03750596 -0.20044488  0.67511387 -0.47152851 -0.00191642	-0.00683950  0.04317403 -0.57680981 -0.79856553  1.11034150 -0.01964050 -0.01324668 -0.14757946  0.40732721 -0.05322322 -0.34338052 -0.09458097	-0.00089218  0.04202758 -0.59383391 -0.73872090  1.02632612 -0.02159867 -0.00059356 -0.14631006  0.39443785 -0.03752780 -0.32681393 -0.07480772	0.24639928 0.14747031 3.89366562	-0.03918535 -0.02713915  0.00098665	-0.03820158 -0.02924799  0.00092160	-0.00327852  0.00058128 -0.99999446	0.35000000	0.00000000	0.00000000	0.79863173	-1.58519650	-0.19067872	0.40925854	1.21191263	-0.01856142	-2.92823410	-2.67177987	1.88156009	-5.11162186	4.66490364	-0.91228735	0.57638568	0.01999542	-2.10054779	1.31886220	0.96964735	-3.69622922	-0.65007138	-1.61736882	1.71358192	6.14530182	-0.32055995	-2.02006721	
0.00849200	-1.76754626  1.29977191 -3.01651522 -0.05567221 -0.08164829 -0.01798787	 -18.36743496  -70.76774112 -996.83334574  -64.99481141   -2.54763291   -2.03707848	  -6.47792911   20.16307896   -0.99786769  -10.93769073   18.80522181  -20.99826708    6.18568205 -103.13486195  -34.76890638 -122.47980818   18.59332252  -91.54492724	-0.00027744  0.11208807 -0.43475087  0.89459906 -0.52078894 -0.11305730 -0.06807155 -0.03879616 -0.19706131  0.67481312 -0.47432036 -0.00250089	-0.01356124  0.05120315 -0.51686037 -0.84756505  1.07675454 -0.00506643 -0.00511280 -0.12415209  0.41086855 -0.01607790 -0.31514943 -0.07792126	 0.00013939  0.04036571 -0.52860222 -0.83873243  1.07029464 -0.00935873 -0.00035987 -0.15088009  0.39891700 -0.03479574 -0.32805731 -0.06995856	0.25117055 0.15248561 3.89257994	-0.03985965 -0.02628670  0.00102332	-0.03913372 -0.02746511  0.00097923	-0.00350407  0.00091788 -0.99999344	0.35000000	0.00000000	0.00000000	0.81721902	-1.57382798	-0.20174174	0.43001324	1.19966364	0.01628401	-2.97270298	-2.67405939	1.87581289	-5.12231159	4.66340637	-0.88515377	0.53550047	0.05808645	-2.07668662	1.36752677	0.98652965	-3.65615058	-0.61043537	-1.58645427	1.71941435	6.12443686	-0.31620255	-2.01063514	
0.00847700	-1.92079303  0.88066049 -2.74207592 -0.04236766 -0.08990531 -0.01204286	 -19.75095508  -71.29196772 -998.40055872  -65.11843151   -3.15466187   -2.12732237	  -7.16604586   19.39324319   -0.54910801   -9.86875806   17.07705934  -21.37918058    5.16240860 -102.42014050  -36.24433354 -123.72729644   18.50924492  -91.33236647	-0.00027411  0.11235574 -0.43875339  0.88668569 -0.51130279 -0.11310177 -0.06806332 -0.04017741 -0.19360973  0.67442877 -0.47716074 -0.00304678	 0.00641619 -0.00391069 -0.47175589 -1.01895727  1.15277637  0.00761410  0.02269056 -0.16264703  0.41117852 -0.05398160 -0.36683198 -0.03719754	 0.00158833  0.02920157 -0.46310097 -0.95161631  1.12514028 -0.00255516  0.00239656 -0.16493228  0.40763739 -0.04629684 -0.33684626 -0.06219467	0.25617216 0.15769240 3.89163327	-0.04031540 -0.02516652  0.00104604	-0.03979149 -0.02626514  0.00101572	-0.00372255  0.00125889 -0.99999228	0.35000000	0.00000000	0.00000000	0.83383024	-1.54541314	-0.20782685	0.44657573	1.19332397	0.03876792	-3.03381205	-2.67124391	1.87365198	-5.10909557	4.63024378	-0.86403012	0.49863133	0.08868295	-2.04352856	1.42235291	0.99111956	-3.60052848	-0.57270056	-1.55124986	1.69942880	6.09599018	-0.31994414	-1.98223412	
0.00802000	-2.43096856  0.80618976 -2.63739701 -0.04035010 -0.10459093 -0.01093595	 -19.39059202  -73.07659020 -998.31335045  -65.11766661   -2.52492656   -2.76862629	  -7.41128334   19.62471992    0.77600422   -8.97050988   16.69156145  -21.43879664    3.75415041 -101.23760152  -38.23348743 -123.13209537   18.98357078  -91.87141180	-0.00028594  0.11259086 -0.44196409  0.87846193 -0.50202881 -0.11312256 -0.06805729 -0.04151181 -0.19031099  0.67403939 -0.47984437 -0.00358430	-0.00162481  0.02982436 -0.32983787 -1.04495356  1.10434695  0.01876476  0.00829610 -0.16836844  0.39904453 -0.07122994 -0.32210185 -0.09672889	-0.00184518  0.02771874 -0.39024820 -1.04113112  1.16107618 -0.00034000  0.00248612 -0.16763902  0.41144255 -0.04988103 -0.33615732 -0.07032038	0.26088324 0.16246468 3.89071581	-0.04154570 -0.02369178  0.00109391	-0.04056550 -0.02501908  0.00105159	-0.00391767  0.00158633 -0.99999107	0.35000000	0.00000000	0.00000000	0.84418315	-1.51034188	-0.21489321	0.45623711	1.20756304	0.06814950	-3.08667374	-2.68130326	1.88102603	-5.09851551	4.59639978	-0.84696114	0.47422469	0.11424131	-2.01126361	1.46684515	0.99542665	-3.54564834	-0.53771716	-1.52175355	1.66671240	6.07385683	-0.32767341	-1.94057930	
0.00800600	-2.66089503  0.31586969 -2.62332716 -0.02374389 -0.11109231 -0.00235818	 -20.67509428  -72.23981496 -995.65756640  -64.94283351   -2.98349896   -2.77900888	  -7.26231096   17.95693284    1.22833876   -8.69846481   16.36255690  -20.85711893    2.84704313 -100.48041344  -38.71810380 -124.02994412   18.72356075  -90.54376531	-0.00027361  0.11277196 -0.44466328  0.86950942 -0.49245723 -0.11312721 -0.06807221 -0.04292310 -0.18696183  0.67363479 -0.48256687 -0.00410481	 0.02202271  0.02371424 -0.28345997 -1.03185208  1.10343719  0.01792959 -0.02362509 -0.18898651  0.36979829 -0.05593048 -0.29513816 -0.03715549	 0.00184906  0.02175919 -0.32808114 -1.13001076  1.19872862  0.00119000 -0.00239805 -0.17868150  0.41940953 -0.05293089 -0.33873467 -0.06435980	0.26581750 0.16758292 3.88961345	-0.04184464 -0.02228712  0.00114826	-0.04132999 -0.02364284  0.00109570	-0.00410101  0.00192059 -0.99998975	0.35000000	0.00000000	0.00000000	0.85644501	-1.48816240	-0.22223532	0.47632670	1.20853424	0.09341096	-3.14652491	-2.68202543	1.88572931	-5.08660030	4.56633329	-0.82183981	0.43185723	0.14739485	-1.97676742	1.52572453	0.99743724	-3.49923253	-0.49884513	-1.49493432	1.64635181	6.04733276	-0.32684684	-1.91197240	
0.00845300	-3.08512166  0.01991048 -2.53485751 -0.01327926 -0.12441763  0.00256924	 -21.15021755  -72.79920385 -995.85076569  -64.96239089   -2.86564744   -3.08585778	  -7.63879130   17.31362236    2.42457107   -7.93956966   15.75690280  -20.53213708    2.33908905  -98.82171845  -40.14421418 -124.42073593   18.96312368  -90.62269270	-0.00028483  0.11288771 -0.44694418  0.85916612 -0.48196584 -0.11313213 -0.06806021 -0.04448663 -0.18334629  0.67315094 -0.48551028 -0.00465742	-0.02749990  0.00260020 -0.25611983 -1.29122136  1.29338449  0.00947603 -0.00807672 -0.20941720  0.45436241 -0.05372138 -0.39240211 -0.07133581	-0.00169136  0.01272866 -0.26149882 -1.24456222  1.25360982  0.00189371  0.00053522 -0.18982825  0.43265417 -0.05967464 -0.35233182 -0.06611645	0.27124585 0.17300920 3.88844380	-0.04273805 -0.02081105  0.00119973	-0.04199849 -0.02217394  0.00114734	-0.00428360  0.00228006 -0.99998823	0.35000000	0.00000000	0.00000000	0.86628634	-1.45755184	-0.22761132	0.49319485	1.21699297	0.12392961	-3.21378303	-2.68807101	1.89446890	-5.07433653	4.52984858	-0.79833388	0.39205897	0.17205060	-1.94339740	1.58387887	0.99771124	-3.44146848	-0.46012449	-1.46050608	1.61802101	6.02277136	-0.33374619	-1.87041187	
0.00805000	-3.74817122  0.15480140 -2.32398737 -0.01740483 -0.14477566 -0.00038372	 -19.06989440  -73.03314046 -993.32164158  -64.75107182   -1.49029850   -3.97616244	  -7.41392441   16.22027576    3.82989701   -5.99429187   14.73166457  -20.55823843    0.60700291  -97.53342772  -42.38017920 -124.38193494   20.23584267  -89.97917271	-0.00027723  0.11293218 -0.44851147  0.84871878 -0.47186514 -0.11314058 -0.06805047 -0.04599173 -0.17989090  0.67266907 -0.48828411 -0.00515624	 0.01534476 -0.02207854 -0.16025394 -1.27584304  1.21874463  0.00075200  0.02770697 -0.18111473  0.41430727 -0.06482878 -0.31988505 -0.04119828	 0.00153659  0.00210836 -0.18787377 -1.31068718  1.26061139 -0.00006132  0.00320715 -0.18813527  0.43252070 -0.06195195 -0.34526086 -0.06085009	0.27619594 0.17788946 3.88713462	-0.04493125 -0.01856655  0.00126953	-0.04320047 -0.02048711  0.00121042	-0.00444089  0.00262997 -0.99998668	0.35000000	0.00000000	0.00000000	0.87602395	-1.42619407	-0.23432128	0.50448024	1.23089099	0.14937948	-3.26839352	-2.69242740	1.90452909	-5.05428314	4.48754072	-0.77621090	0.36928400	0.20307821	-1.90672898	1.63499212	0.99574155	-3.39129686	-0.42859268	-1.43747449	1.58671951	5.99660969	-0.33458599	-1.82984531	
0.00851300	-4.34241876  0.43700953 -2.23743944 -0.02715493 -0.15410557 -0.00393776	 -21.10523914  -74.43208052 -992.68265220  -64.74344299   -2.45144658   -4.21746542	  -7.44515207   14.52264899    5.07559598   -5.17904540   15.09540372  -19.64906199   -0.49471806  -97.37127042  -42.61713010 -125.73346668   19.29618225  -89.72020733	-0.00028792  0.11297237 -0.44957346  0.83690659 -0.46091474 -0.11313924 -0.06805791 -0.04766809 -0.17616360  0.67209338 -0.49127559 -0.00567647	-0.01681542  0.01804274 -0.08145182 -1.36325024  1.22705474 -0.01210307  0.01747312 -0.18624342  0.42121800 -0.08197159 -0.33138542 -0.06528162	-0.00168019  0.00488911 -0.11262544 -1.38848938  1.27990448  0.00038497  0.00032636 -0.19423268  0.43688647 -0.06976675 -0.34944536 -0.06062035	0.28204156 0.18276580 3.88554513	-0.04865468 -0.01758576  0.00138148	-0.04576185 -0.01878920  0.00128778	-0.00459326  0.00302811 -0.99998487	0.35000000	0.00000000	0.00000000	0.88757879	-1.40436625	-0.24228278	0.52138889	1.24064934	0.18182108	-3.32446933	-2.69602704	1.91630161	-5.05347729	4.46483374	-0.74677873	0.33717349	0.23572159	-1.87693489	1.69623721	0.99798381	-3.34948564	-0.40229648	-1.41306376	1.57573438	5.97931242	-0.33758011	-1.80024600	
0.00845200	-2.94017828  0.27049181 -1.53708931 -0.02045893 -0.09750576 -0.00337641	 -25.70177531  -74.46969037 -995.33620961  -64.96186265   -3.97490893   -2.43908095	  -7.20654765   11.95414150    6.38400884   -4.45802212   14.31527437  -19.42602061   -1.31480442  -95.96965003  -44.51196921 -125.75923640   18.56396350  -89.35801399	-0.00027975  0.11298081 -0.45005411  0.82442338 -0.44976761 -0.11313656 -0.06805442 -0.04936687 -0.17238547  0.67147457 -0.49428289 -0.00613523	 0.00944264  0.00934151 -0.01631199 -1.62508987  1.39040804 -0.00138589  0.01079357 -0.22470313  0.47959310 -0.09721974 -0.39690558 -0.07496003	 0.00017199  0.00355129 -0.04951044 -1.49468994  1.32587939  0.00144772  0.00097688 -0.20274068  0.44709876 -0.07676158 -0.35832766 -0.05502342	0.28654629 0.18741763 3.88429431	-0.05373922 -0.01007801  0.00145092	-0.04954515 -0.01576187  0.00136155	-0.00471882  0.00346344 -0.99998287	0.35000000	0.00000000	0.00000000	0.89559704	-1.37546206	-0.24804325	0.54396373	1.25119460	0.20609508	-3.39600658	-2.70331526	1.93215895	-5.04790068	4.43178415	-0.71665335	0.29515943	0.26132119	-1.84434807	1.77064264	0.99437493	-3.30287075	-0.36964422	-1.38544548	1.55728745	5.96085501	-0.34180224	-1.76190579	
0.00801800	-2.32721504  0.04445779 -0.81384493 -0.01210616 -0.05929957 -0.00059858	 -28.09599368  -75.21903901 -997.00978182  -65.06268244   -3.60593245   -1.26291493	  -7.29751448    9.31729466    9.96225280   -2.28586328   13.98973006  -19.75658165   -2.92915574  -94.82063079  -45.82901368 -124.54198793   19.59650758  -89.30132914	-0.00028470  0.11297432 -0.45024062  0.81223691 -0.43907988 -0.11314748 -0.06805526 -0.05098229 -0.16888497  0.67088934 -0.49714406 -0.00651950	 0.01427755 -0.01052911  0.00730574 -1.46675587  1.26848542 -0.01602699  0.01717417 -0.17871540  0.40060790 -0.06774893 -0.35918843 -0.05760912	-0.00008310 -0.00048752 -0.01996374 -1.52817985  1.33613209 -0.00155568  0.00043761 -0.19988779  0.43408627 -0.07278546 -0.35888117 -0.04878726	0.28868370 0.19164871 3.88350412	-0.05962960  0.00485649  0.00138143	-0.05437683 -0.00668985  0.00141434	-0.00473818  0.00391806 -0.99998110	0.35000000	0.00000000	0.00000000	0.90202892	-1.35340667	-0.25243476	0.55307096	1.29062438	0.23203936	-3.45892930	-2.72471023	1.96358585	-5.03783941	4.40282536	-0.69193053	0.27956191	0.28238040	-1.81630838	1.82107377	0.98404461	-3.26803112	-0.34920597	-1.37543988	1.52196741	5.96050596	-0.34943005	-1.71945906	
0.00850600	-3.02209789  0.30310822 -1.23009720 -0.02083106 -0.09031768 -0.00407761	 -30.03775663  -78.17020548 -994.34146924  -64.88729462   -2.96674684   -1.95758295	  -7.10059841    6.65749979   15.82744117   -3.80515329   13.90514137  -19.39159562   -4.29993405  -95.41616631  -43.77844113 -123.96967125   20.37864491  -89.38384819	-0.00028835  0.11298313 -0.45019669  0.79887788 -0.42758130 -0.11314005 -0.06805823 -0.05272368 -0.16527421  0.67027009 -0.50019760 -0.00688699	-0.02280743  0.01934040  0.00561977 -1.54829726  1.26925692 -0.00930793 -0.01117088 -0.18950695  0.42585964 -0.09276606 -0.34738936 -0.04780901	-0.00139993  0.00179957  0.01227350 -1.57907572  1.35189766  0.00038847 -0.00086693 -0.20420898  0.42442410 -0.07495685 -0.35806579 -0.04214748	0.29214973 0.19612628 3.88225024	-0.06543969  0.01440114  0.00124358	-0.06009900  0.00478575  0.00135459	-0.00465019  0.00445151 -0.99997928	0.35000000	0.00000000	0.00000000	0.90831894	-1.33767104	-0.26020589	0.56147319	1.32932484	0.26705638	-3.51127172	-2.73446012	1.99361801	-5.03000927	4.39235497	-0.66589177	0.26554221	0.30751783	-1.79297662	1.86320496	0.98222113	-3.23644519	-0.32848778	-1.35650814	1.50809515	5.95964861	-0.35924911	-1.69507837	
0.00849500	-3.90880062  0.47294677 -1.64467638 -0.02613604 -0.13291453 -0.00696903	 -30.27371857  -81.71248396 -987.63915026  -64.47909823   -2.76292029   -3.09264033	  -7.20608803    3.43449430   20.76425439   -4.13219505   13.08262423  -19.51782553   -5.96557257  -94.85853410  -44.38671780 -123.04648343   19.79892433  -89.87669671	-0.00027409  0.11298848 -0.44970010  0.78501260 -0.41593653 -0.11314068 -0.06805345 -0.05445001 -0.16167020  0.66966441 -0.50330531 -0.00730928	 0.02052487  0.01446668  0.08148647 -1.57567130  1.30139725  0.01123987  0.02484798 -0.19412681  0.42319565 -0.05582886 -0.34032740 -0.05106636	 0.00310378  0.00302220  0.06788643 -1.64157251  1.37049884  0.00116709  0.00162976 -0.20252052  0.42663554 -0.07192284 -0.36750712 -0.05369722	0.29674683 0.20054963 3.88024266	-0.07071590  0.01909432  0.00103141	-0.06564702  0.01298663  0.00120900	-0.00450445  0.00503175 -0.99997720	0.35000000	0.00000000	0.00000000	0.91339356	-1.31283724	-0.26464230	0.57361674	1.37578595	0.29455528	-3.58238173	-2.75241232	2.03372121	-5.02337885	4.37026834	-0.64379334	0.24379507	0.32966241	-1.76881921	1.93393350	0.97685128	-3.21064925	-0.30844256	-1.34177625	1.48690224	5.96947050	-0.36959478	-1.65366662	
0.00850500	 134.67716939  105.04909004 -276.87638788  -14.05215771  -47.72060936  -31.90450105	 -11.32949527  -91.79748375 -888.49165042  -58.12131252    0.46543374   -2.26124573	  -7.21426927   -0.60823809   23.84852731   -3.15130099   12.78173818  -19.60138102   -7.84814794  -94.35920882  -45.81786802 -123.02129939   20.37952155  -88.46624422	-0.00018996  0.11277724 -0.44849166  0.77140568 -0.40341361 -0.11314613 -0.06811566 -0.05621408 -0.15801219  0.66896848 -0.50641965 -0.00792534	 0.00081709 -0.08449867  0.20116993 -1.37532774  1.62607182 -0.01053347 -0.02976241 -0.18532387  0.42772543 -0.13319109 -0.33640621 -0.13131017	 0.01904012 -0.04340154  0.16928293 -1.53274912  1.54893782 -0.00107147 -0.01257495 -0.20780749  0.43637077 -0.09286602 -0.36375742 -0.08811635	0.30392853 0.20255427 3.88728625	-0.06462130  0.02706484  0.01855574	-0.06804778  0.01966523  0.00567094	-0.00431253  0.00562728 -0.99997487	0.35000000	0.00000000	0.00000000	0.92554414	-1.30397356	-0.26458803	0.59243041	1.38199604	0.31705484	-3.64912224	-2.73935509	2.06357718	-4.97124720	4.32416058	-0.61336589	0.22236975	0.34675971	-1.75167477	2.02521038	0.95306301	-3.16827965	-0.27614111	-1.31795478	1.48255002	5.94620371	-0.36989811	-1.62847340	
0.00847000	  57.76412428   91.05705153 -289.27907532  -16.25771488  -47.38516026  -22.80434210	  -9.38465505  -90.11070791 -853.27083507  -55.62023838    5.27483223    1.02655841	  -9.14293002    0.87812199   17.86749804   -5.80716702   -6.59087716  -16.38497454   -2.50690542  -94.24353528  -39.84013072 -114.64544582   24.38793817  -84.33265305	 0.00007540  0.11165652 -0.44611713  0.76129173 -0.38772015 -0.11314169 -0.06834364 -0.05804798 -0.15401133  0.66778655 -0.50938605 -0.00913904	 0.01800142 -0.14618949  0.28993133 -1.02140707  1.95331823 -0.00691652 -0.03853306 -0.20246205  0.49799388 -0.14104186 -0.33449255 -0.14383530	 0.02665387 -0.14516773  0.29195657 -1.14496250  1.88939898 -0.00042805 -0.02968203 -0.21853832  0.48084795 -0.14879081 -0.34832535 -0.14960463	0.31093844 0.20512903 3.89689116	-0.04718884  0.02194279  0.03067862	-0.05891693  0.02278881  0.02009570	-0.00409855  0.00609862 -0.99997300	0.35000000	0.00000000	0.00000000	0.93472195	-1.28071630	-0.28813052	0.61926931	1.28364587	0.29293308	-3.59708381	-2.58804917	2.04188490	-4.80997419	4.18689537	-0.58014262	0.19427179	0.34811085	-1.72724307	2.04928827	0.89641142	-3.07029128	-0.25543496	-1.22173369	1.50332594	5.77751017	-0.34358072	-1.65010369	
0.00800800	  35.44473736   73.28313353 -259.69822156  -15.19769773  -42.02125753  -16.08429968	 -18.96129200  -80.26621463 -826.19564497  -53.26520193   16.68086719    8.91833391	-13.01711641   6.67467970  -8.64497515 -14.15922322 -46.44363275  -8.15262903   7.50382440 -95.68170381 -21.11460172 -96.76021594  39.08267158 -75.37029713	 0.00016419  0.11004153 -0.44353179  0.75419214 -0.37252987 -0.11314239 -0.06853734 -0.05998846 -0.14995617  0.66622385 -0.51194095 -0.01031979	-0.00411279 -0.25708132  0.34502845 -0.85971819  2.03212983  0.00872659 -0.03709371 -0.30051652  0.57450672 -0.23205499 -0.34397543 -0.15868310	 0.01017171 -0.20779933  0.32257174 -0.85889618  1.88442381 -0.00037196 -0.02300376 -0.24900691  0.51258386 -0.20238834 -0.31727996 -0.13746010	0.31447144 0.20977400 3.90160247	-0.03398739  0.02297539  0.01998849	-0.04642998  0.02236093  0.02328976	-0.00392166  0.00641852 -0.99997171	0.35000000	0.00000000	0.00000000	0.92964482	-1.24088454	-0.38410065	0.64120352	1.07494175	0.21159524	-3.40540743	-2.33295560	1.93964636	-4.63995743	3.99773073	-0.50346279	0.13991985	0.37696162	-1.65467048	1.88819301	0.83898336	-2.92602158	-0.25034636	-1.06084645	1.51946223	5.45518208	-0.27884620	-1.74984133	
0.00803800	  40.47395242   58.22947327 -201.87955072  -12.03523737  -32.87678967  -12.73741381	 -35.78344587  -83.27550642 -863.71016817  -55.25920107   30.25914570   11.96340778	-12.51923552  10.93905172 -25.25340453 -19.39325965 -57.85546285  -2.36070370   9.74966049 -95.80350327   3.16450672 -83.30163148  57.28332764 -73.21057361	 0.00020768  0.10815139 -0.44098110  0.74901763 -0.35890519 -0.11314347 -0.06864204 -0.06214322 -0.14566103  0.66417438 -0.51420590 -0.01091518	-0.00532543 -0.25198982  0.30776032 -0.55387603  1.57487500 -0.00183360 -0.01149814 -0.28118766  0.52799714 -0.29308647 -0.26299446 -0.04743818	 0.00342269 -0.23681427  0.31493753 -0.61596982  1.65074107 -0.00115466 -0.01219205 -0.26979709  0.53683108 -0.26185823 -0.27662046 -0.06634366	0.31792923 0.21360268 3.90440600	-0.03147899  0.02026793  0.01109091	-0.03719956  0.02194565  0.01756395	-0.00374502  0.00667292 -0.99997072	0.35000000	0.00000000	0.00000000	0.92907566	-1.26859903	-0.48256049	0.61678714	0.98683083	0.24223819	-3.20905089	-2.21439958	1.88216770	-4.58796263	3.95226574	-0.42251384	0.20004889	0.41441464	-1.62747049	1.64881778	0.82781649	-2.83267760	-0.24677813	-0.96429378	1.52858448	5.28633595	-0.21593408	-1.84344518	
0.00846100	  46.75850204   52.86853764 -177.41829892  -10.63514844  -28.81547331  -11.63872965	 -43.38610833  -91.10751980 -884.82056791  -56.35309916   41.21586916   12.70926648	-11.87388638  13.47055733 -33.38659088 -30.26554316 -59.14215839   1.01710215   9.99310914 -97.18511415  15.38665397 -73.32053682  68.16965622 -76.98815048	 0.00022662  0.10605345 -0.43833029  0.74516643 -0.34688022 -0.11314847 -0.06869952 -0.06455758 -0.14074399  0.66140661 -0.51626646 -0.01117992	 0.00293703 -0.25476729  0.32086178 -0.40922026  1.30124859 -0.02090044 -0.01615174 -0.31030019  0.60500977 -0.36766488 -0.22248557 -0.03418859	 0.00101744 -0.25088981  0.31416971 -0.43189919  1.37161718 -0.00194386 -0.00686299 -0.28899174  0.58698966 -0.33979104 -0.23771679 -0.02762882	0.32168493 0.21675432 3.90724455	-0.03427964  0.01474017  0.00706161	-0.03449594  0.01870778  0.01168929	-0.00359662  0.00695149 -0.99996937	0.35000000	0.00000000	0.00000000	0.93099725	-1.27204633	-0.55899799	0.57068050	0.98195523	0.28088194	-3.04942083	-2.17756343	1.84546375	-4.56676865	3.94306898	-0.37625080	0.27007338	0.44178951	-1.62365758	1.45993924	0.83087152	-2.78646302	-0.24500784	-0.90345556	1.49295878	5.17822552	-0.16391306	-1.86357701	
0.00800400	  48.88881501   53.52058578 -175.20761685  -10.46097915  -28.11872336  -11.56351790	 -43.10047495  -94.55673140 -881.70117402  -55.91596304   49.87073750   12.63636925	-10.14374693  16.02040875 -38.43299223 -40.88385679 -54.44905981   3.22640505  10.19623216 -96.46141124  21.07063831 -63.60436977  75.60897535 -79.10788095	 0.00024146  0.10404908 -0.43581315  0.74266683 -0.33787530 -0.11313181 -0.06871993 -0.06683275 -0.13580026  0.65831725 -0.51795127 -0.01128039	 0.02043214 -0.26819235  0.30556907 -0.24892173  1.05233161  0.02950146 -0.00268007 -0.30199946  0.64377700 -0.40600022 -0.17387131  0.00399816	 0.00292560 -0.25277410  0.31483271 -0.29964512  1.09763629  0.00365129 -0.00239158 -0.28575790  0.62359129 -0.39578646 -0.20543544 -0.01076307	0.32440884 0.21895367 3.90978995	-0.03969263  0.01128172  0.00537429	-0.03634910  0.01485496  0.00809900	-0.00349405  0.00724789 -0.99996763	0.35000000	0.00000000	0.00000000	0.92568284	-1.26142728	-0.61411208	0.53484142	1.00716472	0.32196799	-2.93187857	-2.18469143	1.82803929	-4.55970621	3.93918061	-0.34281239	0.31702793	0.47063151	-1.60937011	1.32439148	0.83431369	-2.74931288	-0.22691214	-0.87140363	1.42754209	5.09756994	-0.12241000	-1.84432793	
0.00803900	  47.67715489   52.99171483 -181.08562273  -10.77517935  -28.70029735  -11.24326193	 -41.03117588  -96.36556967 -878.37976521  -55.51451656   56.33654650   11.93880212	 -8.37430404  15.34482825 -39.57741627 -49.96490641 -48.07283136   5.16363725  10.01423647 -95.61044669  24.59408870 -58.58660147  81.30923527 -78.99253237	 0.00023638  0.10205104 -0.43321759  0.74088797 -0.33081534 -0.11314749 -0.06873437 -0.06912506 -0.13058514  0.65476117 -0.51942839 -0.01132358	-0.01899037 -0.21507653  0.31759829 -0.17595062  0.72355097 -0.00009425 -0.00692595 -0.27029215  0.57573918 -0.41505916 -0.15974323  0.01872509	-0.00152316 -0.24598426  0.32170674 -0.21014789  0.84691480 -0.00167474 -0.00277776 -0.28192225  0.64606769 -0.44565156 -0.17675259 -0.00330870	0.32688946 0.22103558 3.91273586	-0.04454627  0.00802739  0.00470414	-0.04035484  0.01138753  0.00611117	-0.00341719  0.00758702 -0.99996538	0.35000000	0.00000000	0.00000000	0.92016220	-1.25221372	-0.65168256	0.51736760	1.04838789	0.35594764	-2.86466193	-2.20379043	1.83229125	-4.54949522	3.93847609	-0.31735998	0.33648059	0.50598347	-1.58533549	1.23944938	0.82644022	-2.72625375	-0.20197934	-0.86599743	1.35462630	5.03745651	-0.09259012	-1.80522811	
0.00845700	  43.02806548   53.53142004 -194.46861186  -11.52264681  -30.41865169  -10.93494914	 -37.47324231  -96.40230284 -864.79194681  -54.50419254   60.66088340   10.66677855	 -6.06038378  14.70160592 -38.74036375 -58.13830583 -40.74727634   7.65326878   9.80774047 -93.52722359  25.42158277 -54.32884583  84.00591767 -78.21688789	 0.00023866  0.09989557 -0.43031615  0.73943441 -0.32494055 -0.11314342 -0.06874247 -0.07155798 -0.12471885  0.65045365 -0.52078155 -0.01135283	-0.01767074 -0.25337147  0.32979271 -0.14771979  0.63916762  0.00566816 -0.02427187 -0.28306840  0.70864687 -0.53985387 -0.12771784 -0.01037771	-0.00161889 -0.25316620  0.34381514 -0.16615942  0.66953910  0.00001914 -0.00277762 -0.28667252  0.69548506 -0.51653092 -0.15422053 -0.00365479	0.32942223 0.22312492 3.91612339	-0.04840950  0.00461000  0.00440108	-0.04464914  0.00787630  0.00507981	-0.00336403  0.00798416 -0.99996247	0.35000000	0.00000000	0.00000000	0.91049474	-1.24419761	-0.67662722	0.51679116	1.06663454	0.38843960	-2.80922055	-2.20822191	1.82654881	-4.53119850	3.93658447	-0.29201442	0.33021665	0.53811282	-1.56160462	1.19229269	0.81692094	-2.70015740	-0.16315711	-0.85272568	1.29285538	4.96763802	-0.05247076	-1.76376057	
0.00802100	  37.83935426   55.01024375 -205.93770494  -12.15865049  -31.91031342  -10.78218808	 -29.54556240  -95.42084041 -842.56399615  -52.86215227   66.92832879    8.55272607	 -4.38652339  15.11855268 -38.67083667 -62.76811597 -34.49649936   9.41213423   9.37318449 -90.74850035  23.60706171 -46.33964558  88.23747933 -76.51871699	 0.00025270  0.09786361 -0.42737957  0.73820954 -0.32049141 -0.11314783 -0.06873091 -0.07384642 -0.11896894  0.64597743 -0.52186128 -0.01134343	 0.01787281 -0.24926970  0.36407257 -0.16282775  0.47804657 -0.01473736  0.03150077 -0.27900496  0.67451474 -0.53899054 -0.08500551  0.00048849	 0.00273284 -0.25356123  0.36875394 -0.15346223  0.54362128 -0.00274318  0.00228342 -0.28504340  0.71721482 -0.56424060 -0.12966758  0.00143088	0.33056086 0.22473932 3.91871115	-0.05190455  0.00456901  0.00425723	-0.04835071  0.00571990  0.00460704	-0.00332863  0.00838666 -0.99995929	0.35000000	0.00000000	0.00000000	0.89081931	-1.22184622	-0.69906813	0.51687533	1.08711553	0.41771847	-2.77385187	-2.21982622	1.82852089	-4.51065826	3.91496110	-0.26510310	0.31661481	0.55699492	-1.52785718	1.15229166	0.79953200	-2.64794517	-0.11476743	-0.83421898	1.21014094	4.89502954	-0.02610837	-1.71038103	
0.00846300	  32.65181301   54.46657789 -218.68370713  -12.89430807  -33.66734090  -10.34037405	 -23.67218927  -93.98860051 -822.83016345  -51.41149044   72.04585506    6.67346770	 -2.92721246  13.39453119 -37.51031336 -66.72445557 -30.08683187  11.95103355   8.81385250 -87.92841673  23.92109749 -40.64311412  91.51645267 -74.29417545	 0.00024952  0.09568555 -0.42411057  0.73693477 -0.31653062 -0.11313815 -0.06875191 -0.07629750 -0.11267198  0.64087973 -0.52286073 -0.01135329	 0.00951841 -0.26919550  0.43676211 -0.13477925  0.42974677 -0.00176563 -0.00973425 -0.31228138  0.78050939 -0.65050027 -0.11193625 -0.00686387	 0.00235486 -0.25750813  0.39299638 -0.15161949  0.45820907  0.00088472 -0.00359410 -0.29103990  0.74750601 -0.60980778 -0.11493046 -0.00052106	0.33124678 0.22649579 3.92087343	-0.05393184  0.00483608  0.00418250	-0.05152756  0.00510070  0.00435930	-0.00328807  0.00883835 -0.99995554	0.35000000	0.00000000	0.00000000	0.87301141	-1.21115041	-0.71865094	0.53091955	1.09808719	0.44294527	-2.75500679	-2.21707821	1.83815169	-4.48466349	3.89720750	-0.23598456	0.28652522	0.57695556	-1.49748421	1.13307881	0.77545625	-2.60463500	-0.06831766	-0.81631124	1.14571357	4.82812738	-0.00014795	-1.66360307	
0.00802600	  27.49413586   55.39991151 -232.40868757  -13.68827827  -35.60605992  -10.13852150	 -15.62633773  -92.05940538 -799.44426616  -49.67959358   78.47000722    4.51424863	 -1.22028488  13.13300735 -37.46072619 -69.95751639 -26.10233085  13.55842483   9.15735977 -84.63949919  23.03400711 -32.58962525  96.01594055 -71.44612527	 0.00024284  0.09361071 -0.42089699  0.73559490 -0.31320048 -0.11313271 -0.06875301 -0.07860019 -0.10664338  0.63579598 -0.52363838 -0.01136639	-0.00269867 -0.24402517  0.39031468 -0.15904407  0.38664347  0.01099438 -0.02033100 -0.29147143  0.77530156 -0.65101398 -0.06961100 -0.00498945	-0.00072579 -0.25884634  0.40276494 -0.16853636  0.41134118  0.00357948 -0.00319357 -0.28819675  0.75419842 -0.63797471 -0.09460123 -0.00409184	0.33079530 0.22791465 3.92220807	-0.05541796  0.00705501  0.00416215	-0.05363105  0.00571787  0.00425227	-0.00324062  0.00927666 -0.99995172	0.35000000	0.00000000	0.00000000	0.84790683	-1.19146991	-0.73728198	0.54547399	1.10770893	0.46656418	-2.73782063	-2.21870637	1.84820747	-4.45541668	3.86918855	-0.20370968	0.25675285	0.58457249	-1.46294832	1.10775113	0.74817818	-2.53960824	-0.01678216	-0.79107517	1.07378626	4.75318718	0.01491369	-1.61584151	
0.00800400	 176.29389608  145.68589779 -618.81619327  -41.95912806   41.68581355   -4.83327165	 -12.79680270  -86.77620355 -615.77853783  -38.31000045   64.41498786   10.12897890	  0.27485804  11.15960929 -36.17562945 -72.54860824 -25.07892363  15.54227096   8.87435398 -81.66962767  23.60846864 -26.87732147  98.96927530 -67.88940066	 0.00023428  0.09099520 -0.41765999  0.73451352 -0.31184852 -0.11220251 -0.06874399 -0.08117181 -0.10070898  0.63031014 -0.52409917 -0.01158651	-0.01962531 -0.39314790  0.37610240 -0.07556330 -0.04144916  0.20853744  0.01035798 -0.32117449  0.69795873 -0.69728928 -0.03889477 -0.07420397	-0.00285816 -0.34651339  0.40122377 -0.12317898  0.10411694  0.15342683  0.00107344 -0.32940088  0.73842510 -0.69625961 -0.04955006 -0.03824705	0.31304552 0.22959252 3.94558812	0.00464403 0.03674699 0.00215849	-0.03123884  0.01844273  0.00274790	-0.00304971  0.00945649 -0.99995064	0.35000000	0.00000000	0.00000000	0.85587120	-1.18871188	-0.75384986	0.53439033	1.14554048	0.46503904	-2.72752404	-2.20786500	1.85993326	-4.31272459	3.79521418	-0.18235824	0.21487434	0.64020801	-1.43569577	1.10019612	0.69465375	-2.54388237	0.04607405	-0.80655491	0.89918607	4.67768955	0.12235151	-1.50988173	
0.00800200	 136.17010999  124.81789682 -556.89168761  -37.46157452   30.93432255   -7.91949457	  -8.14547060  -67.74145551 -604.30289373  -37.19085728   67.95130764   11.36701456	  3.79511647  23.03326762 -28.55092229 -64.63035652 -14.79487659  10.76513134   9.34281962 -64.87179661  31.32324434 -32.07909946 106.34887075 -59.32677734	 0.00026330  0.08786778 -0.41449698  0.73391596 -0.31319537 -0.10995891 -0.06877719 -0.08394184 -0.09484415  0.62411255 -0.52400931 -0.01190691	 0.03347836 -0.41585678  0.39702065 -0.04976423 -0.27789211  0.30537192 -0.01294938 -0.35441951  0.72417642 -0.85388083  0.07262725 -0.04332916	 0.00498026 -0.38952677  0.39374981 -0.06558069 -0.20143715  0.28751133 -0.00441826 -0.34369186  0.73698873 -0.79174597  0.02345010 -0.03672130	0.30068905 0.22636697 3.95926117	-0.00027825  0.04767149  0.00260364	-0.00872717  0.03470415  0.00284227	-0.00269914  0.00940988 -0.99995208	0.35000000	0.00000000	0.00000000	0.86206734	-1.21701920	-0.71893215	0.57781631	1.07879674	0.52733272	-2.62814283	-2.18026161	1.83539748	-4.22358465	3.78061271	-0.16819212	0.28701293	0.70920599	-1.38159633	1.00289261	0.67661750	-2.48198295	0.07290334	-0.83039856	0.84113455	4.64237404	0.19102901	-1.50347042	
0.00849900	 103.66620981  107.64550534 -526.54240380  -35.10129083   22.26283870   -8.76166550	  -2.30039543  -67.41723888 -579.96638228  -35.57729688   69.15575727    8.38834688	  3.41337942  21.87582695 -19.55977944 -66.97033581  -0.98134609   6.36005470  10.14915809 -64.46962190  27.80005653 -24.17117672 102.44749957 -55.85013282	 0.00030193  0.08457271 -0.41112981  0.73354735 -0.31625186 -0.10718416 -0.06878674 -0.08676655 -0.08834027  0.61662742 -0.52333063 -0.01203101	-0.01283520 -0.38064355  0.37500870 -0.05074399 -0.39213556  0.29822327  0.01465367 -0.34472898  0.76233372 -0.93649734  0.10220245 -0.00707052	 0.00482255 -0.38886878  0.39674134 -0.04514409 -0.37680074  0.32275387  0.00129929 -0.33365774  0.76626469 -0.89434209  0.08804269 -0.01251886	0.29068053 0.22294513 3.96748996	-0.00441301  0.04890203  0.00202685	-0.00544530  0.04393405  0.00259628	-0.00228285  0.00943904 -0.99995285	0.35000000	0.00000000	0.00000000	0.85237730	-1.22413707	-0.69918013	0.59055322	1.12097204	0.53355348	-2.59607625	-2.22514963	1.87674677	-4.19439125	3.80919957	-0.15725537	0.30403772	0.72758502	-1.37537777	1.02006626	0.64702457	-2.49006891	0.10928615	-0.87129241	0.76391041	4.66371393	0.24304588	-1.45963192	
0.00800500	  83.52588822   98.75783124 -489.96553496  -32.42954459   17.14380544   -8.48301731	   2.42628822  -64.36336650 -574.33713031  -35.15381851   70.28765219    6.35671146	  3.58167913  20.19108123 -16.51479062 -64.25697994   5.35821047   7.89555596  10.28770699 -59.52075100  22.81652582 -20.75336551 101.08027267 -52.14965290	 0.00037555  0.08153272 -0.40789119  0.73320026 -0.31979202 -0.10459946 -0.06881208 -0.08936560 -0.08202576  0.60900964 -0.52227655 -0.01208789	-0.02311604 -0.41150092  0.42011023 -0.06934831 -0.48448045  0.35246631 -0.00142353 -0.32382470  0.83286909 -1.01483946  0.15556373 -0.00295512	 0.00741254 -0.38195045  0.40581391 -0.04733195 -0.44652609  0.32373080 -0.00345724 -0.32307546  0.79207788 -0.96151089  0.13730211 -0.00452586	0.28210885 0.21979282 3.97126651	-0.00714208  0.04887645  0.00066277	-0.00577452  0.04699926  0.00173300	-0.00189216  0.00948499 -0.99995323	0.35000000	0.00000000	0.00000000	0.83325946	-1.22455585	-0.68373507	0.62132299	1.11068690	0.53491509	-2.59384823	-2.22925329	1.89311051	-4.17744350	3.80444598	-0.14049387	0.27023464	0.74446720	-1.35074675	1.04781902	0.61022145	-2.47524238	0.14320675	-0.88778251	0.70921028	4.64064217	0.27780417	-1.41173756	
0.00846000	  71.08809127   93.57572850 -466.13091950  -30.66748431   13.93443352   -7.78022864	   5.64064872  -61.35150355 -566.43264368  -34.57072437   71.91118427    4.31707130	  4.00068269  17.93577039 -14.82323327 -62.66735829   8.63646390   9.47905976  11.27177189 -55.86029530  20.48957326 -15.72525530 100.62821996 -47.28238422	 0.00047989  0.07836051 -0.40441847  0.73268776 -0.32370524 -0.10179910 -0.06880751 -0.09207362 -0.07525066  0.60053303 -0.52087008 -0.01212568	 0.02674769 -0.38494406  0.43058981 -0.11124566 -0.49933621  0.38527234  0.00979836 -0.31605054  0.85467606 -1.06148986  0.18258500 -0.03024287	 0.01261725 -0.37838388  0.41403200 -0.06714094 -0.46492103  0.33903168 -0.00035423 -0.31877350  0.80745360 -1.01502297  0.17205076 -0.00444034	0.27319371 0.21635373 3.97225053	-0.01062281  0.04900409  0.00023956	-0.00800691  0.04830582  0.00096215	-0.00147556  0.00956112 -0.99995320	0.35000000	0.00000000	0.00000000	0.81180960	-1.22717798	-0.67685646	0.65769160	1.07921076	0.53219861	-2.59309053	-2.21303463	1.90362954	-4.15679502	3.79879308	-0.11534873	0.22247559	0.76050681	-1.32309067	1.07705402	0.57803971	-2.44946265	0.18381202	-0.88784879	0.67747372	4.60114574	0.30781522	-1.38913703	
0.00804100	  63.07506543   90.29949722 -460.96305510  -30.20399350   11.60055254   -6.94713126	  10.73415182  -56.62775145 -553.91000317  -33.63836124   74.68657998    0.17642088	  4.25778391  16.67401785 -13.43262907 -61.56613381   9.77687050   9.39287546  11.29050749 -51.24071717  18.49956307 -10.06192645 101.68261707 -42.02339739	 0.00055459  0.07540811 -0.40115518  0.73204997 -0.32730212 -0.09901484 -0.06880361 -0.09454117 -0.06887016  0.59234278 -0.51932956 -0.01212068	 0.00407501 -0.39208062  0.41920846 -0.10708707 -0.44390901  0.37266143  0.02093754 -0.30631197  0.81778111 -1.08262964  0.20264488  0.00512264	 0.01000232 -0.36881225  0.40534183 -0.08397417 -0.44545319  0.35319796  0.00190446 -0.30537396  0.79380550 -1.02358786  0.19511279  0.00129583	0.26458134 0.21230415 3.97152179	-0.01548014  0.04974251  0.00447952	-0.01144526  0.04901177  0.00201207	-0.00108049  0.00966605 -0.99995270	0.35000000	0.00000000	0.00000000	0.79076540	-1.21938014	-0.67034513	0.69766271	1.05841577	0.52837670	-2.61083245	-2.20991015	1.92993927	-4.13485813	3.78245401	-0.09244882	0.17176226	0.77067417	-1.28819299	1.10732722	0.54394758	-2.40887690	0.22148803	-0.88986272	0.63625783	4.57050276	0.31505442	-1.36162829	
0.00852000	  54.99640064   86.22969346 -458.89494963  -29.89090509    7.57923281   -4.66082998	  13.07542583  -53.72743705 -548.70548280  -33.24233167   76.35450091   -2.01687365	  5.71357113  13.55064207 -11.50154308 -62.45004264   7.86533909   9.32253699  11.78947756 -47.77569652  18.28386689  -7.30466917 102.47616059 -37.16475165	 0.00057965  0.07231599 -0.39768135  0.73118985 -0.33090482 -0.09587859 -0.06880722 -0.09708802 -0.06210716  0.58354702 -0.51753658 -0.01212486	-0.00612192 -0.34153215  0.36006495 -0.10033011 -0.35115752  0.33850246 -0.00725438 -0.27454360  0.72899480 -0.95282309  0.20855078  0.00713628	 0.00382134 -0.36128383  0.40163777 -0.10370174 -0.41369651  0.36971665  0.00043667 -0.29598272  0.78815959 -1.02535103  0.21347923  0.00164216	0.25618562 0.20819310 3.96993115	-0.02035368  0.04844132  0.00659503	-0.01601805  0.04903973  0.00461864	-0.00066193  0.00981998 -0.99995156	0.35000000	0.00000000	0.00000000	0.77513307	-1.21197343	-0.66635174	0.74494094	1.03139722	0.51473629	-2.62981701	-2.18976355	1.95751274	-4.10294771	3.76718283	-0.07039249	0.11979633	0.78347355	-1.25616467	1.14600718	0.50804788	-2.37531304	0.25084993	-0.88899845	0.61654425	4.53451824	0.31742144	-1.34186041	
0.00845400	  49.86110811   82.93841655 -462.58710355  -30.02423967    4.74165950   -2.24679728	  15.70993524  -50.52088091 -541.29431838  -32.69877993   78.08800364   -4.57564757	  7.24715737  11.61126763 -11.37986090 -62.81380294   6.50245195   8.47649468  12.31651815 -44.03751898  17.31901756  -3.49077946 103.40344888 -32.40581891	 0.00059231  0.06926893 -0.39418535  0.73011820 -0.33426915 -0.09248152 -0.06880373 -0.09953101 -0.05542917  0.57472110 -0.51561299 -0.01213971	-0.02169760 -0.38622962  0.45343522 -0.14824060 -0.40866934  0.43908549  0.00796237 -0.30931015  0.84670609 -1.08335705  0.25127532 -0.01189280	 0.00086652 -0.36052422  0.41228425 -0.13019060 -0.39186301  0.40370364  0.00130282 -0.28841315  0.78940005 -1.04183003  0.23167272 -0.00198417	0.24787701 0.20402223 3.96800048	-0.02554185  0.04741038  0.00658331	-0.02084436  0.04821283  0.00594723	-0.00025482  0.01001615 -0.99994980	0.35000000	0.00000000	0.00000000	0.76058692	-1.20490026	-0.66377205	0.79127955	0.99190819	0.50201291	-2.63567376	-2.16652369	1.97641957	-4.07028151	3.75076556	-0.04218397	0.08076066	0.79473209	-1.22797060	1.18066907	0.47490621	-2.33502936	0.28082842	-0.88024372	0.60530430	4.49310303	0.32701746	-1.33053434	
0.00803700	  45.88132787   77.91825941 -469.44227954  -30.44391590    3.12327830   -1.09134892	  18.23858694  -45.13693575 -532.30398765  -31.99683686   80.36335459   -7.37201454	  8.31125700   9.28439891 -11.19507294 -61.84370081   5.89511114   6.40039653  12.79793856 -40.40740943  16.08618468   1.86558719 104.90661049 -27.30891672	 0.00061012  0.06644876 -0.39093070  0.72898531 -0.33719079 -0.08912241 -0.06875929 -0.10175599 -0.04925817  0.56649000 -0.51371801 -0.01213358	 0.01227830 -0.30599887  0.38026985 -0.13495973 -0.32856274  0.41631233  0.03753486 -0.26449461  0.69690208 -0.97188710  0.21583266  0.01405975	 0.00341408 -0.34739912  0.40317937 -0.14048016 -0.35960667  0.41744527  0.01063879 -0.27554880  0.76171188 -1.01720534  0.23533594  0.00092130	0.23967454 0.20009629 3.96586846	-0.02991216  0.04716301  0.00578794	-0.02548313  0.04758950  0.00606243	 0.00012347  0.01023954 -0.99994757	0.35000000	0.00000000	0.00000000	0.74483901	-1.19184196	-0.65992922	0.83133560	0.99126101	0.49014923	-2.67138410	-2.17610955	2.02347112	-4.04697371	3.72890711	-0.01740651	0.04086168	0.79886687	-1.19621336	1.22789955	0.43587920	-2.29615521	0.30908656	-0.88808668	0.56487077	4.48126268	0.31791115	-1.30026352	
0.00854000	  40.94795356   73.14898010 -470.13763244  -30.36565507   -0.27084113   -1.06245404	  17.30130523  -42.39408213 -535.06329980  -32.15806960   81.21753608   -7.31938669	  9.22040432   5.50418903 -10.29891104 -63.64044479   3.02311699   6.01546344  12.29773542 -37.17177224  16.48489645   3.57482870 105.95216846 -22.44373575	 0.00060180  0.06348985 -0.38752462  0.72767258 -0.34003273 -0.08546843 -0.06857530 -0.10404625 -0.04287653  0.55794588 -0.51160900 -0.01214431	-0.00591277 -0.31630715  0.35451369 -0.14043050 -0.30372723  0.39684956  0.03301208 -0.23305923  0.65760797 -0.86026302  0.22021747 -0.02109067	-0.00078594 -0.33957641  0.39249544 -0.15269096 -0.32498379  0.42504470  0.02496942 -0.26398694  0.73083374 -0.97867987  0.24275446 -0.00322523	0.23182226 0.19615869 3.96370885	-0.03386059  0.04467859  0.00463622	-0.02994789  0.04640498  0.00543452	 0.00051496  0.01051181 -0.99994462	0.35000000	0.00000000	0.00000000	0.73396617	-1.17912614	-0.65884489	0.87478775	0.98410487	0.47537777	-2.71097946	-2.16925287	2.06302404	-4.02259398	3.71028328	0.00531665	-0.01489894	0.81442744	-1.16250479	1.28183401	0.40153375	-2.26991558	0.33492753	-0.89286035	0.54366392	4.46075296	0.30851817	-1.27619886	
0.00845700	  37.16944252   70.30671617 -477.80285466  -30.76169943   -3.27946095   -0.84236766	  16.36551123  -40.26058024 -530.75487059  -31.92621896   80.60985525   -7.02376891	 10.61625171   3.39084750 -10.12755840 -65.70542802   0.61752342   5.04453809  11.42549734 -34.21595025  16.08393615   5.36631021 105.01751643 -17.53757229	 0.00060862  0.06058571 -0.38410619  0.72621576 -0.34263248 -0.08168330 -0.06829381 -0.10624451 -0.03666302  0.54963608 -0.50941633 -0.01213624	-0.00796875 -0.30744991  0.34967348 -0.16728186 -0.27084931  0.42058010  0.03548105 -0.22623933  0.66760835 -0.87475867  0.23311037 -0.00114721	-0.00055662 -0.33877665  0.39781309 -0.17168995 -0.30008702  0.44385156  0.03579080 -0.25374558  0.72256465 -0.96333536  0.25521458 -0.00031968	0.22469615 0.19219098 3.96175527	-0.03741309  0.04102823  0.00285097	-0.03389490  0.04387985  0.00423238	 0.00087915  0.01081583 -0.99994112	0.35000000	0.00000000	0.00000000	0.72586071	-1.16794086	-0.65511745	0.92122138	0.95426136	0.46142855	-2.72862911	-2.14849472	2.08466744	-3.99262619	3.69207978	0.03253932	-0.06360913	0.83405733	-1.13327372	1.34416878	0.37500423	-2.24390745	0.35977462	-0.88861853	0.54288250	4.43023825	0.31504661	-1.26789820	
0.00800400	  34.33556889   65.70255501 -482.88724557  -31.06457659   -4.88663841   -0.42379248	  15.13796764  -37.58874511 -527.95809765  -31.78353114   80.24511399   -6.58689483	 11.17340845   0.80820881 -10.18956393 -65.37896575  -0.83207371   3.45724536  11.19339201 -30.95189941  14.11539035   9.08453568 104.58556348 -12.85810001	 0.00062793  0.05788655 -0.38087478  0.72474577 -0.34488939 -0.07801946 -0.06796048 -0.10827448 -0.03104439  0.54214486 -0.50728527 -0.01213348	-0.01353864 -0.31839650  0.37834431 -0.16684279 -0.27819209  0.43706535  0.05865091 -0.21940325  0.66652541 -0.86127974  0.25505196  0.01479318	 0.00089370 -0.33366489  0.39979532 -0.18084155 -0.27856389  0.45413350  0.04347478 -0.24864594  0.69195839 -0.91978996  0.26407867  0.00079220	0.21814029 0.18858676 3.95998509	-0.04039481  0.03777897 -0.00091084	-0.03724079  0.04085352  0.00200335	 0.00119351  0.01112798 -0.99993737	0.35000000	0.00000000	0.00000000	0.71622497	-1.15165019	-0.65106863	0.95991737	0.95783800	0.44807062	-2.77287245	-2.15646577	2.12855148	-3.96889782	3.66592264	0.05755599	-0.11201987	0.84583122	-1.10212016	1.41561019	0.33954057	-2.21807361	0.38522124	-0.89671189	0.50666803	4.42226076	0.31286719	-1.23384690	
0.00847800	  32.25708940   62.72052088 -493.54243066  -31.68913358   -6.90957022    0.22736022	  13.76046438  -34.21277784 -518.36174271  -31.21733605   78.80410075   -6.03336760	 11.85452059  -2.33958295 -10.18756817 -67.70195185  -2.51901405   2.54693664  10.80145167 -27.52361703  13.87396100  11.05229467 102.53083616  -7.97120337	 0.00069436  0.05507191 -0.37746576  0.72307468 -0.34708690 -0.07406650 -0.06755647 -0.11036365 -0.02537152  0.53464465 -0.50497575 -0.01213380	 0.02854680 -0.30771237  0.35613864 -0.19060235 -0.20415950  0.44941689  0.06281439 -0.19596217  0.60725477 -0.81697414  0.26129277  0.01966630	 0.00942633 -0.33059718  0.40164483 -0.19928331 -0.25439023  0.46608678  0.04896983 -0.24303000  0.66259616 -0.87315653  0.27339738  0.00023031	0.21160988 0.18500888 3.95814613	-0.04208617  0.03397175 -0.00689962	-0.03999685  0.03738988 -0.00219337	 0.00149741  0.01147981 -0.99993298	0.35000000	0.00000000	0.00000000	0.71118629	-1.13800704	-0.64753938	1.00362825	0.95354295	0.43649855	-2.81665659	-2.15713501	2.16612101	-3.94598460	3.64544344	0.08403176	-0.17336509	0.86649466	-1.07163870	1.49896216	0.31153738	-2.20373559	0.41296622	-0.90237463	0.48982036	4.41309690	0.31783643	-1.21078491	
0.00800600	  29.66943616   59.79725277 -503.58111527  -32.27764737   -8.95999163    0.10293942	  12.94604577  -26.88422177 -505.36655710  -30.38152854   76.82996950   -4.88962711	 11.62987825  -4.87098528 -10.37899591 -68.83870012  -4.57005082   1.35182555  10.49163387 -23.92483890  12.93687195  13.07329628  99.61066800  -2.72585933	 0.00078578  0.05242886 -0.37423018  0.72145172 -0.34903828 -0.07026101 -0.06713976 -0.11232428 -0.02033762  0.52809432 -0.50278550 -0.01203357	-0.01353439 -0.37124481  0.40619140 -0.19220729 -0.24460988  0.48398652  0.07204552 -0.24625753  0.63636677 -0.80296404  0.30820332  0.02920559	 0.01097953 -0.33080381  0.40279996 -0.20297177 -0.24095555  0.47427478  0.05269552 -0.24447470  0.62348474 -0.80779945  0.27436768  0.01855465	0.20581018 0.18163943 3.95611717	-0.04317308  0.03036447 -0.01325467	-0.04173507  0.03388944 -0.00752064	 0.00175291  0.01182152 -0.99992859	0.35000000	0.00000000	0.00000000	0.70999753	-1.12299442	-0.64099407	1.04852891	0.95759928	0.42404324	-2.87504053	-2.16599417	2.21140552	-3.92004395	3.61712432	0.10912338	-0.24633878	0.88975036	-1.03644407	1.59647560	0.27985752	-2.19228673	0.43901172	-0.91591871	0.45365950	4.41357517	0.32355034	-1.17616177	
0.00847600	  27.94926650   58.55821892 -522.31220504  -33.42392794  -10.75675408    0.49393026	  10.43286717  -17.88798814 -481.11662012  -28.83218345   73.13693507   -3.38200445	 12.20503247  -7.66462016 -10.41814090 -71.60631277  -5.78894854   0.36202684  10.56683801 -19.61139983  12.80184164  14.87299662  96.23999530   1.32576270	 0.00094955  0.04966159 -0.37079068  0.71965018 -0.35099542 -0.06610128 -0.06672671 -0.11441938 -0.01538540  0.52175930 -0.50044068 -0.01153783	 0.00622432 -0.31987759  0.40831306 -0.22932794 -0.21602210  0.49792450  0.05003365 -0.23001599  0.53365569 -0.69300639  0.26622460  0.10149867	 0.01904326 -0.32821282  0.40839111 -0.21589592 -0.22897314  0.49397123  0.04965798 -0.24809942  0.57782798 -0.73786635  0.27779967  0.07039394	0.20009784 0.17811326 3.95340718	-0.04307017  0.02607613 -0.02241910	-0.04269351  0.02995988 -0.01471764	 0.00199032  0.01218934 -0.99992373	0.35000000	0.00000000	0.00000000	0.71411091	-1.10766459	-0.63762206	1.09272516	0.96210718	0.41986576	-2.93086910	-2.17824149	2.25423336	-3.89746976	3.59536529	0.13623631	-0.31874022	0.91714120	-1.00527430	1.69234884	0.25355873	-2.18389249	0.46724421	-0.92662191	0.42261437	4.41765928	0.33605134	-1.13948500	
0.00800300	  26.04345724   55.22049349 -534.80865726  -34.19153274  -12.27536957    0.30209984	   8.97559082  -11.09987413 -460.12157469  -27.48885629   69.92181651   -2.23077622	 11.88482530 -11.10687947 -10.95743229 -72.33879009  -7.23816606  -0.93826852  11.36391536 -15.05948865  12.63854648  15.85214657  92.09896195   3.48108400	 0.00118220  0.04703114 -0.36756017  0.71793343 -0.35276799 -0.06203467 -0.06634944 -0.11649085 -0.01109058  0.51643146 -0.49817959 -0.01053830	 0.02227603 -0.35710449  0.41605989 -0.23676523 -0.24866322  0.54979604  0.05439471 -0.26824438  0.53571645 -0.66310574  0.28200020  0.15591010	 0.02853477 -0.33265899  0.40625742 -0.21858428 -0.22337459  0.51362457  0.04832246 -0.25989727  0.53365781 -0.66020755  0.28245418  0.13323670	0.19505906 0.17493448 3.95008901	-0.04141137  0.02205038 -0.03218582	-0.04235727  0.02602258 -0.02319106	 0.00217914  0.01252810 -0.99991915	0.35000000	0.00000000	0.00000000	0.72611010	-1.09756517	-0.63502258	1.12999594	0.97772318	0.41923028	-2.99115229	-2.19892097	2.30123615	-3.87584209	3.57285213	0.16345625	-0.37924966	0.94062412	-0.98520756	1.78933144	0.22516701	-2.18646431	0.48531288	-0.94027978	0.38804203	4.43799591	0.35445526	-1.09554279	
0.00804400	  24.74816699   53.35498074 -553.33065159  -35.36629952  -13.33185619   -0.20794930	   8.56370513   -6.32462122 -438.28769680  -26.12511413   66.58704401   -1.45225425	 11.22588252 -13.42585915 -11.06883296 -74.54770732  -7.55298565  -2.53235311  12.01521777 -10.34216017  12.49658149  15.98488814  87.03366387   4.46960896	 0.00148223  0.04438968 -0.36432271  0.71624519 -0.35449615 -0.05780510 -0.06595054 -0.11864649 -0.00718159  0.51172277 -0.49589546 -0.00904972	 0.01651431 -0.33355103  0.41306659 -0.18445153 -0.23492918  0.53965765  0.01702073 -0.27275048  0.50116241 -0.55966911  0.25990501  0.20872239	 0.03655822 -0.33037080  0.40261230 -0.20834791 -0.21478708  0.52828570  0.04834461 -0.26955420  0.48109472 -0.57443584  0.28001508  0.19121077	0.19027026 0.17160816 3.94652530	-0.03868176  0.01823701 -0.04167680	-0.04077156  0.02207620 -0.03245556	 0.00233540  0.01284912 -0.99991472	0.35000000	0.00000000	0.00000000	0.74194372	-1.08405685	-0.62918222	1.16135514	1.00969505	0.42662472	-3.05427170	-2.23569512	2.35456848	-3.85724616	3.55281711	0.18523781	-0.43547291	0.96210074	-0.97006446	1.88835239	0.20040126	-2.19587302	0.49775583	-0.95945603	0.34917805	4.47401047	0.36677241	-1.04411781	
0.00847300	  22.99677970   51.44068734 -568.65552041  -36.30085231  -14.90941798   -0.69455285	   8.41325391   -0.78015772 -416.69498926  -24.75588520   63.26926134   -0.56547708	 10.65651036 -16.49063587 -11.45257707 -76.74733126  -8.61710183  -3.38011751  12.74274899  -5.38627012  12.49793256  15.66574897  82.07157719   5.74398231	 0.00189153  0.04155976 -0.36091968  0.71443034 -0.35628657 -0.05311171 -0.06543649 -0.12098706 -0.00344300  0.50744113 -0.49350011 -0.00711683	 0.03787427 -0.36494563  0.39861975 -0.23195819 -0.22791057  0.59894084  0.06373749 -0.29536105  0.44650971 -0.45403547  0.31125302  0.24234225	 0.04812573 -0.33531165  0.39951313 -0.21346975 -0.21187107  0.55837949  0.06248009 -0.27704326  0.43342362 -0.48916165  0.28121209  0.23160748	0.18546044 0.16801128 3.94233360	-0.03472931  0.01472241 -0.05161727	-0.03790831  0.01819637 -0.04233094	 0.00246911  0.01316176 -0.99991033	0.35000000	0.00000000	0.00000000	0.75856262	-1.07073319	-0.62468320	1.19064164	1.03207779	0.43573689	-3.11534595	-2.26122880	2.39660120	-3.83458042	3.52788711	0.20857672	-0.49261019	0.98884314	-0.95380950	1.99035454	0.17956017	-2.20863295	0.51415598	-0.97175562	0.32331902	4.50042295	0.38808924	-0.99902242	
0.00801300	  21.36496674   49.35322626 -589.42964377  -37.64308682  -15.70578179   -1.77332073	   9.03980077    5.96797568 -390.45690222  -23.09459310   59.22625904    0.40910561	  9.20592123 -18.23271537 -11.63917561 -77.87671983  -8.69400260  -5.58170102  12.21364045  -0.52623770  12.01645630  14.68174136  76.40102363   8.13999268	 0.00234024  0.03883824 -0.35773286  0.71278381 -0.35794796 -0.04848532 -0.06489401 -0.12326305 -0.00030128  0.50402237 -0.49135111 -0.00499338	 0.07502989 -0.31475903  0.36555102 -0.17271572 -0.21009669  0.55015717  0.06622039 -0.25612917  0.32200995 -0.35852895  0.23992340  0.23691999	 0.05755329 -0.33979789  0.39707871 -0.20458633 -0.20770180  0.57855747  0.07026741 -0.28440117  0.38415658 -0.41495962  0.26606142  0.26654263	0.18104322 0.16404113 3.93795531	-0.03056369  0.01215646 -0.05803964	-0.03436235  0.01504149 -0.05066100	 0.00256990  0.01342330 -0.99990660	0.35000000	0.00000000	0.00000000	0.77763647	-1.06007564	-0.61176580	1.22152960	1.06287861	0.44761795	-3.18740368	-2.29775143	2.44870710	-3.80716133	3.49827027	0.23064820	-0.54688996	1.01486850	-0.93562585	2.10832310	0.15594883	-2.22249722	0.52707249	-0.99436086	0.29255867	4.54262400	0.40364242	-0.95494223	
0.00849700	  19.18778253   47.99083248 -607.86512789  -38.79426206  -17.06838277   -2.62415012	   8.85534615   13.69182795 -367.89586673  -21.63894863   55.78354867    1.59757861	  8.24778075 -20.33894873 -11.54891112 -79.93787464  -9.37347105  -6.83337606  12.34478716   4.86669765  11.32250430  14.98684371  72.16369933  10.57356024	 0.00285284  0.03593948 -0.35442647  0.71110383 -0.35970578 -0.04337567 -0.06427565 -0.12574529  0.00267439  0.50108241 -0.48917562 -0.00240018	 0.05612418 -0.32563273  0.36870478 -0.17347041 -0.21383125  0.57362328  0.06941485 -0.28043034  0.30797572 -0.26448180  0.24868210  0.29785978	 0.06248927 -0.33974484  0.38777113 -0.19520754 -0.20775874  0.60175683  0.07541734 -0.29287063  0.34159707 -0.33035126  0.25283157  0.30859189	0.17652957 0.15931335 3.93300687	-0.02651157  0.00982847 -0.06362162	-0.03029167  0.01224708 -0.05767236	 0.00265551  0.01366593 -0.99990309	0.35000000	0.00000000	0.00000000	0.79248673	-1.04478812	-0.60244787	1.24910271	1.09836566	0.46070656	-3.25613880	-2.33205628	2.50018358	-3.77565789	3.46360040	0.25140148	-0.60113662	1.04096925	-0.91429561	2.21649098	0.12991373	-2.23370719	0.54416919	-1.01470947	0.25376692	4.57557821	0.42005622	-0.90405899	
0.00848300	  17.54349644   46.07361464 -626.30491883  -39.97571333  -17.78819607   -3.35688022	   8.94535874   21.34690276 -346.23061416  -20.23600431   52.47806392    2.76131936	  7.39382796 -22.50661939 -11.52912504 -81.37584516  -9.26566641  -8.43508921  12.48567569  10.46732250  10.55407552  15.07570054  67.84287304  12.66508804	 0.00340944  0.03300110 -0.35119911  0.70953056 -0.36145883 -0.03801074 -0.06362542 -0.12827800  0.00522478  0.49884749 -0.48712642  0.00056447	 0.07228815 -0.32343410  0.33759915 -0.17372589 -0.18526858  0.63626724  0.06816885 -0.29989147  0.26217055 -0.21290024  0.22886859  0.34065043	 0.06731890 -0.34361911  0.37810255 -0.18389161 -0.20585683  0.63683475  0.07739734 -0.29923132  0.29393800 -0.24799918  0.23868724  0.35413198	0.17204783 0.15394887 3.92783750	-0.02316042  0.00824041 -0.06814879	-0.02652495  0.01005124 -0.06332367	 0.00272398  0.01387757 -0.99989999	0.35000000	0.00000000	0.00000000	0.81050503	-1.03362763	-0.59180284	1.27489018	1.13455081	0.47985840	-3.32428741	-2.36931086	2.55120778	-3.74484777	3.43094301	0.27517036	-0.64694262	1.06700099	-0.89723206	2.32559419	0.10407529	-2.24452281	0.55969071	-1.03467131	0.22030389	4.61345816	0.43834192	-0.85484147	
0.00800600	  15.73217044   43.92416047 -648.15468301  -41.39330901  -18.52567473   -4.27279659	   9.44758178   27.92114385 -324.68808097  -18.85593148   49.19850816    3.74235238	  6.30341934 -24.10980076 -11.23292759 -83.06687045  -9.15949264 -10.87426007  12.73892447  15.55968511   9.78816666  14.84045935  63.26195401  14.35705641	 0.00394790  0.03021996 -0.34824416  0.70815221 -0.36312197 -0.03279993 -0.06296669 -0.13070303  0.00723542  0.49742103 -0.48533117  0.00364076	 0.06991469 -0.33494236  0.37627316 -0.17833749 -0.19772001  0.69114522  0.09211748 -0.30706379  0.25641463 -0.13770191  0.21551626  0.39711441	 0.06621430 -0.34639691  0.36972324 -0.17153510 -0.20732880  0.65736375  0.08305424 -0.30459980  0.24874434 -0.16754194  0.22182511  0.38880903	0.16788960 0.14830537 3.92302633	-0.02013887  0.00714177 -0.07118889	-0.02329218  0.00850493 -0.06751568	 0.00277737  0.01405164 -0.99989741	0.35000000	0.00000000	0.00000000	0.83056664	-1.01920199	-0.57825369	1.29724133	1.18342161	0.50096828	-3.39378428	-2.41302776	2.60867476	-3.70806599	3.39372349	0.29710227	-0.68306065	1.08962953	-0.88344455	2.43808961	0.07657371	-2.25644445	0.57018280	-1.05798864	0.18568492	4.65878677	0.45103803	-0.80428922	
0.00850400	  13.85310837   43.11964907 -669.19944657  -42.74938091  -19.05587193   -4.97669269	  12.73132805   34.75307152 -302.83439587  -17.43067893   45.75804009    4.57417021	  5.50856625 -25.54582936 -10.86301953 -84.95197818  -8.54683869 -12.39160144  12.38523933  20.53641999   8.63396568  15.00815410  58.57087666  16.40723811	 0.00456434  0.02726683 -0.34522890  0.70683691 -0.36491107 -0.02710652 -0.06221709 -0.13330738  0.00893761  0.49663480 -0.48356875  0.00722302	 0.07118537 -0.32564759  0.31746525 -0.14760332 -0.21003423  0.63716127  0.12016194 -0.29870823  0.14831220 -0.05061332  0.19898106  0.44058669	 0.07120428 -0.34781870  0.35230909 -0.15326854 -0.21238893  0.67442546  0.09120802 -0.30812631  0.19190760 -0.08037184  0.20564604  0.42750487	0.16334278 0.14160255 3.91804466	-0.01745881  0.00753720 -0.07306857	-0.02017836  0.00762469 -0.07067454	 0.00282899  0.01421217 -0.99989500	0.35000000	0.00000000	0.00000000	0.84972805	-1.00411177	-0.56394434	1.31393516	1.23478973	0.52922249	-3.46209311	-2.45662189	2.66201448	-3.67134333	3.35402822	0.32102188	-0.72047776	1.11674631	-0.86743307	2.55211020	0.05114008	-2.26870680	0.58316875	-1.08179522	0.15103284	4.70100164	0.46566093	-0.75383353	
0.00801500	  10.89466825   43.46847697 -693.52024108  -44.29847215  -19.97302821   -6.19019494	  18.94184769   40.35858589 -280.29778253  -15.97000158   42.11704672    5.04009044	  4.01291920 -26.47118658  -9.35534778 -87.81632629  -7.87507801 -13.98148216  11.77273796  25.43538290   7.86169187  14.52368440  53.02187106  17.91745554	 0.00513267  0.02450787 -0.34251443  0.70570773 -0.36657831 -0.02158553 -0.06152857 -0.13575284  0.01029067  0.49632056 -0.48207492  0.01082020	 0.08821195 -0.36957289  0.30906367 -0.13263312 -0.21685808  0.71370550  0.09621590 -0.29545470  0.16231388 -0.05286896  0.19955872  0.45468793	 0.07111606 -0.34604586  0.33376369 -0.13826709 -0.20843524  0.69109683  0.08801165 -0.30443810  0.16578458 -0.03742968  0.18542416  0.45158513	0.15905664 0.13439724 3.91401443	-0.01554785  0.01015246 -0.07195638	-0.01774672  0.00850385 -0.07182932	 0.00289124  0.01434522 -0.99989292	0.35000000	0.00000000	0.00000000	0.86675322	-0.99333990	-0.54465747	1.33097816	1.28111863	0.56037742	-3.51240373	-2.49083209	2.71244144	-3.62681794	3.31676173	0.34571928	-0.74096215	1.13855767	-0.86250877	2.66492915	0.02468374	-2.28583360	0.58794194	-1.10331225	0.14236072	4.74319696	0.48189688	-0.71626323	
0.00800800	   6.49334699   42.93296954 -709.88142995  -45.30921444  -21.50847422   -7.39131467	  23.37131984   47.28385328 -264.29917033  -14.88153273   39.55260585    5.82903754	  2.75326683 -27.56319183  -7.72960130 -89.07986894  -8.29525262 -15.14426741  11.74631237  29.72626805   5.62651996  16.45973511  50.07401446  20.28307721	 0.00569151  0.02178668 -0.33991611  0.70464760 -0.36823729 -0.01585699 -0.06087113 -0.13820370  0.01149464  0.49619316 -0.48069737  0.01466030	 0.07723667 -0.33933520  0.30346604 -0.13576230 -0.23446532  0.74475895  0.08407188 -0.30123797  0.17762551 -0.01631948  0.14175364  0.48913722	 0.06911238 -0.33691368  0.31695268 -0.12938671 -0.20744916  0.71424837  0.08123736 -0.30336583  0.14953366 -0.01587052  0.16723003  0.48154692	0.15471266 0.12653260 3.91033082	-0.01474322  0.01428649 -0.06985105	-0.01604083  0.01107348 -0.07111968	 0.00298128  0.01446738 -0.99989090	0.35000000	0.00000000	0.00000000	0.87461311	-0.97889477	-0.52504539	1.34029877	1.32475364	0.58945400	-3.55335450	-2.51222777	2.75861835	-3.56949735	3.26662731	0.37487385	-0.74612993	1.15721095	-0.85355866	2.76476073	-0.01088274	-2.28722334	0.59527665	-1.11986661	0.13194871	4.76810837	0.49606627	-0.67914820	
0.00800100	  -0.76093640   25.09602984 -752.42774517  -40.05098195  -24.04219023   -8.25732541	  23.43410242   54.49111563 -249.15003576  -13.90676070   37.37758003    6.89526712	  1.64807522 -29.22689092  -6.21318233 -89.42006013  -8.48754837 -16.32650252  11.60106589  34.36591792   3.51504191  19.65787720  48.47754577  22.03366354	 0.00622000  0.01907915 -0.33743989  0.70366711 -0.36987376 -0.00991781 -0.06025454 -0.14063844  0.01254686  0.49622248 -0.47939437  0.01880708	 0.04031836 -0.31614589  0.28967624 -0.09916571 -0.21015961  0.73278769  0.09624918 -0.30469485  0.09459078  0.04640336  0.14757283  0.54438855	 0.06368209 -0.33283191  0.30358824 -0.11907706 -0.20320634  0.73810787  0.07684650 -0.30432902  0.12591001  0.00988893  0.15896332  0.52140880	0.15055025 0.11862004 3.90739746	-0.01196168  0.01704114 -0.06729631	-0.01511436  0.01444272 -0.06933851	 0.00310318  0.01458621 -0.99988880	0.35000000	0.00000000	0.00000000	0.88224500	-0.96220422	-0.50673836	1.33945024	1.38134611	0.62751871	-3.59699106	-2.53593898	2.81073046	-3.50153065	3.20930290	0.40928924	-0.73681432	1.17538297	-0.84859961	2.86043000	-0.05197147	-2.28125501	0.60485953	-1.13519752	0.11809488	4.79613352	0.51117527	-0.63360769	
0.00849900	  -2.76454038  -11.66976793 -842.38294013  -27.75549263  -24.66886386   -8.85715561	  23.09400001   61.36206519 -221.16462127  -12.22039097   33.37292897    7.91444599	  0.58807550 -29.81975412  -5.13647038 -90.47499904  -9.08938332 -17.56554121  11.19187361  39.10916924   1.12407632  22.70237213  45.18035826  23.09643278	 0.00678057  0.01634482 -0.33507034  0.70304275 -0.37172597 -0.00484909 -0.05966494 -0.14336101  0.01346472  0.49655708 -0.47798760  0.02342538	 0.06893047 -0.26759754  0.21733505 -0.03733624 -0.22522287  0.43735267  0.05362051 -0.28814331  0.06304443  0.06292231  0.15775710  0.49882632	 0.06457676 -0.31135748  0.26999814 -0.06182361 -0.22190590  0.54873272  0.06681137 -0.32243865  0.09930059  0.04945598  0.16535031  0.54070877	0.14655603 0.11384935 3.91022175	 0.01323755  0.01501114 -0.06334281	-0.00283622  0.01514587 -0.06652372	 0.00322841  0.01457361 -0.99988859	0.35000000	0.00000000	0.00000000	0.87849957	-0.91198462	-0.47702163	1.31737721	1.54657710	0.66292423	-3.67817926	-2.61054254	2.92698908	-3.37794471	3.09509110	0.42399916	-0.72616959	1.17032826	-0.84567440	2.98808289	-0.12896302	-2.29594684	0.60557103	-1.19259083	0.01301696	4.86016893	0.50532860	-0.51760751	
0.00849100	  -7.53892056   -8.04672704 -872.50757088  -20.45400158  -29.27169095   -9.99394683	  23.39814748   69.78603255 -181.87481962   -9.82148907   27.54185973    9.12028472	 -0.84046739 -26.24103564  -3.99399948 -97.17632958 -10.99611805  -4.47743912  10.56995916  50.38544512  -3.43445369  27.10789664  36.00536737  23.98423985	 0.00728236  0.01381629 -0.33292673  0.70278304 -0.37370722 -0.00139640 -0.05912615 -0.14617906  0.01403486  0.49743303 -0.47656026  0.02798808	 0.05102285 -0.26642944  0.23119558 -0.01669529 -0.20464884  0.32698776  0.05344624 -0.32779202  0.04436932  0.14960442  0.15752780  0.49754600	 0.05846246 -0.29104888  0.24930298 -0.02526670 -0.23303120  0.38686784  0.06113417 -0.33000192  0.05798099  0.11972833  0.16777597  0.52718774	0.14236343 0.10728311 3.91253303	 0.02038527  0.01595603 -0.05765120	 0.01111511  0.01555528 -0.06235794	 0.00335397  0.01441919 -0.99989041	0.35000000	0.00000000	0.00000000	0.84601641	-0.84433538	-0.43866885	1.29169035	1.65336287	0.74109840	-3.73927164	-2.63058496	2.98942947	-3.27361584	2.97316980	0.43538037	-0.81860495	1.19195735	-0.82583928	3.12442851	-0.18625399	-2.30965829	0.63543195	-1.21237147	-0.06366713	4.85398340	0.51905990	-0.37906623	
0.00849900	 -10.24791232   -5.97963586 -918.86910583  -13.60902864  -31.49986557  -10.99897457	  10.23214332   83.99965281 -112.99415063   -5.56300898   17.42862259   12.06870639	  -2.34305314  -22.25237441   -0.09050478 -106.18093136  -11.50076061    4.76313785   10.46486589   59.64409924   -7.57456055   38.71625981   22.99888802   28.08773482	 0.00770838  0.01150930 -0.33082535  0.70267508 -0.37579622  0.00127188 -0.05864333 -0.14885216  0.01424511  0.49908993 -0.47530419  0.03214498	 0.02588291 -0.23166014  0.23510343 -0.02155409 -0.25390575  0.24935573  0.06791271 -0.28306647  0.01503387  0.20779073  0.11298913  0.44878822	 0.04659654 -0.26527524  0.24832665 -0.01158109 -0.24545450  0.30223173  0.05663409 -0.30909180  0.02017423  0.21049372  0.14066200  0.47433021	0.14301174 0.09821796 3.91120817	 0.02075853 -0.00302106 -0.04589582	 0.01719562  0.00879738 -0.05478831	 0.00340631  0.01424621 -0.99989272	0.35000000	0.00000000	0.00000000	0.80128920	-0.75384420	-0.37886307	1.25192499	1.78422439	0.85300434	-3.81672502	-2.66174006	3.10793877	-3.12536335	2.85093856	0.45818385	-0.89556330	1.20930111	-0.81316251	3.32506323	-0.25699288	-2.30335259	0.67028779	-1.23524737	-0.10183584	4.88608408	0.53053427	-0.25118455	
0.00851300	 -15.83256726   -7.91023049 -944.42828535   -6.93852164  -35.72291212  -12.47673445	 14.54250158  96.95611936 -92.62189295  -4.31360836  14.43131264  13.23108463	  -3.94530053  -18.25893897   -1.92688935 -114.52036110  -13.58653240   12.13686468    9.97439339   67.76255655  -17.10208493   45.22865410    8.76669055   36.59453410	 0.00802757  0.00938420 -0.32857015  0.70263662 -0.37793930  0.00356266 -0.05822329 -0.15131977  0.01409532  0.50191527 -0.47449017  0.03616585	 0.00552399 -0.22162557  0.25789662  0.01814908 -0.24433357  0.24497695  0.02670604 -0.26437038 -0.03321708  0.39437999  0.06820646  0.49660383	 0.03320001 -0.24469897  0.26368366 -0.00369807 -0.25273308  0.26390982  0.04660786 -0.28231764 -0.02832545  0.35521469  0.08239891  0.48476771	0.14295509 0.08729453 3.91038824	 0.01528429 -0.01553880 -0.03330618	 0.01746363 -0.00412634 -0.04396072	 0.00331345  0.01409030 -0.99989524	0.35000000	0.00000000	0.00000000	0.76602226	-0.62319005	-0.28413969	1.19512308	1.84625900	0.98983634	-3.95367980	-2.66986895	3.25057578	-2.90185809	2.70176458	0.49976715	-0.99605393	1.22850263	-0.77719218	3.60787582	-0.35224402	-2.24490738	0.68333566	-1.26076984	-0.06470947	4.90345812	0.55332184	-0.15962505	
0.00846200	 -19.64481559  -11.10634284 -960.21315284   -0.77818608  -38.70341157  -14.83407982	  13.69427531  111.49977443 -100.13639335   -4.66715017   15.91305051   15.11522738	  -6.30833677  -13.39704621   -2.50021889 -123.63496646  -14.69401887   17.87769377   12.80929926   75.91604781  -22.84390792   55.85683377   -5.25587942   44.11398894	 0.00826215  0.00754730 -0.32624832  0.70258151 -0.38006054  0.00563933 -0.05781764 -0.15354729  0.01319809  0.50638500 -0.47430808  0.04115917	 0.02999706 -0.18325164  0.30463418 -0.01432049 -0.24380119  0.26256864  0.03387362 -0.27668608 -0.16470235  0.67591178 -0.02858312  0.70148125	 0.02533240 -0.21030276  0.27691480 -0.00808834 -0.25055161  0.24406785  0.04799538 -0.25790696 -0.12569826  0.56910208  0.00680096  0.62619610	0.14200888 0.07386724 3.91164357	-0.00223222 -0.02347492 -0.02250631	 0.00961568 -0.01474353 -0.03277395	 0.00314019  0.01403258 -0.99989661	0.35000000	0.00000000	0.00000000	0.73413014	-0.44077122	-0.16918978	1.08470213	1.87715304	1.20781684	-4.17546701	-2.68868494	3.50413442	-2.60895324	2.59359789	0.52847087	-1.07056475	1.20290494	-0.73626381	3.93108988	-0.47128353	-2.13814402	0.64907020	-1.27992570	0.05902494	4.96946907	0.59625417	-0.11199424	
0.00800000	  -24.88264643   -10.24535566 -1013.70909776     4.13245476   -44.05130215   -12.86958049	  5.69705897  54.27603588 -16.21749101  -1.81988785   2.92434140   2.47188654	 -10.41233476  -10.33569717   -3.77284364 -134.74352902  -17.17803615   23.26622760   19.00631658   81.84035158  -23.99642470   72.54200217  -25.48179379   47.75021482	 0.00838166  0.00608680 -0.32399402  0.70244977 -0.38200615  0.00743329 -0.05708587 -0.15510345  0.01142307  0.51270178 -0.47501336  0.04797073	 0.01652323 -0.18224492  0.31878451 -0.02720971 -0.23559457  0.22307886  0.15152584 -0.15325174 -0.31824274  0.98744273 -0.14756511  1.09128294	 0.01318077 -0.18165962  0.28637949 -0.01992713 -0.24096801  0.22399325  0.11350068 -0.17473607 -0.24441363  0.83970951 -0.11120223  0.92000218	0.14099503 0.06212344 3.91209124	-0.00382875 -0.02966961 -0.01133692	-0.00089875 -0.02259320 -0.02205414	 0.00292328  0.01409128 -0.99989644	0.35000000	0.00000000	0.00000000	0.71679580	-0.24858631	-0.05541011	0.95086896	1.90154755	1.44968736	-4.46558905	-2.72613621	3.83784795	-2.31375742	2.54562831	0.54193532	-1.14152837	1.14534020	-0.72086728	4.32494068	-0.60042226	-2.07074714	0.57294154	-1.31456077	0.22853747	5.11413097	0.65697271	-0.10487131	
0.00853200	  -33.38285840    -4.52779301 -1015.28525745    12.07605505   -54.41526092   -15.09184015	 5.27853728 35.82176527  3.66941671 -1.03841711  0.24142638  0.03097983	 -15.22472396    1.30869955   -9.81602785 -139.95243847  -27.95632356   32.31866682   26.61066107   77.31283522  -23.92361742   80.82959104  -44.08557308   42.93014723	 0.00843304  0.00446114 -0.32151426  0.70218345 -0.38402467  0.00934875 -0.05485202 -0.15566871  0.00835259  0.52232724 -0.47739593  0.05872321	 0.00033605 -0.20585147  0.28071024 -0.03119296 -0.19414868  0.19930047  0.34644127 -0.01196534 -0.39853216  1.21997048 -0.37543038  1.33178490	 0.00344510 -0.19317113  0.29214825 -0.03162172 -0.23298925  0.22313344  0.29443766 -0.04505604 -0.38162848  1.18623579 -0.32572243  1.31503430	0.14053255 0.05501651 3.90973239	 0.01806095 -0.03460134 -0.00537301	 0.00610759 -0.02915201 -0.01248636	 0.00264754  0.01402241 -0.99989818	0.35000000	0.00000000	0.00000000	0.73849899	-0.12138557	0.02687772	0.80061829	1.93805063	1.64069355	-4.63246822	-2.71474791	4.01760149	-2.14660621	2.50271893	0.57238221	-1.18684196	1.16723573	-0.74142057	4.61286688	-0.66208857	-2.04607129	0.49079108	-1.31804180	0.32128251	5.25462151	0.64510179	-0.10395571	
0.00800500	  -45.34002316    12.92984026 -1011.38605486    16.92652511   -65.56085212   -16.26247417	 7.15087426 20.26582000  5.72198877 -0.60544647  0.12617506  0.03769360	 -20.43974309   24.83667207  -16.27262744 -142.51543084  -39.02135012   39.00949776   24.11620521   60.61096549  -29.01399785   70.25674476  -44.67177415   23.13361087	 0.00846682  0.00290175 -0.31919669  0.70197160 -0.38594744  0.01114114 -0.05131390 -0.15521320  0.00423624  0.53421302 -0.48176192  0.07056682	 0.00524738 -0.17867044  0.28528984 -0.00629846 -0.20188523  0.22373737  0.48242309  0.08913204 -0.55141263  1.49878969 -0.60798863  1.32067346	 0.00383487 -0.19168371  0.28667813 -0.02269483 -0.23696544  0.22253726  0.45742351  0.07251147 -0.52933194  1.51349324 -0.57723024  1.45031174	0.13975185 0.04776037 3.90762818	 0.02237630 -0.03198638 -0.00301756	 0.01564511 -0.03174517 -0.00706226	 0.00237827  0.01385265 -0.99990122	0.35000000	0.00000000	0.00000000	0.78289491	-0.01794985	0.06095971	0.57654095	2.05416656	1.80814183	-4.63265038	-2.72932673	4.05560064	-2.12596273	2.46792102	0.57313156	-1.05886841	1.18804610	-0.79347247	4.62006855	-0.64267761	-1.99143922	0.35187095	-1.26951241	0.35406995	5.33496141	0.48961645	-0.08986653	
0.00844300	  -50.52669780    28.22510237 -1020.60339484    18.37714691   -69.98445715   -14.22205618	 6.93712894  8.56726580  5.20220882 -0.28068342  0.16597452  0.02390812	 -24.40238363   38.85104370  -17.66637860 -148.23686641  -40.23670077   41.90285921   14.40169366   40.03446078  -32.86500458   58.88175595  -29.74700171   12.49039055	 0.00847485  0.00126945 -0.31685971  0.70181781 -0.38801005  0.01291163 -0.04662765 -0.15379619 -0.00138247  0.54933693 -0.48824671  0.08219333	 0.00453365 -0.20636145  0.27828842 -0.02112741 -0.22301896  0.18563413  0.61449408  0.21444802 -0.75970338  2.04113669 -0.86559358  1.32913553	 0.00133483 -0.19321324  0.27638027 -0.01690361 -0.24156702  0.20648716  0.56247866  0.17874506 -0.69272890  1.83945881 -0.79289526  1.33812462	0.13862865 0.04130540 3.90674364	 0.03365273 -0.02457263 -0.00135118	 0.02416582 -0.02908187 -0.00378579	 0.00213784  0.01361565 -0.99990502	0.35000000	0.00000000	0.00000000	0.81414801	0.07158331	0.06973852	0.36744815	2.26444268	1.95647550	-4.70431232	-2.80867219	4.11843491	-2.12436557	2.43169904	0.56321239	-0.94138414	1.20557570	-0.79841393	4.59470606	-0.61907339	-1.92255259	0.28193459	-1.24651325	0.31986669	5.38981152	0.29281178	-0.05456166	
0.00804800	  -54.10532017    44.27437644 -1025.37540538    18.78997670   -72.41751300   -15.07866076	 6.23683606  2.72115395  3.90434646 -0.09938852  0.18916915 -0.04467838	 -26.43158928   54.00315070  -18.36297985 -150.62733436  -41.53659546   44.58575255    5.49253995   23.05626231  -30.42547859   45.45236482  -15.31730327   11.26311874	 0.00843776 -0.00025448 -0.31477013  0.70169032 -0.38991028  0.01443090 -0.04201978 -0.15194143 -0.00780536  0.56536754 -0.49525772  0.09118743	-0.02018323 -0.15143616  0.22801951  0.01642293 -0.19808931  0.14402376  0.50122907  0.22882416 -0.81916650  1.95354369 -0.82519397  0.90863518	-0.00595262 -0.18755401  0.25661917 -0.01343098 -0.23276499  0.18477221  0.56398095  0.23350708 -0.81541398  2.01494987 -0.87492341  1.08366028	0.13844142 0.03469764 3.90641030	 0.04232810 -0.01879642  0.01054756	 0.03349531 -0.02400027  0.00194106	 0.00196717  0.01330809 -0.99990951	0.35000000	0.00000000	0.00000000	0.82236874	0.11714853	0.08918585	0.20821570	2.35701609	2.08230710	-4.69440937	-2.79749489	4.11569452	-2.08594012	2.39916062	0.56614673	-0.79915851	1.21787763	-0.78668737	4.53516340	-0.59363872	-1.83916700	0.21593660	-1.20751262	0.39545572	5.36020994	0.13900802	-0.12065710	
0.00849700	  -58.53519155    53.34792988 -1026.09970296    21.23840514   -75.47418922   -14.48598348	 6.01637204  3.32060540  2.92051764 -0.08703898  0.19296798 -0.11975014	 -25.76993720   63.67532563  -18.55329263 -152.38368827  -44.49980146   48.72639346    3.31986052   13.23676437  -27.22730565   37.41645266   -8.85153148   18.98579654	 0.00826882 -0.00186515 -0.31258054  0.70153875 -0.39188465  0.01588968 -0.03746168 -0.14966844 -0.01558008  0.58368810 -0.50295606  0.09921002	-0.04091555 -0.16298216  0.26802675 -0.00817758 -0.21035797  0.14056489  0.49792628  0.25259968 -0.89964513  2.06760647 -0.86570929  0.83626360	-0.02256223 -0.18677246  0.25720155 -0.01564119 -0.22936877  0.16678004  0.52422147  0.26650930 -0.92392628  2.16274788 -0.89914312  0.92779628	0.13952333 0.02796064 3.90597396	 0.04962977 -0.01565922  0.02442332	 0.04211594 -0.01926244  0.01302379	 0.00182559  0.01291467 -0.99991494	0.35000000	0.00000000	0.00000000	0.82553566	0.14151227	0.12383404	0.13676809	2.38776422	2.16224575	-4.71107864	-2.75553560	4.11394596	-2.02315855	2.35256577	0.57494056	-0.76477891	1.24991322	-0.74114853	4.56351995	-0.59115899	-1.77892792	0.19704217	-1.18695772	0.45343441	5.30093050	0.05478832	-0.17715836	
0.00849900	  -59.95301936    62.92129122 -1023.14789214    22.81566946   -76.32913403   -13.34241729	 6.62641697  1.82296245  2.35081668 -0.02809449  0.17121271 -0.11393574	 -24.30493073   73.85734224  -19.81774797 -152.34613615  -45.65309626   51.69257748    4.29289781    4.93055664  -24.09163889   30.59112261   -9.84277777   20.59360215	 0.00800662 -0.00344038 -0.31044673  0.70139595 -0.39383702  0.01720756 -0.03341529 -0.14725720 -0.02415802  0.60291121 -0.51066072  0.10667280	-0.03917714 -0.17111140  0.24274482 -0.02316047 -0.20673446  0.13167530  0.42489130  0.27945243 -0.94902950  2.11487762 -0.84796374  0.78365018	-0.03376394 -0.18405462  0.25100099 -0.01643711 -0.22907123  0.15026029  0.46488902  0.28344141 -1.01486789  2.26021585 -0.90253640  0.86815065	0.14146650 0.02156651 3.90528254	 0.05480449 -0.01409142  0.03409297	 0.04911302 -0.01626807  0.02442043	 0.00170349  0.01246757 -0.99992083	0.35000000	0.00000000	0.00000000	0.84257799	0.14380468	0.16094176	0.07440943	2.39368391	2.23955917	-4.68119717	-2.71702290	4.09749699	-1.98322582	2.33613801	0.59253955	-0.70858276	1.26510108	-0.73868126	4.58562469	-0.58372927	-1.74292910	0.15188631	-1.16046822	0.54033834	5.26309061	0.00968122	-0.24047768	
0.00847800	  -60.54406272    71.08456421 -1023.47776426    24.52294572   -76.30353364   -12.68922273	 7.28039619 -1.33073697  2.08669516  0.06767848  0.14786716 -0.06710915	 -23.49580543   82.57719827  -20.22679415 -152.98691654  -45.72896326   54.68878597    6.05827303   -2.27069955  -21.30720124   25.68925986  -11.97603837   18.67732963	 0.00770465 -0.00493710 -0.30831479  0.70127438 -0.39578635  0.01842432 -0.02986374 -0.14482884 -0.03332065  0.62265903 -0.51845047  0.11369704	-0.03695586 -0.18178549  0.25529372  0.00324054 -0.24831385  0.13191914  0.37483476  0.30084480 -1.12892874  2.37698139 -0.92836810  0.82332831	-0.03610394 -0.17523461  0.25121933 -0.01213552 -0.23248189  0.14141682  0.40828115  0.28713836 -1.08984166  2.33414525 -0.92062687  0.81831803	0.14421367 0.01563214 3.90458602	 0.05826025 -0.01426330  0.03898974	 0.05417059 -0.01488368  0.03271564	 0.00158757  0.01198523 -0.99992691	0.35000000	0.00000000	0.00000000	0.86228520	0.14115039	0.19499998	0.00788872	2.43183064	2.31535816	-4.65410185	-2.70265007	4.09944725	-1.95469749	2.33076477	0.60411680	-0.64330530	1.26775074	-0.75639468	4.60360765	-0.58039635	-1.72870886	0.10071055	-1.14173424	0.61261588	5.25256157	-0.03037705	-0.27979752	
0.00851900	  -59.68088628    76.89642141 -1022.87499119    26.34997774   -74.97688194   -12.68638916	 7.59335383 -4.02559556  1.63419671  0.14850088  0.13724120 -0.02865629	 -23.53298387   89.45743704  -21.06647633 -152.68701637  -44.57096770   57.52110904    7.41758830   -8.25984627  -20.01117831   21.74329447  -11.49124085   17.23724227	 0.00735148 -0.00637531 -0.30614894  0.70114299 -0.39773596  0.01951706 -0.02675167 -0.14241498 -0.04291435  0.64269751 -0.52639806  0.12000121	-0.04807322 -0.13187497  0.25922852 -0.02381580 -0.20877779  0.13087281  0.29834872  0.26047758 -1.06942953  2.18675112 -0.87757165  0.63660567	-0.04082015 -0.16593196  0.25497558 -0.01613144 -0.22986253  0.12784925  0.35286601  0.28220966 -1.12994206  2.34767335 -0.93155508  0.72358874	0.14713990 0.01012091 3.90398150	 0.06077816 -0.01421492  0.04191273	 0.05782427 -0.01447865  0.03797986	 0.00147038  0.01147795 -0.99993305	0.35000000	0.00000000	0.00000000	0.86917078	0.13316831	0.22547814	-0.05671201	2.47413588	2.38206577	-4.62276173	-2.69032383	4.10465717	-1.92099202	2.32243609	0.61701107	-0.56259900	1.25351942	-0.77885914	4.60470581	-0.58939952	-1.71472335	0.05310129	-1.12596095	0.68541402	5.23397875	-0.06903834	-0.31962475	
0.00806100	  -59.45852404    79.90436958 -1020.92363845    29.03441435   -73.53178376   -12.39580439	 7.67782669 -4.68056292  1.25116906  0.17508387  0.14045076 -0.02271829	 -23.15488031   94.82946014  -21.51842387 -151.21564513  -43.54499012   60.94417554    8.40300847  -12.41280127  -20.23089343   19.79991206   -9.70551322   18.79822524	 0.00700937 -0.00767626 -0.30411936  0.70106030 -0.39960307  0.02046537 -0.02421933 -0.14023936 -0.05229547  0.66165092 -0.53395128  0.12530013	-0.02327910 -0.15679217  0.22260806 -0.02949473 -0.20635069  0.10242986  0.23758725  0.24587210 -1.02367857  2.05539089 -0.85221936  0.55543190	-0.04182194 -0.15890073  0.24957981 -0.01077688 -0.22921276  0.11379850  0.30029054  0.26685614 -1.15233873  2.31804665 -0.92534799  0.64145330	0.14973757 0.00535773 3.90333055	 0.06200670 -0.01324757  0.04252333	 0.06016459 -0.01396405  0.04074292	 0.00136421  0.01098571 -0.99993872	0.35000000	0.00000000	0.00000000	0.86369622	0.12013938	0.25569749	-0.10827670	2.50296497	2.43351960	-4.58899927	-2.66605568	4.10301113	-1.87560046	2.30508709	0.63040817	-0.49262208	1.23861897	-0.78878641	4.60172129	-0.60911930	-1.69845891	0.02186598	-1.11440468	0.74312568	5.19211245	-0.09118306	-0.35792303	
0.01598600	  -60.95453078    79.97790278 -1023.95629116    32.71346887   -72.43069815   -12.18098295	 7.75049157 -4.96607982  1.24096211  0.18103987  0.14758815 -0.01373072	 -23.06819017   99.46915150  -21.09535156 -151.11210120  -42.50817865   64.19133002    9.41744010  -14.80161029  -20.72777041   19.93382067   -8.90277082   19.87954766	 0.00634218 -0.01002627 -0.30006243  0.70099356 -0.40339545  0.02221556 -0.02018279 -0.13628599 -0.07200465  0.69962426 -0.54895683  0.13486130	-0.04191225 -0.14320859  0.25645019 -0.00322519 -0.24107355  0.10666163  0.23617646  0.24067391 -1.25635027  2.39037082 -0.94182201  0.58606319	-0.04127839 -0.14459826  0.25378672 -0.00362905 -0.23815210  0.10695139  0.24211534  0.24311671 -1.23919900  2.37090020 -0.93572557  0.58933317	 0.15459396 -0.00230505  3.90254104	 0.06221572 -0.01123228  0.03961071	 0.06177975 -0.01217704  0.04048502	 0.00117574  0.00999122 -0.99994940	0.35000000	0.00000000	0.00000000	0.88271040	0.10934425	0.30420464	-0.15779328	2.61720872	2.51049352	-4.63512850	-2.70491815	4.16713524	-1.82587337	2.26905656	0.64079750	-0.46605891	1.23137295	-0.79043448	4.66612530	-0.64640427	-1.69974148	0.00455752	-1.12328565	0.74747592	5.19911146	-0.12572649	-0.33396548	
0.00850000	  -56.61552378    85.00461807 -1021.24035136    34.29764070   -68.63293945   -11.90748213	 7.79211982 -9.11410311  0.00720916  0.30059172  0.11902561  0.04861349	 -22.80609027  106.16391850  -22.08994418 -150.66554105  -38.98810744   66.92207748   11.07707326  -21.22590655  -17.33374126   12.50800125   -7.48679142   15.22323067	 0.00601765 -0.01115985 -0.29788651  0.70097825 -0.40544716  0.02301495 -0.01854844 -0.13443946 -0.08291164  0.71968060 -0.55683638  0.13920618	-0.03384231 -0.11446816  0.24708657 -0.00928554 -0.21390090  0.09817585  0.19404310  0.17340821 -1.20355829  2.15724099 -0.85313535  0.40093941	-0.03756339 -0.13014320  0.25871569 -0.00147249 -0.24198242  0.09339570  0.18888683  0.21191852 -1.28380963  2.34589890 -0.92179426  0.48979586	 0.15739370 -0.00614959  3.90232500	 0.06204744 -0.00992852  0.03705626	 0.06201260 -0.01106318  0.03894001	 0.00108912  0.00946247 -0.99995464	0.35000000	0.00000000	0.00000000	0.89597529	0.08123637	0.33456302	-0.24138334	2.66736913	2.58588219	-4.58139229	-2.69472837	4.16493416	-1.79356718	2.27812028	0.65197146	-0.34053722	1.20228386	-0.83488548	4.62070990	-0.65375179	-1.69345272	-0.05943514	-1.10476112	0.85064071	5.18464327	-0.16082673	-0.39155346	
0.00850900	  -52.52468974    83.01154769 -1022.51101119    37.95643901   -63.88609154   -11.36983171	 7.31665331 -7.71691786 -0.19760777  0.26736869  0.11372740  0.03989088	 -22.24372458  107.47579336  -22.04583578 -148.73463869  -34.82103306   70.69735390   12.13910247  -21.10481578  -16.73735094   13.09396932   -5.73885586   19.21499717	 0.00572709 -0.01221691 -0.29570199  0.70094056 -0.40750708  0.02373920 -0.01723337 -0.13279937 -0.09394908  0.73935696 -0.56452512  0.14273366	-0.02146706 -0.10909291  0.22126430 -0.00253322 -0.20969920  0.08093834  0.15203004  0.16062458 -1.21935838  2.16757709 -0.85010411  0.39113519	-0.03183948 -0.12103100  0.25533633 -0.00416539 -0.23927301  0.08615687  0.15079282  0.18585831 -1.29107678  2.29299818 -0.89511640  0.40820206	 0.16001805 -0.00992158  3.90226843	 0.06142134 -0.00836418  0.03372907	 0.06179318 -0.00972040  0.03642749	 0.00101436  0.00893744 -0.99995955	0.35000000	0.00000000	0.00000000	0.88279933	0.05405200	0.36602929	-0.27281922	2.71240115	2.63056898	-4.57537174	-2.68788981	4.18552732	-1.74787962	2.26272941	0.66437376	-0.28799683	1.18286693	-0.84294438	4.63395786	-0.68728757	-1.69619834	-0.06655031	-1.11066270	0.89751399	5.15732098	-0.16271049	-0.41546094	
0.00848900	  -52.75671535    81.43266453 -1023.41969146    41.09520483   -61.67309503   -11.55285519	 7.60172342 -6.94818635 -0.27195787  0.24917403  0.11855914  0.03689461	 -22.58707865  109.83708239  -20.99928498 -146.94712341  -33.12068805   73.48910511   12.82685264  -21.77835834  -17.87111332   12.84221079   -6.28013103   21.03159133	 0.00544340 -0.01318224 -0.29347438  0.70090837 -0.40959694  0.02441082 -0.01614658 -0.13139346 -0.10516020  0.75863818 -0.57195926  0.14601830	-0.01889267 -0.11394230  0.26825824  0.00569943 -0.24137211  0.07456815  0.08530042  0.14519928 -1.29243136  2.18350437 -0.84516690  0.35580722	-0.03223171 -0.11185706  0.26166776 -0.00133827 -0.24447432  0.07877447  0.12278324  0.16135248 -1.31701782  2.25323552 -0.86882567  0.38399815	 0.16246450 -0.01350198  3.90231462	 0.05980212 -0.00674151  0.03005017	 0.06089866 -0.00819949  0.03321841	 0.00095291  0.00842209 -0.99996408	0.35000000	0.00000000	0.00000000	0.87901610	0.03218113	0.40231845	-0.30345669	2.75487280	2.66671109	-4.57193422	-2.68176270	4.20163536	-1.70481586	2.24289846	0.66935360	-0.24595213	1.16907918	-0.85154009	4.65832567	-0.71507508	-1.70600307	-0.07992809	-1.11531639	0.93514639	5.13678789	-0.16357616	-0.42993474	
0.00849700	  -50.86328777    80.74662683 -1025.30349589    42.88096680   -58.95085348   -11.13122874	 7.62592637 -7.50357854 -0.30639170  0.26137679  0.11422543  0.04477535	 -21.94437182  111.95392203  -20.59989522 -145.91884995  -29.33835733   75.81168503   12.67243126  -22.75523281  -17.87847713   13.00915192   -6.80055468   19.96013236	 0.00521874 -0.01404901 -0.29124628  0.70085635 -0.41170661  0.02504345 -0.01526703 -0.13023284 -0.11650338  0.77751617 -0.57918403  0.14922638	-0.00891599 -0.08650875  0.26756679  0.00239380 -0.25296194  0.05766023  0.09410954  0.13058718 -1.33000577  2.19315224 -0.83573500  0.37349494	-0.02536961 -0.10038263  0.26421177 -0.00594763 -0.25014147  0.07371744  0.10237374  0.13705859 -1.34378720  2.23101415 -0.85369942  0.37558155	 0.16374140 -0.01442099  3.90245428	 0.05792006 -0.00486650  0.02600638	 0.05942747 -0.00651715  0.02957087	 0.00090582  0.00792200 -0.99996821	0.35000000	0.00000000	0.00000000	0.88295585	0.01010974	0.43099859	-0.34588304	2.81380677	2.71609616	-4.56862259	-2.69550776	4.22346163	-1.68110657	2.23742294	0.67761242	-0.19124015	1.15378308	-0.87341481	4.67331648	-0.73246163	-1.71962118	-0.09560855	-1.11777437	0.97655016	5.13710451	-0.16438667	-0.44057077	
0.00905300	  -47.66782444    78.13635346 -1026.72463768    46.04181020   -54.02333667   -10.92795267	 7.56885847 -8.70346133 -0.54075835  0.29023531  0.10444727  0.05694854	 -22.21309610  113.38347554  -19.92228352 -143.91256773  -25.70736198   77.81556231   12.00917767  -23.74019164  -17.50412002   12.35222670   -6.70161398   18.55590962	 0.00498173 -0.01488764 -0.28886126  0.70077751 -0.41395499  0.02564214 -0.01459181 -0.12930489 -0.12866154  0.79705437 -0.58662671  0.15226841	-0.02448529 -0.08383733  0.26340655 -0.01026523 -0.25481168  0.05821169  0.06687455  0.09172166 -1.33642170  2.12100837 -0.81238507  0.31428803	-0.02560594 -0.08934188  0.26114184 -0.00930549 -0.24771372  0.06394253  0.06891391  0.09754357 -1.33511718  2.13564693 -0.81431051  0.32517130	 0.16557327 -0.01705894  3.90286395	 0.05613295 -0.00322558  0.02388764	 0.05764609 -0.00471722  0.02622334	 0.00087184  0.00740954 -0.99997217	0.35000000	0.00000000	0.00000000	0.88008225	-0.02268734	0.45807904	-0.39149323	2.85976338	2.76282907	-4.53748035	-2.69214582	4.23370123	-1.64390194	2.23301816	0.68986011	-0.10317127	1.12530220	-0.90967661	4.66769171	-0.75554103	-1.73840809	-0.12227989	-1.11585617	1.04931831	5.12580919	-0.15581803	-0.47260481	
0.00840800	  -46.90402268    73.55730051 -1029.91025568    49.54844387   -50.89727090   -10.40829835	 7.56394687 -7.47627658 -0.25971671  0.25123174  0.11375484  0.04620543	 -21.58140014  113.45315623  -18.67562439 -142.36506733  -22.82154304   80.71761596   12.22122128  -21.71731168  -19.10684039   14.49765200   -6.70624857   20.37473866	 0.00479461 -0.01558406 -0.28658014  0.70067765 -0.41607367  0.02606545 -0.01421466 -0.12868944 -0.14031575  0.81508256 -0.59342791  0.15477702	-0.04489881 -0.08850786  0.25972580 -0.02139714 -0.26701788  0.04693710  0.05701143  0.04292322 -1.46841261  2.17635242 -0.79033231  0.30768590	-0.02410009 -0.08195541  0.26756761 -0.01258635 -0.25338697  0.04945045  0.04419287  0.06750114 -1.38586227  2.13204510 -0.80139124  0.29740894	 0.16717172 -0.01964399  3.90342484	 0.05399613 -0.00166102  0.02110455	 0.05584566 -0.00314740  0.02368045	 0.00085278  0.00694158 -0.99997554	0.35000000	0.00000000	0.00000000	0.87630051	-0.03852805	0.49148086	-0.41970104	2.95180464	2.80142164	-4.58484030	-2.72671413	4.28729582	-1.61204815	2.20701194	0.69007587	-0.08621053	1.11112118	-0.91137928	4.71483278	-0.79262334	-1.75857270	-0.11729296	-1.13701177	1.04149735	5.13691425	-0.16270906	-0.44282532	
0.00800400	  -43.81310844    70.11786526 -1030.96969360    52.04306198   -46.91244319    -9.93135405	 7.51772043 -7.71018133 -0.61791198  0.25553414  0.09706179  0.06726263	 -21.08537755  114.05920815  -18.41838087 -141.09863076  -19.19835967   82.15097886   12.21724293  -21.40941644  -17.54262033   12.54362839   -7.34893886   19.65819573	 0.00464473 -0.01613494 -0.28438999  0.70054723 -0.41806204  0.02634571 -0.01405874 -0.12831490 -0.15140342  0.83168002 -0.59968160  0.15696271	-0.00771393 -0.08005579  0.29363343 -0.01857578 -0.28957804  0.04709069  0.01379089  0.05386159 -1.51351780  2.21784071 -0.82249626  0.29704746	-0.01923078 -0.06979625  0.27871962 -0.01702695 -0.25491307  0.03343975  0.01840349  0.04473778 -1.41561029  2.10466824 -0.79310244  0.27388018	 0.16872627 -0.02212952  3.90420157	 0.05190610 -0.00064453  0.01782759	 0.05388461 -0.00182738  0.02093304	 0.00084509  0.00651864 -0.99997840	0.35000000	0.00000000	0.00000000	0.88154262	-0.06471428	0.52065653	-0.45148501	3.01490045	2.84689116	-4.59797716	-2.74719310	4.32253551	-1.58822310	2.20073104	0.69674921	-0.03697182	1.09322679	-0.93464881	4.73921013	-0.81366700	-1.78090453	-0.13427341	-1.14745712	1.09132218	5.15605593	-0.16619796	-0.45397550	
0.00800000	  -40.81881640    67.70593146 -1032.11733151    54.58780292   -42.75785510    -9.84136436	 7.10466884 -6.88622908 -0.83394017  0.22491329  0.09269131  0.07476500	 -21.09548780  114.07960486  -18.32234564 -138.96851268  -15.52961276   84.50908947   11.99910960  -21.25417328  -17.13637035   12.51122031   -5.77532637   19.90056577	 0.00451027 -0.01659543 -0.28218409  0.70036799 -0.42004709  0.02648158 -0.01398266 -0.12815063 -0.16257378  0.84787190 -0.60575717  0.15889922	-0.02998345 -0.07553030  0.32077321 -0.02205461 -0.27665192  0.03085698  0.03016039 -0.00934574 -1.54431678  2.15306453 -0.82037136  0.23781468	-0.01735138 -0.05816235  0.27967602 -0.02196892 -0.25323425  0.01776943  0.00939886  0.01896126 -1.41891713  2.04119003 -0.76461208  0.24231459	 0.17014951 -0.02512763  3.90517691	0.04814254 0.00049465 0.01471366	 0.05146810 -0.00067382  0.01775282	 0.00084541  0.00611612 -0.99998094	0.35000000	0.00000000	0.00000000	0.87477142	-0.09147900	0.54471028	-0.48909649	3.06160378	2.88842797	-4.58959913	-2.74994874	4.33724499	-1.55976427	2.18918228	0.70666134	0.02614227	1.07249320	-0.95525914	4.74056864	-0.83423799	-1.79541230	-0.14437437	-1.14856756	1.14766276	5.14787722	-0.16010644	-0.47740707	
0.00802100	  -39.57550577    64.03899434 -1033.62485085    57.24899636   -39.58290355    -9.52312995	 7.00672069 -5.44911669 -0.79062457  0.17437182  0.09473763  0.06632771	 -20.75834255  113.31998992  -17.44494696 -137.17610529  -12.75081280   86.85928953   10.73692594  -20.16192257  -17.80532302   13.35715929   -5.75265046   20.63626668	 0.00441580 -0.01692510 -0.27995733  0.70014488 -0.42202434  0.02654728 -0.01395650 -0.12808159 -0.17382563  0.86364862 -0.61160368  0.16063978	 0.01375345 -0.04083759  0.26613303 -0.02924039 -0.25087217  0.03248836 -0.01276791 -0.00549331 -1.44355419  1.95428159 -0.69730513  0.19485098	-0.01017973 -0.03907066  0.28045616 -0.02914404 -0.24971708  0.01035022  0.00289784  0.00717506 -1.42166686  1.97946552 -0.73096794  0.21789277	 0.17136376 -0.02890304  3.90630712	0.04123570 0.00164550 0.01216325	0.04687310 0.00049149 0.01488264	 0.00085492  0.00575906 -0.99998305	0.35000000	0.00000000	0.00000000	0.86566257	-0.11370893	0.57115901	-0.51768667	3.10170078	2.92226362	-4.58406496	-2.75165367	4.35006762	-1.54007685	2.17727184	0.71217203	0.07677680	1.05557561	-0.97151816	4.75731373	-0.85088366	-1.81837022	-0.15133107	-1.15091765	1.20931268	5.14253330	-0.14856067	-0.49942809	
0.00953800	  -39.46984562    62.04115963 -1033.41197771    58.55854234   -38.59633172    -9.58741188	 6.95533183 -5.06411869 -0.83725966  0.15893444  0.09308504  0.06594550	 -21.23730176  112.00244546  -16.93787077 -135.45508137  -10.60229212   88.97363746    9.46655111  -21.65923983  -17.99022953   13.30476719   -6.04449311   20.94239357	 0.00430936 -0.01717543 -0.27727201  0.69986447 -0.42437398  0.02656463 -0.01395102 -0.12804105 -0.18729470  0.88186082 -0.61826334  0.16254325	-0.00968890 -0.02348991  0.28099689 -0.03096796 -0.24776288  0.00314166 -0.00020292  0.00338450 -1.41333945  1.90425650 -0.69561110  0.19774781	-0.01088113 -0.02761693  0.28334926 -0.02989397 -0.24869029  0.00324328  0.00079505  0.00460198 -1.42381586  1.93234855 -0.70736279  0.20336089	 0.17167991 -0.02922478  3.90667712	0.03212259 0.00297189 0.01121657	0.03892518 0.00184276 0.01279470	 0.00087785  0.00541261 -0.99998497	0.35000000	0.00000000	0.00000000	0.86268413	-0.14135101	0.59718841	-0.54894435	3.13665342	2.95819521	-4.57811308	-2.74878454	4.36062670	-1.52652991	2.17038655	0.72377241	0.12633507	1.04033327	-0.99236208	4.77819204	-0.86339527	-1.84460938	-0.16447163	-1.14857125	1.28955686	5.14112043	-0.13883518	-0.53884929	
0.00844900	  -36.95656058    47.96460251 -1034.10938911    61.99555989   -33.99592717    -9.59320350	 6.77604481 -3.39541724 -1.31680622  0.09089749  0.08461343  0.05729538	 -20.98860942  111.68124914  -16.00112561 -134.88514185   -7.37029155   89.65455818    8.40147084  -24.27616358  -17.85887231   12.70089726   -5.38351339   20.22060910	 0.00420448 -0.01725452 -0.27486058  0.69956174 -0.42645674  0.02658899 -0.01393683 -0.12804071 -0.19944252  0.89766590 -0.62396139  0.16409209	 0.00660394 -0.00481335  0.25966907 -0.04452789 -0.22277085  0.02145537  0.00485512 -0.01446466 -1.36609704  1.75487663 -0.64053801  0.16940152	-0.01050499 -0.00667446  0.28768796 -0.03736389 -0.24647769  0.00313685  0.00058478 -0.00129802 -1.44835218  1.87324874 -0.67419496  0.17961115	 0.17282186 -0.03273898  3.90804852	0.02806532 0.00390990 0.01210668	0.03264670 0.00294140 0.01202976	 0.00090794  0.00516227 -0.99998626	0.35000000	0.00000000	0.00000000	0.86151522	-0.16604419	0.62303877	-0.59274042	3.18014717	2.99589324	-4.56541681	-2.75230145	4.36925602	-1.51056778	2.16722941	0.73352671	0.19717033	1.02170753	-1.01604414	4.78425312	-0.87063593	-1.86357975	-0.18140101	-1.14385891	1.37344718	5.14118433	-0.13753606	-0.58162224	
0.00848800	  -34.09669861    44.40248741 -1027.19071935    63.95757939   -30.68530873    -8.80548309	 6.37399854 -3.07205928 -1.76312114  0.08075586  0.06740092  0.05368467	 -20.07006391  110.48696995  -16.73151750 -132.42223105   -5.22224351   91.89527702    6.02818666  -26.20496112  -16.71981927   11.85173707   -4.92496365   20.77809012	 0.00408490 -0.01729226 -0.27239428  0.69918167 -0.42853926  0.02664498 -0.01392794 -0.12803678 -0.21163085  0.91293129 -0.62936496  0.16537204	-0.03371925  0.02236932  0.30860236 -0.05393436 -0.21801614  0.01332308  0.02503785 -0.02390799 -1.43634616  1.78810945 -0.63278358  0.15735938	-0.01625336 -0.00135646  0.29136665 -0.04605011 -0.24205689  0.01010433  0.00301846 -0.00162278 -1.43597392  1.78889284 -0.63278321  0.15051740	 0.17390728 -0.03578104  3.90907808	0.02670030 0.00513824 0.01348470	0.02905705 0.00404173 0.01264297	 0.00094709  0.00493093 -0.99998739	0.35000000	0.00000000	0.00000000	0.85574180	-0.19993964	0.64258450	-0.62611508	3.18216252	3.03076363	-4.53432417	-2.72205710	4.35401344	-1.49071980	2.16130042	0.75421345	0.26439530	1.00699365	-1.04150164	4.79226923	-0.87614429	-1.88371527	-0.19868547	-1.12887084	1.48991799	5.11707306	-0.11595073	-0.64960998	
0.00849900	  -33.08430035    42.27977335 -1023.76285622    65.59129947   -27.92600731    -7.88929188	 6.29427406 -2.90523581 -1.81098682  0.08184617  0.06860799  0.04587764	 -18.99853851  111.62819004  -16.15607720 -130.35649419   -2.93033589   92.94091415    4.02668062  -28.14704937  -17.53478820   12.08322951   -4.60821960   22.06393290	 0.00397097 -0.01730239 -0.26990666  0.69877648 -0.43063136  0.02677074 -0.01392736 -0.12811239 -0.22385233  0.92765569 -0.63442412  0.16656134	-0.03424917  0.00552353  0.31653641 -0.01740761 -0.25803919  0.03612578  0.03428204 -0.05063541 -1.43046019  1.70341224 -0.55102640  0.13071300	-0.01485883  0.00086389  0.29684406 -0.04744250 -0.24736381  0.01860800  0.00329531 -0.01247852 -1.44314548  1.73414436 -0.59113344  0.14245001	 0.17477152 -0.03791257  3.90974019	0.02744954 0.00671763 0.01269187	0.02779504 0.00537623 0.01289759	 0.00099832  0.00470190 -0.99998845	0.35000000	0.00000000	0.00000000	0.85297114	-0.22337852	0.66995615	-0.66246593	3.20441127	3.06326795	-4.51629877	-2.70625639	4.34596968	-1.46161997	2.14526606	0.76777422	0.32226413	0.99698216	-1.05481422	4.80780220	-0.88393545	-1.89613533	-0.20824146	-1.12306881	1.56321311	5.09687662	-0.09911554	-0.69453138	
0.00846200	  -30.48029863    40.23222858 -1022.49399987    66.59911263   -23.86356010    -7.33308541	 6.27664498 -3.23209693 -2.01250814  0.09210318  0.05776322  0.05175184	 -18.44347825  112.20161414  -15.72607805 -128.11139429    1.09101152   93.34536636    2.03118351  -29.00808263  -17.07664471   11.26499814   -5.35791729   21.83958051	 0.00386995 -0.01730844 -0.26741637  0.69831414 -0.43271111  0.02691452 -0.01394349 -0.12829121 -0.23612032  0.94179647 -0.63919689  0.16781993	-0.00105159  0.03284119  0.30541439 -0.02799056 -0.27368185  0.02201671 -0.02986959 -0.03086929 -1.46681591  1.65708814 -0.54365980  0.14448454	-0.01261172  0.00230964  0.29691970 -0.05291618 -0.24826334  0.01909708 -0.00247560 -0.02558736 -1.45538794  1.66903208 -0.55970581  0.14993020	 0.17547971 -0.03946195  3.91034018	0.02981336 0.00821539 0.01159908	0.02843684 0.00683253 0.01233457	 0.00106267  0.00445876 -0.99998950	0.35000000	0.00000000	0.00000000	0.85698640	-0.25507066	0.69611293	-0.69786549	3.23773241	3.10481143	-4.50567961	-2.70750880	4.34697056	-1.44288623	2.13936496	0.78406465	0.38507235	0.98377579	-1.07952678	4.82653332	-0.88941914	-1.91995966	-0.22288641	-1.12327623	1.64102566	5.10213327	-0.07905734	-0.73762447	
0.00809200	  -28.84292137    40.89382192 -1021.03265079    67.04195996   -21.17181966    -6.64752301	 5.92683132 -3.82807015 -2.19719012  0.10727342  0.04688709  0.05907654	 -17.55716025  113.17917657  -15.48167908 -126.26672399    3.78203961   94.25340247   -0.00858883  -29.40085411  -15.74366165   10.81309155   -4.76388853   20.73993000	 0.00379270 -0.01731678 -0.26502266  0.69782578 -0.43464198  0.02703849 -0.01394393 -0.12857595 -0.24768313  0.95457651 -0.64341344  0.16895944	-0.00976522 -0.00259557  0.31391647 -0.06959672 -0.23128617  0.01618954 -0.00053256 -0.02882978 -1.41285974  1.56222981 -0.48779666  0.13541885	-0.00806086 -0.00024170  0.30642515 -0.06160046 -0.24692488  0.01767740 -0.00304383 -0.03629814 -1.47359321  1.62401234 -0.53532439  0.14134713	 0.17587460 -0.03990097  3.91061050	0.03197478 0.00871756 0.01009897	0.03015474 0.00790827 0.01131927	 0.00113160  0.00421044 -0.99999050	0.35000000	0.00000000	0.00000000	0.86093980	-0.27750361	0.71685266	-0.73849714	3.28121185	3.14952135	-4.49870729	-2.71011662	4.35009766	-1.42378509	2.12633228	0.79515982	0.44863561	0.97191781	-1.10186458	4.83651543	-0.89150047	-1.93979144	-0.23665619	-1.11907208	1.70839691	5.10828304	-0.06762495	-0.77107382	
0.00847800	  -25.80359142    42.62409738 -1018.26521631    66.88502916   -17.22885176    -6.01979054	 5.44689660 -4.14249757 -2.51496154  0.11635095  0.03340567  0.06320872	 -17.15139802  113.97538805  -15.97295482 -124.10608190    6.66549247   94.50024724   -2.17364657  -29.54588854  -14.80573785   10.12453126   -3.94029792   20.69487351	 0.00369911 -0.01732475 -0.26247431  0.69729293 -0.43668598  0.02718694 -0.01392751 -0.12901470 -0.25989576  0.96749378 -0.64754883  0.17002629	-0.03059617 -0.00812250  0.30470354 -0.04375194 -0.22749722  0.00984698  0.00221572 -0.04734965 -1.35121822  1.41646973 -0.43966760  0.12072259	-0.01086788 -0.00201486  0.30223413 -0.06236713 -0.23874582  0.01805702  0.00215731 -0.05206188 -1.43733880  1.50962811 -0.47956216  0.12298464	 0.17660082 -0.04136822  3.91091236	0.03349814 0.00921743 0.00888352	0.03196083 0.00861656 0.01002490	 0.00120811  0.00393123 -0.99999154	0.35000000	0.00000000	0.00000000	0.85698438	-0.30751526	0.73553860	-0.77405870	3.28253484	3.18684626	-4.44561768	-2.68345523	4.31949043	-1.39010739	2.11275363	0.81350458	0.53857160	0.95537329	-1.13258147	4.82577467	-0.89032304	-1.95839703	-0.25436589	-1.10568738	1.81276822	5.08383131	-0.03342779	-0.84039152	
0.00851700	  -26.38305285    44.95237836 -1019.48639779    66.91718850   -15.36028143    -5.37866088	 5.46806019 -3.25596800 -2.20410675  0.08979858  0.04281551  0.04871628	 -16.38040388  114.22048044  -15.17049633 -122.38942471    8.13780065   95.54357898   -4.48140562  -28.32327867  -16.24322902   11.51263326   -4.19649211   21.87337720	 0.00363032 -0.01731303 -0.25992290  0.69674324 -0.43874097  0.02747935 -0.01393822 -0.12956099 -0.27208471  0.97977195 -0.65134495  0.17098547	-0.01541545  0.02190302  0.26082418 -0.06904640 -0.22016661  0.03866904 -0.00279987 -0.05052199 -1.34577460  1.31923366 -0.39507351  0.08769367	-0.00943330  0.00348342  0.29683355 -0.06468331 -0.24089647  0.03714180 -0.00120048 -0.06257671 -1.42586123  1.42924430 -0.43845834  0.11233224	 0.17713353 -0.04297723  3.91113209	0.03308540 0.00986760 0.00612689	0.03280026 0.00926719 0.00822038	 0.00128967  0.00364752 -0.99999252	0.35000000	0.00000000	0.00000000	0.84977096	-0.32743993	0.76071161	-0.80161047	3.31080842	3.21429133	-4.42576408	-2.67474604	4.30953932	-1.36295748	2.08923268	0.82178187	0.59352678	0.94433725	-1.14624083	4.84319258	-0.89831865	-1.98366678	-0.26131776	-1.10666561	1.87322652	5.06966734	-0.00711995	-0.87059689	
0.00803400	  -25.65335191    45.38507835 -1019.53825843    66.85413530   -13.35618041    -5.01761418	 5.24249358 -3.23043943 -2.45152765  0.09141367  0.03731118  0.04790053	 -16.13001946  114.17673469  -15.38693516 -120.86288804    9.77270814   95.33666790   -5.92127478  -28.99172378  -15.50847038   10.25805660   -3.40832832   22.20350537	 0.00359906 -0.01730996 -0.25751314  0.69623139 -0.44067802  0.02790108 -0.01392924 -0.13018183 -0.28351678  0.99072940 -0.65455816  0.17195302	 0.01681808  0.00775444  0.28101059 -0.09188362 -0.23864080  0.05988264  0.01538575 -0.10531322 -1.33284676  1.26255429 -0.34914908  0.08869493	-0.00360221  0.00220969  0.29458836 -0.06387671 -0.23935451  0.05301024  0.00297798 -0.07884039 -1.39954644  1.33658124 -0.38860961  0.11686218	 0.17775319 -0.04462959  3.91141650	0.03285364 0.01028036 0.00358677	0.03287484 0.00980833 0.00592199	 0.00137059  0.00338398 -0.99999334	0.35000000	0.00000000	0.00000000	0.85068756	-0.35563174	0.77918535	-0.83325273	3.31250167	3.24184537	-4.38073874	-2.64901662	4.27776814	-1.33273375	2.07584810	0.83728623	0.67134869	0.93671042	-1.16982913	4.83829451	-0.89441693	-2.00645804	-0.27746910	-1.09853590	1.96857846	5.04866743	0.02767176	-0.93387878	
0.00839600	  -25.16813016    43.59730343 -1019.46315164    66.76446375   -11.12403824    -5.09146368	 5.12072827 -3.01171284 -2.39677125  0.08025242  0.03860178  0.04367505	 -16.38926244  113.92219758  -14.88066335 -119.43499458   11.90924786   94.67722785   -7.83069007  -27.81808674  -15.99405474   10.94798850   -3.48849249   21.90852943	 0.00357556 -0.01731653 -0.25495586  0.69573800 -0.44276333  0.02850318 -0.01394191 -0.13092544 -0.29562832  1.00169422 -0.65758573  0.17306030	-0.00008638  0.00042086  0.30722726 -0.07881184 -0.24768346  0.07561265 -0.00056964 -0.10461824 -1.55757587  1.32925933 -0.37104687  0.13223327	-0.00238459  0.00028707  0.30050482 -0.05972211 -0.24643076  0.07141147 -0.00115969 -0.09022242 -1.43427364  1.28493352 -0.35090970  0.13009273	 0.17838290 -0.04642718  3.91167198	0.03325829 0.01065432 0.00240430	0.03299492 0.01026235 0.00390429	 0.00145978  0.00310327 -0.99999412	0.35000000	0.00000000	0.00000000	0.85645455	-0.37903523	0.80405170	-0.86211801	3.36320043	3.27172160	-4.38641882	-2.66734934	4.28507137	-1.31363213	2.05731130	0.84426701	0.72446889	0.92804325	-1.18684411	4.86090851	-0.90080267	-2.03848267	-0.28387323	-1.10523355	2.01438832	5.06634665	0.04691404	-0.95338011	
0.00803500	  -20.59752273    40.14970401 -1015.43528911    66.35259322    -7.76420588    -3.90287470	 4.38553019 -3.58958032 -2.97966332  0.09147163  0.00852487  0.03772026	 -15.20219113  114.15443659  -16.01601881 -119.53273344   15.06945696   92.94300187   -9.70593086  -27.74239939  -12.97702608    9.43390173   -2.70463827   20.50429061	 0.00356046 -0.01731944 -0.25254994  0.69528047 -0.44474747  0.02914178 -0.01402057 -0.13172861 -0.30692083  1.01138510 -0.66005940  0.17405295	 0.00866150 -0.00671985  0.28687981 -0.04896163 -0.24832804  0.07637832 -0.00532658 -0.11389156 -1.34874857  1.12390866 -0.25166109  0.14165650	-0.00037484 -0.00036995  0.29672611 -0.05805980 -0.24489814  0.07740464 -0.01221143 -0.10112603 -1.39629069  1.18566624 -0.29815002  0.12027174	 0.17907974 -0.04784183  3.91180904	0.03562371 0.01071849 0.00332173	0.03400614 0.01054010 0.00325792	 0.00154548  0.00282802 -0.99999481	0.35000000	0.00000000	0.00000000	0.86057502	-0.40889886	0.81692034	-0.89304888	3.37018704	3.30381393	-4.32760000	-2.65497017	4.26062870	-1.28468120	2.05441856	0.86096787	0.82278383	0.91234344	-1.22732663	4.84187222	-0.89389533	-2.06624699	-0.30709097	-1.09866869	2.12209415	5.06206942	0.08106254	-1.02355969	
0.00845400	  -20.50936966    40.17532961 -1015.94380239    66.31906905    -5.76083608    -3.69643394	 4.33421061 -2.63809043 -2.93854344  0.06270862  0.01298467  0.01598698	 -15.22486166  114.39212394  -15.57364834 -117.80564606   16.68517359   93.23450983  -10.71270227  -26.31774110  -13.96375325    9.75254782   -2.52607552   21.68719235	 0.00352207 -0.01732219 -0.24997495  0.69476419 -0.44684998  0.02982414 -0.01423939 -0.13270604 -0.31879734  1.02093885 -0.66224483  0.17495966	 0.00976537 -0.00164756  0.28286626 -0.06389900 -0.23917432  0.07775912 -0.03559548 -0.13890404 -1.33524786  1.03655746 -0.19685079  0.11569502	-0.00228724 -0.00049604  0.30194902 -0.06281994 -0.24951554  0.08172166 -0.02954504 -0.11935272 -1.40184684  1.11468587 -0.24805225  0.10955689	 0.17973668 -0.04958235  3.91199060	0.03754083 0.01105580 0.00582204	0.03583475 0.01078336 0.00425144	 0.00163812  0.00251604 -0.99999549	0.35000000	0.00000000	0.00000000	0.85587931	-0.43308738	0.84329921	-0.91644061	3.40534592	3.32422400	-4.31647158	-2.65628290	4.25776434	-1.25288498	2.03042364	0.86677766	0.87595016	0.89999151	-1.24286795	4.85644436	-0.90733677	-2.09414530	-0.31349057	-1.10695016	2.16825294	5.05825663	0.10161714	-1.04578364	
0.00803600	  -18.03956396    39.11583090 -1014.26378846    66.09761910    -2.63853965    -2.75515901	 4.03127893 -1.91224271 -3.30919177  0.03941978 -0.00271790  0.00775177	 -14.07337720  114.03237438  -15.95112988 -116.06322777   19.49421912   92.88802874  -10.86239726  -24.34358853  -12.52518827    8.48118952   -2.45371175   22.05697963	 0.00345866 -0.01731790 -0.24754143  0.69430384 -0.44883314  0.03051723 -0.01460415 -0.13368277 -0.32986501  1.02921231 -0.66388710  0.17580833	-0.01119020  0.00209666  0.29199253 -0.04386294 -0.24306839  0.10181919 -0.05110341 -0.12042530 -1.34579564  0.95721191 -0.14942084  0.11336807	-0.00641660  0.00090920  0.30026569 -0.05671931 -0.24523831  0.08796058 -0.04760454 -0.12273592 -1.37167904  1.01322310 -0.19484474  0.10556730	 0.18034246 -0.05125513  3.91216171	0.03891499 0.01123668 0.00762399	0.03743919 0.01102901 0.00594484	 0.00172755  0.00220959 -0.99999607	0.35000000	0.00000000	0.00000000	0.85021710	-0.46703395	0.86315906	-0.92958790	3.40511966	3.34572339	-4.26649332	-2.64028120	4.23632669	-1.22385979	2.02172422	0.87961066	0.94885260	0.88313115	-1.27431500	4.84972429	-0.91261458	-2.12322283	-0.33082402	-1.10856068	2.25668740	5.04844999	0.13465729	-1.09755337	
0.00846800	  -18.09863462    40.39292088 -1015.24325807    66.10391833    -0.90522391    -1.98350495	 3.90517771 -1.60411132 -3.40200969  0.03156876 -0.00100427 -0.00168554	 -13.29399589  114.95008111  -15.50655301 -115.15127975   20.94813533   93.23965490  -11.27119505  -24.25707883  -12.77398437    8.05805854   -1.81741263   22.52335575	 0.00339667 -0.01731270 -0.24495301  0.69379116 -0.45095540  0.03133864 -0.01515049 -0.13479768 -0.34142096  1.03717212 -0.66517383  0.17679535	-0.00850052 -0.00117295  0.27972799 -0.06080500 -0.25562071  0.08735880 -0.06486266 -0.12613814 -1.34070067  0.86211528 -0.12290949  0.13512974	-0.00578024  0.00174971  0.30313471 -0.06094456 -0.25074176  0.09882316 -0.06650939 -0.13247645 -1.36017754  0.92095502 -0.14103025  0.11834299	 0.18107168 -0.05305104  3.91244820	0.03976317 0.01120939 0.00827377	0.03874631 0.01116354 0.00732249	 0.00182324  0.00187454 -0.99999658	0.35000000	0.00000000	0.00000000	0.84332550	-0.49590975	0.88583696	-0.95017123	3.41166186	3.36120510	-4.21664572	-2.62092733	4.21034002	-1.19128489	2.00759792	0.88902342	1.01455402	0.86846596	-1.29795551	4.83611345	-0.92080617	-2.14363670	-0.34422523	-1.10695279	2.32330728	5.02459431	0.16032042	-1.13741255	
0.00803900	  -15.46073901    39.90673837 -1013.15851279    65.85599618     2.10363094    -1.22491116	 3.43576223 -1.83550927 -3.63473090  0.03400666 -0.01542811  0.00719324	 -12.42745925  115.44751191  -16.10213699 -113.65366510   23.65499000   92.77744925  -10.90819236  -23.18768799  -11.28490536    7.76602838   -1.57332427   21.53942487	 0.00333001 -0.01731516 -0.24250370  0.69334129 -0.45296980  0.03222059 -0.01583063 -0.13588728 -0.35211778  1.04387248 -0.66592323  0.17776926	 0.02085139 -0.00863929  0.29136798 -0.06327009 -0.25080835  0.08674237 -0.09905603 -0.14361118 -1.27230103  0.74618458 -0.06976481  0.12159843	-0.00578100  0.00020897  0.30357961 -0.05628228 -0.25020178  0.10867912 -0.08583304 -0.13588047 -1.32233754  0.81521595 -0.08625762  0.11946139	 0.18175422 -0.05468951  3.91262902	0.04054622 0.01103580 0.00800635	0.03968241 0.01112951 0.00783845	 0.00191234  0.00155298 -0.99999697	0.35000000	0.00000000	0.00000000	0.83592719	-0.53035784	0.90156943	-0.96664435	3.40691686	3.37851214	-4.14416456	-2.60135174	4.18088770	-1.16408539	2.00428009	0.90174758	1.09875226	0.84517395	-1.33875942	4.80682516	-0.92555654	-2.16974926	-0.36762300	-1.10420060	2.40824747	5.00997734	0.19383970	-1.18794727	
0.00849900	  -14.40315930    39.98772034 -1013.77908648    65.79547246     4.54464522    -0.75823685	 3.84206720 -1.59258171 -3.40724023  0.02593640 -0.02775978  0.01350378	 -11.97497897  116.31215954  -15.60453990 -113.09223509   26.05762410   92.34652960  -10.73056826  -22.59134352  -11.26970648    7.86740295   -0.90566931   21.75029618	 0.00325691 -0.01731526 -0.23987939  0.69284106 -0.45510399  0.03324997 -0.01665696 -0.13706006 -0.36324600  1.05012732 -0.66626577  0.17874959	-0.01231524  0.00292726  0.29690829 -0.05828995 -0.21499718  0.10014990 -0.07507705 -0.11892720 -1.22254828  0.64488089 -0.02928816  0.11795988	-0.00779876  0.00026398  0.30919257 -0.05830973 -0.24923653  0.12033313 -0.09764931 -0.13590770 -1.29637724  0.71363477 -0.03466995  0.11470329	 0.18250681 -0.05659898  3.91291696	0.04057960 0.01078595 0.00682552	0.04027688 0.01097272 0.00750410	 0.00200514  0.00120768 -0.99999726	0.35000000	0.00000000	0.00000000	0.82424170	-0.55940837	0.92257178	-0.98074001	3.40999675	3.39031172	-4.08166599	-2.58495498	4.15424967	-1.13290691	1.99462414	0.90950465	1.16965640	0.82286459	-1.36916029	4.78310823	-0.93391967	-2.19056964	-0.38369390	-1.10468900	2.47563577	4.98997879	0.21752226	-1.22827780	
0.00849700	  -12.25470401    40.56777632 -1011.26718946    65.52492943     7.14179457     0.19821573	 3.91953714 -1.49094216 -3.37851907  0.02313691 -0.04669975  0.01884611	 -10.96806862  116.96439791  -16.23786587 -111.96375948   28.22490147   91.68966210  -10.67060021  -22.21774495  -10.26559557    7.55882423    0.33317228   21.81763232	 0.00321500 -0.01725541 -0.23724093  0.69232871 -0.45723759  0.03431150 -0.01761791 -0.13824624 -0.37411004  1.05549577 -0.66641540  0.17970150	-0.00614251  0.01473917  0.32835131 -0.02973865 -0.21395864  0.13727110 -0.14958501 -0.13264123 -1.20309974  0.56176637 -0.00641632  0.09918291	-0.00405103  0.00887287  0.31225083 -0.05905156 -0.24709213  0.12531835 -0.11622689 -0.13824764 -1.26509594  0.61037233 -0.01480097  0.11036509	 0.18320440 -0.05880091  3.91313145	0.03925455 0.01089812 0.00448105	0.03998797 0.01088810 0.00617098	 0.00209723  0.00086797 -0.99999742	0.35000000	0.00000000	0.00000000	0.81235802	-0.59031093	0.94079792	-0.99369991	3.41859531	3.40058494	-4.02067089	-2.57334614	4.13750648	-1.10655546	1.98604822	0.92004323	1.24118519	0.79708481	-1.39974678	4.75537634	-0.94612306	-2.20853615	-0.40694335	-1.11098921	2.54211187	4.97819042	0.23219876	-1.26665580	
0.00800500	  -10.70097027    41.49823947 -1011.39363020    65.47643524     8.95160178     0.24751315	 3.61795935 -1.41838690 -3.41171111  0.02079305 -0.06302025  0.02981779	 -10.59491226  116.46254206  -17.09471720 -111.37796366   29.55253091   91.99290478   -9.90882810  -21.81582779   -8.57145853    7.25181736    5.36077380   21.86035869	 0.00318851 -0.01717529 -0.23474347  0.69181258 -0.45925995  0.03531762 -0.01855903 -0.13932679 -0.38406313  1.05971762 -0.66646532  0.18058305	-0.01228738  0.02688765  0.29862391 -0.04859619 -0.25415299  0.12431270 -0.10023927 -0.11302469 -1.16664070  0.45872976 -0.00166498  0.09711056	-0.00347477  0.01229421  0.31084632 -0.06368631 -0.24966548  0.12655658 -0.11649869 -0.13171553 -1.22721082  0.50937534 -0.00589769  0.10792555	 0.18399358 -0.06098746  3.91339368	0.03781816 0.01073374 0.00240874	0.03898642 0.01084440 0.00425799	 0.00218392  0.00055993 -0.99999746	0.35000000	0.00000000	0.00000000	0.79580438	-0.61685687	0.94922167	-1.01153111	3.42766309	3.41124701	-3.95651698	-2.55451369	4.11561584	-1.07757938	1.97119582	0.93030763	1.31498504	0.77229136	-1.42489862	4.70102358	-0.95802295	-2.21690702	-0.42510596	-1.11151707	2.60022020	4.95177507	0.23778492	-1.30427480	
0.00850000	   -9.19685282    42.85659225 -1011.05151355    65.40233096    10.48706133     0.78123678	 3.21458971 -1.65958347 -3.49851623  0.02594112 -0.07832123  0.03103669	  -9.76409148  116.87232924  -18.31228752 -111.10813963   30.63566181   92.01641381  -10.59137305  -21.62197608   -7.08492981    6.98144534    9.97178871   21.30369890	 0.00318369 -0.01703028 -0.23204117  0.69126536 -0.46142037  0.03645804 -0.01963804 -0.14044471 -0.39428300  1.06326532 -0.66650368  0.18147009	 0.01711164  0.05047902  0.29956143 -0.06788664 -0.26838138  0.11761038 -0.10498576 -0.10283121 -1.13380931  0.33809052 -0.00469962  0.08448853	 0.00075601  0.02062438  0.31567328 -0.06448543 -0.25367838  0.13387525 -0.12500747 -0.12787621 -1.18517216  0.39619445 -0.00532912  0.10058775	 0.18493629 -0.06369730  3.91374492	0.03545339 0.01062758 0.00146485	0.03732073 0.01073221 0.00264650	 0.00227469  0.00024863 -0.99999738	0.35000000	0.00000000	0.00000000	0.77836072	-0.64316034	0.95803803	-1.03050065	3.43489408	3.42045569	-3.88314986	-2.53538680	4.09258413	-1.04998994	1.95780265	0.93990278	1.39478445	0.74427372	-1.45322084	4.64027166	-0.96984500	-2.22403741	-0.44954866	-1.11204648	2.66235471	4.92576647	0.24009629	-1.34338844	
0.00847400	   -6.76755087    43.59335406 -1012.04670305    65.39733425    12.55951113     1.20169121	 1.60419531 -1.78065106 -3.77650112  0.02914879 -0.07293983  0.02527442	  -8.99291126  116.32212973  -19.90270025 -110.94638130   32.41753721   92.13012981  -10.33622937  -21.52573127   -5.36458834    7.52848324   17.03767526   21.18228260	 0.00316636 -0.01686258 -0.22932648  0.69070579 -0.46357949  0.03769325 -0.02078243 -0.14152778 -0.40408195  1.06582015 -0.66632974  0.18222038	-0.01261084  0.01575970  0.31506294 -0.06495473 -0.22836777  0.15975289 -0.11401178 -0.12297994 -1.05936076  0.22565008  0.02660647  0.06449821	-0.00236182  0.02100737  0.32102377 -0.06375230 -0.25255362  0.14753613 -0.13359230 -0.12648341 -1.14428516  0.28140671  0.02852243  0.08362113	 0.18584822 -0.06650073  3.91420218	0.03340989 0.01075317 0.00108556	0.03529822 0.01071208 0.00171960	 0.00236553 -0.00004336 -0.99999720	0.35000000	0.00000000	0.00000000	0.75633991	-0.67335975	0.96078581	-1.05100369	3.43194270	3.42632222	-3.79634333	-2.50806904	4.05897141	-1.01608574	1.94563055	0.95406735	1.48615801	0.71385825	-1.48242199	4.55412197	-0.98365051	-2.22086716	-0.46683350	-1.10451961	2.72702312	4.88024521	0.24555311	-1.38914132	
0.00852600	   -4.34483288    42.57034452 -1011.23085434    65.25054387    14.68709672     1.63889471	 0.34422104 -1.23100743 -3.90731979  0.01245906 -0.07313653  0.01357875	  -7.29373275  115.72970557  -20.95010930 -110.94215238   34.32189676   91.12507939  -10.12322808  -20.14788514   -3.74406393    8.32946303   20.62949494   21.67269957	 0.00316729 -0.01663549 -0.22658438  0.69011822 -0.46577783  0.03901852 -0.02197244 -0.14251913 -0.41348191  1.06739916 -0.66566043  0.18288244	-0.00275030  0.03619133  0.31688670 -0.07596886 -0.27286533  0.14907771 -0.13874657 -0.07466538 -1.04276726  0.15546365  0.09770351  0.07042068	-0.00144046  0.02676289  0.32190889 -0.06915849 -0.25677283  0.15656113 -0.14071712 -0.11304298 -1.09111154  0.16840785  0.08856928  0.07578827	 0.18677705 -0.06967936  3.91463056	0.03066383 0.01088803 0.00094415	0.03301355 0.01079772 0.00124811	 0.00245760 -0.00031541 -0.99999693	0.35000000	0.00000000	0.00000000	0.73480666	-0.70379084	0.96921784	-1.05446815	3.40767431	3.42047191	-3.69710803	-2.47583318	4.01825619	-0.98427308	1.93876660	0.96426249	1.57165992	0.68575978	-1.51538336	4.48679161	-0.99256831	-2.22945189	-0.48493171	-1.10043335	2.80772638	4.83810520	0.26600564	-1.44290042	
0.00847800	   -1.86556770    42.17138043 -1012.95836195    65.25344715    17.30778033     2.11840603	-2.06066447 -1.14726601 -1.70255475  0.00366230 -0.06320353  0.00619298	  -6.25440385  115.17713451  -21.57398361 -110.28258732   36.54091546   90.64404476   -9.84950015  -20.81401402   -2.02823519    8.10920392   22.01569355   21.54107228	 0.00316981 -0.01633475 -0.22380995  0.68949847 -0.46795785  0.04033609 -0.02315978 -0.14347027 -0.42244355  1.06808938 -0.66430481  0.18345990	 0.01757164  0.04076114  0.33405167 -0.06974305 -0.24478269  0.12229114 -0.16080784 -0.09799531 -0.98706395  0.03470796  0.19769106  0.06669460	 0.00134632  0.03755791  0.32722022 -0.07387523 -0.25654175  0.15385271 -0.14187520 -0.11069952 -1.04548731  0.07266477  0.17185680  0.06638150	 0.18803836 -0.07279574  3.91422177	0.02959511 0.00867995 0.00093557	0.03096047 0.01016663 0.00104359	 0.00254284 -0.00056956 -0.99999660	0.35000000	0.00000000	0.00000000	0.71622831	-0.74148035	0.98081750	-1.06533742	3.37920904	3.41174984	-3.59442067	-2.43812871	3.97214890	-0.95894933	1.94204938	0.97318327	1.65823030	0.66050035	-1.55462873	4.42842293	-0.99581343	-2.24739861	-0.50884706	-1.09700012	2.90297484	4.79926014	0.29036528	-1.50321460	
0.00849100	   -0.24686250    42.84941959 -1016.40055618    65.41116688    19.65094425     2.45811379	-3.36606951 -0.46340252 -0.29900184 -0.02091157 -0.06306611 -0.00283888	  -5.26813702  113.74234700  -22.60021828 -108.80478227   38.20165640   91.34975088   -9.52306556  -19.85278279   -1.12033587    6.96801679   21.16506618   22.05791712	 0.00316312 -0.01601351 -0.22097799  0.68887744 -0.47017564  0.04170883 -0.02428656 -0.14435594 -0.43113458  1.06836217 -0.66228964  0.18399606	 0.00960151  0.03253714  0.29976433 -0.09697945 -0.24685759  0.13765851 -0.11927213 -0.10850107 -0.98655230  0.01634348  0.27115739  0.06368783	-0.00062156  0.03925328  0.33185211 -0.07423518 -0.26121012  0.16225125 -0.13107378 -0.10344177 -1.01804970  0.02801410  0.24967316  0.06284546	 0.18958542 -0.07585015  3.91313784	0.02986690 0.00461663 0.00098412	0.03016058 0.00762429 0.00099165	 0.00259869 -0.00082194 -0.99999629	0.35000000	0.00000000	0.00000000	0.70397842	-0.77970546	0.99596757	-1.06553173	3.35157824	3.40113926	-3.52233958	-2.40616918	3.93257165	-0.94369477	1.94181812	0.97988677	1.70845509	0.64660388	-1.58758259	4.40763855	-0.99951023	-2.27805424	-0.52651680	-1.10149848	2.98496890	4.77098894	0.31758589	-1.54574335	
0.00802400	    1.30550546    42.81215886 -1013.85395998    65.16379368    21.47009209     3.18546332	-3.00409584 -0.30968952 -0.88235039 -0.02288581 -0.08162473 -0.00480552	  -3.82987620  114.09011436  -23.28571503 -108.56532723   39.88947710   90.27321362  -10.11247896  -19.63786542   -0.49148394    3.44157897   19.21098322   22.28955671	 0.00315720 -0.01568616 -0.21825603  0.68832091 -0.47229000  0.04306243 -0.02533064 -0.14513898 -0.43902918  1.06830489 -0.65988272  0.18451047	-0.00966753  0.04758906  0.30226265 -0.05579484 -0.26799408  0.14490992 -0.13353885 -0.08226165 -0.89145841 -0.03631202  0.28254188  0.08032746	-0.00168886  0.04271991  0.33708110 -0.06998444 -0.26539077  0.16716465 -0.12967782 -0.09657114 -0.97653373 -0.01429363  0.30392096  0.06626278	 0.19104052 -0.07896313  3.91231195	0.02923534 0.00182996 0.00103583	0.02977379 0.00465082 0.00100760	 0.00262326 -0.00105877 -0.99999600	0.35000000	0.00000000	0.00000000	0.69814003	-0.81178552	1.01502657	-1.06140733	3.31798697	3.38812733	-3.44323397	-2.37505531	3.89174056	-0.92524320	1.94464028	0.98466432	1.76012564	0.63345402	-1.62188160	4.39237261	-0.99949902	-2.30602717	-0.55448842	-1.11209786	3.07097149	4.74825430	0.33893946	-1.59371436	
0.00801300	    1.96754179    42.26249984 -1011.57234960    64.94093460    23.01022855     3.32662353	-2.71885141 -0.59485933 -1.56738674 -0.01458743 -0.08908344  0.00386992	  -2.93733822  113.77747774  -23.29136232 -108.40423208   41.56916660   89.28629959   -9.92081464  -19.56320482   -0.43294526    0.61765268   19.12634987   21.77720144	 0.00315466 -0.01531232 -0.21548893  0.68774525 -0.47441770  0.04438182 -0.02632120 -0.14586011 -0.44661188  1.06784835 -0.65700107  0.18500849	 0.00447778  0.02183277  0.33543224 -0.06711455 -0.24185160  0.13886879 -0.11759580 -0.07568140 -0.86140063 -0.10754316  0.37496526  0.06191992	-0.00075407  0.04546108  0.34523126 -0.07229860 -0.26520465  0.16018454 -0.12414136 -0.08795545 -0.93488159 -0.06831133  0.36518043  0.06173713	 0.19249816 -0.08218243  3.91170783	 0.02839055 -0.00001647  0.00106826	0.02912153 0.00216641 0.00103863	 0.00262971 -0.00128917 -0.99999571	0.35000000	0.00000000	0.00000000	0.68797547	-0.83871406	1.03022563	-1.06450379	3.29453254	3.37412548	-3.36099911	-2.34628439	3.84962535	-0.90460974	1.94369829	0.98681056	1.82409632	0.61438262	-1.65776896	4.36137009	-1.00101852	-2.32996583	-0.58055812	-1.11881614	3.14985561	4.72084951	0.35499021	-1.63643217	
0.00847300	    2.16473813    42.54346385 -1010.58778890    64.81844759    24.52318828     3.64178595	-2.39323142 -0.60723532 -2.04100340 -0.01475340 -0.09799326  0.00545433	  -2.42328992  113.34671307  -23.41231066 -107.73173910   43.07755163   88.96337700  -10.18722908  -19.02351481   -0.29350264   -1.47619982   17.98985338   21.57591778	 0.00316016 -0.01482107 -0.21251483  0.68708479 -0.47668230  0.04572853 -0.02733386 -0.14657050 -0.45429221  1.06682413 -0.65349111  0.18547106	 0.02454646  0.08959105  0.30641898 -0.09379610 -0.25896716  0.15219933 -0.10366584 -0.08193226 -0.81144728 -0.12127583  0.41485539  0.04787546	 0.00126908  0.05987272  0.35038424 -0.07908628 -0.26722820  0.15735817 -0.12004291 -0.08198854 -0.89379817 -0.13115267  0.42074776  0.05039941	 0.19408481 -0.08577390  3.91130293	 0.02706251 -0.00134852  0.00108995	0.02814414 0.00022444 0.00106509	 0.00262339 -0.00152481 -0.99999540	0.35000000	0.00000000	0.00000000	0.67490840	-0.86996722	1.04716480	-1.06686842	3.27292991	3.35756755	-3.28236103	-2.31972003	3.81103444	-0.89190125	1.94453335	0.98793912	1.88293457	0.59531164	-1.69318712	4.33830261	-1.00331235	-2.36155677	-0.60769457	-1.12946284	3.23230028	4.69893408	0.37202731	-1.67790103	
0.00852100	    2.47766653    43.92815729 -1009.23958198    64.70605883    25.89120765     3.98540563	-2.41177142 -0.48604383 -2.75701715 -0.01578865 -0.10912234  0.00511850	  -1.59493669  111.82116365  -24.20618358 -106.33994219   44.03664690   89.57446325  -10.12569238  -18.96653020    0.72976657   -4.26745992   18.63505697   21.89722511	 0.00315820 -0.01429363 -0.20947458  0.68638747 -0.47895069  0.04703308 -0.02830812 -0.14718706 -0.46152458  1.06510127 -0.64953004  0.18588645	 0.02570930  0.06154987  0.34115527 -0.08505676 -0.25976215  0.12642487 -0.11450022 -0.06323404 -0.77287597 -0.25254353  0.44173460  0.03238746	 0.00248737  0.06349307  0.35425085 -0.08459247 -0.26521627  0.15409655 -0.11425264 -0.07291658 -0.83328836 -0.21689327  0.47011391  0.04756919	 0.19575436 -0.08920450  3.91108710	 0.02638596 -0.00231007  0.00109355	 0.02715960 -0.00117662  0.00108124	 0.00260751 -0.00175154 -0.99999507	0.35000000	0.00000000	0.00000000	0.65897310	-0.90763038	1.05586314	-1.06624651	3.22841716	3.33925772	-3.18836284	-2.27091098	3.75565243	-0.87529927	1.94547236	0.99646032	1.94435179	0.57701051	-1.72956169	4.29914665	-1.00507557	-2.38780308	-0.63530600	-1.13193214	3.33060884	4.65700293	0.39643505	-1.73465669	
0.00846500	    1.86643651    44.82965556 -1009.13998506    64.67939673    26.53782159     4.11352376	-2.53190125 -0.54874008 -3.03538820 -0.01658908 -0.11168770  0.00663822	  -0.80294471  111.77961659  -24.63160338 -106.13625640   44.66337168   89.38430333  -10.09132249  -18.08344084    0.98508487   -5.01871680   19.03828606   21.34613833	 0.00315351 -0.01372403 -0.20639473  0.68568613 -0.48123966  0.04842642 -0.02923769 -0.14770982 -0.46827954  1.06263342 -0.64506263  0.18620508	-0.00243294  0.06816848  0.36640074 -0.07634441 -0.28279315  0.17919463 -0.08515243 -0.06665445 -0.82708781 -0.33713476  0.58351159  0.03581894	 0.00057820  0.06791426  0.36531831 -0.08418007 -0.27032140  0.16612986 -0.10773599 -0.06197998 -0.79026978 -0.30774659  0.53618468  0.03534697	 0.19755380 -0.09295052  3.91101422	 0.02478386 -0.00300552  0.00107589	 0.02606691 -0.00217878  0.00107951	 0.00258472 -0.00196920 -0.99999472	0.35000000	0.00000000	0.00000000	0.64141512	-0.93869764	1.06556451	-1.06708515	3.18651414	3.31774473	-3.08328223	-2.22727847	3.69599104	-0.85699761	1.94434237	0.99842525	2.01224613	0.55578750	-1.76684403	4.24840641	-1.00398540	-2.41154051	-0.66069168	-1.12901926	3.41835546	4.61187220	0.42056227	-1.78436255	
0.00851600	    3.83970505    44.42843950 -1007.27383705    64.46398489    28.62727219     4.87716042	-2.74527623 -0.43513946 -3.36390758 -0.01823686 -0.12296893  0.00080515	   0.82965345  111.25441170  -25.71148139 -105.90141785   46.88470602   88.38781154  -10.60705076  -18.05365646    1.88695897   -6.06559407   19.13541725   21.59595883	 0.00314030 -0.01308771 -0.20328859  0.68494683 -0.48355494  0.04983413 -0.03013455 -0.14812136 -0.47450265  1.05936224 -0.64007907  0.18641631	-0.00392217  0.08537652  0.34376968 -0.07857164 -0.26412077  0.13772675 -0.08283104 -0.02874865 -0.67861659 -0.39168829  0.56584802  0.00448232	-0.00200081  0.07542450  0.36412884 -0.08799955 -0.27126680  0.16299854 -0.10215686 -0.04542798 -0.72143589 -0.39761385  0.59181522  0.02301783	 0.19921154 -0.09681690  3.91104571	 0.02321792 -0.00270569  0.00108280	 0.02461725 -0.00261825  0.00108161	 0.00256009 -0.00217282 -0.99999436	0.35000000	0.00000000	0.00000000	0.62247825	-0.97222644	1.07241964	-1.06270611	3.13724256	3.29415417	-2.97125697	-2.18496752	3.63736153	-0.84469348	1.95275199	1.00597334	2.08172417	0.53252822	-1.80773461	4.20036745	-1.00135183	-2.43505144	-0.68860441	-1.13227117	3.51740479	4.57079935	0.44651905	-1.84615910	
0.00803300	    3.60088403    45.21854699 -1006.17302671    64.36565297    29.41540682     5.09932094	-2.83888957 -0.44626344 -3.64952861 -0.01700198 -0.13038505  0.00243346	   2.05030909  110.82231259  -25.95856684 -105.57939121   47.51461646   88.24395728  -10.52558198  -18.08458513    2.70228159   -7.21364188   19.07384437   21.36563766	 0.00313948 -0.01244591 -0.20032539  0.68421638 -0.48571390  0.05118026 -0.03095900 -0.14842506 -0.47983921  1.05548705 -0.63492519  0.18651899	-0.01227358  0.06613454  0.36949353 -0.10421761 -0.24058678  0.16080217 -0.11113014 -0.00290014 -0.63200139 -0.50118234  0.63321376  0.01570003	-0.00232820  0.07851006  0.36658836 -0.09206383 -0.26632548  0.16636135 -0.10172174 -0.03300417 -0.65246023 -0.49233907  0.64437501  0.01130081	 0.20094486 -0.10052581  3.91112117	 0.02180574 -0.00258771  0.00105794	 0.02320774 -0.00261187  0.00106998	 0.00253914 -0.00235263 -0.99999401	0.35000000	0.00000000	0.00000000	0.60232550	-1.00393879	1.07737327	-1.05794573	3.08380532	3.26704168	-2.85383344	-2.13177681	3.57262158	-0.82872033	1.95863497	1.01033092	2.14666319	0.51000202	-1.84885216	4.14712286	-0.99943560	-2.45849490	-0.71887606	-1.13185179	3.61106443	4.52190113	0.47229466	-1.90131164	
0.00846600	    2.52047411    45.03087187 -1003.58149194    64.17781864    29.49673915     4.90599420	-2.93262933 -0.18084686 -3.69598737 -0.02460063 -0.13058970  0.00374727	   2.91904828  110.67123866  -26.23836423 -105.65114504   47.66390249   87.20163476   -9.96256750  -17.55166060    2.72057624   -7.24136725   18.93661290   20.97748148	 0.00314639 -0.01167162 -0.19712296  0.68339015 -0.48803785  0.05257559 -0.03177979 -0.14866067 -0.48494546  1.05050407 -0.62895173  0.18657319	 0.00531035  0.10660533  0.37168681 -0.08886987 -0.29177923  0.14343057 -0.08889837 -0.01451730 -0.55785792 -0.59630963  0.66614586 -0.00095652	 0.00127096  0.09180946  0.37603648 -0.09791990 -0.27414059  0.16152989 -0.09596625 -0.02618144 -0.58880232 -0.59964256  0.70734085  0.00605326	 0.20293114 -0.10478026  3.91107155	 0.01964025 -0.00229650  0.00095000	 0.02148205 -0.00248766  0.00101762	 0.00251829 -0.00252878 -0.99999363	0.35000000	0.00000000	0.00000000	0.58089900	-1.03200090	1.08420694	-1.05325377	3.03507924	3.23036909	-2.73257184	-2.08438587	3.50794435	-0.80883056	1.95837939	1.00930405	2.21683288	0.48620358	-1.88784087	4.09180927	-0.99790126	-2.48397493	-0.74721241	-1.13307333	3.69657707	4.47316790	0.49899083	-1.95155096	
0.00802200	    3.83721137    45.33849455 -1003.47593328    64.10762553    31.47182525     5.21071762	-3.25916029 -0.10774891 -3.72103038 -0.02682140 -0.13610173  0.00365020	   3.64456180  108.77626681  -27.35296072 -104.51880226   49.69513267   87.38974655   -9.91658074  -16.72436488    3.30982319   -6.96192157   19.13373014   20.36704826	 0.00314449 -0.01088942 -0.19407801  0.68254012 -0.49019603  0.05385865 -0.03247327 -0.14877150 -0.48919660  1.04500091 -0.62284605  0.18657600	 0.00886726  0.07894545  0.31846252 -0.10859032 -0.25050017  0.15541039 -0.06227493 -0.00667145 -0.45340002 -0.69127468  0.74036123 -0.01304371	 0.00080557  0.09834314  0.37450025 -0.10624774 -0.26712579  0.15950880 -0.08323049 -0.01372082 -0.51817000 -0.69554550  0.76427877 -0.00036191	 0.20462774 -0.10862734  3.91106532	 0.01882179 -0.00131811  0.00088743	 0.01989871 -0.00201047  0.00094906	 0.00250378 -0.00268080 -0.99999327	0.35000000	0.00000000	0.00000000	0.55817658	-1.06774664	1.08244848	-1.04878259	2.98387074	3.20122027	-2.61924458	-2.04074192	3.44467211	-0.80567944	1.96881533	1.01578414	2.27977872	0.46239567	-1.93213785	4.03824520	-0.99384993	-2.51332235	-0.77191883	-1.13458574	3.78760099	4.43098831	0.53063315	-2.00195169	
0.00849300	   1.99731270   46.22246098 -999.19790851   63.84223602   30.99994796    5.51705769	-3.35343642 -0.64871768 -3.70135440 -0.00798738 -0.14144313  0.01125170	   4.71919533  108.61198688  -27.12691641 -104.47669393   48.96128306   86.72378612  -10.26247106  -16.01100725    3.88091560   -6.90498942   18.24575481   19.68921459	 0.00314636 -0.01001879 -0.19078312  0.68160947 -0.49250449  0.05520966 -0.03316445 -0.14880154 -0.49311187  1.03830584 -0.61591053  0.18658240	 0.01655579  0.08063219  0.38216377 -0.08748321 -0.26459554  0.17307397 -0.09034720  0.01712069 -0.40609816 -0.78769691  0.79304561 -0.00026214	 0.00190780  0.10136868  0.38629510 -0.11043533 -0.27074522  0.15934325 -0.08071894 -0.00135663 -0.44518198 -0.80033393  0.82125845 -0.00046936	 0.20685135 -0.11225197  3.91062127	 0.02001990 -0.00123769  0.00080183	 0.01961028 -0.00148560  0.00088213	 0.00249361 -0.00284521 -0.99999284	0.35000000	0.00000000	0.00000000	0.53762424	-1.09652197	1.08448577	-1.03856170	2.92778134	3.16229916	-2.49489975	-1.98514116	3.37660289	-0.78575772	1.96972966	1.01437390	2.34156489	0.44090223	-1.97445571	3.98789406	-0.98998302	-2.54352117	-0.80128795	-1.13447511	3.87320495	4.38302755	0.56272185	-2.05018687	
0.00851800	   2.24095374   47.05900558 -997.15797402   63.65170439   32.14704779    5.54202580	-3.46013805 -0.98547710 -3.48195945  0.00259840 -0.13961766  0.02317859	   5.30184075  109.10995698  -28.02427067 -104.01417413   50.40261707   85.94125021   -9.77217968  -15.40757751    3.38833312   -6.07795569   17.77039848   18.42036910	 0.00314901 -0.00909046 -0.18744009  0.68060313 -0.49481402  0.05648606 -0.03374849 -0.14881971 -0.49642310  1.03073647 -0.60853714  0.18658749	 0.00184328  0.11825547  0.38185695 -0.10104857 -0.25111291  0.11572592 -0.06524789 -0.00090055 -0.33919104 -0.86377576  0.80087656 -0.01941081	 0.00236793  0.10860368  0.39058469 -0.11762393 -0.26946929  0.14560468 -0.06619414  0.00030329 -0.37393034 -0.89661779  0.86293245 -0.00159548	 0.20886667 -0.11578641  3.91000214	0.02184186 0.00002145 0.00072762	 0.02058709 -0.00085764  0.00080057	 0.00248816 -0.00302340 -0.99999233	0.35000000	0.00000000	0.00000000	0.51599509	-1.12277353	1.08452940	-1.03785443	2.88838410	3.12940764	-2.37875342	-1.94913411	3.31486392	-0.77404678	1.97040319	1.01405597	2.40330195	0.41572598	-2.01675344	3.93525839	-0.98589975	-2.56948924	-0.82805455	-1.13976216	3.93732595	4.34385443	0.58848119	-2.08521128	
0.00845200	   0.99200194   48.60165079 -996.47361614   63.60778649   32.59453071    5.85052884	-3.76263352 -0.96430685 -3.38391169  0.00172752 -0.14051448  0.01808378	   6.09080881  108.14135528  -28.25840381 -102.98728734   50.64193851   86.32759571  -10.22845719  -13.02271992    3.81019813   -5.43310141   18.00577506   17.22375500	 0.00313739 -0.00813821 -0.18407124  0.67954439 -0.49711720  0.05772256 -0.03425064 -0.14883628 -0.49912674  1.02236548 -0.60072465  0.18658802	 0.00034863  0.12904172  0.38702687 -0.11266354 -0.26062868  0.13784687 -0.04717790  0.01542196 -0.30629291 -1.02727868  0.90260873 -0.02492037	-0.00081170  0.11478796  0.39812135 -0.12650716 -0.27374810  0.14628300 -0.05657345 -0.00023868 -0.31083313 -1.00647661  0.92812376 -0.00210491	 0.21095982 -0.11893521  3.90925040	0.02429029 0.00076932 0.00064560	0.02233735 0.00004041 0.00071147	 0.00249224 -0.00321972 -0.99999171	0.35000000	0.00000000	0.00000000	0.49401790	-1.15589333	1.08186913	-1.03206551	2.84077978	3.09511757	-2.26194310	-1.90333617	3.24794197	-0.76047677	1.97049963	1.01324129	2.46440125	0.39505279	-2.05765748	3.87794662	-0.98288006	-2.60044479	-0.84935325	-1.13917339	4.00869989	4.29728556	0.62486428	-2.11827159	
0.00802400	   1.62961813   49.46612859 -993.41985039   63.36615518   33.76561295    6.34730605	-4.07354466 -0.96629780 -3.25235220  0.00117631 -0.15032086  0.01894013	   7.49271987  107.66892600  -29.38476907 -101.89072242   51.55574647   85.87145531  -10.29219086  -10.65045297    4.56565941   -4.51220031   17.12015507   16.13315043	 0.00312992 -0.00723357 -0.18085062  0.67853301 -0.49928873  0.05885039 -0.03465434 -0.14884587 -0.50109704  1.01375851 -0.59299462  0.18660067	-0.01811360  0.08557573  0.36168427 -0.11400186 -0.25046436  0.11728679 -0.04920599 -0.01890063 -0.19347075 -1.01825127  0.88745505  0.02099116	-0.00217033  0.11232219  0.40151417 -0.12594918 -0.27028672  0.14015794 -0.04929784 -0.00283004 -0.23682182 -1.08372225  0.96611762  0.00214648	 0.21303168 -0.12210727  3.90820809	0.02675052 0.00164119 0.00059344	0.02449419 0.00082378 0.00064877	 0.00250200 -0.00342452 -0.99999101	0.35000000	0.00000000	0.00000000	0.47649741	-1.18479598	1.07647264	-1.01991618	2.80026174	3.06316471	-2.15655828	-1.86924052	3.19320607	-0.74997807	1.97122180	1.01355934	2.51046252	0.37507936	-2.09932399	3.83576441	-0.98031813	-2.63213468	-0.87150615	-1.14746368	4.06185865	4.26687908	0.65957421	-2.14043999	
0.00800800	   0.24649119   48.98893183 -992.42306114   63.26934289   34.01963899    6.05513058	-4.19662408 -0.88083937 -2.99553748 -0.00297597 -0.14492294  0.02104689	   7.70233454  107.36950231  -28.96594496 -102.20456684   52.15103808   84.82261240   -9.87151383   -7.27922434    3.98836028   -3.47753448   16.94065158   14.48743454	 0.00314553 -0.00628594 -0.17760813  0.67748028 -0.50149080  0.05994229 -0.03497179 -0.14884669 -0.50254049  1.00448827 -0.58493647  0.18660110	 0.01272749  0.10942659  0.37875366 -0.13364277 -0.22991134  0.11106003 -0.03850371  0.00605550 -0.13965113 -1.09597300  0.93861378  0.01793194	 0.00324687  0.11713947  0.40476791 -0.13311368 -0.27140241  0.13332172 -0.03668729 -0.00089449 -0.17015251 -1.16016138  1.00513922  0.00140361	 0.21524535 -0.12531165  3.90700499	0.02937318 0.00236916 0.00049576	0.02689686 0.00162364 0.00057123	 0.00251836 -0.00364959 -0.99999017	0.35000000	0.00000000	0.00000000	0.45778731	-1.20190012	1.07368672	-1.01197493	2.78025818	3.02952075	-2.05906534	-1.84925592	3.14419293	-0.73576945	1.96389484	1.00260782	2.55831599	0.35380140	-2.13701534	3.79038835	-0.97746080	-2.66580772	-0.88949931	-1.15923667	4.09356928	4.24363899	0.68541551	-2.14601994	
0.00846300	  -0.52606821   49.92359971 -988.94602986   63.02298372   34.62659592    6.26948722	-4.25779160 -0.86833710 -3.06052614 -0.00356522 -0.14866582  0.02014447	   7.55921431  106.72738624  -29.51549533 -100.85828894   52.57621944   84.54843938  -10.09551669   -4.96895993    4.22729444   -3.79825412   16.62813440   13.01756264	 0.00312860 -0.00524796 -0.17412158  0.67633915 -0.50385138  0.06098855 -0.03520008 -0.14883259 -0.50350295  0.99395745 -0.57605629  0.18658826	-0.03209010  0.10129130  0.42281724 -0.14479603 -0.26767831  0.13770124 -0.02333806  0.01801564 -0.06441134 -1.21164536  1.02452189  0.00090862	-0.00275872  0.12164153  0.41421928 -0.13717148 -0.28010038  0.12310015 -0.02462391  0.00294876 -0.10215815 -1.25573380  1.05496652 -0.00173892	 0.21765145 -0.12871742  3.90546387	0.03218247 0.00326511 0.00048354	0.02960265 0.00245310 0.00051245	 0.00254242 -0.00391195 -0.99998912	0.35000000	0.00000000	0.00000000	0.43877637	-1.23198044	1.07017469	-1.00356305	2.73846006	2.99408484	-1.95138383	-1.81449974	3.08357692	-0.72700018	1.96336150	0.99674141	2.61227417	0.33351043	-2.17743897	3.74030662	-0.97170162	-2.70174527	-0.91362894	-1.16506100	4.15182018	4.21415043	0.71799910	-2.17204022	
0.00803900	  -2.55722720   50.53876614 -993.80294694   63.29095249   35.67045058    5.56610087	-2.97698071 -0.65654268 -2.24307729 -0.01203733 -0.09559543  0.01182044	  8.66135951 106.70624280 -30.45932116 -99.96953538  54.58285752  84.51717317 -10.47364878  -2.08735236   4.73651286  -2.51557689  15.84565634  11.60669954	 0.00314449 -0.00423902 -0.17083663  0.67525143 -0.50606043  0.06186950 -0.03533965 -0.14884488 -0.50391265  0.98340903 -0.56737831  0.18658719	-0.00283923  0.09165096  0.39729402 -0.14450353 -0.21922817  0.10522220 -0.00619534 -0.00101064 -0.01947065 -1.22674672  1.00341898 -0.00864573	 0.00244932  0.12374482  0.40890657 -0.13635703 -0.27270360  0.10789444 -0.01406965 -0.00102696 -0.04566052 -1.31672920  1.08033055 -0.00342397	 0.21850883 -0.13187496  3.90443710	0.03540982 0.00983599 0.00021100	0.03239349 0.00494749 0.00041021	 0.00258926 -0.00418240 -0.99998790	0.35000000	0.00000000	0.00000000	0.42111799	-1.25619447	1.06356394	-0.99712086	2.71807814	2.96805811	-1.86411250	-1.80147517	3.03811288	-0.72651666	1.96361899	0.99161375	2.64709353	0.31490386	-2.21405721	3.70109844	-0.96560210	-2.73624730	-0.93052405	-1.17961931	4.18050337	4.20041323	0.74576735	-2.17763352	
0.00847500	   -8.84964671    50.39342332 -1000.82885026    63.76376274    34.98114983     3.53826402	-1.56154256  0.29725850 -1.43617033 -0.04591972 -0.02995315 -0.00816958	  8.00004981 106.14964771 -28.77082160 -99.60484058  55.03091741  84.51892447 -10.26401675   1.84256656   6.56328619  -1.82150060  15.89822468  10.09657611	 0.00313795 -0.00311800 -0.16745814  0.67411532 -0.50843214  0.06268763 -0.03546741 -0.14881036 -0.50409706  0.97176073 -0.55788818  0.18660082	 0.01525766  0.11398385  0.35481594 -0.11522121 -0.27914450  0.07826203 -0.03796380  0.03211778 -0.02913173 -1.32100781  1.06479876 -0.00282699	 0.00049982  0.12971906  0.39486393 -0.13340461 -0.27754820  0.09240610 -0.01442095  0.00633247 -0.02080750 -1.37267169  1.11842500  0.00190927	 0.21777016 -0.13567091  3.90407860	 0.03786637  0.02301829 -0.00018172	0.03533211 0.01313714 0.00011002	 0.00272965 -0.00449484 -0.99998617	0.35000000	0.00000000	0.00000000	0.40471515	-1.28200662	1.06092417	-0.98696685	2.71286130	2.93882251	-1.78982222	-1.79562044	3.00537038	-0.72390962	1.96302414	0.97636163	2.67908907	0.29844251	-2.24531913	3.65591741	-0.96328384	-2.77871108	-0.94692910	-1.19909132	4.19689941	4.20017624	0.76289886	-2.17564821	
0.00851600	  -11.96417662    51.30821788 -1008.75317408    64.24335661    36.05641646     3.31553177	-1.79979026  0.93784250 -1.22918410 -0.06870835 -0.04564777 -0.01583006	  8.53106628 106.65888786 -26.14942633 -99.78426391  57.28672171  84.71212196 -10.02692825   3.88281873  11.74325459  -1.84828555  13.97927660   7.84541376	 0.00314453 -0.00192368 -0.16417026  0.67293070 -0.51077941  0.06336962 -0.03556056 -0.14870737 -0.50408343  0.95966664 -0.54810916  0.18659074	 0.01364899  0.14207085  0.36930406 -0.14698043 -0.26142312  0.05615337 -0.02489074  0.03367603  0.01988157 -1.39843475  1.11302414 -0.02082255	 0.00231600  0.14098748  0.38531399 -0.13937524 -0.27671291  0.07435957 -0.01185275  0.01611813  0.00644181 -1.42621064  1.14912555 -0.00175425	 0.21789776 -0.14011080  3.90417587	 0.03832248  0.03151228 -0.00029663	 0.03725420  0.02323213 -0.00013321	 0.00296877 -0.00482036 -0.99998398	0.35000000	0.00000000	0.00000000	0.39103863	-1.31855762	1.05718470	-0.98086512	2.70098925	2.92466998	-1.70401883	-1.78597939	2.97162986	-0.73772216	1.98803854	0.96188498	2.71862197	0.28574175	-2.28614473	3.60963750	-0.94457054	-2.82680082	-0.97034383	-1.21453941	4.24738550	4.21645641	0.78035998	-2.19638705	
0.00803000	  -12.68408864    53.32335361 -1011.92068565    64.42756671    37.23949051     3.95637821	-2.45384857  1.48158531 -1.21231436 -0.08752039 -0.07785190 -0.02628703	  8.59337396 106.43050694 -25.50357816 -99.41771734  58.36375916  85.36128175  -9.97671813   5.70300207  15.81216978  -1.49437514  12.37455596   6.13352926	 0.00315163 -0.00072192 -0.16107464  0.67175254 -0.51295312  0.06391545 -0.03560595 -0.14848970 -0.50378060  0.94790207 -0.53879616  0.18659837	 0.03459859  0.14636878  0.37568144 -0.14204058 -0.24485808  0.05910784 -0.01260102  0.04272826  0.05038117 -1.41255803  1.09170350  0.00927590	 0.00327750  0.14874607  0.38345968 -0.14576583 -0.26904131  0.06469071 -0.00573152  0.03105057  0.04301144 -1.45851445  1.15087150  0.00019133	 0.21930155 -0.14493392  3.90431447	 0.03660831  0.03385558 -0.00028273	 0.03732455  0.02944672 -0.00023301	 0.00323305 -0.00512057 -0.99998166	0.35000000	0.00000000	0.00000000	0.37816551	-1.35111964	1.04803693	-0.97100967	2.68394113	2.90825152	-1.63089848	-1.77382588	2.93969774	-0.76062459	2.00848889	0.95155668	2.74171877	0.27749142	-2.32146597	3.57514215	-0.92546326	-2.87172151	-0.99290472	-1.22890377	4.29448986	4.23251200	0.79423517	-2.21405482	
0.00800500	  -13.89966033    53.66658260 -1014.60196633    64.60670461    37.01905541     4.52072407	-3.04170106  1.85363428 -1.18935083 -0.10007726 -0.09850443 -0.03904133	   8.74831636  106.34132838  -25.83041929 -100.69652200   58.18589813   84.87920821  -10.12177171    6.91425288   18.32732278   -1.08166950   11.89905904    3.93236131	 0.00313568  0.00057781 -0.15790409  0.67051867 -0.51512698  0.06440476 -0.03561453 -0.14813785 -0.50306859  0.93569800 -0.52942828  0.18659170	-0.01799128  0.13766372  0.39762410 -0.13127739 -0.26339047  0.04908775 -0.00347122  0.04144523  0.11111482 -1.44247446  1.07873335 -0.01386133	-0.00251155  0.16177513  0.39756190 -0.15496930 -0.27002682  0.05933298 -0.00017420  0.04645317  0.09474469 -1.52078755  1.16170725 -0.00132736	 0.22155165 -0.15024969  3.90453785	 0.03374784  0.03355392 -0.00020582	 0.03583100  0.03218494 -0.00023708	 0.00350418 -0.00540192 -0.99997927	0.35000000	0.00000000	0.00000000	0.36384726	-1.37641025	1.03649247	-0.96340698	2.65397477	2.87962317	-1.53637576	-1.75140178	2.89319587	-0.77439439	2.02263927	0.94063294	2.78120422	0.26570648	-2.35731411	3.52540541	-0.90454894	-2.90933990	-1.01771247	-1.23317671	4.35404110	4.22824335	0.80948198	-2.24236655	
0.00851500	  -12.14383839    54.19332444 -1014.07704079    64.52716763    38.25001845     5.44346616	-3.91609165  2.20224181 -1.07821031 -0.11255162 -0.12044568 -0.05061716	   9.56245336  105.22368550  -28.10330133 -100.48936522   59.19240779   84.61540449  -10.45350519    7.96205691   20.38895084    0.61659222   11.81080585    1.84438079	 0.00314010  0.00209505 -0.15445798  0.66910222 -0.51743443  0.06478671 -0.03563161 -0.14754732 -0.50182421  0.92228492 -0.51944225  0.18659532	-0.01472950  0.18500031  0.39817856 -0.15349803 -0.25535054  0.05327055  0.00559002  0.06055628  0.18318687 -1.48626280  1.07513464 -0.00390924	-0.00198234  0.18029808  0.40579764 -0.16562366 -0.26993953  0.04374187 -0.00118720  0.07212528  0.15551862 -1.57388387  1.16645770 -0.00028306	 0.22416138 -0.15626864  3.90469680	 0.03027456  0.03292505 -0.00009500	 0.03312363  0.03281121 -0.00017462	 0.00378641 -0.00567339 -0.99997674	0.35000000	0.00000000	0.00000000	0.34492111	-1.40424287	1.01929426	-0.95634729	2.62212420	2.84768629	-1.44066453	-1.73420918	2.84942150	-0.80473810	2.04254603	0.93687689	2.82401800	0.24978130	-2.39590907	3.47583985	-0.88423687	-2.94577050	-1.04445314	-1.23995602	4.42022324	4.22881937	0.82491326	-2.27327228	
0.00841600	  -10.94141013    56.63008181 -1012.47947044    64.41137139    38.97105155     6.45744833	-4.79031438  2.10478785 -0.95730351 -0.11023319 -0.14671642 -0.05220128	   9.51293174  104.64020824  -29.72487211 -100.91139591   59.52450371   85.07086217  -10.24649624    7.47343990   23.12187121    2.20401059   11.07397981   -0.46960393	 0.00315510  0.00372096 -0.15091015  0.66759174 -0.51974463  0.06510153 -0.03563706 -0.14677373 -0.50008840  0.90843581 -0.50944723  0.18660557	 0.01979700  0.23090000  0.44223117 -0.20002790 -0.32338414  0.02685169  0.00626495  0.09253143  0.26317749 -1.75012513  1.27750673  0.03875295	 0.00235798  0.19706239  0.42245954 -0.18068613 -0.27708936  0.03799260 -0.00124573  0.09418900  0.21796260 -1.65041019  1.18861764  0.00419671	 0.22719308 -0.16243306  3.90459197	0.02711082 0.03131120 0.00006216	 0.03003898  0.03230364 -0.00006362	 0.00405981 -0.00591626 -0.99997426	0.35000000	0.00000000	0.00000000	0.32584980	-1.44024694	1.00110817	-0.95483959	2.56604600	2.81339097	-1.32107675	-1.69415092	2.78245687	-0.83420217	2.07068968	0.93350649	2.87451172	0.23840687	-2.43820286	3.41353536	-0.85383886	-2.98434877	-1.07319629	-1.23329556	4.51276255	4.21271753	0.85186923	-2.32667160	
0.00801800	   -7.55311635    58.61968324 -1010.85058974    64.23688649    41.03311032     7.72834172	-5.80629596  2.07962643 -0.61693202 -0.11100429 -0.17399124 -0.05442846	   9.23077757  104.24337125  -32.50378789 -100.37067986   61.08589375   85.09192729  -10.51370523    7.32561561   25.33818437    5.20749102   10.02249214   -3.13215467	 0.00315143  0.00534347 -0.14746640  0.66609475 -0.52190301  0.06539255 -0.03563199 -0.14584354 -0.49797491  0.89507545 -0.50012422  0.18658665	-0.01623859  0.23368397  0.42448378 -0.21704378 -0.24391894  0.07370109 -0.01079689  0.13773446  0.28066052 -1.70293507  1.18110753 -0.02562903	-0.00035678  0.20530078  0.43043393 -0.19016791 -0.26938275  0.04014593  0.00046042  0.12005176  0.27078576 -1.67478116  1.16572560 -0.00293350	 0.23003572 -0.16843776  3.90420633	0.02424063 0.03007468 0.00032468	0.02712853 0.03120340 0.00011016	 0.00430483 -0.00612102 -0.99997200	0.35000000	0.00000000	0.00000000	0.30975273	-1.47074747	0.97940010	-0.95396119	2.53887749	2.78885412	-1.23718417	-1.68347490	2.74281025	-0.88143516	2.09855294	0.93292165	2.90402317	0.22553369	-2.47830629	3.37281895	-0.82656837	-3.02233434	-1.10082364	-1.23890209	4.57265472	4.22753572	0.86275935	-2.35560942	
0.00802100	   -7.37678915    58.93676033 -1011.28371375    64.25107303    40.98961817     8.50845403	-6.65741938  1.89668756 -0.57206095 -0.10569241 -0.19086594 -0.05563090	   9.61928538  104.37246513  -33.62193891 -101.93942821   60.86097229   84.17110765  -11.00650246    6.72519353   27.47023696    6.28501396   10.63832266   -4.90551846	 0.00316189  0.00705997 -0.14392508  0.66453596 -0.52409335  0.06564262 -0.03563141 -0.14478306 -0.49535686  0.88144733 -0.49086185  0.18660025	 0.01927641  0.18604056  0.41342130 -0.17693559 -0.25834099  0.04952089  0.02538612  0.10171367  0.32569809 -1.57112171  1.07398094 -0.00413810	 0.00267544  0.21345148  0.44136438 -0.19679577 -0.27184959  0.03209968  0.00149512  0.13362970  0.33341642 -1.69361072  1.14936479  0.00083208	 0.23338487 -0.17460505  3.90375096	0.02171991 0.02787177 0.00053848	0.02436062 0.02970217 0.00033172	 0.00453668 -0.00630415 -0.99996984	0.35000000	0.00000000	0.00000000	0.29702544	-1.49124062	0.96001238	-0.95403975	2.51277661	2.75704432	-1.14753902	-1.66272819	2.69610000	-0.90560758	2.11540937	0.92644358	2.93796802	0.22018321	-2.50769424	3.32376003	-0.79896325	-3.05269623	-1.12502980	-1.24466085	4.62319756	4.22594595	0.87019122	-2.38581109	
0.00850500	   -6.06556472    59.20807862 -1012.50848263    64.27270417    42.37601756     8.99972264	-7.28527832  2.28719966 -0.28034708 -0.12087704 -0.20375853 -0.06512010	   8.72973707  102.97991610  -35.43256252 -102.01556599   62.35338271   83.65756011  -11.04856855    8.03699321   28.12979577    8.48552825    9.98124562   -7.96283459	 0.00314784  0.00901572 -0.14002974  0.66277178 -0.52641533  0.06578829 -0.03564449 -0.14344161 -0.49207834  0.86674960 -0.48114726  0.18659920	-0.00197755  0.20285856  0.45724106 -0.20272827 -0.27531002  0.03232699 -0.01133813  0.19193346  0.40362828 -1.69460508  1.10119748  0.00729205	-0.00086942  0.22756954  0.45716858 -0.20693634 -0.27314080  0.01669067 -0.00318582  0.16064456  0.39231850 -1.71725878  1.13269234  0.00116630	 0.23694687 -0.18142430  3.90329753	0.01917404 0.02621928 0.00072922	0.02165841 0.02784430 0.00054434	 0.00476576 -0.00647751 -0.99996766	0.35000000	0.00000000	0.00000000	0.28095576	-1.51486993	0.94031751	-0.95068055	2.50061512	2.72352839	-1.07380164	-1.66373050	2.66364026	-0.94993603	2.13697100	0.91845214	2.96722460	0.20593083	-2.54349709	3.28811574	-0.77476758	-3.09723783	-1.15016043	-1.25746059	4.66835737	4.24823761	0.87808365	-2.40044355	
0.00850000	   -4.17650179    61.91366050 -1011.77199955    64.17171334    44.13659602    10.00114421	-8.04267435  1.85650663 -0.13833137 -0.10807246 -0.22111203 -0.05990092	   8.93067056  102.64346719  -37.00855134 -101.87926731   63.93464094   83.98405457  -11.18146067    6.38535669   29.83140831   10.13177684    9.86545037  -10.25886358	 0.00315939  0.01108591 -0.13602343  0.66088025 -0.52871722  0.06583751 -0.03564340 -0.14195516 -0.48827577  0.85187078 -0.47156305  0.18659320	-0.00599694  0.21458476  0.46303115 -0.23816756 -0.24153826  0.00801149 -0.00655600  0.16496176  0.45684349 -1.69198445  1.09796789 -0.00026534	 0.00051470  0.23943624  0.47042015 -0.22342066 -0.26694884  0.00552314 -0.00190491  0.17557184  0.45245478 -1.73586799  1.11638060 -0.00075965	 0.24061780 -0.18811972  3.90268411	0.01798004 0.02456964 0.00104397	0.01954835 0.02615050 0.00079965	 0.00498128 -0.00663458 -0.99996558	0.35000000	0.00000000	0.00000000	0.26417464	-1.54379034	0.91824353	-0.95787179	2.47111988	2.69490147	-0.98688895	-1.64442408	2.61432266	-0.99263692	2.16505146	0.91664279	3.00003028	0.19884975	-2.57591605	3.24327111	-0.74230027	-3.12974310	-1.17465913	-1.26049125	4.72954369	4.25113583	0.88623422	-2.43415546	
0.00846400	   -2.95711238    63.62711028 -1008.37770272    63.90917159    45.48821131    10.63876169	-8.71414303  1.96953252  0.08650954 -0.11393517 -0.23723866 -0.06421127	   8.28980342  101.74805856  -38.62673610 -100.56747535   64.67731315   84.11974597  -11.43550090    6.94115147   30.85549929   12.58239277    9.08916995  -12.82068445	 0.00315155  0.01327041 -0.13187677  0.65888540 -0.53103160  0.06586274 -0.03564477 -0.14028615 -0.48395997  0.83688627 -0.46214963  0.18659919	 0.00186303  0.29682060  0.51044605 -0.24430437 -0.26408277 -0.01551484 -0.03438785  0.21654391  0.52820153 -1.84688551  1.17965319 -0.00519973	-0.00132388  0.26063302  0.49148250 -0.23668974 -0.27045547  0.00144935 -0.00340886  0.19845328  0.51575393 -1.76996700  1.10985383  0.00060892	 0.24434743 -0.19506152  3.90163753	0.01660386 0.02303301 0.00150427	0.01801536 0.02452314 0.00115468	 0.00518305 -0.00678155 -0.99996357	0.35000000	0.00000000	0.00000000	0.24533641	-1.57446635	0.89890897	-0.95847982	2.43810987	2.65817928	-0.90104103	-1.62706804	2.56722593	-1.03928280	2.18897748	0.91089904	3.03428578	0.19011600	-2.60780668	3.20539522	-0.71168363	-3.17180419	-1.20054984	-1.26456034	4.79455185	4.26157522	0.90102702	-2.46384358	
0.00800400	    0.80720245    66.93774897 -1002.90270001    63.46501340    48.51078134    12.03695697	-9.48601866  1.31297920  0.08858479 -0.09345384 -0.25481184 -0.05495668	  8.12933078 100.85858917 -40.84223607 -98.28694209  67.05632275  84.66452014 -11.85694333   4.55270457  32.20404668  14.18950285   9.46137938 -15.18608597	 0.00315085  0.01536011 -0.12789723  0.65694757 -0.53322330  0.06591201 -0.03563991 -0.13859172 -0.47945035  0.82279894 -0.45348025  0.18660132	 0.00703077  0.26194401  0.47706403 -0.22882319 -0.25534456 -0.00705762  0.00638186  0.21625030  0.58612076 -1.70429115  1.06184550  0.01098951	-0.00081342  0.26158344  0.49976621 -0.24105258 -0.27225794  0.00741941 -0.00102295  0.21263601  0.57213910 -1.76456631  1.08546896  0.00205772	 0.24748405 -0.20122154  3.90012274	0.01721073 0.02270233 0.00193927	0.01731166 0.02343837 0.00154008	 0.00536531 -0.00691616 -0.99996169	0.35000000	0.00000000	0.00000000	0.23233786	-1.61136425	0.87500548	-0.97230691	2.40744901	2.63298345	-0.82620496	-1.61077690	2.51790595	-1.09265935	2.22173357	0.91445398	3.06443834	0.18669511	-2.63899207	3.16433406	-0.67734063	-3.20615244	-1.22564054	-1.26856947	4.85218477	4.27324438	0.91208905	-2.49828458	
0.00802600	  24.55740567   77.73161503 -911.84118400   57.54438910   53.63789055   17.75384728	   6.80688395  -61.44063744 -264.55127779   16.87086615  -42.27528494   12.91269573	  7.23119557 101.44972038 -40.65156470 -97.87101793  69.67220914  83.47737372 -12.58504768   4.99375792  32.77121690  15.56941831   8.63312110 -17.80460653	 0.00315360  0.01754301 -0.12382184  0.65491640 -0.53542040  0.06602554 -0.03566232 -0.13676420 -0.47456768  0.80892530 -0.44487106  0.18654744	 0.00481448  0.26549714  0.51433360 -0.26702682 -0.27653406  0.03435948 -0.01041186  0.25972157  0.58736206 -1.55730861  1.11668475 -0.05666046	 0.00092921  0.27288501  0.51096782 -0.25722141 -0.27006509  0.01660747 -0.00687792  0.23273223  0.61005078 -1.69138387  1.08375908 -0.01460403	 0.25221666 -0.20726962  3.90381328	0.00569871 0.01646298 0.00206747	0.01569971 0.02189381 0.00187935	 0.00553657 -0.00704069 -0.99995989	0.35000000	0.00000000	0.00000000	0.22478613	-1.63199186	0.86063260	-0.97886497	2.39895678	2.61047435	-0.77147245	-1.62027359	2.48534727	-1.16285491	2.25941110	0.90323699	3.08986998	0.18793632	-2.66151500	3.13296986	-0.63662916	-3.24157071	-1.24658906	-1.28025174	4.89473438	4.31288052	0.90545285	-2.51523161	
0.00847400	  44.04496498   80.65510272 -844.02597121   52.98870978   58.94485205   22.59708377	 -39.98111781  -91.46494695 -406.00002722   26.09311582  -62.62131179   13.84643842	  6.08956209  96.87332106 -40.49522382 -97.61003932  72.74453473  80.87746447 -12.60275612   3.79044756  30.18158320  15.81995166   4.79660067 -19.34356092	 0.00314867  0.02005227 -0.11890407  0.65206948 -0.53741965  0.06686692 -0.03590793 -0.13414668 -0.46950736  0.79761191 -0.43352410  0.18546273	-0.00529630  0.30388683  0.60858106 -0.38626981 -0.20577785  0.12453727 -0.04625646  0.34398409  0.54941837 -1.12292420  1.42035570 -0.18037925	-0.00155233  0.29845960  0.59339025 -0.35383609 -0.22743040  0.11274861 -0.03231820  0.32190594  0.58345465 -1.26032529  1.37694355 -0.15183223	 0.25980427 -0.21270297  3.92051117	-0.02860063 -0.00583174  0.00176323	-0.00574050  0.00909844  0.00190150	 0.00556928 -0.00691382 -0.99996059	0.35000000	0.00000000	0.00000000	0.23676100	-1.63042057	0.85487342	-0.97090691	2.33110476	2.55975986	-0.73911297	-1.61719024	2.41948867	-1.31114793	2.34512115	0.89107227	3.12156248	0.22314076	-2.68712497	3.13480306	-0.55642897	-3.26927686	-1.24553764	-1.26321876	5.04911947	4.34648561	0.89289176	-2.57795954	
0.00848700	  37.02649333   55.68830674 -837.22531669   51.95135323   63.81271633   18.98768012	 -36.29733505  -63.33306187 -313.03671162   20.45768137  -48.20587179    8.33590068	  1.56862259  88.01171827 -32.42878596 -90.27935767  80.25239682  66.92286408 -13.42920158  -7.60801929  12.30073409   7.41168517 -25.26851669 -13.08052300	 0.00313211  0.02276144 -0.11334764  0.64828050 -0.53897644  0.06781040 -0.03623859 -0.13113396 -0.46511295  0.78961769 -0.42119203  0.18364644	-0.03460530  0.31530954  0.66099537 -0.47283846 -0.15531736  0.04936914 -0.03477062  0.34551384  0.46164745 -0.75924756  1.36123901 -0.18911010	-0.00403827  0.32378373  0.66471421 -0.46667725 -0.17556765  0.09321298 -0.03968324  0.35450989  0.50317386 -0.89344402  1.44206466 -0.20889194	 0.26267841 -0.21483753  3.92985194	-0.03317231 -0.00914709  0.00251535	-0.02328210 -0.00251735  0.00229138	 0.00549450 -0.00663548 -0.99996289	0.35000000	0.00000000	0.00000000	0.28816026	-1.63209057	0.93274689	-0.91147244	2.38423109	2.43242908	-0.94778740	-1.72969007	2.48785377	-1.42950332	2.39225817	0.86022282	2.98053789	0.24984355	-2.69397449	3.50773525	-0.53297842	-3.40579271	-1.26165640	-1.39010000	5.07141018	4.55426836	0.86998981	-2.55003691	
0.00800400	  28.17036941   56.04098922 -832.09524188   51.40732740   69.83848297   15.90604253	 -22.51169457  -49.29795953 -262.34216019   17.21589684  -40.40711011    6.40648496	 -1.64727105  83.35862041 -24.01907067 -74.72607127  85.83893895  61.87912929 -14.95314896 -11.08192721   2.47327500  -7.60097077 -36.72584581 -11.75987801	 0.00310919  0.02537857 -0.10778074  0.64394220 -0.54002016  0.06820020 -0.03668763 -0.12837560 -0.46159350  0.78424340 -0.41039931  0.18224126	-0.02741176  0.37596573  0.75984780 -0.63028529 -0.12594161  0.05357444 -0.05693066  0.33833897  0.44625051 -0.57417548  1.33325951 -0.15668410	-0.00652702  0.33153946  0.70164454 -0.55562498 -0.12728533  0.04592979 -0.05805609  0.34112348  0.43266125 -0.64498462  1.32877663 -0.16538320	 0.26311822 -0.21519929  3.93504487	-0.02656069 -0.00376072  0.00503309	-0.02724966 -0.00486881  0.00341914	 0.00544029 -0.00639402 -0.99996476	0.35000000	0.00000000	0.00000000	0.32825148	-1.65064752	0.97935563	-0.89594924	2.48086214	2.38775587	-1.15621459	-1.82855392	2.56602311	-1.52642143	2.40192437	0.84644520	2.89325023	0.27217728	-2.68425965	3.74103475	-0.53379732	-3.47624254	-1.28431916	-1.50087690	5.02649355	4.73315907	0.80065608	-2.47676349	
0.00801900	  22.23976817   56.39511815 -831.77113436   51.21437347   74.97448296   14.30428085	 -10.60053117  -47.33393298 -228.22897853   14.78816975  -35.15022585    6.59708457	 -2.83027004  79.86429763 -17.51516770 -64.88959533  90.48532444  59.64542061 -15.62362115  -9.91173515  -1.18837911 -17.14996199 -42.45745289 -16.69606841	 0.00307443  0.02793473 -0.10202799  0.63909288 -0.54076100  0.06834281 -0.03738937 -0.12577153 -0.45853142  0.78029067 -0.40107881  0.18112089	-0.02037982  0.32724736  0.77511229 -0.66534430 -0.10760387 -0.01403636 -0.08132305  0.33381014  0.37303373 -0.43165897  1.12632241 -0.14482070	-0.00636160  0.31808193  0.72158141 -0.61305851 -0.09121203  0.01591606 -0.09134153  0.32385270  0.37796376 -0.47371920  1.13449510 -0.14013911	 0.26273501 -0.21476617  3.93808182	-0.01516065  0.00353543  0.00590971	-0.02263950 -0.00146371  0.00485365	 0.00544013 -0.00622804 -0.99996581	0.35000000	0.00000000	0.00000000	0.36077842	-1.65889740	0.99141234	-0.90457809	2.63451934	2.38860536	-1.33058691	-1.95084333	2.66495180	-1.60743427	2.40754437	0.83225703	2.83791828	0.27391550	-2.69811344	3.88490915	-0.54009384	-3.54288673	-1.31185675	-1.59535289	4.93858147	4.91598701	0.72457850	-2.36896038	
0.00800800	  20.39939361   58.23384794 -830.90894253   50.99754135   79.86679157   13.80059026	  -5.77000680  -47.76760076 -213.67528709   13.64351765  -32.76763650    6.86349902	 -3.39784623  79.21625614 -13.38882536 -58.26908366  94.96861607  57.18434423 -15.19184766  -8.83047706  -1.15057345 -25.21596537 -41.37887058 -19.34567213	 0.00304481  0.03038984 -0.09615581  0.63380647 -0.54125917  0.06842598 -0.03842051 -0.12328281 -0.45573072  0.77730680 -0.39345044  0.17984799	 0.00956013  0.27919992  0.74802768 -0.70354876 -0.04287808  0.03163503 -0.14677593  0.31884441  0.32991691 -0.30414614  0.90454955 -0.17597990	-0.00476049  0.30189143  0.73295444 -0.66395995 -0.06025263  0.01108216 -0.13272193  0.31069591  0.34485711 -0.35677152  0.92306402 -0.16446678	 0.26218274 -0.21420859  3.94017962	-0.00344825  0.00983077  0.00544846	-0.01351961  0.00407874  0.00539076	 0.00549538 -0.00615682 -0.99996595	0.35000000	0.00000000	0.00000000	0.37993944	-1.66174078	0.99227589	-0.91697657	2.76998115	2.40722036	-1.45908415	-2.05454087	2.74708605	-1.66015971	2.40782905	0.82378125	2.81005859	0.27047202	-2.70339751	3.95214057	-0.54655170	-3.56971836	-1.33498526	-1.67091203	4.85040760	5.05745459	0.63789755	-2.28758454	
0.00801600	  21.33503905   59.14431290 -820.89068657   50.22058486   83.60451759   14.08569900	  -7.03158715  -48.54862474 -214.61470346   13.53998354  -32.68181380    6.87945872	 -3.15976872  78.03140783 -11.35932825 -52.64598554  99.10863715  54.08923161 -13.98370609  -7.08438434   1.18870512 -31.43474688 -37.78950879 -20.22614995	 0.00302792  0.03277340 -0.09017068  0.62818332 -0.54153823  0.06843968 -0.03977233 -0.12084453 -0.45300818  0.77491848 -0.38742723  0.17823213	 0.01251103  0.25866124  0.68091911 -0.64429727 -0.01180063 -0.01501265 -0.17419496  0.25439247  0.31647056 -0.24432585  0.60649374 -0.22471668	-0.00103991  0.29307247  0.74127046 -0.69925664 -0.03096117  0.00072979 -0.17049452  0.30110650  0.33560508 -0.28676062  0.72200210 -0.20909618	 0.26177890 -0.21375090  3.94171989	0.00626500 0.01369282 0.00383729	-0.00341433  0.00924725  0.00485314	 0.00559172 -0.00617224 -0.99996532	0.35000000	0.00000000	0.00000000	0.38950747	-1.66671264	0.98962504	-0.92052591	2.89103699	2.42430401	-1.56143332	-2.14864039	2.82657027	-1.69598925	2.40551376	0.81856537	2.79796672	0.26118672	-2.70752430	3.98893547	-0.55763751	-3.58648396	-1.35498941	-1.74103129	4.77267170	5.18272686	0.55713266	-2.22398758	
0.00845100	  21.66316397   58.86835198 -803.37738411   49.09198826   83.63776750   13.37496729	 -11.28696224  -48.71633518 -220.30746228   13.76167165  -33.31302265    6.65729740	 -2.97167555  76.02722716 -10.71205748 -48.69397822 102.91054827  51.67693448 -12.47224580  -4.74848533   3.67021640 -35.31168012 -32.85167679 -20.40413855	 0.00300034  0.03520158 -0.08367516  0.62186439 -0.54166980  0.06846001 -0.04147809 -0.11823763 -0.45008791  0.77277561 -0.38252326  0.17600946	 0.00366275  0.28537365  0.83431497 -0.78428220  0.01567370  0.00183922 -0.19587573  0.34348802  0.37381640 -0.27045121  0.51378069 -0.32857584	-0.00299019  0.28451786  0.77012306 -0.75029759 -0.01268374  0.00059320 -0.20332154  0.31014944  0.34721634 -0.24877527  0.55477552 -0.27449001	 0.26194184 -0.21369486  3.94222531	0.01330145 0.01481212 0.00271887	0.00572013 0.01265630 0.00368968	 0.00571459 -0.00625923 -0.99996408	0.35000000	0.00000000	0.00000000	0.38854951	-1.67081153	0.98313922	-0.91573453	2.98759174	2.43399310	-1.64037657	-2.22601342	2.89370656	-1.72665441	2.40304971	0.81438875	2.79062271	0.24769555	-2.71262455	4.00372982	-0.56920385	-3.59641242	-1.36628783	-1.79641283	4.71239710	5.28312397	0.48595923	-2.17280960	
0.00852900	  25.25254035   59.51345690 -785.00151556   47.81974842   86.02532333   13.71020568	 -16.61420415  -48.00712450 -228.73385572   14.21835063  -34.44073995    6.24262453	 -1.50134957  74.87408710 -11.71628400 -42.97229287 108.83510113  48.48518354 -10.84437496  -4.35606214   4.98574886 -37.14347202 -28.21290976 -18.87120612	 0.00300522  0.03760432 -0.07707021  0.61531155 -0.54172018  0.06845718 -0.04338970 -0.11560081 -0.44707889  0.77087526 -0.37882731  0.17331240	 0.02146288  0.25381768  0.72533053 -0.76075947  0.01827294  0.00141944 -0.21539606  0.30228122  0.33764515 -0.22549808  0.33441815 -0.33992417	 0.00166118  0.27981723  0.77311082 -0.77094695 -0.00383681 -0.00113583 -0.22544180  0.31041801  0.35552104 -0.22131453  0.41225167 -0.32352731	 0.26189461 -0.21393673  3.94168830	0.01766649 0.01544613 0.00239650	0.01245840 0.01432212 0.00290748	 0.00584344 -0.00639357 -0.99996249	0.35000000	0.00000000	0.00000000	0.38118306	-1.68452692	0.97995347	-0.91530615	3.06446910	2.43854284	-1.69360983	-2.29756427	2.94766355	-1.75470710	2.40774083	0.81983423	2.79703331	0.23026352	-2.71746778	4.00453472	-0.58303565	-3.59527421	-1.37657130	-1.85080326	4.65444088	5.36667395	0.42714748	-2.13906550	
0.00800000	  27.79017516   58.39152705 -770.89101393   46.83095968   87.72292922   13.84567071	 -21.47561442  -47.69289502 -237.02606928   14.64640219  -35.56273905    5.93201219	 -0.55490845  72.29752636 -11.62171056 -39.76398975 114.31518996  45.39661109  -9.51490045  -2.51339316   7.25206266 -39.51824300 -24.31368220 -18.40465066	 0.00300151  0.03984200 -0.07076396  0.60903080 -0.54174518  0.06847547 -0.04524850 -0.11308247 -0.44415975  0.76924231 -0.37618495  0.17045950	 0.00386305  0.29400458  0.80375370 -0.79051282  0.00235221  0.01416642 -0.26335742  0.34454868  0.37478521 -0.20102869  0.29451009 -0.37262347	 0.00018877  0.27966086  0.78973670 -0.78722348 -0.00207888  0.00285306 -0.23521281  0.31687554  0.36895227 -0.20403974  0.31760635 -0.36074394	 0.26211521 -0.21435314  3.94057364	0.02001969 0.01425473 0.00232750	0.01666629 0.01463736 0.00255416	 0.00596281 -0.00654595 -0.99996080	0.35000000	0.00000000	0.00000000	0.37639844	-1.70009100	0.97741455	-0.90726650	3.13165212	2.43756008	-1.73690009	-2.36254144	2.99644256	-1.78021967	2.41938233	0.81853414	2.80655193	0.21546815	-2.72876716	4.00080061	-0.59258991	-3.60758090	-1.38408601	-1.89909232	4.61668396	5.44791317	0.38162082	-2.11006355	
0.00849200	  32.20976948   57.54047104 -758.76994284   45.88433528   91.57751310   14.86673856	 -25.55189287  -47.73190821 -244.46145614   15.03582094  -36.61836811    5.69850384	  0.87840006  69.88420153 -12.74110391 -35.40058002 119.95439637  41.82489651  -8.94607598  -2.41006266   7.84164273 -40.80755106 -21.51446655 -17.72536375	 0.00299520  0.04220385 -0.06401824  0.60226169 -0.54172075  0.06846853 -0.04722104 -0.11035596 -0.44093775  0.76757366 -0.37403480  0.16708630	-0.00812925  0.24795288  0.78013210 -0.77946527 -0.00103216  0.01042285 -0.23340451  0.33401793  0.36628977 -0.17570221  0.22466180 -0.41701155	 0.00064058  0.27615004  0.79641942 -0.79654916  0.00473004 -0.00000063 -0.23395652  0.32437125  0.38112896 -0.19554479  0.24443036 -0.40348773	 0.26189123 -0.21455500  3.93894047	0.02271511 0.01363727 0.00210186	0.01989497 0.01411334 0.00231557	 0.00608053 -0.00672827 -0.99995888	0.35000000	0.00000000	0.00000000	0.36879000	-1.71565509	0.97548521	-0.90332711	3.18368649	2.42659903	-1.76787257	-2.41909957	3.03504896	-1.80444610	2.42994690	0.82192528	2.82198620	0.19506565	-2.74373031	4.00026846	-0.60225081	-3.61695433	-1.39490044	-1.94230855	4.58925295	5.51803112	0.34462702	-2.09185576	
0.00848200	  38.50990957   56.87838370 -751.07984233   45.17720992   96.85011673   16.38773848	 -29.94204775  -46.59173101 -254.02106759   15.59315173  -38.04629419    5.26290682	  2.36058031  67.73927665 -13.11310668 -31.70704711 124.34678257  38.44517973  -8.73241101  -1.51482277   9.18082663 -41.95360984 -19.82625550 -16.42668921	 0.00298352  0.04455289 -0.05724271  0.59541089 -0.54162142  0.06846690 -0.04915253 -0.10761655 -0.43759129  0.76593471 -0.37240464  0.16348463	-0.00618291  0.27820897  0.80224831 -0.80654133  0.01931401 -0.01608459 -0.21780799  0.28775382  0.40360350 -0.18255454  0.16781975 -0.43768047	-0.00252881  0.27632853  0.80377213 -0.81054047  0.01444030 -0.00018416 -0.22842324  0.32248063  0.39852658 -0.19192593  0.18663713 -0.43018630	 0.26129905 -0.21465120  3.93742127	0.02501024 0.01299067 0.00183825	0.02265685 0.01355864 0.00206661	 0.00619352 -0.00693229 -0.99995679	0.35000000	0.00000000	0.00000000	0.36175987	-1.73195577	0.97563183	-0.88996547	3.22125363	2.41033959	-1.79641807	-2.46294212	3.06978583	-1.82235110	2.43912411	0.82436943	2.82723498	0.18077417	-2.75405335	4.00793648	-0.61212087	-3.62692165	-1.40174747	-1.98240733	4.56666517	5.58049393	0.31651857	-2.07524371	
0.00803500	  44.94611242   55.40704238 -742.53275950   44.41157145  102.06801328   17.70489901	 -33.63207909  -45.27769413 -260.27724027   15.93609529  -38.98255294    4.85105785	  4.04184692  64.84001231 -14.10567905 -26.89193536 128.29035795  35.12663984  -8.58972063   0.12137382   9.62784015 -41.99141604 -18.08608478 -15.82700622	 0.00298397  0.04675183 -0.05087849  0.58893548 -0.54146003  0.06846199 -0.05089178 -0.10499169 -0.43437778  0.76438821 -0.37121919  0.15994900	-0.02157346  0.25716910  0.73453992 -0.76616083  0.04655443  0.00399265 -0.17846695  0.32673849  0.36539161 -0.17579647  0.15017477 -0.41750157	-0.00120723  0.27278477  0.79022950 -0.80543849  0.02332420 -0.00196942 -0.21377026  0.32681168  0.40054001 -0.19226939  0.14480733 -0.44140508	 0.26011345 -0.21471861  3.93584427	0.02688394 0.01336337 0.00162597	0.02485766 0.01329214 0.00183850	 0.00629812 -0.00714059 -0.99995467	0.35000000	0.00000000	0.00000000	0.35435724	-1.74896789	0.97309339	-0.87974894	3.25536227	2.39137340	-1.81828082	-2.50622654	3.09891152	-1.84312081	2.44596577	0.82794929	2.83962846	0.16385411	-2.76702046	4.00937605	-0.62220585	-3.63879085	-1.40999174	-2.01854086	4.54448080	5.63956976	0.29614428	-2.05773211	
0.00800500	  48.91437658   54.85066241 -733.75786773   43.73067989  105.10960544   17.15836332	 -38.27359377  -46.01407655 -271.36583677   16.56332622  -40.64809995    4.68356156	  5.55080353  62.54259610 -14.02691684 -24.31352595 130.32830679  31.84429851  -9.17311254   0.82916124  11.99403959 -43.31136869 -17.68922701 -15.55765423	 0.00299406  0.04895915 -0.04450624  0.58244791 -0.54123979  0.06845862 -0.05258756 -0.10235561 -0.43110378  0.76286599 -0.37028524  0.15622196	 0.00084511  0.25940356  0.70464745 -0.76079292  0.04110359 -0.00233501 -0.17466180  0.29186642  0.36650766 -0.16998743  0.08033774 -0.42207768	 0.00264877  0.27343347  0.78690041 -0.80437262  0.02998523 -0.00306144 -0.20670508  0.32634946  0.40519911 -0.19037715  0.11116833 -0.46294771	 0.25914687 -0.21498050  3.93425614	0.02850337 0.01188792 0.00556924	0.02675139 0.01288758 0.00297677	 0.00640026 -0.00736284 -0.99995241	0.35000000	0.00000000	0.00000000	0.35068414	-1.76475513	0.97183919	-0.86622041	3.27982569	2.36937475	-1.83359492	-2.53631997	3.12696934	-1.85830796	2.45739985	0.82615733	2.84875941	0.15256546	-2.78188515	4.01511288	-0.62715536	-3.65677142	-1.42430091	-2.05164313	4.53910351	5.69873095	0.27478096	-2.05009103	
0.00848700	  49.60136915   53.74438013 -731.89147701   43.53277319  107.21320695   15.11071902	 -41.06584087  -44.67964549 -278.48390468   16.96153416  -41.76750136    4.36575000	  6.89369925  59.74113917 -15.27778988 -20.58476856 132.41148341  28.55461803  -8.48356857   2.24819186  12.46525394 -43.81068267 -17.21484822 -14.54405755	 0.00298284  0.05127108 -0.03776460  0.57561753 -0.54093589  0.06846011 -0.05434616 -0.09951581 -0.42751737  0.76124903 -0.36948012  0.15208994	-0.01228234  0.26563939  0.80446728 -0.78397114  0.04514194 -0.00987079 -0.21955841  0.33796422  0.42727524 -0.18783858  0.08112052 -0.49543144	-0.00113080  0.27062283  0.79038825 -0.79689319  0.03929876 -0.00268659 -0.20667572  0.33277774  0.42140210 -0.19077556  0.08923057 -0.48647091	 0.25823295 -0.21553220  3.93286186	0.03055787 0.00954787 0.01552362	0.02868088 0.01133142 0.00835749	 0.00649032 -0.00761466 -0.99994995	0.35000000	0.00000000	0.00000000	0.34155923	-1.78132248	0.97106951	-0.84325206	3.28738332	2.33538103	-1.84514487	-2.56036520	3.15265346	-1.86987734	2.46305466	0.82708633	2.85322833	0.13661951	-2.79637885	4.02482080	-0.63971722	-3.66951370	-1.43589854	-2.08451962	4.53097725	5.74652576	0.25753608	-2.03876209	
0.00850900	  49.37514245   53.41211914 -731.98038739   43.44189810  109.61379912   12.79101925	 -42.67631600  -42.54739046 -283.07642545   17.21768484  -42.52527830    4.02272580	  9.34720052  57.69446075 -16.02927582 -16.21361586 134.98939991  24.79932082  -7.00597204   3.01008113  12.27814396 -44.17238019 -16.56606200 -12.95282996	 0.00298041  0.05358151 -0.03113593  0.56891634 -0.54054717  0.06846351 -0.05599540 -0.09668722 -0.42385284  0.75964672 -0.36882421  0.14788469	-0.01971300  0.25321690  0.72568085 -0.70661606  0.04293967 -0.02201792 -0.19145692  0.30292980  0.41038881 -0.18050153  0.06162182 -0.44998482	-0.00093879  0.27030123  0.77352144 -0.77676863  0.04628055 -0.00195790 -0.19286589  0.32849130  0.42928045 -0.18674314  0.07347114 -0.48904524	 0.25727735 -0.21632763  3.93173369	0.03312943 0.00704138 0.03055226	0.03090104 0.00918317 0.01871313	 0.00655866 -0.00788697 -0.99994739	0.35000000	0.00000000	0.00000000	0.33066440	-1.80004978	0.97243094	-0.82246655	3.28716302	2.29965925	-1.84725583	-2.58045697	3.17113495	-1.87472701	2.46857500	0.82979500	2.86265874	0.12198222	-2.80828571	4.02797699	-0.65442014	-3.67273331	-1.44580054	-2.11785531	4.51285601	5.78308868	0.24038413	-2.02708578	
0.00850300	  47.23559916   51.83390265 -730.67892339   43.27365222  110.97600796   10.98971802	 -43.39264368  -41.08474124 -288.52994988   17.51337581  -43.38819557    3.81000436	 11.62475985  54.74083745 -15.91892643 -11.68495851 136.52113652  21.41078568  -6.42367179   5.11093615  12.17155878 -46.03944395 -16.57041210 -12.52279338	 0.00299350  0.05584931 -0.02470608  0.56252416 -0.54003619  0.06847117 -0.05749536 -0.09384020 -0.42008868  0.75804089 -0.36825306  0.14370303	 0.00998297  0.27283396  0.71798274 -0.70491946  0.05354389  0.02228062 -0.18916877  0.32898240  0.41661642 -0.15140661  0.03471012 -0.50680623	 0.00271930  0.26717447  0.74870493 -0.74097098  0.06017794  0.00105598 -0.17492846  0.33383076  0.44301841 -0.18646150  0.06293499 -0.49145203	 0.25654403 -0.21736088  3.93078795	0.03582693 0.00364269 0.04954816	0.03340084 0.00650977 0.03378880	 0.00660128 -0.00818283 -0.99994473	0.35000000	0.00000000	0.00000000	0.32091564	-1.82068372	0.97393602	-0.79660565	3.28141618	2.26099038	-1.84674454	-2.59566259	3.18870401	-1.88078916	2.47543979	0.82748556	2.87370133	0.10710562	-2.82715583	4.03268671	-0.66911417	-3.68688655	-1.46278191	-2.15214109	4.50436449	5.82414913	0.22457397	-2.01228952	
0.00848100	  43.04535025   50.82787180 -726.53691826   42.98015195  110.57304414   10.54149435	 -43.54770043  -39.86801516 -294.22807633   17.84198356  -44.28078162    3.64557692	 13.77459879  52.74237478 -15.54142921  -7.25745664 136.28193748  17.59006564  -5.40084182   5.75793663  10.97423796 -48.10892741 -16.20098475 -11.58447307	 0.00301793  0.05810065 -0.01850719  0.55653435 -0.53942599  0.06845368 -0.05880159 -0.09103258 -0.41618408  0.75639300 -0.36770253  0.13958306	 0.01382728  0.28238448  0.70764130 -0.68039443  0.06567868  0.00429818 -0.14265944  0.32932385  0.49830945 -0.19355244  0.04670618 -0.50889580	 0.00535515  0.26522496  0.72175940 -0.69546395  0.07232164 -0.00165791 -0.15034647  0.33123041  0.46261666 -0.19419731  0.06376320 -0.48668771	 0.25618382 -0.21791287  3.92978968	 0.03916044 -0.00060551  0.06599265	0.03626810 0.00301276 0.05055522	 0.00660943 -0.00850537 -0.99994199	0.35000000	0.00000000	0.00000000	0.30963999	-1.83685672	0.97797245	-0.77176583	3.26342368	2.20946240	-1.83111370	-2.59457731	3.19394183	-1.87321067	2.47351956	0.82296276	2.88898015	0.09202364	-2.84108400	4.02986383	-0.68685049	-3.69353652	-1.48311901	-2.18200779	4.49170446	5.84506416	0.20930038	-2.00103116	
0.00802600	  39.10927833   45.89723111 -719.00404354   42.41532131  109.52462030    9.64009298	 -43.25242802  -38.68470493 -299.45653738   18.14350833  -45.08404839    3.50380988	 15.60565964  50.05186558 -15.93289376  -2.44584251 135.55305326  14.29317093  -4.91055727   7.83202010   9.42348361 -50.21676399 -16.32198027 -11.39542627	 0.00320863  0.06021690 -0.01296270  0.55144567 -0.53876085  0.06824407 -0.05983030 -0.08840087 -0.41239227  0.75482322 -0.36716575  0.13578373	 0.03713313  0.24027832  0.63423491 -0.54237988  0.07620313 -0.06610322 -0.13290267  0.29522920  0.45020952 -0.16270138  0.06557718 -0.44458712	 0.02888982  0.26425864  0.68246486 -0.62019464  0.08278608 -0.03401692 -0.12452852  0.32664005  0.47457351 -0.19516853  0.06612893 -0.47235143	 0.25599662 -0.21803411  3.92857877	 0.04272331 -0.00431365  0.07887673	 0.03942946 -0.00067418  0.06522222	 0.00658352 -0.00883753 -0.99993928	0.35000000	0.00000000	0.00000000	0.29995295	-1.85238993	0.98095506	-0.74821889	3.25687242	2.15487552	-1.82305920	-2.60274029	3.20313621	-1.87100995	2.46673608	0.81344342	2.89858723	0.07557787	-2.85661411	4.02938890	-0.70517516	-3.71461153	-1.50644743	-2.21790838	4.46861410	5.87669611	0.19760020	-1.98004329	
0.00847100	  34.49052828   41.78482378 -705.41327963   41.43928919  107.53387499    8.71271058	 -42.92942440  -38.25274361 -306.15869517   18.53101400  -46.07960880    3.47615491	 14.68962246  46.73756278 -15.12317630   0.69134656 133.64833975  12.62303697  -4.64350769  10.06291798   7.97644035 -53.08362275 -16.34578505 -11.61326322	 0.00362754  0.06253071 -0.00748990  0.54674202 -0.53795850  0.06761984 -0.06065592 -0.08560036 -0.40824974  0.75308133 -0.36650514  0.13170403	 0.07507119  0.30542618  0.65751007 -0.53062260  0.11213756 -0.08435570 -0.07064995  0.37049456  0.52164283 -0.20895353  0.09688867 -0.51487801	 0.05584832  0.27485834  0.63698518 -0.53868408  0.09567142 -0.08169980 -0.09234947  0.33195200  0.49376265 -0.20519431  0.07966899 -0.48450263	 0.25612875 -0.21801431  3.92662077	 0.04621202 -0.00834377  0.09220851	 0.04295420 -0.00459001  0.07929350	 0.00652242 -0.00922146 -0.99993621	0.35000000	0.00000000	0.00000000	0.28589433	-1.86568236	0.98406321	-0.72886682	3.25178170	2.09565163	-1.81568873	-2.60518408	3.20826769	-1.87584543	2.45961952	0.79208004	2.90089989	0.06090182	-2.87076902	4.02268457	-0.71616042	-3.75096297	-1.53060544	-2.25133610	4.45441580	5.90853739	0.18285118	-1.96247947	
0.00802200	  29.64677119   39.56905473 -689.04150960   40.32686847  105.17898120    8.06254679	 -43.09476868  -35.82625438 -317.27094164   19.24850235  -47.76076394    3.07891251	 13.75323329  42.89356089 -14.77262127   5.85289652 130.34373558  12.19171907  -4.88806351  11.82982096   5.70224054 -56.40793695 -16.64657682  -9.89587621	 0.00421334  0.06474947 -0.00279609  0.54311656 -0.53712955  0.06664369 -0.06121918 -0.08294563 -0.40423701  0.75134157 -0.36574106  0.12783139	 0.10540101  0.27434931  0.52633615 -0.38072329  0.11916053 -0.13094780 -0.07741831  0.36995041  0.50046628 -0.22635403  0.12608054 -0.47802825	 0.07791728  0.27750328  0.57316212 -0.43387824  0.10339114 -0.12633479 -0.06761586  0.33285091  0.50207672 -0.21758230  0.09887567 -0.48165644	 0.25645805 -0.21786506  3.92421133	 0.04888042 -0.01190504  0.10586526	 0.04603320 -0.00828580  0.09253222	 0.00643308 -0.00960802 -0.99993315	0.35000000	0.00000000	0.00000000	0.27185598	-1.89157307	0.98819596	-0.70370477	3.22049046	2.02539349	-1.80786967	-2.58771229	3.19735026	-1.88571477	2.45152426	0.77373421	2.88622522	0.05528045	-2.87429595	4.01883650	-0.72775728	-3.79105568	-1.55349565	-2.28324103	4.44216108	5.92458248	0.17929924	-1.95467472	
0.00846500	  25.92040290   37.73060257 -668.68933225   38.94140001  102.16657991    7.51786056	 -43.38405153  -36.12951118 -329.72079326   20.03071253  -49.63378501    3.12030188	 12.69124005  39.90557432 -13.73088497   8.31314810 125.90385890  11.49785899  -4.43020495  13.79923129   4.17689554 -59.97177078 -17.89320847  -9.80707114	 0.00496900  0.06715341  0.00166765  0.54022936 -0.53624375  0.06536870 -0.06157719 -0.08010558 -0.39985630  0.74941795 -0.36475150  0.12368400	 0.11050101  0.32018038  0.51695585 -0.30231553  0.13370056 -0.14299481 -0.04791650  0.38470003  0.53597639 -0.22835301  0.11738139 -0.51737140	 0.09390661  0.28691733  0.51638411 -0.32165758  0.10450194 -0.15278777 -0.03874108  0.34023850  0.52081662 -0.22981210  0.12090055 -0.49207403	 0.25725860 -0.21780611  3.92092045	 0.04999052 -0.01594163  0.12053180	 0.04837013 -0.01217608  0.10688762	 0.00630466 -0.01003561 -0.99992977	0.35000000	0.00000000	0.00000000	0.26126638	-1.91157150	0.99034613	-0.67765862	3.18268061	1.94935691	-1.78669345	-2.56628108	3.17793226	-1.90344477	2.44834781	0.74382257	2.87046647	0.05257976	-2.88188362	4.00522947	-0.72628516	-3.84180713	-1.58078265	-2.30979228	4.43794584	5.94275284	0.17609531	-1.94880545	
0.00801700	  22.13671321   34.31544858 -646.02981777   37.41164556   98.83420102    6.74386598	 -44.93874274  -35.29882854 -345.86905813   21.09003833  -52.03068945    2.80380398	 11.60262026  36.04683149 -14.07687828  13.12864690 121.45600319  10.04002607  -4.19780872  13.80010766   1.54478497 -64.58106937 -17.69785774  -8.12816829	 0.00574100  0.06944985  0.00529421  0.53856677 -0.53546454  0.06398486 -0.06170783 -0.07740309 -0.39560429  0.74747003 -0.36355851  0.11972422	 0.07344638  0.28945146  0.39952211 -0.14081980  0.08867233 -0.16730886  0.00733603  0.31545579  0.50991411 -0.22179405  0.16982033 -0.46609094	 0.09721752  0.28872081  0.44287805 -0.18839550  0.09492824 -0.17294755 -0.01320239  0.33767744  0.53146985 -0.24397208  0.15336499 -0.49270258	 0.25806732 -0.21755749  3.91722764	 0.05133633 -0.01872987  0.13795821	 0.04988729 -0.01561900  0.12186697	 0.00615417 -0.01044755 -0.99992648	0.35000000	0.00000000	0.00000000	0.25409576	-1.94666946	0.99056166	-0.65022361	3.12214327	1.85731363	-1.75999773	-2.53463364	3.14369416	-1.92776918	2.45076442	0.72199917	2.85722661	0.05303083	-2.88519454	3.97895193	-0.72782218	-3.88983536	-1.60863876	-2.33678102	4.43327999	5.94862509	0.17807683	-1.95907235	
0.00852300	  24.77581113   29.61050481 -584.76206019   33.66045172   89.63152966    6.01523382	  28.84232508  -70.74260723 -550.52631327   35.47891262  -10.85831015   13.13256699	 10.95040111  32.51483703 -13.69876187  16.21256939 116.01595509   7.62560783  -3.51044435  15.09422356   0.19057021 -69.51895760 -19.28864649  -7.90651768	 0.00660495  0.07189999  0.00855254  0.53780069 -0.53467010  0.06236082 -0.06182630 -0.07448170 -0.39102027  0.74527225 -0.36210027  0.11537939	 0.08931570  0.27035306  0.35932950 -0.04475482  0.08941585 -0.19800057 -0.04631640  0.33881469  0.49305215 -0.24272700  0.11275777 -0.56822948	 0.10039955  0.28641533  0.37314529 -0.07758598  0.09567683 -0.19120404 -0.01878764  0.34540467  0.53283735 -0.25534596  0.15727755 -0.52422770	 0.25514293 -0.21543149  3.92063197	 0.04549963 -0.01259197  0.14339031	 0.05011130 -0.01648619  0.13788155	 0.00599206 -0.01088619 -0.99992279	0.35000000	0.00000000	0.00000000	0.25459686	-1.97430408	0.98846644	-0.60382497	3.06942368	1.75287008	-1.75079226	-2.51945758	3.12429309	-1.97990310	2.46366954	0.68835866	2.81863189	0.04730332	-2.89081788	3.95518517	-0.72650045	-3.94958591	-1.64184618	-2.36930752	4.41494465	5.98266602	0.16790712	-1.95259249	
0.00847000	  21.89052724   20.64799124 -536.29665248   30.56597612   82.34694994    4.28483235	  61.00057344  -86.68654015 -640.26047602   41.74726771    8.18118956   16.81668287	  8.48832535  27.62452716 -12.46503251  19.33860452 110.59538484   3.52440928  -0.66665666  13.93588233   0.69870551 -72.06106806 -19.72884312  -6.28589021	 0.00757945  0.07450077  0.01118134  0.53755557 -0.53343593  0.06080961 -0.06229000 -0.07118127 -0.38645683  0.74317372 -0.36235642  0.10959661	 0.11824328  0.32588487  0.28018759 -0.01270995  0.18696990 -0.16063743 -0.09257007  0.40706389  0.55451497 -0.24465368 -0.11638140 -0.78544188	 0.11489303  0.30907745  0.29796240 -0.01962936  0.15630106 -0.18258149 -0.06454424  0.39642676  0.53664747 -0.24628128 -0.06821866 -0.71257622	 0.24462780 -0.20942621  3.93651025	0.02826302 0.00340563 0.11897253	 0.03999063 -0.00744588  0.13121839	 0.00594788 -0.01119710 -0.99991962	0.35000000	0.00000000	0.00000000	0.24938431	-1.97910702	0.98381776	-0.53714389	3.10307026	1.64082742	-1.85204959	-2.57782984	3.20117760	-2.10469365	2.48769307	0.63603008	2.70724082	0.01173805	-2.88057876	3.96328855	-0.74251938	-4.00681734	-1.67703354	-2.43611288	4.32473373	6.10713291	0.06580081	-1.89549172	
0.00801400	  19.40694177    1.91534556 -487.34706382   27.29145536   74.84187135    1.05224964	  41.24283721  -70.88831304 -648.04691915   42.23446349    3.00303397   17.39583030	  4.44211923  19.09724891 -11.08035385  21.76345505 101.58331579  -5.02492002   3.65479517  10.54840028   5.10543137 -72.98764074  -8.42259879   5.27637000	 0.00854030  0.07706553  0.01313915  0.53779877 -0.53178090  0.05909749 -0.06290890 -0.06783920 -0.38213579  0.74128537 -0.36409324  0.10332506	 0.14185826  0.31887484  0.22927409  0.03933126  0.22824405 -0.23244249 -0.08245769  0.38709757  0.55872240 -0.23695172 -0.25332444 -0.77454105	 0.11952593  0.32128956  0.23548939  0.03833654  0.21287992 -0.22165443 -0.07892012  0.41255420  0.53926492 -0.23619432 -0.22939183 -0.77681248	 0.23716429 -0.20303406  3.94596782	0.01830450 0.00927988 0.10225254	0.02866093 0.00190593 0.11696103	 0.00599516 -0.01138306 -0.99991724	0.35000000	0.00000000	0.00000000	0.24895585	-2.00343132	0.96414465	-0.44383332	3.10231733	1.48764312	-1.95828044	-2.60090828	3.26528335	-2.17931318	2.49418736	0.60291469	2.60439801	0.00269710	-2.82432580	3.92636323	-0.77044910	-4.02723694	-1.66022968	-2.49624419	4.20678425	6.18372297	-0.02870492	-1.89476478	
0.00801600	  20.47937571  -15.56296924 -434.04678773   23.83772688   66.62422010   -1.75719946	  22.51845153  -63.08226105 -646.52850810   41.96874521   -2.36073865   17.96055187	  0.86001646   9.82035184 -14.59971475  25.64445571  89.29665989 -11.81715529   5.60565629  13.13931131   9.12543639 -72.81664079  -2.45859693   7.40111074	 0.00935802  0.07979948  0.01455007  0.53869241 -0.52970309  0.05673484 -0.06358543 -0.06450687 -0.37781548  0.73938107 -0.36654860  0.09722536	 0.09619279  0.33480501  0.16557048  0.16198403  0.24678494 -0.34869598 -0.06982262  0.39977469  0.51455570 -0.23893031 -0.32882186 -0.74458447	 0.09780435  0.34099125  0.16688134  0.12454526  0.26146985 -0.30716446 -0.08343293  0.40970185  0.53555005 -0.23821268 -0.31060229 -0.75190804	 0.23096341 -0.19675330  3.95007946	0.01087535 0.01111228 0.09257144	0.01929793 0.00733648 0.10382977	 0.00607014 -0.01150172 -0.99991543	0.35000000	0.00000000	0.00000000	0.26558372	-2.03260779	0.91235012	-0.33280024	3.06799054	1.30945313	-2.04265642	-2.63674736	3.30249953	-2.32038808	2.53185058	0.55283666	2.48908591	-0.02190821	-2.80926776	3.85550570	-0.77509892	-4.11259174	-1.66386390	-2.54337215	4.09219599	6.29439735	-0.07658904	-1.88251948	
0.00844400	  16.39697856  -30.84043523 -355.37312820   19.09510008   54.69472301   -4.47074266	  10.03620836  -71.48319666 -669.64369794   43.23103243   -5.56271153   19.44581930	 -2.23771656  -2.86542784 -18.89945054  33.61275037  72.07289976 -16.30110985   7.92370501  11.84601647  14.72753017 -76.19900143   2.05704192   4.94634759	 0.00993863  0.08286102  0.01536265  0.54066834 -0.52721172  0.05340057 -0.06430908 -0.06099716 -0.37316418  0.73728234 -0.36946184  0.09086616	 0.06725131  0.40636196  0.06952235  0.34504116  0.32960475 -0.47090809 -0.08068609  0.45163063  0.57830046 -0.25246563 -0.38677059 -0.82551504	 0.06086024  0.36486514  0.08466539  0.26019161  0.29703467 -0.40854188 -0.08374521  0.41511492  0.55145412 -0.25268559 -0.34922368 -0.76049632	 0.22661693 -0.18822321  3.94876775	0.00921237 0.00362919 0.08558314	0.01306435 0.00790112 0.09401851	 0.00613689 -0.01158869 -0.99991402	0.35000000	0.00000000	0.00000000	0.27619693	-2.05593014	0.81083548	-0.19657458	2.94741416	1.08449149	-2.11865020	-2.63966703	3.30586028	-2.54241037	2.65196490	0.45924833	2.33932281	-0.08780057	-2.83247542	3.71718955	-0.74716103	-4.26846409	-1.71157539	-2.58823848	4.01109552	6.44145107	-0.09826372	-1.91503346	
0.00805200	  12.70230632  -43.41018292 -233.16006428   12.13035665   36.19155023   -6.43833973	   0.18624868  -90.37968945 -741.26974379   47.64961492   -9.28188552   22.78462553	 -4.24010679 -14.53394151 -27.29519066  46.93951052  46.23166564 -22.37184325  12.26095271   6.86045742  20.26813966 -84.89479733   4.00034992   4.10277392	 0.01016826  0.08575810  0.01555111  0.54380806 -0.52484601  0.04971018 -0.06491054 -0.05776506 -0.36855432  0.73516702 -0.37226040  0.08459471	 0.00531136  0.32810433  0.00208557  0.41998943  0.25306830 -0.41528100 -0.03606688  0.35769603  0.54858584 -0.25265173 -0.31004101 -0.73255009	 0.02486475  0.35962427  0.01253147  0.41572856  0.28937866 -0.46185817 -0.07000723  0.39858635  0.57540336 -0.26342186 -0.34505819 -0.78631312	 0.22652532 -0.17636108  3.94159839	 0.01066550 -0.01981655  0.06917492	 0.01118442 -0.00352321  0.08277091	 0.00606230 -0.01167180 -0.99991351	0.35000000	0.00000000	0.00000000	0.27175561	-1.99391186	0.60985774	0.04354412	2.55243444	0.79833394	-2.25257277	-2.57071972	3.26469111	-2.85687280	2.91578913	0.26297224	2.05575323	-0.26092145	-2.86514306	3.48462892	-0.65661156	-4.47014904	-1.82931066	-2.64533806	3.95096183	6.64489031	-0.04043526	-2.08048630	
0.00847800	 22.57786014 -62.40843431 -79.85761682   3.31420018  12.66354451  -8.65112001	 -24.45751545 -120.86464730 -829.70549472   52.86887676  -24.54838057   28.94454619	 -2.40205498 -21.87066036 -43.45873259  57.87064794  14.59803061 -35.85304004  17.63208900   0.38399938  24.83592268 -99.82553679  -5.14339554  -0.53985845	 0.01027811  0.08885417  0.01485997  0.54918455 -0.52254876  0.04503066 -0.06540698 -0.05425707 -0.36339479  0.73273529 -0.37522281  0.07695962	 0.02161682  0.33681705 -0.12572311  0.73289526  0.21075944 -0.59513385 -0.05462609  0.39052643  0.57205153 -0.25054723 -0.33126807 -0.91782460	 0.01256307  0.36649245 -0.10311204  0.67889485  0.26064237 -0.57238901 -0.05443262  0.41401590  0.60942955 -0.28684813 -0.34617260 -0.92553376	 0.22679405 -0.16142949  3.92884007	 0.01038624 -0.04043258  0.05149583	 0.01088537 -0.02240112  0.06696311	 0.00579176 -0.01176629 -0.99991400	0.35000000	0.00000000	0.00000000	0.27173313	-1.84299541	0.38388628	0.33252743	2.05462933	0.46699622	-2.39467812	-2.52399945	3.23618126	-3.20305037	3.24714851	-0.02422005	1.76312160	-0.51937145	-2.92323351	3.23174953	-0.52739602	-4.69194031	-2.02929497	-2.73443747	3.89513469	6.89072847	0.01919773	-2.32059717	
0.00803000	 34.85538805 -64.90369445 -62.12146340   2.60186307  10.05868508  -7.46687194	 -40.05255762 -140.55312410 -892.34788525   56.70770275  -36.34663850   34.60473783	  -4.43606951  -25.48486739  -56.34887823   57.96704750  -21.51283072  -44.42620087   24.76011783  -11.53232804   24.35056758 -115.71113360   -8.80567271    0.74518296	 0.01031599  0.09177772  0.01303570  0.55668899 -0.52104919  0.03900175 -0.06569794 -0.05086494 -0.35831347  0.73017234 -0.37786769  0.06830035	 0.01375071  0.33658233 -0.27781076  1.00253893  0.09713765 -0.86224783 -0.00524578  0.41214382  0.60073268 -0.33050461 -0.29089161 -1.09420009	 0.00495368  0.35996516 -0.24733056  0.97577651  0.16089954 -0.79925781 -0.03205972  0.42211977  0.63310979 -0.32527886 -0.32471427 -1.09917010	 0.22622740 -0.14311773  3.92083010	 0.01930571 -0.05041864  0.02797577	 0.01345629 -0.03787022  0.04837504	 0.00541605 -0.01188125 -0.99991475	0.35000000	0.00000000	0.00000000	0.30344036	-1.76914263	0.32843259	0.45395210	1.86277044	0.15378383	-2.40631628	-2.46233845	3.15950131	-3.32339001	3.30431771	-0.19254190	1.64668262	-0.57473326	-2.88982034	3.06659555	-0.48298097	-4.77641582	-2.12594247	-2.76644754	3.74099994	6.86957026	-0.03871584	-2.39840913	
0.00849600	 30.45473352 -38.10798675 -26.96839087   1.45638979   4.69074905  -2.70683083	 -40.67932450 -144.85531383 -942.20248469   60.10836200  -37.56352769   28.29451474	 -12.96655151  -23.41454953  -63.89376310   53.52500656  -37.65217146  -38.74304730   29.97233337  -16.96556807   17.67416175 -118.69773281   -5.34670463    7.64242022	 0.01031476  0.09471660  0.00957915  0.56743604 -0.52103178  0.03007851 -0.06583406 -0.04727917 -0.35279565  0.72706726 -0.38033353  0.05778575	-0.03791243  0.29124145 -0.46862966  1.34176225 -0.10108242 -1.09894934  0.00690537  0.37586220  0.61978260 -0.35596673 -0.27363212 -1.23089756	-0.00390583  0.33393015 -0.43504678  1.30467124 -0.03695028 -1.08147889 -0.01375108  0.41489767  0.64301654 -0.36687606 -0.28190855 -1.24168425	 0.22229689 -0.12277513  3.91663540	 0.02726394 -0.04539827  0.01383550	 0.02094107 -0.04430191  0.02898966	 0.00500243 -0.01208914 -0.99991441	0.35000000	0.00000000	0.00000000	0.28130540	-1.75617445	0.33593345	0.46804607	1.85399747	-0.02601089	-2.39788508	-2.44806957	3.11533237	-3.36457396	3.27176595	-0.28817007	1.54938507	-0.58262998	-2.80932140	2.92351580	-0.48698580	-4.80849600	-2.13769770	-2.80185580	3.51176882	6.79609537	-0.09254721	-2.36289573	
0.00847100	 18.39564445 -13.19649648   0.22798182   0.34104830   0.62612517  -0.04157281	 -38.73300082 -137.09399746 -965.45085792   61.89740222  -35.47030600   25.70301206	 -16.56318978  -20.50274986  -63.16946819   47.46626081  -36.78711435  -24.12252605   30.86010526  -16.51463830   13.93891754 -115.32226247   -3.64202028   15.45775819	 0.01003157  0.09708602  0.00440080  0.58072347 -0.52283770  0.01962188 -0.06588819 -0.04373265 -0.34741243  0.72373054 -0.38238952  0.04660262	-0.05394803  0.24364916 -0.70076386  1.71252342 -0.29469460 -1.24780472 -0.01572981  0.41412584  0.61805905 -0.39216968 -0.23483062 -1.33635818	-0.04292482  0.26471397 -0.63998048  1.60496882 -0.24304112 -1.22722816 -0.00488001  0.41367853  0.62737133 -0.39336339 -0.23596349 -1.31673984	 0.21699883 -0.10488969  3.91261291	 0.02068593 -0.03650654  0.00807002	 0.02262223 -0.04160877  0.01668440	 0.00465359 -0.01229509 -0.99991358	0.35000000	0.00000000	0.00000000	0.23162746	-1.79923928	0.33777136	0.47669506	1.84233212	-0.10422781	-2.37498450	-2.43219185	3.06689835	-3.43613887	3.30074739	-0.34296125	1.40391648	-0.57198012	-2.73022175	2.78755283	-0.48209459	-4.84608841	-2.09627652	-2.83189058	3.31966805	6.72151041	-0.08122651	-2.31874895	
0.00801100	16.63724146 -5.16189648  0.77755242  0.11691847  0.38629753  0.03622805	 -36.76678854 -134.08400683 -971.31656077   62.47956853  -34.66787572   23.19427118	 -14.10636267  -13.46696717  -56.76160437   35.89122084  -28.95470202  -14.15354651   30.12748294  -20.94193423   10.64888605 -112.94156152   -4.96523760   20.19649157	 0.00935237  0.09870733 -0.00197487  0.59508932 -0.52592367  0.01031973 -0.06591838 -0.04046120 -0.34253096  0.72059472 -0.38408346  0.03608522	-0.10456690  0.19010519 -0.85762603  1.78702756 -0.43801335 -1.03033294 -0.02412406  0.39691555  0.55130985 -0.37384110 -0.20829271 -1.24010393	-0.08769122  0.19407746 -0.81497293  1.81021484 -0.40094745 -1.12739592 -0.00525511  0.40375540  0.60148444 -0.39056935 -0.20834682 -1.30210115	 0.21246943 -0.08914169  3.90951806	 0.01115314 -0.02909386  0.00505837	 0.01785795 -0.03555713  0.01014985	 0.00439309 -0.01242150 -0.99991320	0.35000000	0.00000000	0.00000000	0.19786099	-1.83982503	0.33230859	0.47977000	1.76382172	-0.13958348	-2.29372931	-2.38576865	2.96427011	-3.50612617	3.38309574	-0.37937674	1.27795482	-0.54314601	-2.67000604	2.63826203	-0.43554565	-4.84515047	-2.04553676	-2.82850504	3.19049001	6.61784935	-0.04671733	-2.31539845	
0.00847500	16.10578523 -4.75310431  1.26067330  0.11001586  0.39792878  0.07638264	  -39.39262730   -41.96161479 -1137.98110725    26.47941925   -35.70059126    21.63763677	  -9.71896254   -5.17098372  -49.87366630   25.48479676  -19.13691249  -15.53521009   30.26042964  -26.99546498    7.28970274 -114.95041898   -6.35493945   21.11451110	 0.00845353  0.10013455 -0.00993518  0.61161648 -0.53009180  0.00189368 -0.06587595 -0.03722817 -0.33768855  0.71770810 -0.38580453  0.02723576	-0.09864830  0.14817556 -1.00143412  2.00283918 -0.55056359 -0.93736630  0.00450334  0.35109718  0.55301417 -0.30626498 -0.19972418 -0.75601934	-0.10697743  0.17223891 -0.95993756  1.96974414 -0.50435098 -0.97095492  0.00615583  0.37278587  0.56292928 -0.32597334 -0.20862439 -0.93561189	 0.20934662 -0.08074720  3.91841329	-0.05491880 -0.03126865 -0.00542568	-0.01131597 -0.03217255  0.00306813	 0.00413780 -0.01224085 -0.99991652	0.35000000	0.00000000	0.00000000	0.20578030	-1.88109696	0.32607511	0.50512749	1.59911966	-0.16262393	-2.17896676	-2.33354735	2.82804561	-3.63660169	3.52921534	-0.40144917	1.21739078	-0.49731484	-2.62080884	2.47281003	-0.34409940	-4.80079412	-2.03187585	-2.82099104	3.17030668	6.54636002	-0.03464480	-2.39577889	
0.00802500	17.15021107 -7.52007267 -0.89747305  0.18507808  0.38840313  0.14984823	  -41.36362158   -67.46941639 -1107.21230776    19.76779371   -38.38924949    18.57818443	  -7.83088484  -13.16542429  -46.57782979    9.00433316  -13.85745572  -21.63150930   26.59802759  -47.50015426    5.57242838 -116.98449492  -11.17169901    1.31175505	 0.00763475  0.10135472 -0.01825872  0.62774587 -0.53438264 -0.00510954 -0.06576899 -0.03467938 -0.33354452  0.71574593 -0.38764107  0.02286113	-0.08335554  0.11571642 -1.12573585  2.09618674 -0.56373953 -0.92825492  0.03017596  0.28921607  0.50045638 -0.21363077 -0.23512846 -0.38087573	-0.10008646  0.13846780 -1.04745005  2.00958297 -0.53642954 -0.87509528  0.01537724  0.30260048  0.50922356 -0.23293212 -0.23326999 -0.49851346	 0.20720900 -0.06910598  3.92567740	-0.05761383 -0.03233930 -0.01297058	-0.04256780 -0.03210660 -0.00529276	 0.00388295 -0.01174542 -0.99992348	0.35000000	0.00000000	0.00000000	0.28498742	-1.90839958	0.25986376	0.43579572	1.63001978	-0.18721960	-2.18367362	-2.38985944	2.79881167	-3.77037978	3.69735146	-0.41752958	1.22216463	-0.48304707	-2.69096422	2.38641262	-0.25975978	-4.86231756	-2.05328751	-2.82235694	3.13535333	6.61256933	-0.03382052	-2.41081953	
0.00850900	17.21245516 -5.95166620 -0.06558802  0.11997155  0.35491520  0.11846980	  -37.50628255   -89.20637428 -1100.47909450     5.67275864   -39.34870107    18.43858775	 -10.59609820   -6.79023440  -44.90308987   12.84689404  -19.73990858  -22.42269289   26.71239873  -59.65188456    6.17082180 -132.42364356   -8.87336549  -24.61763296	 0.00682774  0.10204231 -0.02778659  0.64501101 -0.53930976 -0.01234545 -0.06561324 -0.03265478 -0.32938200  0.71403826 -0.38972701  0.02050778	-0.09685201  0.05128368 -1.04705853  1.85549924 -0.55618883 -0.77291726  0.02766928  0.21684814  0.46056039 -0.18150742 -0.22432927 -0.17356307	-0.09412785  0.06925635 -1.12505664  2.01950023 -0.58585683 -0.84450041  0.02078821  0.22943735  0.48714358 -0.19929467 -0.24355773 -0.25183305	 0.20567951 -0.05637371  3.93301071	-0.04957283 -0.03324251 -0.01660938	-0.04866694 -0.03265042 -0.01186554	 0.00360515 -0.01129704 -0.99992969	0.35000000	0.00000000	0.00000000	0.36846966	-1.92313433	0.21413743	0.31978819	1.60906649	-0.16442826	-2.11915040	-2.36894917	2.70285392	-3.86470461	3.79901314	-0.45648941	1.34217441	-0.48256612	-2.76705337	2.19441271	-0.17168733	-4.87131691	-2.14663672	-2.76907611	3.13008380	6.64621830	-0.05063425	-2.42816567	
0.00848700	16.08070841 -0.27273009  0.48293699 -0.07114420  0.31092558  0.04592155	  -35.02401729  -101.83863170 -1075.80523626    -7.50664074   -40.12096492    19.24541011	 -13.36979548    1.49795703  -42.33544767   14.98578217  -21.09821530  -19.84072833   27.65895150  -73.24909163    3.10760496 -136.47430271   -9.91365787  -44.23174679	 0.00604378  0.10233437 -0.03802451  0.66248410 -0.54483848 -0.01941872 -0.06545438 -0.03100913 -0.32525575  0.71226974 -0.39173523  0.01913926	-0.06314159  0.01176048 -1.28434912  2.07041625 -0.69662217 -0.82003859  0.02142964  0.17936434  0.48530013 -0.24365779 -0.20783164 -0.14872908	-0.09030851  0.03068583 -1.21906649  2.05997893 -0.66341960 -0.82287527  0.01925679  0.19108464  0.48789971 -0.21342258 -0.23307894 -0.15439895	 0.20452793 -0.04629177  3.93801205	-0.04868156 -0.03334486 -0.01770468	-0.04861830 -0.03310125 -0.01545357	 0.00332341 -0.01088283 -0.99993526	0.35000000	0.00000000	0.00000000	0.40721157	-1.93486989	0.17935830	0.20328644	1.60595155	-0.15315668	-2.01599264	-2.35314608	2.60851359	-3.96682239	3.89842224	-0.50396073	1.44221520	-0.49921682	-2.83231592	2.00755382	-0.09067070	-4.89208651	-2.21427512	-2.71728754	3.10018897	6.65753794	-0.05557567	-2.44348598	
0.00802300	14.14940713  4.18927368  0.58177144 -0.21357324  0.26412044 -0.02196566	  -30.58375942  -107.74841978 -1059.14457064   -15.76847160   -40.08507795    18.17481505	 -15.76774992    6.20396988  -37.36719912   15.22123653  -18.39901051  -16.87107509   26.39176109  -82.80004787   -1.98012450 -139.00691748  -10.69966067  -54.26072085	 0.00529199  0.10245039 -0.04823682  0.67912607 -0.55057932 -0.02552513 -0.06529900 -0.02959670 -0.32129602  0.71042166 -0.39352873  0.01813080	-0.09606591  0.01389641 -1.18685625  1.90148215 -0.66051111 -0.68353082  0.04912461  0.17692727  0.44253766 -0.22382908 -0.21082119 -0.10472900	-0.09282601  0.01420885 -1.27619368  2.06489277 -0.71750624 -0.74375814  0.02027844  0.17473874  0.49244547 -0.23393477 -0.21851336 -0.12237240	 0.20365333 -0.03859154  3.94118780	-0.04987229 -0.03254722 -0.01486118	-0.04904048 -0.03297551 -0.01589372	 0.00306106 -0.01048876 -0.99994031	0.35000000	0.00000000	0.00000000	0.42593202	-1.94675398	0.16354100	0.13106219	1.58639002	-0.15583777	-1.96145952	-2.34094453	2.52680826	-4.06527996	3.98927760	-0.55083799	1.47559547	-0.49583128	-2.85624719	1.88432753	-0.01898538	-4.90941477	-2.22557449	-2.68198204	3.06499934	6.65821075	-0.04993707	-2.45328403	
0.00849300	12.31616333  5.16903040  0.23030329 -0.25093167  0.23594584 -0.02822644	  -26.61388014  -109.79521821 -1045.18929578   -20.38696085   -39.35796461    16.52213322	 -15.53065646    8.37404624  -34.31749967   15.25582152  -13.42878105  -17.90547469   24.94917581  -88.63290524   -6.93661113 -139.02693379  -10.98908595  -59.00584847	 0.00445558  0.10249300 -0.05967977  0.69692991 -0.55705651 -0.03124584 -0.06519578 -0.02822472 -0.31701838  0.70819876 -0.39526982  0.01712124	-0.09876117  0.01357142 -1.25876460  1.96810429 -0.72392021 -0.59836039 -0.01541743  0.11952515  0.46550657 -0.26567662 -0.15852756 -0.10156294	-0.09764200  0.00577062 -1.34816403  2.08309552 -0.75961025 -0.65834919  0.01095572  0.15633992  0.50080097 -0.26444050 -0.19957570 -0.11737169	 0.20240909 -0.03073528  3.94340889	-0.04923201 -0.02931978 -0.01043674	-0.04936136 -0.03148517 -0.01350560	 0.00279896 -0.01006666 -0.99994541	0.35000000	0.00000000	0.00000000	0.43727654	-1.96408558	0.15364198	0.09119876	1.57294881	-0.17574932	-1.92016721	-2.35254002	2.46778584	-4.14246607	4.07006598	-0.58887589	1.50546348	-0.49788183	-2.87144661	1.78390491	0.03589091	-4.92651129	-2.21156979	-2.66497827	3.01775599	6.66510153	-0.03520310	-2.46783328	
0.00800500	10.63994022  5.11052504 -0.73750976 -0.25097561  0.19813248 -0.02576994	  -21.77205391  -107.88115941 -1028.09069708   -23.52758680   -37.18016202    15.17599010	 -14.93044990   10.03563824  -29.67819284   12.45105940   -8.53377847  -19.10204674   24.11932636  -90.66692042  -11.64784641 -136.26708564  -10.51111130  -61.78309453	 0.00366777  0.10250941 -0.07092412  0.71363756 -0.56321693 -0.03609256 -0.06510209 -0.02703124 -0.31297729  0.70593386 -0.39678924  0.01623679	-0.08454301  0.00104638 -1.31604777  1.88955564 -0.71693572 -0.53685027  0.02481247  0.14989959  0.47342081 -0.27082423 -0.15949649 -0.10226382	-0.09659186  0.00228780 -1.40147649  2.06834374 -0.76302001 -0.59475172  0.01047597  0.14713913  0.50161306 -0.28348862 -0.18669739 -0.10933431	 0.20097718 -0.02326484  3.94425396	-0.04680439 -0.02465036 -0.00831891	-0.04839338 -0.02839091 -0.01071319	 0.00258435 -0.00968225 -0.99994979	0.35000000	0.00000000	0.00000000	0.43953991	-1.96447694	0.14819220	0.07066926	1.57223749	-0.19746539	-1.90928161	-2.37707901	2.42973137	-4.20394421	4.13203382	-0.63122106	1.50640643	-0.50062621	-2.87020755	1.71039748	0.08220629	-4.93273020	-2.17221785	-2.65063524	2.95311832	6.67049980	-0.02754221	-2.45974135	
0.00800200	 9.38018933  5.14351401 -1.18364623 -0.25075514  0.17159869 -0.02388889	  -18.34641859  -106.20574528 -1020.03477694   -25.74172928   -34.91059510    13.44702327	 -14.39782944   10.82466075  -26.54138565   11.66442865   -5.60703183  -19.46171455   22.57893339  -92.39385104  -14.05976497 -134.45714244   -9.37711240  -63.52787781	 0.00291827  0.10252309 -0.08254957  0.73019364 -0.56921059 -0.04060418 -0.06502951 -0.02596770 -0.30897245  0.70357594 -0.39819471  0.01539529	-0.06757106  0.01118590 -1.35272016  1.92211817 -0.69581490 -0.50332349  0.01495008  0.14194991  0.45132897 -0.27327108 -0.14329197 -0.09487016	-0.09068135  0.00256784 -1.44489252  2.04371561 -0.73847041 -0.55100319  0.01041189  0.13118243  0.49504976 -0.29212580 -0.17172639 -0.10265882	 0.19947085 -0.01574544  3.94442412	-0.04306368 -0.01984784 -0.00610954	-0.04599669 -0.02421468 -0.00839306	 0.00240822 -0.00932315 -0.99995364	0.35000000	0.00000000	0.00000000	0.44353932	-1.97106802	0.13983943	0.05991181	1.55798447	-0.21630815	-1.90780556	-2.38951993	2.39343286	-4.26259041	4.18921852	-0.66459024	1.50305212	-0.49788007	-2.86509061	1.64724410	0.12575223	-4.93374872	-2.13210440	-2.63177443	2.90614367	6.67330599	-0.02241188	-2.46556854	
0.00845200	 8.84342566  5.26656123 -1.59513298 -0.24968823  0.14296590 -0.03039467	  -16.69702895  -102.74963088 -1013.57607735   -28.79157563   -33.18877366    12.34467953	 -14.27554253   11.90289909  -23.93304850   10.05517396   -5.72484748  -19.41905250   21.81252421  -93.07053089  -15.48358861 -132.43776867   -8.71754274  -66.04760307	 0.00215020  0.10251234 -0.09522275  0.74745010 -0.57528732 -0.04503952 -0.06498013 -0.02499437 -0.30476537  0.70099272 -0.39962134  0.01456268	-0.08367413 -0.01349554 -1.56970387  2.07667856 -0.72832592 -0.52729726  0.03080651  0.10198216  0.50422586 -0.31928291 -0.15776785 -0.11021681	-0.09033882 -0.00256645 -1.50858872  2.03799946 -0.71529495 -0.51923315  0.00757286  0.11369922  0.49792554 -0.30544070 -0.16672042 -0.09804990	 0.19801565 -0.00790765  3.94407776	-0.03860445 -0.01533944 -0.00405768	-0.04235009 -0.01960161 -0.00611023	 0.00226059 -0.00897708 -0.99995715	0.35000000	0.00000000	0.00000000	0.44854537	-1.97820437	0.13047093	0.05297294	1.54465103	-0.24169008	-1.89883018	-2.39676833	2.35959482	-4.31085730	4.23879957	-0.70233512	1.49546456	-0.49879202	-2.86357045	1.57670593	0.16471690	-4.94162226	-2.09861422	-2.60994267	2.85455608	6.67201519	-0.01518522	-2.46740413	
0.00801900	 8.26961700  5.74505590 -2.14807637 -0.25661301  0.10490851 -0.04040012	  -13.01767958   -99.22677293 -1006.64945376   -31.57732132   -29.94182444    11.15346302	 -13.75244183   13.89248055  -20.40434077    7.67849146   -5.99928064  -18.65886055   20.95745992  -93.48775077  -17.27800517 -129.54111367   -6.55265544  -68.26974028	 0.00149468  0.10253284 -0.10736989  0.76327380 -0.58076356 -0.04884271 -0.06494615 -0.02422285 -0.30087237  0.69853219 -0.40091497  0.01386354	-0.05751986  0.02056168 -1.60070094  2.01941560 -0.68869255 -0.46434600  0.01562687  0.06674231  0.51386113 -0.31754586 -0.14718426 -0.07862929	-0.07954826  0.00356746 -1.52302490  1.96907475 -0.67979975 -0.46905839  0.00524709  0.09274616  0.48587968 -0.30709546 -0.15860028 -0.08561955	 0.19671284 -0.00058396  3.94328415	-0.03409372 -0.01162930 -0.00362182	-0.03829896 -0.01551235 -0.00461699	 0.00215419 -0.00868731 -0.99995994	0.35000000	0.00000000	0.00000000	0.45050010	-1.96752942	0.11954935	0.04896839	1.52495742	-0.25846046	-1.90421546	-2.39955401	2.32423186	-4.35612297	4.27892685	-0.74044871	1.47515082	-0.49356931	-2.84737301	1.51235580	0.20688361	-4.92597151	-2.05145597	-2.57798409	2.79360723	6.66063929	-0.01601993	-2.45657086	
0.00852200	 7.85228523  4.93403463 -2.44694580 -0.22985214  0.09586304 -0.03578445	  -13.01156252   -93.42175711 -1004.21304965   -35.62551055   -28.53737416    10.57366577	 -13.72133823   14.09311330  -19.47564623    7.22511853   -4.79846063  -19.80346613   20.62860135  -92.85676646  -17.26827232 -127.90611511   -5.81559370  -71.49146622	 0.00083706  0.10252625 -0.12038911  0.77950281 -0.58629535 -0.05245394 -0.06491022 -0.02352150 -0.29680799  0.69595832 -0.40226835  0.01317221	-0.07878261 -0.01343547 -1.39449199  1.72065145 -0.57977005 -0.36948082 -0.00009588  0.08194696  0.42860305 -0.28617967 -0.15210875 -0.07059997	-0.07548599 -0.00001023 -1.52259191  1.88425685 -0.63939821 -0.41627615  0.00528708  0.08018907  0.47320600 -0.30128931 -0.15740238 -0.07931845	0.19551141 0.00687282 3.94221154	-0.02965304 -0.00857827 -0.00379610	-0.03379323 -0.01175587 -0.00403229	 0.00206986 -0.00841778 -0.99996243	0.35000000	0.00000000	0.00000000	0.46598685	-1.96719313	0.10687442	0.05232497	1.51045680	-0.27085125	-1.92443883	-2.42006946	2.30450845	-4.41240597	4.33059072	-0.76978457	1.46363878	-0.48595068	-2.84357023	1.46691966	0.24921288	-4.92028618	-2.00973058	-2.55417967	2.75159311	6.67905474	-0.01331913	-2.45040917	
0.00850500	 7.58939466  4.06591918 -2.77151157 -0.20337552  0.08747214 -0.02150223	  -12.57782906   -89.31312726 -1004.11150525   -38.71861969   -26.65555977     9.88304586	 -12.97853123   15.74438769  -18.50047228    5.97533387   -3.89721915  -21.18092459   20.15665976  -93.81541872  -17.29833697 -126.35689214   -4.15582450  -73.48933762	 0.00023456  0.10253103 -0.13353125  0.79508594 -0.59145754 -0.05588546 -0.06486434 -0.02298925 -0.29284327  0.69344932 -0.40361859  0.01255746	-0.05239334 -0.00175632 -1.41274528  1.61286247 -0.51822736 -0.35650549  0.01423009  0.06500156  0.40696402 -0.26329971 -0.13656028 -0.05935029	-0.06951678  0.00109877 -1.53567503  1.80524159 -0.59416474 -0.39963850  0.00731611  0.06007525  0.46065513 -0.29075945 -0.15682099 -0.06969205	0.19448618 0.01445424 3.94115884	-0.02435493 -0.00632658 -0.00488634	-0.02902733 -0.00878148 -0.00428299	 0.00200781 -0.00818925 -0.99996445	0.35000000	0.00000000	0.00000000	0.47781187	-1.96269274	0.09557565	0.05270644	1.50402415	-0.28269908	-1.93929756	-2.43962741	2.28426123	-4.45479441	4.37185049	-0.79738843	1.45493817	-0.48256654	-2.83353329	1.41537499	0.28811300	-4.90315771	-1.96780992	-2.52987862	2.69856930	6.68494320	-0.02047590	-2.44823718	
0.00848200	 7.22310050  4.01997161 -2.88105571 -0.19464796  0.07359823 -0.02609538	  -11.75616906   -82.30633153 -1003.86673107   -42.95997974   -24.78031176     8.93621179	 -12.78282281   16.91760296  -17.18003395    5.81492453   -4.02821411  -20.57735930   19.29643490  -93.00272393  -17.47472944 -125.17806569   -2.57298378  -76.36389482	-0.00028744  0.10252843 -0.14670468  0.80995734 -0.59624189 -0.05921005 -0.06483020 -0.02261621 -0.28893503  0.69098341 -0.40498761  0.01208645	-0.06262622 -0.00520566 -1.60179965  1.72911047 -0.56485922 -0.37666948  0.00271602  0.01027948  0.47600778 -0.28323838 -0.18627007 -0.03953629	-0.06045588  0.00053523 -1.55769984  1.74032171 -0.55740282 -0.38665997  0.00418665  0.03933470  0.45912654 -0.28770540 -0.16205312 -0.05273548	0.19366276 0.02158407 3.94008506	-0.02006537 -0.00493556 -0.00584979	-0.02426189 -0.00662047 -0.00505487	 0.00196111 -0.00800230 -0.99996606	0.35000000	0.00000000	0.00000000	0.48629385	-1.96232581	0.08411214	0.05349061	1.49752271	-0.29185411	-1.95540762	-2.45573735	2.26388335	-4.49915123	4.40794897	-0.82885134	1.43937087	-0.47877604	-2.82439041	1.36074448	0.32402560	-4.89326859	-1.92740929	-2.50443459	2.63888502	6.68985701	-0.02323144	-2.43346143	
0.00852600	 6.61998715  4.10261598 -3.15755798 -0.19137363  0.05627647 -0.03385057	   -9.22161580   -77.06382326 -1000.30089965   -46.86268459   -21.77483977     8.25556693	 -12.70817690   18.26553679  -15.46133062    5.23704070   -3.18189797  -20.15580221   18.85268665  -92.48320246  -18.41267088 -122.87438104   -0.11863233  -79.56857771	-0.00075766  0.10253460 -0.15985746  0.82406306 -0.60059894 -0.06235335 -0.06476233 -0.02237794 -0.28510244  0.68858459 -0.40635048  0.01178330	-0.06357527  0.01326236 -1.41326227  1.47139333 -0.43380639 -0.33895773  0.00032228  0.02402476  0.40066223 -0.26943695 -0.15555141 -0.01622625	-0.05575151  0.00269414 -1.53149818  1.62922110 -0.49810218 -0.36220589  0.00801241  0.02415460  0.44484033 -0.27863101 -0.16026853 -0.03122470	0.19282154 0.02833669 3.93879233	-0.01653357 -0.00369467 -0.00788939	-0.02011257 -0.00503659 -0.00632567	 0.00192520 -0.00784796 -0.99996735	0.35000000	0.00000000	0.00000000	0.49549127	-1.94873440	0.07087213	0.05456461	1.48843265	-0.29451317	-1.98454964	-2.47255611	2.24400043	-4.54732370	4.44276428	-0.85825241	1.41884673	-0.47140503	-2.80856395	1.31635499	0.36327651	-4.86591005	-1.87631989	-2.47089529	2.58160019	6.69131184	-0.03160624	-2.41095304	
0.00848600	 6.51440493  3.05727822 -3.18028486 -0.15201996  0.06176239 -0.02043415	  -10.39606207   -70.03199252 -1000.65796306   -50.54984422   -20.55344098     7.58860078	 -11.97553224   18.84204805  -16.26712320    5.94837666   -2.75569194  -20.62689300   18.16481863  -92.56494832  -17.18013781 -121.84291220    1.11647860  -82.76053643	-0.00114782  0.10253619 -0.17298962  0.83737661 -0.60452642 -0.06524620 -0.06468250 -0.02226024 -0.28135279  0.68628540 -0.40774887  0.01160831	-0.03031872  0.01230398 -1.42104873  1.42339337 -0.38065496 -0.30710902  0.00872392  0.03166930  0.37998260 -0.24637955 -0.14457330 -0.01185125	-0.04518900  0.00288664 -1.53468434  1.54545157 -0.44899188 -0.33524758  0.01000817  0.01307407  0.43655256 -0.26857880 -0.16377487 -0.01747077	0.19210643 0.03448246 3.93749017	-0.01454853 -0.00298837 -0.00969225	-0.01676249 -0.00389471 -0.00804689	 0.00189758 -0.00771962 -0.99996840	0.35000000	0.00000000	0.00000000	0.51088053	-1.95132887	0.05527799	0.05594339	1.47320712	-0.29583868	-1.99766958	-2.48720169	2.22141361	-4.59965944	4.48481035	-0.87817955	1.41504717	-0.46305606	-2.80462098	1.26973236	0.40454379	-4.85050869	-1.83889675	-2.43952489	2.55129743	6.69978857	-0.03482131	-2.41358590	
0.00800000	 6.11429017  1.95687867 -3.45520443 -0.11266692  0.04674500 -0.01530817	  -8.76663851  -62.54136528 -998.50849805  -53.78885296  -18.41246014    6.65669795	 -12.03153063   19.92898005  -14.60460469    5.43939904   -2.62978065  -21.31711319   17.23561952  -92.88447833  -17.67713431 -120.80121127    3.04190407  -85.12370801	-0.00147803  0.10252727 -0.18531749  0.84917198 -0.60778415 -0.06784616 -0.06460830 -0.02222884 -0.27786487  0.68419221 -0.40906026  0.01143960	-0.02494903 -0.01211109 -1.43361245  1.32132978 -0.34482010 -0.29402863  0.01390730  0.00444896  0.40632709 -0.23867604 -0.14409257 -0.01646362	-0.03841741 -0.00114160 -1.52972828  1.45302813 -0.39553658 -0.32075272  0.00943772  0.00288560  0.43375148 -0.25810049 -0.16310762 -0.02174366	0.19150822 0.03930006 3.93618483	-0.01556325 -0.00247632 -0.01131078	-0.01562289 -0.00313885 -0.00967828	 0.00187647 -0.00760066 -0.99996935	0.35000000	0.00000000	0.00000000	0.52105772	-1.94306076	0.04583054	0.05761483	1.46655190	-0.29984158	-2.01959467	-2.50179911	2.20314813	-4.63909340	4.51595402	-0.90356839	1.40457261	-0.45702192	-2.79120660	1.23021579	0.44035736	-4.82662678	-1.79725444	-2.40957832	2.50823927	6.70153141	-0.04503910	-2.40471148	
0.00849200	 5.61200358  1.56540403 -3.69262970 -0.09880042  0.04054539 -0.00639029	  -7.95134564  -55.48084937 -993.87106384  -57.02735663  -16.70532804    5.88829460	 -11.38312856   21.14161283  -14.25263196    5.48475765   -1.28404868  -21.79866233   16.55366630  -93.81009483  -18.25967487 -118.96460262    4.20840278  -86.79791474	-0.00180555  0.10254053 -0.19832924  0.86092021 -0.61077695 -0.07057441 -0.06449638 -0.02220064 -0.27424771  0.68202891 -0.41049064  0.01126906	-0.04384580  0.00805474 -1.54584697  1.34080161 -0.32155508 -0.34525829  0.01523672 -0.00396545  0.39037786 -0.22511314 -0.17052890 -0.03855862	-0.03663859  0.00305618 -1.52915226  1.36460312 -0.34062719 -0.32297406  0.01293969  0.00192204  0.42317231 -0.25031649 -0.16780112 -0.02152993	0.19078261 0.04345163 3.93446370	-0.01919683 -0.00143326 -0.01333922	-0.01684062 -0.00231536 -0.01153292	 0.00186066 -0.00745428 -0.99997049	0.35000000	0.00000000	0.00000000	0.52889353	-1.93862283	0.03622568	0.06198651	1.45703793	-0.30318326	-2.03689051	-2.51865840	2.18442583	-4.69080019	4.55230236	-0.92325163	1.39156926	-0.45215964	-2.77684116	1.19453692	0.47721627	-4.80047512	-1.75619984	-2.38023567	2.47416306	6.70131159	-0.05851395	-2.40464568	
0.00850100	 5.02521172  1.76940786 -3.83428771 -0.09854368  0.02471995 -0.00504198	  -7.19530063  -51.48589658 -991.35755249  -59.72644191  -15.21062485    4.60853885	 -10.63414748   20.76059711  -12.39576115    5.25262031   -0.85667697  -21.01930499   15.18926986  -95.31069112  -18.43194847 -118.09849229    5.36952031  -88.18175137	-0.00207573  0.10259695 -0.21123109  0.87180592 -0.61319774 -0.07323512 -0.06437396 -0.02220387 -0.27065400  0.67994233 -0.41193510  0.01118065	-0.01448317 -0.00121818 -1.43921569  1.16875027 -0.26013141 -0.30354955  0.00296538  0.00207236  0.41008460 -0.23475720 -0.16702107 -0.00442695	-0.02920385  0.00706694 -1.51123157  1.25971855 -0.27587932 -0.31136294  0.01357152 -0.00075286  0.42185802 -0.24295097 -0.16876767 -0.00919643	0.19041186 0.04675657 3.93250266	-0.02438656 -0.00145064 -0.01457165	-0.02043320 -0.00169082 -0.01322418	 0.00185022 -0.00726734 -0.99997188	0.35000000	0.00000000	0.00000000	0.53653330	-1.93741310	0.02532857	0.06975523	1.43417001	-0.30587438	-2.05933785	-2.51816392	2.15935040	-4.74361467	4.59200811	-0.94135010	1.36897469	-0.43772691	-2.75882936	1.16966164	0.51635569	-4.77547216	-1.71028030	-2.34529328	2.45744729	6.69227600	-0.06847673	-2.41049838	
0.00801800	 4.53231510  1.46219477 -3.87805538 -0.08853476  0.02052909  0.00257226	  -5.98558084  -49.51576263 -987.95372764  -62.04134620  -13.32200583    3.84783992	 -10.18969461   20.51280302  -12.11672993    5.83429487    0.19277707  -21.53897715   14.55071505  -97.33754325  -19.22110291 -116.28029796    6.70692010  -90.63818729	-0.00225795  0.10269137 -0.22324506  0.88125790 -0.61491192 -0.07564506 -0.06425366 -0.02219240 -0.26735369  0.67807274 -0.41334958  0.01113680	-0.01831432  0.02021081 -1.50170767  1.10955914 -0.15882692 -0.30654518  0.00215510  0.01997227  0.41349352 -0.23491079 -0.17383379  0.01490967	-0.02276027  0.01219228 -1.48818616  1.15692249 -0.20250113 -0.29842592  0.01387993  0.00219244  0.40891964 -0.23171599 -0.17649640 -0.00397316	0.19000593 0.04960397 3.93036911	-0.02867210 -0.00120568 -0.01569581	-0.02453132 -0.00146395 -0.01449128	 0.00184026 -0.00705390 -0.99997343	0.35000000	0.00000000	0.00000000	0.54651946	-1.93127704	0.01190431	0.07115553	1.42123806	-0.30544913	-2.08380628	-2.52952933	2.14149308	-4.79870796	4.62961531	-0.95379794	1.35885680	-0.43018264	-2.74733114	1.14575136	0.55268610	-4.74345779	-1.67008805	-2.31086159	2.44093680	6.68995523	-0.08649296	-2.41401601	
0.00846300	 4.23984952  1.01443852 -3.83852807 -0.07461157  0.01308778  0.00681271	  -6.00971948  -48.45073678 -989.50469450  -63.43567169  -11.95479904    3.23520226	  -9.74356829   20.09100771  -10.96482157    5.77616015   -0.03831393  -22.16069737   13.96047856  -99.76775241  -18.75317170 -115.88252112    8.03538318  -91.93433011	-0.00235813  0.10283859 -0.23585501  0.89045719 -0.61613419 -0.07821107 -0.06411668 -0.02220073 -0.26388674  0.67619661 -0.41488448  0.01110002	-0.02038436  0.01581730 -1.56181493  1.10990018 -0.09503858 -0.34699470 -0.00217810 -0.02655841  0.41532364 -0.21195654 -0.21556137  0.00162945	-0.01240737  0.01927274 -1.48642244  1.06956718 -0.13205641 -0.30512410  0.01496306 -0.00205081  0.40675176 -0.22005991 -0.18417014 -0.00432605	0.18999590 0.05234771 3.92813814	-0.03317113 -0.00232275 -0.01648517	-0.02897544 -0.00168640 -0.01564394	 0.00182674 -0.00678967 -0.99997528	0.35000000	0.00000000	0.00000000	0.55546683	-1.92982900	0.00120290	0.07497382	1.41185057	-0.30751058	-2.10584116	-2.53448176	2.12504411	-4.84277582	4.66349125	-0.96759391	1.34895360	-0.42250270	-2.73348069	1.12081850	0.58556068	-4.71593857	-1.63299179	-2.27868366	2.42617559	6.68525696	-0.10613335	-2.42615080	
0.00849400	 4.07960790  1.21092298 -3.79614432 -0.07565277 -0.01020209 -0.00610309	  -4.26528707  -49.00911556 -987.36241616  -64.29041110   -9.94266320    2.26259442	  -9.98638428   19.65217078   -9.30586348    5.74669121    0.11808733  -21.58154520   12.94091613 -101.43781424  -19.97150622 -114.40320882    9.52105178  -93.49945140	-0.00239978  0.10301724 -0.24825856  0.89875081 -0.61675187 -0.08078298 -0.06396947 -0.02219203 -0.26044607  0.67441657 -0.41647911  0.01106523	-0.01619295  0.01782972 -1.42322587  0.92503135 -0.02429926 -0.28086320  0.03418501  0.01811117  0.37933923 -0.19902677 -0.20404835  0.00259687	-0.00699518  0.02281143 -1.46618534  0.96633774 -0.06190758 -0.30349138  0.01681471  0.00149028  0.40563997 -0.20914003 -0.19195707 -0.00520628	0.19015001 0.05498722 3.92575314	-0.03655710 -0.00369926 -0.01584003	-0.03302645 -0.00263813 -0.01598131	 0.00180173 -0.00649203 -0.99997730	0.35000000	0.00000000	0.00000000	0.56036186	-1.92287982	-0.00927676	0.07740235	1.40142870	-0.30887955	-2.13613796	-2.53880644	2.10778332	-4.88903379	4.69179583	-0.98277378	1.32642591	-0.41282550	-2.71434188	1.10283625	0.61730152	-4.68373156	-1.58818877	-2.24313641	2.40357351	6.67338753	-0.12372847	-2.42364287	
0.00800600	 4.23895809  1.18321187 -3.35684070 -0.07063326 -0.03033441 -0.01219509	  -3.36289872  -50.48858112 -989.48300175  -64.50076831   -8.37644219    1.41736583	  -9.48211842   19.16685182   -8.29545277    6.82183914    1.17171613  -21.42113024   12.08217245 -103.89104056  -20.54663790 -113.95934451   11.03686836  -94.08364475	-0.00240486  0.10317442 -0.25968249  0.90573250 -0.61699293 -0.08315360 -0.06384304 -0.02220051 -0.25724872  0.67285931 -0.41803242  0.01096446	 0.00380915  0.01556106 -1.47708161  0.87261609  0.00473637 -0.32711029  0.02785656  0.01470846  0.44570493 -0.17982061 -0.19445281  0.01022711	-0.00159252  0.02011645 -1.42966208  0.86537242 -0.02664092 -0.29760858  0.01707880  0.00021890  0.40298416 -0.19409265 -0.19616867 -0.01263319	0.19051077 0.05755227 3.92359472	-0.03868439 -0.00542288 -0.01403353	-0.03606470 -0.00393407 -0.01524785	 0.00176585 -0.00618985 -0.99997928	0.35000000	0.00000000	0.00000000	0.56796092	-1.92023361	-0.02089212	0.08054096	1.38729680	-0.30754507	-2.16258955	-2.53979540	2.08955383	-4.92741156	4.71932936	-0.99103701	1.30837893	-0.39571902	-2.69336867	1.08840001	0.64721310	-4.65094137	-1.54624259	-2.21407628	2.38177633	6.66011333	-0.13649593	-2.42540598	
0.00802600	 4.18838254  1.49894071 -3.13314264 -0.07898560 -0.04261221 -0.01948136	  -3.12962206  -53.16572698 -989.87125068  -64.52333234   -7.64666083    0.87151052	  -9.19754523   19.91661757   -7.69345729    7.10941322    5.05594289  -21.24648717   11.61372417 -105.75261021  -21.62335328 -113.59098923   11.46939692  -94.56473875	-0.00240311  0.10334502 -0.27088932  0.91191461 -0.61709573 -0.08542065 -0.06374069 -0.02222099 -0.25411856  0.67141859 -0.41964214  0.01075710	 0.00945097  0.02224577 -1.33488288  0.65945045 -0.00391132 -0.23800784  0.00641268  0.00016719  0.34239034 -0.16978338 -0.16429541 -0.02751961	 0.00175136  0.02153470 -1.38712076  0.75338357 -0.01121419 -0.27903895  0.01334416 -0.00425377  0.38720938 -0.17777400 -0.19883344 -0.02580614	0.19101675 0.06031994 3.92147016	-0.03943649 -0.00694650 -0.01142261	-0.03802311 -0.00544802 -0.01351917	 0.00171654 -0.00587643 -0.99998126	0.35000000	0.00000000	0.00000000	0.57626587	-1.91548777	-0.03259558	0.08326285	1.37614810	-0.29652631	-2.18806553	-2.55353832	2.07057047	-4.97007370	4.75194550	-0.99577475	1.28499937	-0.37553906	-2.67107201	1.07320750	0.68041295	-4.61472988	-1.50077426	-2.18914247	2.34761500	6.65012455	-0.14633971	-2.41961741	
0.00846400	 3.88213963  1.50170730 -3.05818585 -0.07937749 -0.05595650 -0.02170236	  -4.46771772  -54.57483141 -991.53027947  -64.65680111   -8.67978324    0.62698783	  -8.94939128   20.42212754   -6.10218924    6.84566665   10.32483539  -21.60297394   11.52577987 -106.73611879  -22.77117705 -114.75035921   10.21444219  -94.73744500	-0.00241719  0.10349265 -0.28249228  0.91763706 -0.61714939 -0.08778025 -0.06366112 -0.02224585 -0.25080113  0.67002609 -0.42145858  0.01043519	 0.00445721  0.04106282 -1.41990770  0.62911559 -0.02006366 -0.31245854 -0.00363223  0.01763835  0.39912254 -0.17854601 -0.23206280 -0.02962340	-0.00107790  0.01847689 -1.36863385  0.65684979 -0.00701633 -0.27945645  0.00768524 -0.00330007  0.39227755 -0.16242508 -0.21743048 -0.03842118	0.19211614 0.06338917 3.91933933	-0.03961079 -0.00921107 -0.00868644	-0.03902036 -0.00726408 -0.01108169	 0.00164840 -0.00553999 -0.99998330	0.35000000	0.00000000	0.00000000	0.58513695	-1.91839838	-0.03638904	0.09134622	1.37838852	-0.28629607	-2.22053146	-2.57972598	2.06297970	-5.00982571	4.78806543	-1.00352824	1.25548124	-0.35654211	-2.65244627	1.07063818	0.70915973	-4.59237528	-1.45836604	-2.17788959	2.30931091	6.65311766	-0.15623887	-2.40769982	
0.00803400	 2.09425554  2.22497935 -3.15222313 -0.09960592 -0.06163756 -0.03010797	  -1.08230902  -54.75914837 -994.05458993  -64.78596790   -7.25945275   -0.19497148	  -8.25572629   21.24176240   -3.68417663    7.89826609   16.60350756  -20.51453747   10.91364197 -108.35111642  -26.09945705 -115.78928679   11.68330090  -94.01787686	-0.00241520  0.10361154 -0.29307793  0.92219863 -0.61702302 -0.08986116 -0.06359627 -0.02233667 -0.24773535  0.66885717 -0.42323484  0.01007615	 0.00113365  0.01625442 -1.20283407  0.51232932  0.02367365 -0.23498828  0.01458738 -0.02844608  0.34637581 -0.12815945 -0.20248535 -0.03694890	-0.00072338  0.01442596 -1.31035097  0.55364710  0.02095473 -0.25430686  0.00736159 -0.01215217  0.38162845 -0.14260759 -0.22223595 -0.04254542	0.19311648 0.06655213 3.91760865	-0.03917178 -0.01038722 -0.00677330	-0.03924071 -0.00896130 -0.00883675	 0.00156953 -0.00522458 -0.99998512	0.35000000	0.00000000	0.00000000	0.59027165	-1.91201270	-0.04172501	0.09636705	1.36378515	-0.26872888	-2.25877547	-2.59189105	2.03926444	-5.04323912	4.81478596	-1.00709617	1.21850657	-0.33072513	-2.61971474	1.06475675	0.73880291	-4.54321480	-1.40102327	-2.15713787	2.26164222	6.63038540	-0.16647854	-2.38818502	
0.00848700	 0.97590652  2.33198395 -3.43410969 -0.10812436 -0.05182640 -0.02510495	  -2.26307657  -57.23999597 -993.66414687  -64.77960664   -7.89830214   -0.67940924	  -7.76117124   22.80393600   -3.09464212    7.62361240   21.51988846  -21.25140962   10.50427354 -108.97997808  -26.77830324 -116.50409481   10.90282007  -94.77075934	-0.00242023  0.10373838 -0.30397505  0.92609447 -0.61639075 -0.09191825 -0.06354749 -0.02246773 -0.24451375  0.66773156 -0.42521599  0.00970224	-0.00783439  0.00748197 -1.19658296  0.38114990  0.10498993 -0.20042048  0.00876264 -0.02768950  0.36079215 -0.13177955 -0.22348169 -0.04963462	-0.00162562  0.01257011 -1.27015386  0.43938799  0.08844913 -0.23790867  0.00527277 -0.01643709  0.37742022 -0.12799668 -0.23400068 -0.04687793	0.19450253 0.06972898 3.91576952	-0.03910817 -0.01170492 -0.00399559	-0.03914878 -0.01038558 -0.00644450	 0.00147578 -0.00489219 -0.99998694	0.35000000	0.00000000	0.00000000	0.60352975	-1.90701473	-0.04857233	0.10852420	1.34489036	-0.24688435	-2.28969193	-2.60794806	2.01964951	-5.08024645	4.84582567	-1.00551307	1.19039440	-0.31024870	-2.60072780	1.06606960	0.77334440	-4.49706697	-1.35245037	-2.12739229	2.24317837	6.62061501	-0.17807828	-2.38681746	
0.00800000	 0.13959034  2.44299833 -3.39618488 -0.11450762 -0.05519537 -0.02660316	  -1.77422677  -59.29173151 -995.25397182  -64.87283453   -7.35114860   -0.83528329	  -7.41600477   23.77035457   -1.63474880    8.23203961   23.11288865  -21.58209434   10.11274878 -110.60101175  -28.02772919 -117.16320339   11.67194599  -94.95681310	-0.00241777  0.10387687 -0.31385213  0.92889444 -0.61512787 -0.09380886 -0.06353133 -0.02265261 -0.24151629  0.66679772 -0.42715340  0.00932068	 0.00971995  0.02670920 -1.22174029  0.30233579  0.22057700 -0.24783277 -0.01112857 -0.04710077  0.41110136 -0.10543740 -0.27953831 -0.08303507	 0.00017667  0.01571453 -1.22738521  0.33428992  0.17201400 -0.23737399  0.00181377 -0.02409455  0.37757661 -0.11422804 -0.24621439 -0.05103958	0.19610825 0.07291368 3.91412312	-0.03848563 -0.01328457 -0.00197059	-0.03891139 -0.01179217 -0.00406758	 0.00137575 -0.00458158 -0.99998856	0.35000000	0.00000000	0.00000000	0.61267728	-1.89362454	-0.05357173	0.12029850	1.32987392	-0.23264366	-2.32746649	-2.61209965	2.00392222	-5.09923029	4.85729980	-1.00701714	1.16146469	-0.29318234	-2.57500505	1.07266080	0.79796892	-4.44403696	-1.30650771	-2.09581876	2.21783400	6.60012150	-0.19831806	-2.37896013	
0.00851400	-0.38656763  2.84836057 -3.25930983 -0.12616100 -0.05479151 -0.03388276	  -1.62856003  -61.08115807 -996.92846304  -64.96432323   -6.15088074   -0.82041495	  -7.01984417   24.68534404   -1.13882684    8.97631226   23.85679807  -21.23409942   10.04601739 -111.32017207  -28.42130511 -116.87470666   13.07107083  -95.32219243	-0.00241381  0.10404678 -0.32395740  0.93093484 -0.61299829 -0.09575965 -0.06351504 -0.02288268 -0.23835862  0.66590119 -0.42928249  0.00887983	-0.00561776  0.00123177 -1.08726047  0.18931795  0.25376341 -0.20109704 -0.00029161 -0.02876528  0.34273495 -0.10779832 -0.23966751 -0.06274487	 0.00058317  0.01873419 -1.17309348  0.22173229  0.26303229 -0.22653101  0.00149269 -0.02851382  0.36930574 -0.10339123 -0.25287116 -0.05331752	0.19804020 0.07643446 3.91243171	-0.03789200 -0.01529404 -0.00103378	-0.03838908 -0.01353662 -0.00230142	 0.00125409 -0.00425728 -0.99999015	0.35000000	0.00000000	0.00000000	0.62188667	-1.87800610	-0.06298004	0.13405849	1.30646122	-0.21499813	-2.36115360	-2.60903335	1.98404455	-5.11920071	4.86531544	-1.00498426	1.13101351	-0.27407959	-2.54722047	1.07384765	0.82310706	-4.38351297	-1.25724220	-2.05504894	2.19844198	6.57084513	-0.21504237	-2.37177300	
0.00848100	-0.98562929  2.82862535 -2.52287019 -0.12584806 -0.04940817 -0.03346274	  -3.09299166  -62.47091265 -999.66953045  -65.14022207   -5.96386983   -0.77523815	  -6.66913257   25.07222986   -0.91077171    9.46748977   23.49020737  -21.39977077    9.67156345 -112.26671767  -28.12566318 -117.19451979   13.34332647  -95.46263313	-0.00241801  0.10424884 -0.33360098  0.93203528 -0.61001875 -0.09766078 -0.06351659 -0.02316705 -0.23520045  0.66512424 -0.43146948  0.00837870	-0.00210605  0.03380226 -1.03188467  0.08758310  0.38801428 -0.21808194 -0.00581939 -0.03787512  0.36228687 -0.08880077 -0.22650551 -0.06982369	-0.00052295  0.02385508 -1.12576105  0.11539514  0.36703875 -0.22391900 -0.00064017 -0.03319880  0.37195179 -0.09071612 -0.25729148 -0.06105776	0.20049696 0.08015388 3.91070775	-0.03705914 -0.01862024 -0.00060407	-0.03771907 -0.01587154 -0.00130164	 0.00111072 -0.00393916 -0.99999162	0.35000000	0.00000000	0.00000000	0.63260436	-1.86437774	-0.07036799	0.15336275	1.28425658	-0.20100299	-2.39691973	-2.60335326	1.96857655	-5.13433552	4.86953068	-1.00100458	1.09991670	-0.25641069	-2.52156448	1.08859503	0.84483379	-4.32868290	-1.21288347	-2.01564002	2.18953085	6.54474735	-0.23159836	-2.36930466	
0.00800600	-2.22865027  2.81047571 -0.54881502 -0.12425588 -0.03702148 -0.03183516	   -3.58605487   -62.86864964 -1001.60094446   -65.24263262    -5.29123155    -0.90924829	  -6.36529036   25.46574980   -1.63680102   10.16579337   22.01040892  -21.14221781    9.53194769 -112.96505260  -28.50721166 -117.07337114   14.13389026  -95.04870212	-0.00241944  0.10446870 -0.34235302  0.93246460 -0.60654196 -0.09936741 -0.06350165 -0.02350040 -0.23223287  0.66449900 -0.43362532  0.00790107	 0.01428734  0.03160598 -1.02071680  0.02017914  0.45663186 -0.19331771  0.02713626 -0.04174373  0.32329949 -0.07340140 -0.28050999 -0.07708181	-0.00046631  0.02771051 -1.08629133  0.04801704  0.44428476 -0.21006858  0.00275837 -0.04143635  0.36865828 -0.07535788 -0.27000748 -0.06066308	0.20312029 0.08379633 3.90833190	-0.03680716 -0.02316546 -0.00035398	-0.03718274 -0.01924465 -0.00076825	 0.00094336 -0.00364413 -0.99999292	0.35000000	0.00000000	0.00000000	0.64281029	-1.84872878	-0.07945000	0.17039272	1.26221669	-0.19174811	-2.42835069	-2.59537458	1.95088732	-5.14252520	4.86259413	-0.99723518	1.06437552	-0.23644178	-2.49118757	1.09747708	0.86231774	-4.27524948	-1.17132616	-1.98052883	2.16621518	6.51071119	-0.24422686	-2.36014581	
0.00802900	-2.91873412  2.64079660  0.55074241 -0.11853028 -0.03007115 -0.02851361	   -4.09316837   -63.31446383 -1006.69529430   -65.56018968    -4.53304810    -1.04797438	  -6.04786815   25.64318216   -2.04833945    8.53859000   21.18977076  -21.30531415    8.95223393 -112.99028230  -28.69592157 -117.71278208   15.27276027  -95.27735114	-0.00240922  0.10474375 -0.35090695  0.93264284 -0.60247067 -0.10102929 -0.06351056 -0.02389539 -0.22921088  0.66393724 -0.43583129  0.00747706	 0.00541473  0.03598785 -1.02590283  0.02302236  0.50591438 -0.21295135  0.00172903 -0.05851692  0.37859853 -0.04519275 -0.26215585 -0.02154129	 0.00250624  0.03482388 -1.05331210  0.01925330  0.50968202 -0.20447641 -0.00088256 -0.04962058  0.37387890 -0.06713041 -0.27255625 -0.05067532	0.20606201 0.08738939 3.90586160	-0.03750385 -0.02846907 -0.00015578	-0.03718505 -0.02368935 -0.00043230	 0.00073595 -0.00334715 -0.99999413	0.35000000	0.00000000	0.00000000	0.65385807	-1.83273101	-0.08961640	0.18549830	1.24970758	-0.18168662	-2.44978976	-2.59383559	1.93637943	-5.14676762	4.85684061	-0.99603462	1.03884876	-0.21790281	-2.46528721	1.09427774	0.87853885	-4.23014832	-1.13413751	-1.95075476	2.14156294	6.47885895	-0.25511163	-2.34914374	
0.00845800	-2.44083972  3.01579517  0.46439230 -0.12314047 -0.02850478 -0.03742353	   -5.95952123   -65.12615144 -1007.08439332   -65.59724441    -4.34348902    -0.89512164	  -6.48879297   25.10013878   -3.42443108    5.82832185   19.50843716  -20.33707698    9.58703554 -112.97487760  -28.96393647 -116.89683312   15.49798608  -95.85968435	-0.00241894  0.10506947 -0.35981248  0.93268231 -0.59756932 -0.10264867 -0.06349888 -0.02436108 -0.22599968  0.66343950 -0.43826984  0.00700777	-0.00567308  0.04922649 -1.03514647 -0.03179978  0.61420185 -0.19971271  0.01796646 -0.05799584  0.38492148 -0.06874475 -0.29754972 -0.08986427	 0.00056416  0.04119843 -1.04943864 -0.00060951  0.58725651 -0.18777918  0.00238938 -0.05644953  0.37982616 -0.05720695 -0.28954720 -0.05762504	0.20930848 0.09137507 3.90336874	-0.03767493 -0.03311070  0.00000829	-0.03749705 -0.02865466 -0.00018714	 0.00047212 -0.00302700 -0.99999531	0.35000000	0.00000000	0.00000000	0.66170174	-1.81899142	-0.10189904	0.19868161	1.23968291	-0.17654793	-2.47283483	-2.59364676	1.92099667	-5.15919256	4.85098124	-0.99447989	0.99831432	-0.20556904	-2.44253635	1.08927059	0.89256996	-4.19057035	-1.09526742	-1.91463232	2.11308551	6.44205523	-0.26427084	-2.33491254	
0.00853400	-1.65620994  2.85488540  0.09928061 -0.11466205 -0.04504452 -0.04014683	   -5.03568691   -64.15692565 -1008.26300466   -65.62903473    -2.42184148    -1.25493024	  -6.38592272   24.48486859   -3.38583598    2.97147016   16.09996162  -20.53562237    8.82902656 -112.61965680  -29.43418968 -117.04757559   17.98550990  -94.98229110	-0.00241214  0.10541510 -0.36851280  0.93249359 -0.59224345 -0.10403227 -0.06350335 -0.02489182 -0.22274968  0.66303445 -0.44077470  0.00656233	 0.02868163  0.02430272 -0.94754864 -0.03433348  0.58913956 -0.15110002  0.01302951 -0.07051825  0.37423201 -0.05595760 -0.26996761 -0.04609204	 0.00264254  0.04135191 -1.01076406 -0.02747081  0.62441015 -0.15741934 -0.00024854 -0.06442525  0.37971590 -0.04750261 -0.29288047 -0.05108463	0.21248079 0.09553036 3.90141351	-0.03744051 -0.03607300  0.00014803	-0.03753084 -0.03275019 -0.00000455	 0.00017676 -0.00270764 -0.99999632	0.35000000	0.00000000	0.00000000	0.67339313	-1.79430914	-0.11351056	0.21541174	1.22427809	-0.17986409	-2.50105834	-2.58403277	1.90700638	-5.14990044	4.83120680	-0.99773407	0.96060348	-0.17964216	-2.40500736	1.08555067	0.90283793	-4.14361429	-1.05376112	-1.88483799	2.07262468	6.39767361	-0.27171150	-2.31366944	
0.00800500	-1.09092782  2.76573293 -0.48006385 -0.11092016 -0.03835250 -0.03983897	   -6.90289258   -64.99211123 -1008.20967864   -65.62869468    -2.20175870    -0.96848540	  -6.28482764   24.21704596   -4.79409774   -0.25153137   16.71792170  -20.69339554    9.33915512 -112.01192474  -29.12676723 -116.91461870   18.42295423  -95.27022719	-0.00242087  0.10575706 -0.37646437  0.93197953 -0.58691296 -0.10515946 -0.06349645 -0.02543939 -0.21968990  0.66270676 -0.44318945  0.00616297	-0.00081351  0.01501975 -0.89494232 -0.07067183  0.63027227 -0.14286960 -0.00855003 -0.04850993  0.37245891 -0.04024033 -0.28788221 -0.05668119	-0.00130456  0.04148728 -0.98154743 -0.07048100  0.66651617 -0.13874564  0.00104900 -0.06738949  0.38142513 -0.04219542 -0.30195129 -0.05039113	0.21546853 0.09946731 3.89993393	-0.03720147 -0.03751798  0.00023678	-0.03738642 -0.03540217  0.00012462	-0.00011846 -0.00240910 -0.99999709	0.35000000	0.00000000	0.00000000	0.68669939	-1.77881873	-0.12579502	0.23106752	1.21454394	-0.17035696	-2.52634954	-2.59186053	1.89628255	-5.16085482	4.82999134	-0.99146676	0.92452425	-0.15829620	-2.37994099	1.08592272	0.91721994	-4.10185242	-1.01322794	-1.85681009	2.04480839	6.36758566	-0.27717805	-2.29666424	
0.00847100	-0.64475695  2.78494954 -0.76327346 -0.10802262 -0.04160468 -0.04265616	   -7.89982543   -64.58554113 -1009.94814627   -65.72455198    -1.52244429    -0.98608570	  -6.03693110   23.64930528   -5.13309563   -2.20373174   15.44851738  -20.41875748    8.92702715 -111.99074674  -29.16507158 -117.29860634   19.58403620  -94.64824724	-0.00240978  0.10614895 -0.38465868  0.93101120 -0.58094058 -0.10612784 -0.06350338 -0.02611139 -0.21642317  0.66240209 -0.44576487  0.00579438	 0.00526707  0.04982863 -0.85933874 -0.13269958  0.67142510 -0.06513590 -0.00962869 -0.05521024  0.38741154 -0.05381087 -0.27117034 -0.04329849	 0.00267274  0.04718267 -0.95509117 -0.12249136  0.70938217 -0.10827681 -0.00169602 -0.07895233  0.38664075 -0.03657130 -0.30293913 -0.04197896	0.21873126 0.10384389 3.89878397	-0.03655147 -0.03826739  0.00032452	-0.03702759 -0.03706842  0.00022839	-0.00044091 -0.00209556 -0.99999771	0.35000000	0.00000000	0.00000000	0.69809085	-1.76309144	-0.13690348	0.24661268	1.19512546	-0.16408992	-2.55267692	-2.58519483	1.87842095	-5.16352892	4.82160664	-0.98604941	0.88979012	-0.13293286	-2.34846830	1.08704591	0.93034482	-4.05528069	-0.97218269	-1.82396686	2.01747680	6.32771921	-0.28121120	-2.28402591	
0.00801600	-0.50156561  2.28851156 -1.17585312 -0.09341252 -0.04577360 -0.03545198	   -8.41104973   -65.53620339 -1008.61077766   -65.63815157    -0.89931284    -1.12865263	  -6.53971887   22.85792506   -5.10209973   -4.18570924   15.62990481  -21.09602347    8.93087339 -110.50548601  -29.81554810 -116.99156609   20.28476554  -95.17138243	-0.00242634  0.10650168 -0.39210023  0.92959342 -0.57505734 -0.10688271 -0.06349357 -0.02681518 -0.21334639  0.66212478 -0.44823973  0.00547035	 0.00260327  0.04065532 -0.85511226 -0.21709528  0.70223256 -0.08683948 -0.00094137 -0.07687663  0.35886971 -0.03778397 -0.26679043 -0.03886639	-0.00172569  0.04513704 -0.91910582 -0.18600311  0.73760002 -0.09210883  0.00061279 -0.08689195  0.38319250 -0.03504583 -0.30607285 -0.04188779	0.22181443 0.10799548 3.89785231	-0.03595666 -0.03810071  0.00038271	-0.03650088 -0.03779027  0.00031073	-0.00074694 -0.00180573 -0.99999809	0.35000000	0.00000000	0.00000000	0.71258736	-1.74177384	-0.14735839	0.26074028	1.19964123	-0.15414882	-2.59493160	-2.60204077	1.87854207	-5.16782999	4.81284952	-0.98246872	0.85635805	-0.11052839	-2.32155371	1.09868300	0.93954778	-4.01524448	-0.93093151	-1.80087769	1.97480404	6.30952883	-0.28623676	-2.25118446	
0.00850000	-0.58614245  2.31576631 -1.66162601 -0.09305527 -0.04979374 -0.03574130	   -9.90574302   -65.83337961 -1008.23671895   -65.62323575    -1.18207625    -1.20630817	  -6.03509947   22.75204021   -4.50008808   -6.26935253   16.70257232  -20.92178607    8.08465525 -109.84717703  -30.12712470 -117.77981606   20.18140197  -94.95446813	-0.00241052  0.10686519 -0.39966512  0.92750692 -0.56850046 -0.10753297 -0.06350155 -0.02761224 -0.21004966  0.66184631 -0.45089212  0.00511371	 0.01364948  0.04790195 -0.80433546 -0.26119570  0.72473071 -0.05713303 -0.03428727 -0.07345602  0.37885351 -0.03928290 -0.30479242 -0.04920871	 0.00228919  0.04167594 -0.87661173 -0.25602909  0.77315098 -0.07355830 -0.00350946 -0.09394190  0.38610038 -0.03360348 -0.31030980 -0.04275449	0.22536151 0.11237267 3.89707383	-0.03566995 -0.03778020  0.00043255	-0.03603088 -0.03784675  0.00037651	-0.00106915 -0.00150148 -0.99999830	0.35000000	0.00000000	0.00000000	0.72684753	-1.72425270	-0.15559854	0.27604565	1.19171524	-0.13651080	-2.63176465	-2.60812759	1.86855936	-5.17262602	4.80775928	-0.97581673	0.81858093	-0.08156268	-2.29228735	1.11677027	0.95457083	-3.97223377	-0.88765591	-1.77321792	1.94553995	6.28244352	-0.28874955	-2.22902346	
0.00850900	-0.66969126  2.32398496 -1.97443149 -0.09307296 -0.05457683 -0.03619380	  -10.62883282   -66.35929329 -1008.12918420   -65.61780861    -1.01806058    -1.41900627	  -6.52576176   22.81501937   -4.16930639   -7.66717361   17.11936279  -20.97142613    8.01616109 -109.33328366  -31.12263045 -118.19313052   20.60686120  -94.80405390	-0.00242675  0.10724189 -0.40683891  0.92469662 -0.56153706 -0.10803243 -0.06348470 -0.02847038 -0.20672076  0.66155234 -0.45357545  0.00470789	-0.02363058  0.04574510 -0.77660205 -0.34063472  0.77397640 -0.05857423  0.00820117 -0.09987688  0.37383603 -0.01107519 -0.29851970 -0.05711997	-0.00258157  0.04496925 -0.82917601 -0.33945318  0.81775680 -0.05658276  0.00205377 -0.10166151  0.38931461 -0.03299412 -0.31291960 -0.04879656	0.22897726 0.11673166 3.89650880	-0.03570666 -0.03668532  0.00047026	-0.03580798 -0.03738028  0.00042746	-0.00138561 -0.00119821 -0.99999832	0.35000000	0.00000000	0.00000000	0.73989201	-1.70056069	-0.16323474	0.29019916	1.18496966	-0.11977926	-2.67286634	-2.61422729	1.85926187	-5.17557240	4.79574537	-0.96768880	0.78272849	-0.05517696	-2.26032400	1.13672137	0.96730310	-3.92104268	-0.84450108	-1.74187577	1.91484439	6.25240278	-0.29575476	-2.20408678	
0.00852800	-0.73127811  1.99572595 -2.16664384 -0.08258173 -0.05648021 -0.03089960	  -11.79233111   -65.84641599 -1007.73818055   -65.58888739    -0.78475969    -1.49413850	  -6.23568996   22.03170621   -4.03940263   -8.52999974   17.36210807  -21.21681148    6.71533890 -108.21961641  -31.52062897 -118.24828735   21.08894446  -94.26385093	-0.00242201  0.10760373 -0.41357461  0.92110471 -0.55418081 -0.10840492 -0.06348322 -0.02938238 -0.20337009  0.66122989 -0.45626659  0.00428619	 0.00425182  0.04930327 -0.67594007 -0.44346784  0.79335502 -0.02181486  0.01855482 -0.11049291  0.35660482 -0.00972912 -0.26651705 -0.02890548	-0.00039635  0.04256596 -0.77161348 -0.43072562  0.85865437 -0.04026394  0.00263471 -0.10820538  0.39032465 -0.03572491 -0.31114225 -0.04879972	0.23271353 0.12113012 3.89604125	-0.03594726 -0.03529776  0.00051124	-0.03583328 -0.03638198  0.00047239	-0.00169132 -0.00089372 -0.99999817	0.35000000	0.00000000	0.00000000	0.75490481	-1.67853856	-0.17321008	0.30774099	1.17758179	-0.10142659	-2.71907234	-2.61964369	1.85363114	-5.17670393	4.78135157	-0.95560694	0.74786049	-0.02394693	-2.22780204	1.16672969	0.97984517	-3.87262225	-0.79873890	-1.71149266	1.89054978	6.22610140	-0.29723525	-2.18148398	
0.00846600	-0.92337679  1.83601470 -2.34290615 -0.07770242 -0.05961367 -0.02792152	  -13.32637994   -66.40557648 -1006.61803154   -65.52712358    -1.04509501    -1.58596057	  -6.58314829   21.78007650   -3.59364320   -9.17885093   17.84981668  -21.33581603    6.08280311 -107.46412230  -32.10322831 -118.48502073   20.93611550  -94.15635848	-0.00241901  0.10795569 -0.41987988  0.91673371 -0.54638150 -0.10867472 -0.06349034 -0.03033330 -0.19999663  0.66086954 -0.45898456  0.00385133	 0.01305396  0.00434307 -0.67926102 -0.53217497  0.89813632 -0.00742814 -0.02007014 -0.10265286  0.36168685 -0.05949165 -0.30542359 -0.06370263	 0.00052259  0.03894760 -0.73078258 -0.52852779  0.92201913 -0.02779931 -0.00109736 -0.11238142  0.39561986 -0.04329415 -0.31820966 -0.05193911	0.23665693 0.12553911 3.89557496	-0.03638926 -0.03386084  0.00054964	-0.03608320 -0.03509947  0.00051298	-0.00198471 -0.00058617 -0.99999786	0.35000000	0.00000000	0.00000000	0.76840711	-1.65901911	-0.17964019	0.32294556	1.17094707	-0.07878131	-2.76511168	-2.62513590	1.84733140	-5.17907286	4.76758003	-0.94160771	0.71435797	0.00143023	-2.19945216	1.19898129	0.99167806	-3.82118201	-0.75595981	-1.67709231	1.87271047	6.20007038	-0.30300415	-2.16154456	
0.00800200	-1.13135959  1.67298266 -2.36444352 -0.07170455 -0.07613226 -0.02675083	  -12.86446512   -66.50380725 -1005.15203500   -65.41770937    -0.26288243    -2.13986441	  -6.97250215   21.33405060   -2.28849536   -9.18085342   16.42685893  -21.39839050    5.47844638 -106.95686650  -33.49098143 -118.35059103   21.76015270  -93.58519602	-0.00242969  0.10828391 -0.42535845  0.91186366 -0.53868302 -0.10887112 -0.06348874 -0.03130139 -0.19679221  0.66053043 -0.46156104  0.00343666	-0.01648807  0.04219974 -0.61618956 -0.59550452  0.89081617 -0.00482961  0.00111597 -0.11625961  0.33767997 -0.03303054 -0.29094193 -0.03188298	-0.00195826  0.03934174 -0.67605198 -0.61851522  0.96188877 -0.02185430 -0.00138223 -0.12065425  0.39678892 -0.04321008 -0.32147120 -0.05077912	0.24046034 0.12982205 3.89509104	-0.03655740 -0.03234652  0.00059720	-0.03635324 -0.03375766  0.00055376	-0.00224931 -0.00029413 -0.99999743	0.35000000	0.00000000	0.00000000	0.77985632	-1.62978876	-0.18592073	0.33697411	1.17348969	-0.06338332	-2.81820583	-2.62836552	1.84833837	-5.16850615	4.73975134	-0.93228996	0.67903072	0.02894842	-2.16328502	1.23514330	0.99645603	-3.76875257	-0.71573192	-1.64935732	1.83663738	6.17208433	-0.31186482	-2.12732387	
0.00846400	-1.47177268  1.46628613 -2.49659137 -0.06438198 -0.07984259 -0.02251135	  -13.66487807   -66.74443924 -1005.52639421   -65.44202769    -0.03163207    -2.30618198	  -6.71739693   20.68987411   -1.70147832   -9.58227781   17.44331592  -21.01218599    4.65989684 -105.70950747  -34.00381464 -119.01786461   22.19683287  -93.54405522	-0.00243025  0.10862301 -0.43068001  0.90587765 -0.53011456 -0.10898757 -0.06347342 -0.03236683 -0.19334609  0.66011572 -0.46430727  0.00300795	 0.00346736  0.04000978 -0.60886637 -0.76019374  1.08293593 -0.02670856  0.01694884 -0.11283650  0.43272465 -0.07756799 -0.34658032 -0.04126043	-0.00168033  0.03954180 -0.61849025 -0.72194199  1.02094860 -0.01320029  0.00170683 -0.12481235  0.40629233 -0.05035473 -0.32552174 -0.04993599	0.24467593 0.13437251 3.89467791	-0.03711860 -0.03074854  0.00065159	-0.03668957 -0.03220727  0.00060384	-0.00251695  0.00001886 -0.99999683	0.35000000	0.00000000	0.00000000	0.79198104	-1.60844302	-0.19290790	0.35263184	1.16878068	-0.03514695	-2.86831379	-2.63330483	1.84374952	-5.17036963	4.72301722	-0.91517615	0.64602423	0.05689844	-2.13314748	1.27188718	1.00758517	-3.71546316	-0.67153025	-1.61493814	1.82257068	6.14498281	-0.31717226	-2.10393071	
0.00801400	-1.75623730  0.92960286 -2.29631014 -0.04718065 -0.08991610 -0.01426011	  -13.28301261   -66.68216576 -1005.49551177   -65.42499288     0.83164120    -2.69023376	  -7.17904032   19.43058646   -1.09417406   -8.44821784   16.22843005  -21.02791309    3.39383345 -104.87753606  -35.32284996 -118.93780798   23.06771547  -93.12966907	-0.00241361  0.10889710 -0.43521334  0.89945600 -0.52172437 -0.10902201 -0.06347613 -0.03344296 -0.19006647  0.65969789 -0.46689608  0.00259940	 0.02158481  0.02459917 -0.50533618 -0.79733857  1.00488174  0.01228688  0.01842796 -0.13640882  0.36796247 -0.07179759 -0.30164174 -0.05632172	 0.00300369  0.03432553 -0.55696884 -0.81487737  1.05285841 -0.00444345  0.00097719 -0.13403069  0.40849601 -0.05500120 -0.32172419 -0.05033918	0.24861609 0.13887758 3.89430134	-0.03722032 -0.02876700  0.00070040	-0.03701876 -0.03055008  0.00065282	-0.00275466  0.00031658 -0.99999616	0.35000000	0.00000000	0.00000000	0.80520290	-1.58262861	-0.20167433	0.36443478	1.17087078	-0.01539909	-2.92326450	-2.63611722	1.84485734	-5.16032124	4.69348907	-0.89920425	0.61725169	0.08699486	-2.10013556	1.31328809	1.01189482	-3.66653681	-0.63249767	-1.58627105	1.79491282	6.12002516	-0.31867158	-2.07290459	
0.00802500	-2.30029402  0.77802984 -2.41459560 -0.04310509 -0.09678609 -0.01025820	  -14.26098262   -67.26019203 -1004.32450943   -65.36068213     0.53515712    -2.91684682	  -7.48613270   19.37875634    0.12093193   -8.45228042   17.45685746  -20.96262509    2.56189635 -103.67618370  -36.04085094 -119.65331364   22.70360085  -93.08414507	-0.00242286  0.10913594 -0.43926806  0.89232936 -0.51301671 -0.10905189 -0.06347170 -0.03457650 -0.18675831  0.65924006 -0.46951349  0.00219461	 0.01708806  0.03321010 -0.40518925 -0.82357355  0.97460364 -0.00871082  0.02091668 -0.15467725  0.36084640 -0.06438336 -0.29886682 -0.03728666	 0.00000634  0.03107567 -0.49165587 -0.89520367  1.08082893 -0.00408665  0.00230895 -0.14195671  0.40890466 -0.06040242 -0.32332951 -0.04978680	0.25284849 0.14331632 3.89383894	-0.03789620 -0.02726025  0.00075053	-0.03737204 -0.02882990  0.00070229	-0.00297796  0.00061674 -0.99999538	0.35000000	0.00000000	0.00000000	0.82033259	-1.55798829	-0.20746632	0.37723368	1.18016958	0.01538047	-2.97619295	-2.64864421	1.84944832	-5.15631104	4.67271996	-0.88252246	0.58582610	0.11839712	-2.06947541	1.35715878	1.01987088	-3.62102413	-0.59542173	-1.56270850	1.76707101	6.10389805	-0.32112128	-2.03940678	
0.00849000	-2.48652372  0.47093987 -2.47276865 -0.03258849 -0.10443908 -0.00526685	  -15.95764184   -67.68505263 -1005.14581648   -65.43327189    -0.09978296    -2.97330465	  -7.48660534   18.47931850    0.84226162   -8.83005979   17.01989941  -20.24836899    1.44866942 -102.70940042  -36.87831104 -120.57713881   22.33517915  -92.97376347	-0.00242511  0.10932741 -0.44303146  0.88394328 -0.50337030 -0.10905292 -0.06346662 -0.03581545 -0.18316563  0.65870535 -0.47230728  0.00172917	-0.02137894  0.00791931 -0.44490467 -1.03272960  1.17232146  0.01284723  0.03043983 -0.15676660  0.43423160 -0.06345788 -0.33578569 -0.03311937	-0.00115972  0.02104491 -0.43076673 -0.99563479  1.13335309 -0.00068879  0.00304949 -0.14668828  0.42319199 -0.06537395 -0.32858155 -0.05418715	0.25766975 0.14808713 3.89346309	-0.03872574 -0.02588305  0.00080735	-0.03804551 -0.02724982  0.00075512	-0.00320320  0.00094268 -0.99999443	0.35000000	0.00000000	0.00000000	0.83382845	-1.53318036	-0.21443267	0.39286757	1.17797971	0.04288571	-3.03093743	-2.64801764	1.84716415	-5.15029049	4.64600706	-0.86169112	0.54641843	0.14922053	-2.03815079	1.40835416	1.02740121	-3.57159781	-0.55626845	-1.52764606	1.75346982	6.07388544	-0.32228059	-2.01217461	
0.00851800	-2.92609829  0.29206620 -2.17804182 -0.02636721 -0.11609869 -0.00280946	  -15.24539992   -67.98285274 -1005.29997478   -65.42138041     0.83844146    -3.49806965	  -7.60872291   18.14804828    1.49461240   -7.12048076   15.97380553  -20.20588504    0.13189405 -102.37866259  -38.58769497 -120.89302447   23.51818693  -92.37366986	-0.00242017  0.10948269 -0.44618987  0.87471609 -0.49337056 -0.10906241 -0.06347221 -0.03711666 -0.17953137  0.65809537 -0.47509742  0.00125812	 0.01499477  0.01383945 -0.32589590 -1.06326776  1.13233767 -0.02476330 -0.01884602 -0.16776703  0.42019321 -0.07151370 -0.28932764 -0.02690534	 0.00144256  0.01567985 -0.35873051 -1.08895751  1.17253604 -0.00260260  0.00052189 -0.15358112  0.42574695 -0.07267767 -0.32541628 -0.05212310	0.26241446 0.15302835 3.89309302	-0.03943581 -0.02373528  0.00086118	-0.03877815 -0.02552443  0.00080890	-0.00341378  0.00127521 -0.99999336	0.35000000	0.00000000	0.00000000	0.84545231	-1.50320125	-0.22143410	0.40362766	1.17895508	0.06943315	-3.08530188	-2.64660740	1.84750342	-5.13612604	4.60891485	-0.83925009	0.52079374	0.17863329	-2.00185490	1.45517099	1.03017819	-3.51199460	-0.52060151	-1.49450612	1.73024273	6.04193258	-0.32814440	-1.98259771	
0.00847200	-3.36077448  0.04677080 -2.03425459 -0.01772148 -0.12764747  0.00150608	  -16.65965071   -68.87068469 -1004.73467174   -65.40209028     0.38998923    -3.68570835	  -7.94811165   17.07985359    2.60370195   -6.13749378   15.33820193  -19.35353445   -0.57201842 -101.24203348  -39.34806824 -121.47002655   23.01756531  -92.39597178	-0.00243234  0.10958841 -0.44877137  0.86471383 -0.48309850 -0.10906069 -0.06347408 -0.03847514 -0.17582987  0.65742534 -0.47790611  0.00077007	-0.02935019  0.02915986 -0.25422869 -1.14029989  1.16109034 -0.02796455 -0.00208236 -0.14426872  0.41444193 -0.06777718 -0.30679396 -0.07762928	-0.00271026  0.01143125 -0.29247624 -1.18767876  1.20987083 -0.00262449 -0.00142767 -0.15956514  0.43502751 -0.07927024 -0.32876656 -0.05889178	0.26753653 0.15807518 3.89259663	-0.04014424 -0.02233013  0.00096096	-0.03944707 -0.02377382  0.00088173	-0.00360861  0.00161319 -0.99999219	0.35000000	0.00000000	0.00000000	0.85682619	-1.47785199	-0.22804131	0.41887566	1.18748963	0.09888954	-3.14488578	-2.65027332	1.85538840	-5.12906170	4.57850075	-0.81631052	0.48555776	0.20764878	-1.97079360	1.51223934	1.03216827	-3.46483946	-0.48694953	-1.46433890	1.71029973	6.02021408	-0.33086872	-1.94671190	
0.00806800	-3.98522999  0.23521108 -1.86789100 -0.02389080 -0.14283026 -0.00178565	  -16.31106578   -68.52568080 -1003.45486396   -65.30986364     0.54157834    -4.23072265	  -7.67214644   15.74968910    3.80291613   -4.53520206   14.86372389  -19.14690287   -1.78330557 -100.12262750  -41.16913599 -122.37815908   23.30539611  -91.53854537	-0.00242078  0.10961957 -0.45063807  0.85465427 -0.47321862 -0.10905674 -0.06347057 -0.03980611 -0.17226790  0.65669875 -0.48057139  0.00034468	 0.01566177  0.00127936 -0.19286779 -1.18315167  1.15104844 -0.00428536 -0.02460733 -0.12269315  0.40236758 -0.10369008 -0.32042587 -0.04434994	 0.00109651  0.00424354 -0.21928885 -1.24311152  1.21354473 -0.00083298 -0.00132519 -0.16142304  0.43769289 -0.08997734 -0.32823709 -0.05087355	0.27247405 0.16247419 3.89198606	-0.04263406 -0.02075498  0.00104206	-0.04076146 -0.02227818  0.00095632	-0.00378080  0.00194380 -0.99999096	0.35000000	0.00000000	0.00000000	0.86966622	-1.45196378	-0.23325734	0.43252829	1.19669247	0.12358239	-3.19821143	-2.65338111	1.86325073	-5.11426735	4.54327440	-0.79452515	0.45884162	0.24234076	-1.93575323	1.56688416	1.03153610	-3.42189598	-0.45726755	-1.44493926	1.68509483	5.99707079	-0.32936248	-1.91077316	
0.00843400	-4.43423017  0.40102310 -1.88380039 -0.02943633 -0.15266148 -0.00421342	  -17.70923742   -70.36428759 -1002.77622925   -65.28518614     0.11086986    -4.45632839	  -7.85855219   14.06500387    4.82366909   -4.33841787   15.04142448  -18.36053166   -2.69283512  -99.56052184  -41.86424997 -123.06441543   23.01161411  -91.82814372	-0.00242679  0.10964048 -0.45205546  0.84328807 -0.46248501 -0.10906257 -0.06347224 -0.04126812 -0.16839942  0.65585280 -0.48337838 -0.00010957	-0.01654030  0.00230643 -0.13616962 -1.27869253  1.20717964 -0.00417947 -0.00190416 -0.17599150  0.42058222 -0.09382240 -0.29066111 -0.03968326	-0.00117019  0.00394738 -0.15402401 -1.34498477  1.26254166 -0.00267602 -0.00134149 -0.17084866  0.45410081 -0.10036706 -0.32881958 -0.05172630	0.27807345 0.16687031 3.89124988	-0.04640334 -0.01960005  0.00110985	-0.04343082 -0.02080619  0.00103572	-0.00395149  0.00232277 -0.99998950	0.35000000	0.00000000	0.00000000	0.87951267	-1.42859066	-0.24207339	0.44766918	1.20331240	0.15570690	-3.25445485	-2.65600514	1.86979055	-5.11447811	4.51964426	-0.76501226	0.42856616	0.26856160	-1.90811706	1.62240076	1.03479052	-3.37313104	-0.42553785	-1.41076171	1.67782485	5.97418928	-0.33314133	-1.88307810	
0.00800100	-4.83068289  0.36690453 -1.66970457 -0.02769034 -0.16499604 -0.00451292	  -17.47658908   -71.54761690 -1000.21281542   -65.12813159     0.35494653    -4.94017870	  -7.91314631   12.09373623    6.24846612   -2.56648838   13.90234937  -18.29979135   -4.10931735  -98.46249437  -44.42409727 -122.32271802   22.92673597  -91.72055233	-0.00242818  0.10963672 -0.45281506  0.83197607 -0.45220702 -0.10905877 -0.06347103 -0.04265987 -0.16466944  0.65496999 -0.48606704 -0.00058071	-0.01954395 -0.01835618 -0.07151437 -1.51084154  1.36934487 -0.01152861 -0.01519319 -0.20538068  0.50051922 -0.13322762 -0.38020332 -0.08333394	-0.00099544 -0.00062127 -0.08664828 -1.42110094  1.28788975 -0.00135218 -0.00255803 -0.17503468  0.46686102 -0.10987681 -0.33724147 -0.06158796	0.28321786 0.17085102 3.89028134	-0.05052105 -0.01750290  0.00116528	-0.04682905 -0.01938539  0.00110309	-0.00410100  0.00271122 -0.99998792	0.35000000	0.00000000	0.00000000	0.88709676	-1.39903152	-0.24813183	0.46164489	1.22541440	0.17867154	-3.31896973	-2.66667604	1.88963556	-5.10459137	4.48248816	-0.74098158	0.40046006	0.29165128	-1.87746072	1.68751740	1.02934980	-3.33013248	-0.39727014	-1.38755715	1.64961421	5.95985794	-0.33710599	-1.83920419	
0.00849700	-3.26925091  0.19115657 -0.95114978 -0.02117439 -0.09545260 -0.00270415	  -20.56277036   -70.93630585 -1003.25625569   -65.30276212     0.46845877    -3.19494061	  -7.57819181   10.04580203    7.85057414   -2.15648961   14.23721248  -18.18819274   -5.33245187  -97.78370571  -45.93401167 -121.97946066   24.08755660  -90.79481518	-0.00243093  0.10964688 -0.45316857  0.81943174 -0.44114885 -0.10905173 -0.06345771 -0.04413146 -0.16071977  0.65399161 -0.48890561 -0.00105695	-0.00544407  0.01469951 -0.01959057 -1.45785984  1.29746081  0.00739440 -0.00170719 -0.15916536  0.42737501 -0.12883200 -0.29550274 -0.03303927	-0.00146892  0.00196423 -0.03724642 -1.48108387  1.30309028  0.00157571  0.00102400 -0.17237072  0.46087302 -0.11663391 -0.33139450 -0.05414038	0.28626448 0.17501029 3.88985185	-0.05578418 -0.00528413  0.00132770	-0.05125553 -0.01384396  0.00120744	-0.00420210  0.00316378 -0.99998617	0.35000000	0.00000000	0.00000000	0.89390993	-1.37489986	-0.25463098	0.47388554	1.23883355	0.20442857	-3.37024260	-2.67497015	1.90090454	-5.09775257	4.45391846	-0.71115494	0.37835601	0.31893751	-1.84366322	1.73508561	1.02751625	-3.28361964	-0.36863464	-1.36519611	1.63327098	5.93557930	-0.34078622	-1.81220770	
0.00802000	-2.99405532  0.08864236 -0.47914208 -0.01732904 -0.07500337 -0.00111777	  -24.98090353   -72.52132613 -1005.70334839   -65.48000802     0.08383221    -2.16879264	  -7.37935108    6.22282690   12.47786236   -0.83677219   13.61647363  -17.97188818   -7.07523347  -97.46579361  -44.63609195 -121.31821609   24.33141008  -91.05006027	-0.00242397  0.10963391 -0.45327356  0.80726426 -0.43058761 -0.10905798 -0.06346369 -0.04555839 -0.15708000  0.65306065 -0.49159055 -0.00147433	 0.02800816 -0.01925451 -0.00811421 -1.60723526  1.38947604 -0.01487266 -0.00386834 -0.21584757  0.46524481 -0.12778686 -0.33174830 -0.05492182	 0.00172719 -0.00249276 -0.01085279 -1.51808833  1.31550444 -0.00105947 -0.00014068 -0.17810066  0.45136632 -0.11577106 -0.33155681 -0.04952893	0.28843745 0.17887028 3.88966149	-0.06124254  0.00812571  0.00124607	-0.05615710 -0.00323617  0.00126498	-0.00418513  0.00363319 -0.99998464	0.35000000	0.00000000	0.00000000	0.90386218	-1.36313498	-0.26241332	0.48313230	1.27974975	0.23263949	-3.43341064	-2.69036031	1.93487787	-5.09387732	4.43806314	-0.68544328	0.36318582	0.34376585	-1.82186449	1.78823221	1.02073467	-3.26152849	-0.35061219	-1.35411143	1.61341333	5.94461441	-0.34507203	-1.78061700	
0.00844500	-3.81098890  0.33996843 -1.05768830 -0.02583255 -0.11204142 -0.00364042	  -25.61362587   -76.30314439 -1001.85539357   -65.24461530     0.97120810    -3.44318604	  -7.60842147    4.62999773   18.14020595   -2.66908006   13.92028400  -17.91529857   -8.56749792  -97.67240882  -43.99594593 -120.26599023   24.95033777  -91.66386747	-0.00243757  0.10963990 -0.45310860  0.79396672 -0.41920429 -0.10905224 -0.06346076 -0.04705733 -0.15328308  0.65202360 -0.49444508 -0.00194357	-0.00417094  0.01668063  0.03559473 -1.74294618  1.50330598  0.02417294  0.01165887 -0.21090895  0.48061247 -0.14481849 -0.36413389 -0.09189743	-0.00254473  0.00030938  0.02667014 -1.58779589  1.35563328  0.00131390  0.00161546 -0.17984797  0.45132588 -0.12552110 -0.33894608 -0.05795304	0.29191993 0.18289410 3.88897478	-0.06646865  0.01650187  0.00159438	-0.06151269  0.00762443  0.00134609	-0.00407440  0.00417774 -0.99998297	0.35000000	0.00000000	0.00000000	0.90808499	-1.34189010	-0.26724336	0.48950705	1.31912827	0.26881108	-3.48898983	-2.70401549	1.96405387	-5.08904362	4.42535162	-0.66124308	0.34943113	0.36215115	-1.79910827	1.83419979	1.02063429	-3.22308707	-0.32738587	-1.32928371	1.60052431	5.94378138	-0.36004102	-1.75327444	
0.00805200	-4.66838863  0.46021506 -1.24475839 -0.02934743 -0.15869285 -0.00380254	 -23.52993065  -77.72880673 -994.68445806  -64.75850723    2.51004660   -5.55522542	  -7.29079520    0.59004742   22.43103482   -1.62740362   11.76791440  -17.99097814  -10.62400373  -97.16204166  -45.26626801 -118.92216700   25.72956401  -90.93962920	-0.00241840  0.10963316 -0.45253137  0.78100528 -0.40841230 -0.10905043 -0.06348855 -0.04848667 -0.14970355  0.65106798 -0.49717171 -0.00244164	 0.00517078 -0.01869352  0.09182963 -1.57514873  1.32210510  0.01638789 -0.00736373 -0.21056797  0.43484396 -0.09267652 -0.33387117 -0.06917481	 0.00266689 -0.00324762  0.08040653 -1.61159779  1.33777506  0.00158766 -0.00347498 -0.17970236  0.44474613 -0.11732848 -0.33947423 -0.06441989	0.29586569 0.18648584 3.88761120	-0.07110970  0.02106883  0.00373918	-0.06639456  0.01500350  0.00226408	-0.00392167  0.00472941 -0.99998113	0.35000000	0.00000000	0.00000000	0.91304731	-1.31866872	-0.27464050	0.50066775	1.36704290	0.28499901	-3.55718017	-2.71906042	2.00686789	-5.07321692	4.39550066	-0.64079118	0.33088726	0.38840201	-1.76959848	1.89799976	1.00773525	-3.20253372	-0.30975115	-1.32426274	1.56413329	5.94950485	-0.36556950	-1.70743823	
0.00846600	-5.39645484 -0.07966091 -1.72682105 -0.01153457 -0.18038015  0.01018158	 -24.04401981  -78.95396217 -991.84949850  -64.56990907    2.81525419   -6.58727131	  -6.87728777   -2.39145195   25.61214636   -2.89041551   13.38699862  -17.80419344  -11.46833999  -96.94555998  -45.18372592 -119.49590480   25.91325715  -90.45853519	-0.00241878  0.10962523 -0.45139732  0.76671667 -0.39689330 -0.10906073 -0.06352403 -0.05001107 -0.14585311  0.65001478 -0.50009238 -0.00302039	 0.02292854  0.01011907  0.18018492 -1.63798165  1.32028755  0.00408954 -0.00665391 -0.18953587  0.44818002 -0.12291614 -0.31844100 -0.09071972	 0.00252209 -0.00216076  0.14696599 -1.69394007  1.36116677 -0.00088672 -0.00422893 -0.18196202  0.45748312 -0.12286789 -0.34440888 -0.07024753	0.30093582 0.19078086 3.88588667	-0.07357118  0.02283618  0.00730132	-0.07048894  0.01971018  0.00457565	-0.00373282  0.00534641 -0.99997874	0.35000000	0.00000000	0.00000000	0.91712946	-1.30288875	-0.28067178	0.51730156	1.39291549	0.31635919	-3.61813068	-2.72903085	2.03482437	-5.06956434	4.38240957	-0.60808730	0.30859062	0.41283050	-1.74524915	1.96231496	1.00548053	-3.16656327	-0.28362134	-1.30309391	1.56002831	5.94382143	-0.37297854	-1.68190467	
0.00803200	  96.98304992   93.32199660 -296.32606601  -15.36417337  -49.82443618  -26.74304917	  -0.42327143  -89.55558289 -885.26928040  -57.77866575    6.98817249   -7.26560175	  -6.15315805   -6.70596747   28.04224715    1.24630668   12.02358426  -17.54993407  -12.96498473  -95.48335791  -47.83672798 -118.69942093   26.28164247  -89.50113606	-0.00228606  0.10902234 -0.44932807  0.75510377 -0.38387816 -0.10904666 -0.06373999 -0.05153796 -0.14204703  0.64872052 -0.50280377 -0.00398613	 0.01445361 -0.11660301  0.31317818 -1.30143688  1.86299190  0.02143459 -0.07469307 -0.19690841  0.50107358 -0.20971213 -0.35484778 -0.16400632	 0.01727576 -0.09033803  0.27538685 -1.37471010  1.68292222  0.00315117 -0.03340844 -0.19218378  0.47972419 -0.17081971 -0.33458035 -0.13370920	0.30866807 0.19229710 3.89911889	-0.05165900  0.02593931  0.03876373	-0.06412695  0.02405012  0.01906329	-0.00351941  0.00584402 -0.99997673	0.35000000	0.00000000	0.00000000	0.93350035	-1.30710816	-0.27469108	0.53609675	1.38908124	0.33056909	-3.67134333	-2.69345832	2.07055020	-4.96759939	4.30656910	-0.58290255	0.30443272	0.41187635	-1.74717891	2.06855583	0.95327479	-3.12211895	-0.25570917	-1.27784908	1.54752314	5.90396452	-0.36366639	-1.64292562	
0.00846600	  34.57127406   72.90032295 -276.84767745  -15.75842179  -44.96726884  -16.93886386	  -4.76343025  -80.91062693 -848.18612261  -55.04632137   14.58763641    1.07263406	  -8.98915372   -0.35442351   10.39133392   -6.55693253  -26.33220117  -11.08493102   -0.88316692  -94.59807158  -35.95042381 -105.01019239   35.23854965  -81.23005533	-0.00220260  0.10757006 -0.44637362  0.74588606 -0.36794302 -0.10905684 -0.06407812 -0.05334783 -0.13763202  0.64686638 -0.50547517 -0.00548421	-0.01619425 -0.19676003  0.37841581 -0.95327156  1.88808068  0.01508627 -0.05509845 -0.19277062  0.55247991 -0.26034505 -0.28122536 -0.19132622	 0.00617265 -0.18040832  0.35452667 -1.04326593  1.87921109  0.00021380 -0.04012882 -0.21681528  0.52726630 -0.22999118 -0.31011346 -0.17411887	0.31367133 0.19691603 3.90742713	-0.03160271  0.02408126  0.03725369	-0.04797440  0.02442124  0.03254142	-0.00330706  0.00619108 -0.99997537	0.35000000	0.00000000	0.00000000	0.92942268	-1.24930573	-0.33062017	0.57896060	1.19896376	0.24583125	-3.53081298	-2.44385242	1.99183202	-4.75386429	4.09908628	-0.53590202	0.23639648	0.42251229	-1.68175781	2.00063682	0.87885493	-2.97831440	-0.24625790	-1.12874019	1.55336058	5.60107279	-0.31889722	-1.69160068	
0.00802900	  31.36232568   56.99814735 -224.78180275  -13.14956484  -36.59921684  -12.48833339	 -18.62456859  -71.55926709 -853.40302721  -54.93742227   28.24859626    7.02288365	-10.49097639   4.40836631 -13.41001151 -10.58434016 -53.36963394  -3.28017137   5.03752652 -94.10386276 -12.15378707 -88.91055712  53.71780041 -73.77461213	-0.00216661  0.10581055 -0.44353032  0.73942577 -0.35368429 -0.10904799 -0.06433506 -0.05532733 -0.13321747  0.64460715 -0.50769126 -0.00653404	-0.01993053 -0.21986211  0.32090007 -0.64882338  1.53639034  0.01249191 -0.04142330 -0.24282585  0.53219020 -0.28756438 -0.24786404 -0.07683184	 0.00162789 -0.22176404  0.35063752 -0.77045783  1.73364985  0.00235825 -0.03180527 -0.25085371  0.55273405 -0.29075000 -0.26889159 -0.11428265	0.31656769 0.20154803 3.91131303	-0.02259411  0.02433999  0.02746811	-0.03390771  0.02424023  0.03184105	-0.00311268  0.00640057 -0.99997467	0.35000000	0.00000000	0.00000000	0.92225540	-1.25682211	-0.43256694	0.58686507	1.03296340	0.21652687	-3.32979393	-2.24373078	1.91073918	-4.63842583	3.97644758	-0.44767129	0.23974045	0.45755520	-1.62630308	1.78356755	0.83441651	-2.85555124	-0.24114054	-1.00044549	1.56245852	5.34697676	-0.24830993	-1.79723060	
0.00846600	  37.67099890   47.86209334 -182.89623927  -10.81315444  -29.86381338  -10.54200722	 -31.21075738  -78.71358745 -884.89873772  -56.80358327   41.04904788    9.52631924	-10.37067556   7.77179882 -24.39369623 -19.66705206 -58.41087252   1.08082708   6.72566314 -93.67066431   6.77920967 -76.93456647  68.55753922 -75.87409872	-0.00214589  0.10376967 -0.44060414  0.73449904 -0.34083425 -0.10904993 -0.06451278 -0.05762243 -0.12818620  0.64158279 -0.50967162 -0.00700641	 0.00803134 -0.26677549  0.35577478 -0.50103613  1.36848897 -0.00542907 -0.00741597 -0.28476107  0.60941117 -0.39048987 -0.21317732 -0.04069343	 0.00141385 -0.24328104  0.34549563 -0.55170425  1.46636363  0.00198254 -0.02056974 -0.27403576  0.60229731 -0.36932960 -0.22701300 -0.05041449	0.32006671 0.20521867 3.91448540	-0.02288035  0.01942213  0.02061706	-0.02642505  0.02250691  0.02619627	-0.00292425  0.00658982 -0.99997401	0.35000000	0.00000000	0.00000000	0.92159420	-1.27466154	-0.51934624	0.55146092	0.99863768	0.25584179	-3.14976382	-2.17569447	1.87186706	-4.60099792	3.95648241	-0.38932025	0.31158346	0.48505157	-1.61774087	1.55862200	0.82777536	-2.79240847	-0.23684388	-0.92536950	1.53841853	5.22014523	-0.18906060	-1.84280860	
0.00804100	  42.74274508   45.62465117 -167.36278257   -9.88858787  -27.17543064  -10.08932365	 -33.92658942  -83.80010046 -895.03591092  -57.32615161   51.28134979    9.87471523	 -9.60308665  10.15134722 -31.62426119 -29.52756437 -56.11423355   3.74928948   6.94221233 -93.54456425  15.10161100 -66.22344485  78.38806808 -79.33793002	-0.00213102  0.10180848 -0.43790040  0.73122845 -0.33113803 -0.10905473 -0.06464047 -0.05983831 -0.12311736  0.63813754 -0.51120832 -0.00718574	 0.01499163 -0.20132982  0.31467017 -0.33733693  0.96766733  0.01726573 -0.00495601 -0.26827882  0.56842904 -0.39828125 -0.17068016 -0.01965132	 0.00342490 -0.24088312  0.33681954 -0.38953050  1.16042444  0.00023111 -0.01452482 -0.27520066  0.63162286 -0.43437029 -0.18721883 -0.02258421	0.32265698 0.20781154 3.91727351	-0.02756915  0.01568615  0.01766955	-0.02589141  0.01909020  0.02148773	-0.00278464  0.00679158 -0.99997306	0.35000000	0.00000000	0.00000000	0.91696209	-1.26919949	-0.58615232	0.50580049	1.02347767	0.29508758	-3.01330781	-2.17579579	1.85435581	-4.59539366	3.95160174	-0.35164291	0.37831905	0.50891232	-1.61026704	1.38537467	0.82707423	-2.75501299	-0.23034689	-0.88708788	1.47393215	5.13744831	-0.14805804	-1.83196855	
0.00849000	  42.48962690   44.36596294 -168.36046962   -9.89843861  -26.96741699   -9.65531960	 -34.00877961  -86.20540072 -895.86282554  -57.28982157   57.78677188    9.65733763	 -7.70441613   9.82569993 -32.87282495 -39.74012779 -49.47330093   6.06086067   6.79909520 -92.60401320  20.08212799 -60.98265916  83.79246193 -80.31745297	-0.00212955  0.09969094 -0.43499286  0.72878683 -0.32314358 -0.10904508 -0.06476529 -0.06221506 -0.11736415  0.63388073 -0.51253788 -0.00725661	 0.00777546 -0.24505529  0.33517097 -0.20435554  0.76624587  0.01058676 -0.02508791 -0.27678963  0.61647784 -0.48453932 -0.11883125  0.00022759	 0.00250514 -0.24790810  0.34282005 -0.27155322  0.89639285  0.00273075 -0.01431570 -0.27874129  0.67763344 -0.50866794 -0.15018626 -0.00826992	0.32547593 0.21029139 3.92060711	-0.03295653  0.01074187  0.01595957	-0.02912762  0.01497508  0.01831905	-0.00267189  0.00705076 -0.99997157	0.35000000	0.00000000	0.00000000	0.91454923	-1.26935077	-0.62763000	0.48498517	1.05251050	0.33271849	-2.92076111	-2.18292499	1.84663534	-4.58280039	3.95969439	-0.32386270	0.41111511	0.54609060	-1.59598255	1.28421700	0.82376349	-2.73924136	-0.20832640	-0.87339467	1.41414595	5.07235050	-0.10225259	-1.80382144	
0.00846200	  38.50513777   46.49416364 -178.98348850  -10.45168180  -28.26183904   -9.62897102	 -29.05363317  -86.91135888 -879.10912790  -56.11163410   63.63793626    8.91670011	 -5.96811254  10.92627612 -33.22429311 -47.49379185 -42.20908391   7.78767083   6.58391432 -90.74150324  20.15630300 -53.58444399  87.60136628 -80.65542489	-0.00214123  0.09758475 -0.43195672  0.72696530 -0.31712343 -0.10906336 -0.06485601 -0.06457657 -0.11125146  0.62906453 -0.51363456 -0.00728062	-0.01434071 -0.25115297  0.38583439 -0.20235342  0.64327738 -0.01087446 -0.01235249 -0.29765183  0.77785431 -0.57295834 -0.13994093  0.02175159	-0.00112874 -0.25060654  0.36426599 -0.20743085  0.68403055 -0.00403749 -0.00834057 -0.28188175  0.73114861 -0.57877313 -0.12740876 -0.00126022	0.32760796 0.21247799 3.92371871	-0.03845298  0.00758783  0.01326452	-0.03377695  0.01091593  0.01580156	-0.00259532  0.00735615 -0.99996958	0.35000000	0.00000000	0.00000000	0.90233183	-1.25265348	-0.65662295	0.47170278	1.08626056	0.36559048	-2.85396910	-2.20030236	1.84613705	-4.56766272	3.95190954	-0.30054280	0.42246681	0.57156813	-1.57271028	1.21731722	0.81330496	-2.70846748	-0.17440453	-0.86041653	1.33052504	5.00785828	-0.06439383	-1.75210786	
0.00852500	  33.92494947   46.61146762 -186.71076768  -10.84945021  -29.15630184   -9.30039747	 -21.47623158  -86.19093130 -861.42179623  -54.82659194   71.07574864    7.39036434	 -3.88774374  10.39658827 -33.13568832 -52.56089468 -34.61490798  10.22179370   5.59600814 -88.06875992  19.58114977 -45.59517053  93.04928094 -79.60397482	-0.00214806  0.09548470 -0.42880900  0.72550931 -0.31251027 -0.10906416 -0.06493984 -0.06690690 -0.10491448  0.62375421 -0.51450059 -0.00729939	-0.02157199 -0.23839215  0.34636350 -0.15356985  0.45354507 -0.00046548 -0.03039328 -0.23915103  0.71652347 -0.62974469 -0.10377353 -0.01452884	-0.00368866 -0.24776941  0.37116237 -0.16856823  0.52202373 -0.00300680 -0.00964326 -0.27127655  0.74458480 -0.62946986 -0.10039805 -0.00187215	0.32841420 0.21450058 3.92621605	-0.04360097  0.00730497  0.00960766	-0.03887957  0.00857307  0.01274108	-0.00253264  0.00770691 -0.99996709	0.35000000	0.00000000	0.00000000	0.88207430	-1.23706067	-0.68380678	0.46330035	1.12261438	0.39978689	-2.81018019	-2.22162080	1.85379219	-4.56005526	3.94227719	-0.27307683	0.42217499	0.59113741	-1.54237199	1.15552461	0.79600966	-2.66537070	-0.13112974	-0.84852117	1.24555242	4.94328928	-0.03871167	-1.69691229	
0.00801300	  28.51125123   46.63768293 -201.18310427  -11.66208696  -31.16686553   -8.92988877	 -15.80571181  -85.83065592 -842.32675038  -53.50205940   75.76929379    5.21566411	 -2.03868944   8.92088807 -30.88717465 -57.82427193 -30.03599364  12.34799571   5.07397553 -86.29762721  20.02007054 -40.46590860  95.88142830 -77.36180645	-0.00214650  0.09351304 -0.42567729  0.72426607 -0.30909111 -0.10904544 -0.06497539 -0.06913025 -0.09875032  0.61841998 -0.51512574 -0.00731144	-0.03221979 -0.23607849  0.37491650 -0.12469056  0.33600122  0.03164401 -0.01065003 -0.29653425  0.72655977 -0.64291673 -0.07849581 -0.00686825	-0.00253908 -0.24511735  0.39141203 -0.15346965  0.41318008  0.00266081 -0.00587985 -0.27738182  0.76931216 -0.66971419 -0.07716670 -0.00284693	0.32901995 0.21662869 3.92818652	-0.04578158  0.00621416  0.00625297	-0.04276387  0.00740724  0.00941288	-0.00247775  0.00806670 -0.99996439	0.35000000	0.00000000	0.00000000	0.86738431	-1.22294116	-0.70136261	0.47180283	1.14337003	0.42406079	-2.78781199	-2.22200823	1.86203492	-4.53359747	3.92712831	-0.24971601	0.39676052	0.61704898	-1.50908339	1.13500369	0.77765322	-2.62891340	-0.08680425	-0.83615744	1.17790234	4.88027287	-0.01274385	-1.64964044	
0.00846700	  23.76646327   46.62825608 -213.37640022  -12.34882975  -32.86091277   -8.59738519	  -9.41099523  -83.53877661 -820.96070823  -52.01287239   80.76061283    2.88383847	 -0.66935650   8.19806066 -31.03154297 -61.14745353 -25.53971292  14.33602098   4.44505771 -82.52297068  19.10374437 -34.01594901  98.95290041 -74.67203653	-0.00213488  0.09137532 -0.42219328  0.72289586 -0.30604568 -0.10905176 -0.06498479 -0.07148675 -0.09205853  0.61242015 -0.51563841 -0.00730317	-0.01013381 -0.27925984  0.43161642 -0.15433141  0.35131273 -0.01399744  0.01841913 -0.32114269  0.84720937 -0.76188284 -0.04478101  0.01750605	 0.00076163 -0.25346517  0.41735200 -0.16189552  0.35292349  0.00012934 -0.00095248 -0.28355714  0.79816972 -0.72007154 -0.05578001  0.00089622	0.32870778 0.21845350 3.92962727	-0.04796141  0.00719538  0.00463474	-0.04559374  0.00696073  0.00668112	-0.00242121  0.00846606 -0.99996123	0.35000000	0.00000000	0.00000000	0.84862053	-1.20902610	-0.71780235	0.48888278	1.14092171	0.44793162	-2.76921868	-2.21655440	1.86316252	-4.50660753	3.90289807	-0.21720135	0.36347023	0.63557577	-1.47555494	1.12215781	0.75652069	-2.57783341	-0.03472883	-0.81243676	1.11910355	4.80772781	0.01751704	-1.60857487	
0.00800200	  18.77170736   48.93973191 -226.81849945  -13.10704872  -34.81230376   -8.64523367	  -1.76998062  -81.70690320 -796.27397798  -50.29230150   86.91981089    0.64192926	  0.20036286   7.63934898 -30.73623024 -62.76302576 -23.50646152  16.55194452   3.95792904 -79.44194055  18.37734497 -25.11090341 103.00233364 -71.98934603	-0.00214746  0.08933778 -0.41881490  0.72150820 -0.30349465 -0.10901695 -0.06499354 -0.07371330 -0.08568665  0.60657832 -0.51599313 -0.00730142	-0.00756811 -0.24724500  0.42990996 -0.18563049  0.32574736 -0.00456050  0.01033336 -0.29048406  0.83710739 -0.75666815 -0.00729183  0.00406212	-0.00342696 -0.25618297  0.42654384 -0.17525380  0.31812311  0.00663426 -0.00060634 -0.28232928  0.80355370 -0.73642435 -0.04037737  0.00213974	0.32744234 0.21994475 3.93008006	-0.04943255  0.00941322  0.00405838	-0.04766599  0.00789292  0.00516352	-0.00235475  0.00885657 -0.99995801	0.35000000	0.00000000	0.00000000	0.82363081	-1.19071567	-0.73619169	0.50237477	1.14990735	0.46892110	-2.76263857	-2.21300673	1.87737083	-4.47992802	3.87076211	-0.18596128	0.32600528	0.64441264	-1.43958664	1.10762131	0.72865260	-2.51764178	0.01388937	-0.78691429	1.04693031	4.73963881	0.03305895	-1.55887008	
0.00803500	 145.17029561  129.98256884 -552.76293367  -37.34761913   30.32186963   -1.66499014	   1.54094091  -79.66125737 -637.71437417  -40.33335596   75.37319900    3.67292387	  1.69218506   6.20271194 -29.99824233 -65.38676471 -22.76701963  18.12258811   4.10467159 -76.61864185  19.07700500 -19.29760510 106.62427318 -68.53288603	-0.00214343  0.08701456 -0.41541216  0.72018207 -0.30187622 -0.10832049 -0.06500124 -0.07604789 -0.07940163  0.60054098 -0.51619235 -0.00743169	 0.01106518 -0.36256467  0.41151507 -0.14039488  0.03174762  0.16849215  0.00225756 -0.33842301  0.78915879 -0.80415133  0.00374927 -0.04266441	-0.00105641 -0.30818865  0.42281804 -0.15561933  0.14806927  0.12272878 -0.00079939 -0.29983811  0.78168339 -0.76212573 -0.01727124 -0.02527363	0.31511041 0.22167108 3.94346061	-0.01396912  0.02918020  0.00121215	-0.03823458  0.01496483  0.00340181	-0.00221560  0.00914424 -0.99995574	0.35000000	0.00000000	0.00000000	0.82031161	-1.18197942	-0.75127685	0.50301766	1.16941512	0.47678775	-2.76084638	-2.20224094	1.88912094	-4.38499928	3.81494474	-0.15955198	0.28308713	0.68190664	-1.40725577	1.10044765	0.68876076	-2.49057007	0.06901588	-0.78372812	0.92612046	4.66907358	0.09470630	-1.48458421	
0.00848400	 124.00220455  117.95959854 -527.01513724  -35.43318706   25.68292183   -6.03365409	   5.74088011  -64.03777590 -611.54449754  -38.37066205   77.94020105    4.25270595	  3.71160827  12.50544727 -25.45985773 -60.75328548 -18.86455183  14.73181066   4.63380371 -66.19035745  24.44340294 -20.88957161 112.97307122 -61.08182108	-0.00213909  0.08384265 -0.41190501  0.71924732 -0.30285390 -0.10575249 -0.06500381 -0.07876805 -0.07289777  0.59360124 -0.51594979 -0.00774487	-0.00792353 -0.39198783  0.38664099 -0.07912391 -0.23541122  0.33640629 -0.00104001 -0.28639146  0.73837900 -0.82046838  0.05492599 -0.01652868	 0.00062436 -0.37919709  0.40846349 -0.10075939 -0.15571920  0.32361828  0.00016830 -0.31866107  0.76614901 -0.83082082  0.03756809 -0.03238437	0.30047500 0.22054758 3.95681279	-0.00241396  0.04598151  0.00461733	-0.01607559  0.03148357  0.00321801	-0.00188176  0.00918226 -0.99995607	0.35000000	0.00000000	0.00000000	0.83279020	-1.20552957	-0.73564708	0.52830750	1.10720384	0.50536537	-2.68535805	-2.15790963	1.86352170	-4.27836275	3.78513932	-0.13724871	0.31875047	0.75404340	-1.36170042	1.03293300	0.66397786	-2.44763851	0.10132004	-0.79624504	0.85785645	4.61198759	0.17850158	-1.47131872	
0.00853100	  92.35358891   97.30339264 -500.70444299  -33.42753169   17.76493693   -4.90066909	  11.80552530  -62.14241421 -599.34759787  -37.50979698   80.81747893   -0.37455961	  4.98425511  17.75507456 -16.49384550 -59.19779664  -5.41093016   5.56442668   5.33644014 -62.49639583  24.19756961 -17.66148041 113.76724327 -56.30893975	-0.00214217  0.08051193 -0.40845401  0.71865780 -0.30559304 -0.10237823 -0.06500326 -0.08153054 -0.06630857  0.58600670 -0.51517940 -0.00786414	-0.00118320 -0.36600147  0.37038709 -0.07615465 -0.36246852  0.34394096  0.00290792 -0.30286496  0.71503982 -0.81783606  0.11720822  0.01482316	-0.00149034 -0.38983357  0.40331436 -0.06811237 -0.33777214  0.38641143  0.00200565 -0.32191404  0.77102208 -0.89781732  0.09762643 -0.01070542	0.28947380 0.21780091 3.96438030	-0.00276872  0.04989040  0.00768807	-0.00734151  0.04287257  0.00536393	-0.00146608  0.00920384 -0.99995657	0.35000000	0.00000000	0.00000000	0.83503085	-1.20881116	-0.70451164	0.54453158	1.13611662	0.52884418	-2.64683318	-2.20336175	1.90344262	-4.21692657	3.79554892	-0.12668192	0.38065857	0.77676111	-1.34178054	1.01975954	0.63545793	-2.41376066	0.12380192	-0.84133416	0.77217561	4.64228678	0.21024804	-1.43897104	
0.00845500	  70.83503442   87.17292362 -469.94751876  -31.08532229   11.86644204   -4.42654172	  16.23791423  -59.34741291 -591.84561068  -36.99925175   81.64850957   -2.27255056	  5.08395336  15.95136070 -12.37380787 -58.12069251   0.80287265   6.00756402   6.10237668 -58.04338622  19.90278842 -14.40635557 111.83721650 -52.64947200	-0.00212268  0.07725869 -0.40504534  0.71817424 -0.30911035 -0.09914457 -0.06500549 -0.08424129 -0.05957662  0.57785989 -0.51400672 -0.00792718	 0.02048441 -0.37035238  0.39483827 -0.08989108 -0.44507068  0.41398236 -0.00892275 -0.35142566  0.82575159 -0.98150324  0.17688646  0.01589253	 0.00379320 -0.38192680  0.40206523 -0.06009691 -0.42015838  0.37896039  0.00133651 -0.32165813  0.79744625 -0.96653009  0.14410778 -0.00497150	0.27978914 0.21480685 3.96807135	-0.00406851  0.05044139  0.00917807	-0.00487332  0.04770233  0.00753894	-0.00103761  0.00923274 -0.99995684	0.35000000	0.00000000	0.00000000	0.81785935	-1.20610917	-0.68697906	0.57382303	1.14215493	0.52523685	-2.64844060	-2.21718383	1.93147826	-4.18750143	3.78826499	-0.11501446	0.35215202	0.79224133	-1.31933153	1.05351925	0.59546924	-2.40734601	0.15484253	-0.86612839	0.70408815	4.63240194	0.24226312	-1.38465321	
0.00804700	  58.47368617   83.72740324 -452.05899961  -29.68309749    8.54884637   -2.60453387	  19.89110580  -55.49927767 -581.58193606  -36.29999801   83.13739224   -4.99436072	  5.36456277  14.61002296 -10.08224098 -57.02030778   4.36743062   7.67338219   6.36092434 -53.07781768  16.60660900  -8.64173990 111.48022413 -47.62408137	-0.00211988  0.07425009 -0.40182508  0.71769504 -0.31266669 -0.09625898 -0.06501359 -0.08673783 -0.05320517  0.56987122 -0.51260989 -0.00793876	 0.00519803 -0.33577717  0.37336709 -0.04402483 -0.39173965  0.31846680 -0.01618082 -0.28319096  0.73679514 -0.89382955  0.20067362  0.01059366	 0.00371965 -0.37138515  0.39818544 -0.06119715 -0.43868791  0.35845971 -0.00144456 -0.30897761  0.79131864 -0.98976822  0.17868391  0.00085072	0.27097029 0.21171817 3.96893739	-0.00768143  0.05082324  0.00926642	-0.00564582  0.04953470  0.00864507	-0.00063224  0.00927913 -0.99995675	0.35000000	0.00000000	0.00000000	0.79229403	-1.19594681	-0.67722428	0.61136812	1.13883305	0.52175903	-2.66536665	-2.22448087	1.96162295	-4.16779661	3.77318740	-0.09733625	0.29271373	0.80426115	-1.28387129	1.08935809	0.55611598	-2.38131618	0.19432810	-0.87989283	0.63689142	4.60674286	0.25791630	-1.33461571	
0.00848800	  48.16901107   82.31285771 -442.56996023  -28.77434731    4.01391398   -0.46715656	  23.59279452  -52.07905885 -568.16609808  -35.38883755   84.61533154   -8.27614994	  6.33851370  12.20240057  -8.21554474 -58.18843274   3.67551932   9.58191545   7.11265939 -49.39292741  15.93768377  -4.75504021 110.85282451 -42.39587098	-0.00212021  0.07111620 -0.39843102  0.71705564 -0.31640790 -0.09309322 -0.06501706 -0.08931053 -0.04647232  0.56124504 -0.51093090 -0.00796304	 0.01884517 -0.40348098  0.39750394 -0.09084844 -0.44138960  0.37218760 -0.02253054 -0.30764790  0.78582545 -1.00931605  0.22497570 -0.01564740	 0.00236015 -0.36869377  0.39642663 -0.07787814 -0.43566071  0.37526440 -0.00243934 -0.29848881  0.78662724 -1.00782076  0.20180795 -0.00245898	0.26218497 0.20833829 3.96776807	-0.01244042  0.05002779  0.00876855	-0.00887167  0.05005814  0.00883821	-0.00020288  0.00936610 -0.99995612	0.35000000	0.00000000	0.00000000	0.77251047	-1.19042063	-0.67254525	0.65729725	1.10523820	0.51151597	-2.67324734	-2.19864750	1.97732139	-4.13937855	3.76004243	-0.07450201	0.22463952	0.82369125	-1.24913108	1.12804830	0.52260959	-2.35375881	0.23032257	-0.87751436	0.60855651	4.55997705	0.27438977	-1.31071568	
0.00849100	  42.30170325   79.09566489 -443.67076331  -28.73035886    1.47888058   -0.19184718	  22.93570350  -48.83586062 -564.25957179  -35.13511532   85.08592783   -8.74980489	  7.34103384  11.22127736  -7.39970433 -58.37440185   3.34131328   8.56182064   7.73042739 -45.47507215  14.59955799  -0.42112149 111.29698420 -36.72998309	-0.00213276  0.06803659 -0.39502358  0.71626982 -0.31995610 -0.08969694 -0.06500539 -0.09180657 -0.03979303  0.55258073 -0.50911376 -0.00796976	-0.00010603 -0.31824166  0.35202240 -0.06334083 -0.35636165  0.39770237 -0.00407434 -0.29559094  0.72347350 -0.93303480  0.18497881 -0.02440768	-0.00128244 -0.35950068  0.39674078 -0.09186029 -0.41121048  0.40142061  0.00171106 -0.29084230  0.78006191 -1.01274352  0.21497028 -0.00316806	0.25378252 0.20446431 3.96597378	-0.01884883  0.04830448  0.00780914	-0.01361643  0.04942777  0.00844326	 0.00021633  0.00949912 -0.99995486	0.35000000	0.00000000	0.00000000	0.75547647	-1.18047130	-0.66497976	0.70462090	1.07494009	0.50142533	-2.68619967	-2.18509817	2.00163150	-4.10853004	3.74178171	-0.04912070	0.17452461	0.83581579	-1.21334267	1.16834629	0.48809975	-2.31106257	0.26239726	-0.87691730	0.57939643	4.52423811	0.27873421	-1.29129970	
0.00846300	  37.15350959   73.07146148 -443.57105008  -28.60847241   -1.52252358   -0.63337687	  20.35636150  -45.12811038 -567.75645583  -35.35864179   85.78345232   -8.09425433	  8.56477001   8.01886693  -7.03301279 -59.09469627   1.51382637   7.22430760   7.99505671 -41.29516411  13.53928578   4.23195632 112.61345887 -31.26282859	-0.00213101  0.06502365 -0.39160923  0.71531619 -0.32329691 -0.08616503 -0.06499951 -0.09417332 -0.03329528  0.54409179 -0.50711929 -0.00795251	-0.00032991 -0.36128407  0.42681519 -0.10545802 -0.41458096  0.44394545 -0.00234200 -0.29340910  0.76728509 -1.02240654  0.23347248  0.01528877	-0.00244062 -0.35608411  0.40489236 -0.11379729 -0.39236262  0.42084421  0.00235998 -0.28028890  0.76583655 -1.00205830  0.23788454  0.00283654	0.24605708 0.20025124 3.96419940	-0.02643807  0.04480489  0.00625976	-0.01994909  0.04738762  0.00743913	 0.00061265  0.00969304 -0.99995283	0.35000000	0.00000000	0.00000000	0.74085587	-1.16755402	-0.66376776	0.75439239	1.05188060	0.48406756	-2.70964408	-2.17376447	2.03489923	-4.07698631	3.72068238	-0.02242139	0.12568036	0.84896791	-1.17844999	1.21319759	0.44999802	-2.27321768	0.29607570	-0.87644589	0.55230397	4.49208021	0.28376824	-1.26833415	
0.00801600	  34.76031092   68.62501225 -448.91694372  -28.90673275   -3.13098840   -0.93899178	  18.13183853  -42.40622568 -563.96299522  -35.12436236   85.28864257   -7.55157122	  9.52463358   5.52075098  -7.48816265 -59.82017563   0.71494820   5.71862118   8.66068591 -38.40624332  12.65538350   8.04675307 111.64610338 -26.54734203	-0.00212100  0.06228219 -0.38838580  0.71429545 -0.32621700 -0.08276592 -0.06501566 -0.09630832 -0.02737827  0.53641068 -0.50512660 -0.00795525	-0.00501981 -0.36527097  0.42469951 -0.14482067 -0.38817745  0.46877758 -0.03510519 -0.29550048  0.75118012 -0.94076644  0.24128904  0.02739369	 0.00030048 -0.34353377  0.40462151 -0.12905810 -0.36521741  0.42762805 -0.00279625 -0.26824146  0.73571767 -0.95441079  0.25009682  0.00225897	0.23911077 0.19619510 3.96250412	-0.03293584  0.04110098  0.00476348	-0.02649192  0.04438432  0.00613436	 0.00095594  0.00993253 -0.99995021	0.35000000	0.00000000	0.00000000	0.73027372	-1.15473211	-0.66072679	0.79942483	1.04614139	0.47064036	-2.74484634	-2.18088746	2.07995892	-4.05941629	3.70631194	0.00370151	0.07240719	0.85856575	-1.14964306	1.27432859	0.41444871	-2.24375296	0.31983104	-0.88499516	0.52205467	4.48122358	0.27720788	-1.24098575	
0.00802000	  31.96544695   65.61197116 -455.27727238  -29.20593019   -5.63523342   -1.27839093	  17.05882014  -39.67889718 -557.04187273  -34.67727408   84.25420819   -7.07492500	 10.32563098   2.21274567  -7.54334469 -62.11056632  -1.29195535   5.27378634   9.72505102 -35.64434218  12.41269126   9.26699936 109.84027433 -21.23457929	-0.00212908  0.05961183 -0.38516134  0.71315214 -0.32890660 -0.07933192 -0.06500409 -0.09835487 -0.02171323  0.52910058 -0.50303219 -0.00795995	-0.01229306 -0.32508529  0.40944283 -0.14752211 -0.33973786  0.46509519  0.02414720 -0.25280564  0.71124107 -0.90086333  0.26585618  0.01768345	-0.00204958 -0.33374114  0.40213815 -0.14416992 -0.33529426  0.43269065  0.00119159 -0.25682186  0.70454301 -0.90629256  0.26129306  0.00037659	0.23269562 0.19231894 3.96074537	-0.03767348  0.03701238  0.00337973	-0.03237471  0.04080033  0.00474535	 0.00126795  0.01021700 -0.99994700	0.35000000	0.00000000	0.00000000	0.72199130	-1.14409268	-0.65616971	0.85071766	1.03055489	0.45350569	-2.78222394	-2.17458272	2.11762190	-4.03596544	3.69032025	0.02959229	0.00426426	0.87569207	-1.11879158	1.34712231	0.37986404	-2.22246027	0.34371933	-0.89228129	0.50563478	4.46005154	0.27308357	-1.21930265	
0.00846700	  29.10306291   63.26409258 -463.03328388  -29.59199316   -8.25658263   -0.44927824	  16.35129832  -36.92285961 -546.65511120  -34.01301309   82.67693736   -6.64637993	 11.47902957  -0.54368293  -7.85774396 -63.91226269  -3.58181321   4.77816925   9.87438130 -32.62496543  11.66411322  10.59371311 107.26585776 -15.96197039	-0.00209454  0.05681754 -0.38169435  0.71179006 -0.33153942 -0.07555552 -0.06500138 -0.10045508 -0.01600501  0.52183532 -0.50073447 -0.00795333	 0.02460468 -0.35710081  0.40703441 -0.16866577 -0.31196485  0.47146421  0.02576788 -0.26508948  0.69212229 -0.82849900  0.30611374  0.01594254	 0.00503683 -0.33196982  0.40865996 -0.16330133 -0.30877029  0.45184313  0.00095596 -0.24917730  0.67122141 -0.84713654  0.27417820  0.00177866	0.22631996 0.18855493 3.95867385	-0.04115762  0.03293040 -0.00103122	-0.03721118  0.03675155  0.00221639	 0.00156425  0.01055363 -0.99994309	0.35000000	0.00000000	0.00000000	0.71653348	-1.13127291	-0.65198660	0.90238518	1.00897396	0.43726856	-2.82065105	-2.16444254	2.15073323	-4.00985622	3.67035270	0.05703061	-0.06662920	0.89713615	-1.08672583	1.43004906	0.34748524	-2.20129395	0.36859402	-0.89751101	0.48892078	4.43829489	0.27614233	-1.19643724	
0.00800600	  27.37161797   60.40194664 -476.22264886  -30.39495041   -9.97406093   -0.29922260	  15.32550711  -33.02616267 -532.02167800  -33.06097673   80.46661912   -5.96422356	 11.63442352  -3.00057678  -8.31323232 -65.33427787  -5.07232646   3.12780362  10.76039040 -29.41518021  11.10153902  11.87094377 103.91507310 -10.64334276	-0.00204544  0.05423050 -0.37840150  0.71039704 -0.33383874 -0.07188391 -0.06498109 -0.10238258 -0.01093083  0.51547705 -0.49857512 -0.00795235	 0.00539578 -0.30228436  0.40687979 -0.19665822 -0.30054662  0.46419042  0.00309860 -0.23924892  0.65203334 -0.75565292  0.27388119  0.00786404	 0.00891209 -0.32200602  0.41159152 -0.17818159 -0.28716876  0.46146272  0.00464407 -0.24337644  0.63239752 -0.78584405  0.27226939  0.00305872	0.22058526 0.18527802 3.95657757	-0.04267368  0.02937044 -0.00738821	-0.04030839  0.03301855 -0.00216398	 0.00181215  0.01089029 -0.99993906	0.35000000	0.00000000	0.00000000	0.71381027	-1.11773252	-0.64371181	0.95320845	1.00874794	0.42225894	-2.87470078	-2.17419338	2.20029449	-3.98520994	3.64754176	0.08237749	-0.13701478	0.91458231	-1.05594361	1.52696347	0.31186983	-2.18644905	0.39002535	-0.91362542	0.46124220	4.43805170	0.27266428	-1.16591561	
0.00804400	  25.48928939   57.35381577 -482.89209858  -30.73594776  -12.04367052    0.23904331	  14.53068115  -26.73812507 -520.54312238  -32.26772835   78.70707672   -4.95930785	 12.22835304  -6.69016521  -9.05766895 -66.82927421  -7.25088555   2.75492528  10.93236268 -25.55878991  10.82916030  12.59243322 101.29643440  -5.05916444	-0.00193981  0.05162259 -0.37509798  0.70892429 -0.33597784 -0.06805181 -0.06491637 -0.10428129 -0.00617442  0.50963726 -0.49642102 -0.00790312	 0.02436275 -0.31165237  0.40349408 -0.18415883 -0.26029658  0.50132219  0.00607309 -0.23103696  0.59374594 -0.67425972  0.27305127  0.01639362	 0.01502020 -0.32190714  0.41067447 -0.18320611 -0.26295017  0.47894284  0.01033042 -0.23723057  0.58675429 -0.71258530  0.26717002  0.01057278	0.21512963 0.18235359 3.95416163	-0.04310910  0.02634095 -0.01589780	-0.04199710  0.02955869 -0.00858794	 0.00203283  0.01123432 -0.99993483	0.35000000	0.00000000	0.00000000	0.71243465	-1.10599279	-0.63899595	1.00434935	1.00675046	0.40872520	-2.93603420	-2.17812014	2.24588704	-3.96008301	3.62028837	0.10982830	-0.21886392	0.93791842	-1.02106917	1.62659800	0.27623230	-2.17451978	0.41613078	-0.92791462	0.43328959	4.43106556	0.27452493	-1.13278055	
0.00848800	  23.59130681   55.63366011 -499.05153155  -31.68877911  -14.43300493    0.46050455	  12.27466509  -16.89423311 -498.47177843  -30.75492847   75.34016480   -3.32460276	 12.49017754  -8.77867287  -9.76927215 -69.22288154  -9.50104465   1.41192752  11.01893249 -22.08876514  11.26937630  13.13608196  98.35789990   0.10057814	-0.00173784  0.04886382 -0.37158897  0.70728264 -0.33815111 -0.06379519 -0.06483965 -0.10634510 -0.00148290  0.50401234 -0.49413835 -0.00749909	 0.04789219 -0.29713998  0.38275034 -0.19580284 -0.25870315  0.48584851 -0.00701590 -0.22930424  0.49234553 -0.59116919  0.25774352  0.07071312	 0.02706742 -0.32170997  0.41124723 -0.19268178 -0.25307136  0.50286620  0.00796014 -0.24470937  0.54228041 -0.64505920  0.26943793  0.05884650	0.20981749 0.17937849 3.95103274	-0.04261982  0.02285319 -0.02714498	-0.04257995  0.02612880 -0.01768417	 0.00223932  0.01159977 -0.99993021	0.35000000	0.00000000	0.00000000	0.71820837	-1.09432161	-0.63466978	1.05222571	0.99681616	0.40012619	-2.98310256	-2.17700505	2.28203654	-3.92673206	3.59426379	0.13992265	-0.28945479	0.96604383	-0.98744714	1.71830785	0.24658179	-2.16002035	0.43935874	-0.93793851	0.40937343	4.42329645	0.28564900	-1.10937488	
0.00851000	  22.11336415   52.65845041 -514.83903574  -32.67243375  -15.79278151    0.00131285	  10.03650387   -9.48021822 -476.00928979  -29.25043913   71.94867758   -2.01335480	 11.87899733 -11.74348497 -10.27542052 -70.26356615 -10.59507228  -0.21311068  12.12987299 -17.23790562  11.29362221  14.60454204  94.39712924   2.49973384	-0.00144706  0.04606588 -0.36806130  0.70561506 -0.34023979 -0.05932229 -0.06471275 -0.10851055  0.00282783  0.49900643 -0.49183148 -0.00643329	 0.03887721 -0.31865238  0.38896605 -0.17591578 -0.21012588  0.47819251  0.03144601 -0.25733472  0.45679152 -0.48749577  0.25661360  0.16052215	 0.03778563 -0.32760904  0.41275392 -0.19336328 -0.24364535  0.52342276  0.01543821 -0.25643002  0.49591007 -0.57012853  0.27135828  0.13641885	0.20486701 0.17638971 3.94719814	-0.04093723  0.01902477 -0.03921928	-0.04198675  0.02251309 -0.02858086	 0.00241326  0.01195583 -0.99992561	0.35000000	0.00000000	0.00000000	0.73087275	-1.08423507	-0.63182336	1.09209490	1.00939858	0.40033022	-3.04143333	-2.19730425	2.32873130	-3.90125680	3.57032537	0.16755919	-0.35130849	0.98933321	-0.96587521	1.81571186	0.21762148	-2.15921378	0.45938376	-0.95191079	0.37332740	4.44206238	0.30508617	-1.06675851	
0.00848600	  21.03526828   50.07949016 -531.03725549  -33.69648229  -16.88477626   -0.57036422	   9.08667751   -6.00426959 -456.55214751  -27.99318724   69.01344289   -1.41276523	 11.06135337 -14.14293313 -10.90103192 -71.85454863 -11.26808672  -1.93989487  12.45534866 -12.62683535  11.24096155  15.45072649  89.77668554   2.85580242	-0.00107276  0.04325227 -0.36457065  0.70396997 -0.34228995 -0.05464241 -0.06453034 -0.11078977  0.00673716  0.49466879 -0.48953241 -0.00478382	 0.03114234 -0.33331936  0.40628756 -0.18192503 -0.27794071  0.58287964  0.03887960 -0.28944193  0.45456739 -0.47678824  0.24706301  0.22883905	 0.04501854 -0.33090090  0.40898330 -0.18861199 -0.24199541  0.55180548  0.02515604 -0.27005592  0.44864363 -0.49342526  0.26726085  0.20045071	0.20013157 0.17320676 3.94308866	-0.03823204  0.01543960 -0.05000418	-0.04028436  0.01883283 -0.03978183	 0.00255399  0.01229323 -0.99992117	0.35000000	0.00000000	0.00000000	0.74883860	-1.07356727	-0.62956363	1.12020457	1.03658080	0.40935764	-3.09681821	-2.22936916	2.37727976	-3.88102198	3.54972386	0.19295979	-0.39839500	1.00939345	-0.95480925	1.90840125	0.19302420	-2.16715527	0.47028875	-0.96577126	0.33909294	4.47484541	0.32337025	-1.01989794	
0.00851400	  20.23581507   47.18734388 -550.67254939  -34.96965828  -17.52944817   -1.10703878	   8.86104191   -1.34976532 -436.81434264  -26.70470118   66.02843107   -0.68216250	 10.35512438 -16.55362886 -11.15497759 -73.51942524 -11.25501162  -4.12480126  12.74334569  -7.60572034  10.79456332  15.53458786  85.45431107   3.80946024	-0.00059576  0.04042425 -0.36110207  0.70236327 -0.34429574 -0.04985430 -0.06427865 -0.11313720  0.01024873  0.49100814 -0.48726386 -0.00275702	 0.04230154 -0.30636966  0.39272165 -0.18842673 -0.20969206  0.54451353  0.02629738 -0.28297808  0.37626554 -0.37421513  0.27318011  0.21118777	 0.05644545 -0.33012247  0.40488920 -0.18498104 -0.23329390  0.56137055  0.03131432 -0.27587977  0.40070438 -0.41291099  0.26419768  0.23909738	0.19544718 0.16968726 3.93900711	-0.03474901  0.01258662 -0.05952476	-0.03760906  0.01549768 -0.05020208	 0.00266637  0.01260424 -0.99991701	0.35000000	0.00000000	0.00000000	0.76470578	-1.05804610	-0.62270623	1.14755821	1.07793868	0.41990545	-3.16163063	-2.27221751	2.43431211	-3.85658717	3.52271795	0.21446459	-0.44085419	1.02621078	-0.94176793	2.00915217	0.16574581	-2.17674708	0.48126900	-0.98613054	0.30127272	4.51590586	0.33482170	-0.96745580	
0.00846300	  18.66829453   46.14299067 -566.35868085  -35.93306754  -18.72180025   -2.16138165	   8.55075860    5.07959954 -412.76781990  -25.11460822   62.36620232    0.32917110	  9.01463651 -18.79525834 -11.53618807 -75.16379461 -12.05553679  -4.89870866  12.93379305  -3.12463328  10.34903413  15.70532942  80.21610081   6.15477866	-0.00005352  0.03756151 -0.35771034  0.70084677 -0.34629375 -0.04492516 -0.06390950 -0.11553626  0.01333537  0.48807407 -0.48511615 -0.00040475	 0.07816453 -0.39145377  0.43112271 -0.19847564 -0.23546775  0.62417728  0.04920147 -0.29757560  0.33678361 -0.33287530  0.25237678  0.30698134	 0.06593250 -0.34204101  0.40133640 -0.17862583 -0.23483676  0.58716333  0.04485550 -0.28420982  0.35696362 -0.33387005  0.25292087  0.28271411	0.19087037 0.16588015 3.93430002	-0.03060095  0.01048274 -0.06689134	-0.03416444  0.01278371 -0.05917136	 0.00275679  0.01288286 -0.99991321	0.35000000	0.00000000	0.00000000	0.78162569	-1.04807961	-0.61492503	1.17626607	1.10078704	0.43168923	-3.22451377	-2.29656410	2.47677398	-3.82599998	3.49107575	0.23924452	-0.50087130	1.05382180	-0.92325538	2.11981320	0.14233325	-2.18956828	0.49853224	-1.00103486	0.27041361	4.54232836	0.35909230	-0.92431301	
0.00803500	  17.58339951   45.48263624 -590.38885816  -37.49775926  -19.08836645   -3.30532232	   8.13242020   11.60468964 -388.76851166  -23.54781372   58.75895317    1.34302147	  7.63778523 -19.46988297 -11.22598703 -76.97774279 -11.46854509  -7.14901886  12.88576129   2.11486955   9.55554429  16.53456158  75.56814069   8.19480812	 0.00049041  0.03485813 -0.35458907  0.69950931 -0.34818224 -0.04017338 -0.06348976 -0.11786444  0.01583780  0.48600636 -0.48321141  0.00208921	 0.08047827 -0.35424883  0.38889783 -0.16374589 -0.24112962  0.60895544  0.04721256 -0.30254494  0.29299715 -0.21080204  0.22470748  0.33108222	 0.06847978 -0.33759532  0.38648083 -0.16499834 -0.23440795  0.59036254  0.05096618 -0.28790698  0.30259667 -0.24474550  0.23511306  0.31270132	0.18658970 0.16145220 3.92981972	-0.02749519  0.00870395 -0.07148528	-0.03073748  0.01067233 -0.06581042	 0.00282590  0.01311571 -0.99990999	0.35000000	0.00000000	0.00000000	0.79594886	-1.02981043	-0.60201216	1.20009327	1.15636528	0.45056388	-3.29671431	-2.34899879	2.54140234	-3.79552937	3.45496202	0.25777078	-0.54628497	1.07180250	-0.90485972	2.22868013	0.11371539	-2.19818950	0.51086843	-1.02790153	0.21901163	4.59008026	0.36490127	-0.86610299	
0.00844300	  15.47460182   45.93892927 -608.44080054  -38.58713086  -20.47032810   -3.91278748	   8.06410630   19.07634746 -363.55983904  -21.87821555   54.92606762    2.47754057	  7.01844735 -21.88179040 -10.73138602 -79.77748576 -12.00595893  -7.26443299  12.86214672   6.86270797   8.94639369  16.55345822  70.60172045  10.86974576	 0.00112160  0.03197486 -0.35134689  0.69819204 -0.35019385 -0.03492587 -0.06294689 -0.12039086  0.01806494  0.48457250 -0.48133352  0.00508318	 0.10241117 -0.33533552  0.42204819 -0.15918560 -0.24073852  0.65206327  0.09153190 -0.28844584  0.25773139 -0.14190347  0.21514479  0.41824237	 0.07656844 -0.34406940  0.38672129 -0.15737284 -0.24048050  0.62968655  0.06652417 -0.29959247  0.25478825 -0.15476283  0.22057565  0.36475122	0.18225683 0.15643201 3.92457025	-0.02387678  0.00705415 -0.07579942	-0.02725895  0.00876514 -0.07115940	 0.00288422  0.01333532 -0.99990692	0.35000000	0.00000000	0.00000000	0.81508553	-1.01673186	-0.59282011	1.22572637	1.18517196	0.47211248	-3.36484623	-2.37274909	2.58260751	-3.75844216	3.41751671	0.28248239	-0.60850197	1.10766304	-0.88238513	2.34606004	0.09232131	-2.21050596	0.53417945	-1.04259098	0.18746901	4.61354256	0.39068243	-0.81851435	
0.00802900	  14.24958747   44.39758329 -632.82768750  -40.21100873  -20.25397645   -5.25004520	  12.94603451   25.27511556 -341.52437612  -20.40216073   51.42964388    3.12407761	  5.27910571 -22.72059643 -10.45282213 -80.83320844 -10.46620193 -10.04280515  12.65232613  12.67982012   7.80001015  16.86981113  65.39127141  12.36154482	 0.00171726  0.02923328 -0.34840346  0.69705345 -0.35207889 -0.02978124 -0.06241383 -0.12280271  0.01976580  0.48392820 -0.47970028  0.00818136	 0.06576956 -0.35194269  0.38442441 -0.13737073 -0.23694653  0.66142448  0.09013390 -0.29345150  0.21903728 -0.02086233  0.19907087  0.43170781	 0.07645819 -0.34310026  0.36755314 -0.14374180 -0.23746555  0.64545308  0.06932505 -0.30055165  0.20952189 -0.06951021  0.20249884  0.39271709	0.17788765 0.15066628 3.92004404	-0.02158676  0.00776678 -0.07652759	-0.02423662  0.00777558 -0.07445028	 0.00293281  0.01351773 -0.99990433	0.35000000	0.00000000	0.00000000	0.83440280	-1.00341117	-0.57621431	1.24591291	1.24332857	0.50053406	-3.43541884	-2.42819762	2.64727592	-3.72487259	3.38064766	0.30611688	-0.63774550	1.12605572	-0.87254655	2.46194530	0.06298716	-2.22294545	0.54213554	-1.07070208	0.15064049	4.67019749	0.40170649	-0.76475549	
0.00800300	  10.87428426   44.42384471 -654.47536800  -41.55870310  -21.55003977   -6.16321770	  18.81535742   31.96807628 -318.52000443  -18.84136355   47.73384727    3.78575936	  4.36932294 -24.33446187  -8.88007138 -83.41139391 -10.53561325 -11.13491119  12.52941896  16.72845286   6.59432716  16.58852553  60.38123113  14.95358680	 0.00231800  0.02649877 -0.34555496  0.69601230 -0.35393888 -0.02445407 -0.06184516 -0.12524499  0.02120470  0.48365239 -0.47819328  0.01154738	 0.06273144 -0.36281854  0.39189390 -0.12945696 -0.22008411  0.71194214  0.07007340 -0.31208991  0.17636746 -0.02431217  0.18713113  0.45433209	 0.07518103 -0.34066899  0.35655903 -0.13041666 -0.23138125  0.66828469  0.07018851 -0.30672627  0.17827680 -0.02895049  0.18796366  0.42681137	0.17345510 0.14449247 3.91593755	-0.01890850  0.01093391 -0.07615750	-0.02159635  0.00891517 -0.07562127	 0.00299925  0.01368126 -0.99990191	0.35000000	0.00000000	0.00000000	0.84990406	-0.99344802	-0.55798411	1.26654172	1.27844465	0.52575684	-3.48718476	-2.45012498	2.69093299	-3.67314267	3.33843279	0.33392420	-0.66880924	1.15127909	-0.86082441	2.57698584	0.03349303	-2.23325038	0.55388874	-1.08766854	0.13851637	4.69605541	0.42109880	-0.72857851	
0.00800500	   7.22196040   43.62335764 -670.47834451  -42.55356905  -22.68134508   -7.16261333	  21.28735752   39.00999745 -301.37846671  -17.67420334   45.08389618    4.69623796	  3.25582324 -25.43465692  -7.56829602 -84.19182339 -10.66533543 -12.35723458  12.44204406  22.38813353   4.84609413  19.36607312  56.96711040  16.80281259	 0.00290181  0.02375225 -0.34285720  0.69504066 -0.35580346 -0.01888726 -0.06123981 -0.12769081  0.02248462  0.48356079 -0.47680670  0.01521417	 0.07448409 -0.35521343  0.32894005 -0.11162202 -0.23880009  0.71717029  0.07884695 -0.32609080  0.14822810  0.00249410  0.14477672  0.47910002	 0.07123487 -0.34266971  0.33537072 -0.12030898 -0.23079246  0.69831053  0.07539486 -0.30708521  0.15628693 -0.00698090  0.17103272  0.46314979	0.16896129 0.13745700 3.91192870	-0.01828347  0.01493459 -0.07487099	-0.01962339  0.01170228 -0.07548937	 0.00309546  0.01383075 -0.99989956	0.35000000	0.00000000	0.00000000	0.85992503	-0.98073226	-0.54152220	1.27930164	1.31979203	0.55876529	-3.52851224	-2.47386289	2.73600769	-3.61761713	3.28874731	0.36488384	-0.67846030	1.16990185	-0.85383660	2.67658377	-0.00054354	-2.23522305	0.56515479	-1.10072923	0.12296668	4.72237730	0.44340712	-0.68716955	
0.00850900	   3.12567310   42.37385335 -691.54778428  -43.88944421  -23.90023552   -8.14863974	  21.01200622   44.65499696 -284.70796805  -16.59541149   42.64857992    5.50277911	  2.14808546 -26.34655923  -5.45176123 -85.66765609 -10.53666852 -14.51897037  11.38716274  26.59516919   2.53482151  22.68000019  54.45012170  18.44275017	 0.00351774  0.02087310 -0.34010726  0.69410991 -0.35778345 -0.01275315 -0.06064598 -0.13028744  0.02363445  0.48374431 -0.47541262  0.01944180	 0.04964115 -0.31333288  0.27795626 -0.09643199 -0.24108334  0.66351350  0.03795621 -0.28890037  0.08991550  0.01251939  0.14342066  0.45343534	 0.06897453 -0.33545042  0.31810189 -0.10691791 -0.23274832  0.71954750  0.06765512 -0.30420645  0.12698494  0.02785754  0.16053354  0.49984642	0.16433693 0.12911733 3.90789124	-0.01847917  0.01780526 -0.07200251	-0.01882937  0.01498639 -0.07399095	 0.00322748  0.01398885 -0.99989694	0.35000000	0.00000000	0.00000000	0.86925822	-0.96051121	-0.52125615	1.27918160	1.38068295	0.59646976	-3.56987143	-2.50552177	2.79178476	-3.55266619	3.23560500	0.39682284	-0.66798753	1.18804967	-0.84867662	2.77572989	-0.03872330	-2.23085785	0.57169873	-1.11940086	0.10756823	4.75831223	0.45487827	-0.64241821	
0.00845900	  -1.08763488   -7.45706123 -812.15374570  -26.81687094  -25.12909277   -8.78917885	  20.89393953   51.55831306 -250.89566649  -14.52724911   37.83039542    6.53176356	  0.75368731 -27.65193826  -3.92938366 -87.18036911 -10.09449367 -15.78216246  11.40663397  30.69685411   0.09692460  25.41238620  50.63768435  19.63871866	 0.00410185  0.01807672 -0.33756306  0.69347608 -0.35979845 -0.00741604 -0.06008014 -0.13299089  0.02449975  0.48441406 -0.47405213  0.02393552	 0.06429349 -0.36440051  0.32238930 -0.04558152 -0.27795745  0.55457664  0.05385328 -0.32697736  0.06322807  0.11251913  0.14429487  0.57584617	 0.06643733 -0.32985293  0.29772377 -0.06512455 -0.24558905  0.58957814  0.06565348 -0.32608365  0.09366886  0.09001686  0.16067848  0.53439750	0.16026634 0.12476004 3.91013309	 0.00721878  0.01484509 -0.06768574	-0.00898617  0.01556354 -0.07111600	 0.00335640  0.01404049 -0.99989579	0.35000000	0.00000000	0.00000000	0.87426120	-0.91643339	-0.49425796	1.26005280	1.53078651	0.63777858	-3.66015315	-2.57469177	2.89905262	-3.43349051	3.13201904	0.41761124	-0.67157912	1.19366622	-0.84493363	2.91423130	-0.10747676	-2.24306417	0.58200383	-1.16989744	0.00932654	4.82116747	0.45936683	-0.53095847	
0.00805600	  -2.86322649   -2.25245883 -848.68474845  -22.26156460  -28.21832614   -9.73128466	  19.83238737   59.40482092 -207.99854583  -11.85047063   31.46631718    7.74420347	 -0.51831647 -23.15963042  -3.33194279 -91.78080505 -11.20060565  -6.54683507  10.75913128  42.01984191  -4.49539115  28.34076455  41.11958832  20.55845240	 0.00461384  0.01563835 -0.33538952  0.69322761 -0.36180876 -0.00391850 -0.05957394 -0.13563278  0.02495780  0.48562867 -0.47276349  0.02808563	 0.04101768 -0.24889625  0.24189074 -0.01197922 -0.22843251  0.36606946  0.05199900 -0.29441765  0.02712321  0.19166619  0.14885878  0.48395596	 0.06148925 -0.29832752  0.26959172 -0.02824741 -0.25076582  0.41853911  0.06225584 -0.32224577  0.05093380  0.16406870  0.15710946  0.50935235	0.15638477 0.11873485 3.91229243	 0.01512402  0.01359672 -0.06085442	 0.00483261  0.01501698 -0.06656586	 0.00346741  0.01394120 -0.99989680	0.35000000	0.00000000	0.00000000	0.84763008	-0.84762806	-0.44949135	1.23940384	1.64588618	0.71303123	-3.72536325	-2.61314964	2.97558331	-3.32932925	3.00903130	0.42817634	-0.73949116	1.20674551	-0.82813495	3.06072354	-0.16616762	-2.25303221	0.59712118	-1.20080745	-0.06115395	4.84110975	0.46065137	-0.39952770	
0.00849200	  -7.41466152   -1.39404483 -888.69091111  -14.26191529  -31.79731462  -10.69517008	  10.68942097   72.31678533 -141.40560999   -7.62237724   21.59782866   10.23929547	  -1.96660567  -20.88771874    0.24743498 -100.35236028  -13.19400322    4.65837377   10.15888005   49.26769853   -9.01692697   36.39729162   28.52570647   25.51451316	 0.00506942  0.01322044 -0.33310106  0.69311560 -0.36404389 -0.00104059 -0.05907207 -0.13837769  0.02513905  0.48764087 -0.47154746  0.03212052	 0.05693044 -0.25066056  0.22126715 -0.00507406 -0.24764985  0.31234753  0.05482921 -0.27730485  0.03774484  0.24466129  0.11353659  0.38235459	 0.05188896 -0.27858225  0.26932989 -0.01113352 -0.26192257  0.33112233  0.05910609 -0.31822787  0.02064807  0.25256822  0.13500594  0.46211551	0.15665717 0.11106602 3.91087536	 0.02035169 -0.00438761 -0.04818247	 0.01344551  0.00729995 -0.05793756	 0.00350111  0.01379210 -0.99989876	0.35000000	0.00000000	0.00000000	0.80669981	-0.76493073	-0.39400077	1.20246148	1.75479579	0.81341904	-3.80471253	-2.61889362	3.07362390	-3.17392445	2.88256598	0.45316437	-0.83381313	1.23218596	-0.80962032	3.26410222	-0.23693846	-2.25107551	0.63216287	-1.22057986	-0.09407080	4.84933758	0.47901493	-0.28047210	
0.00847600	 -13.44636417   -0.88332102 -939.30954199   -8.01967572  -36.39395096  -12.16399412	 14.81652003  87.81892688 -89.00663184  -4.31576448  13.76292920  11.99889684	  -3.36949317  -15.28392678   -1.12875353 -108.66822520  -14.65918502   11.86506630   10.44600128   59.80792284  -18.68048787   43.08147393   13.97344945   33.45962632	 0.00541035  0.01092577 -0.33067790  0.69307368 -0.36634450  0.00142526 -0.05863652 -0.14100720  0.02492080  0.49074698 -0.47065505  0.03600203	 0.02517118 -0.25860660  0.29154019  0.01186965 -0.29667249  0.28030943  0.04424075 -0.31705681 -0.05322719  0.48759016  0.06897901  0.46559721	 0.03783675 -0.26756478  0.28630740 -0.00392486 -0.27332525  0.28634725  0.05140659 -0.30942382 -0.03820012  0.39613598  0.09459557  0.46147892	0.15596681 0.10153270 3.90949187	 0.02056036 -0.01522111 -0.03675454	 0.01822948 -0.00491477 -0.04705933	 0.00340387  0.01361540 -0.99990151	0.35000000	0.00000000	0.00000000	0.77246791	-0.62851131	-0.30098405	1.15070939	1.82575691	0.95057309	-3.94495821	-2.63590980	3.21549439	-2.93868613	2.72211742	0.48669407	-0.94179535	1.24816561	-0.77201140	3.54249358	-0.33389848	-2.19317079	0.65317130	-1.24722898	-0.09262248	4.86624861	0.50802559	-0.16674100	
0.00800200	 -17.53523134   -3.61712970 -955.93015571   -2.03511632  -38.13844967  -14.24757998	 13.45232091 104.86179293 -95.59336267  -4.59339275  15.10926959  14.25966994	  -5.52061171   -9.88355917   -0.94033081 -117.78103909  -14.71512428   17.66480772   12.36247328   70.16071868  -24.68399656   54.22367406   -3.75770554   41.90278995	 0.00565998  0.00897482 -0.32836567  0.69304714 -0.36850584  0.00355519 -0.05822807 -0.14328359  0.02405159  0.49511302 -0.47030925  0.04024600	 0.03538551 -0.21252295  0.29246992 -0.01851450 -0.27320739  0.25914482  0.02724044 -0.28275454 -0.16249300  0.64608666  0.00763602  0.64204824	 0.02974757 -0.23709484  0.29078823 -0.00386464 -0.27144582  0.26243652  0.04930985 -0.28238811 -0.12601520  0.58005359  0.03542590  0.55829825	0.15444488 0.08963210 3.90999400	 0.00692870 -0.02190497 -0.02743432	 0.01513256 -0.01396677 -0.03704590	 0.00324889  0.01350020 -0.99990359	0.35000000	0.00000000	0.00000000	0.73531461	-0.44764018	-0.18321899	1.05852056	1.84878349	1.16330481	-4.16101646	-2.65591049	3.46626449	-2.64278269	2.61103559	0.51026803	-1.03180361	1.21597695	-0.73443264	3.88502979	-0.45253205	-2.10382366	0.62223840	-1.27105331	0.02939918	4.93670845	0.56791419	-0.11740835	
0.00803500	  -22.54560253    -5.70685340 -1002.60887164     4.14235122   -43.13911899   -15.10579807	 10.32361616  77.08653399 -45.92307733  -2.98698324   7.66789024   7.05733322	  -9.59650444   -5.66305260   -1.26021228 -129.56488520  -17.26041341   23.48461121   17.94624491   77.35514283  -26.24031394   70.53784303  -26.10582581   48.85340255	 0.00582829  0.00732476 -0.32601368  0.69299034 -0.37060877  0.00554568 -0.05760843 -0.14520115  0.02224657  0.50155709 -0.47097171  0.04626889	 0.04044742 -0.19311361  0.34192832  0.00992921 -0.27317034  0.25933347  0.09890846 -0.20214201 -0.29518471  0.97532110 -0.16767128  0.96702307	 0.02082506 -0.19824965  0.29802050 -0.00883678 -0.26232651  0.24664312  0.08709051 -0.22638962 -0.24626825  0.84970942 -0.11303036  0.80528813	0.15296686 0.07591155 3.91169653	-0.00926423 -0.02839418 -0.01583745	 0.00268438 -0.02145949 -0.02683135	 0.00304309  0.01352777 -0.99990386	0.35000000	0.00000000	0.00000000	0.71118546	-0.25525603	-0.06149344	0.94530332	1.86403000	1.40149784	-4.47079992	-2.69604874	3.81470251	-2.35219765	2.56791949	0.51740265	-1.13943398	1.15743256	-0.70196575	4.30094814	-0.58688164	-2.03700781	0.54812276	-1.31811178	0.19165215	5.08813810	0.62232006	-0.10946038	
0.00847200	  -29.08911567    -0.98007009 -1022.15243981    10.30964543   -51.81394217   -16.32373148	 5.78257924 38.83595067  2.16563183 -1.14708436  0.50149953  0.26176259	 -13.65079597    1.12183911   -5.84508191 -138.26503921  -24.87315582   30.54296115   27.24949747   76.15093493  -26.03731534   81.37229666  -43.98228890   47.08666861	 0.00590514  0.00566508 -0.32343846  0.69278838 -0.37278509  0.00757822 -0.05565446 -0.14621348  0.01911125  0.51134324 -0.47346511  0.05634166	 0.00011092 -0.20150071  0.30750102 -0.02721973 -0.24257738  0.22944525  0.33985206 -0.03822801 -0.42187757  1.36382820 -0.44265262  1.43393096	 0.00841053 -0.19679440  0.30577692 -0.02460168 -0.25501600  0.23740967  0.26464207 -0.09805911 -0.39390434  1.21659243 -0.33848639  1.26018989	0.15182034 0.06755758 3.91008254	 0.01032075 -0.03405402 -0.00721331	 0.00150092 -0.02813257 -0.01594427	 0.00277551  0.01353728 -0.99990451	0.35000000	0.00000000	0.00000000	0.73259777	-0.12073039	0.02389934	0.82086986	1.93021321	1.58825159	-4.69605160	-2.72707367	4.04402828	-2.17566085	2.52841949	0.54740512	-1.22547221	1.18067873	-0.70737100	4.62899256	-0.66505080	-2.01782012	0.49735755	-1.34809792	0.24899149	5.25894403	0.61553329	-0.08043398	
0.00801500	  -40.76290817    13.66455016 -1008.63089362    16.29207077   -62.76570568   -17.11559230	 7.86089185 20.52094098  5.39631025 -0.61827628  0.14090991  0.06950153	 -18.95839646   22.73492944  -13.48159410 -138.56168371  -36.97090012   38.37740824   25.33403277   59.80347705  -30.60442429   69.43878038  -46.82801253   23.91396508	 0.00593169  0.00401547 -0.32101452  0.69255507 -0.37481657  0.00948096 -0.05236285 -0.14621436  0.01489138  0.52341132 -0.47798401  0.06802027	 0.01344994 -0.16986308  0.25920068 -0.04308719 -0.23685503  0.21962866  0.44672847  0.08537685 -0.56412306  1.50056656 -0.64461242  1.33129323	 0.00341470 -0.20110707  0.29836850 -0.02667970 -0.25236727  0.23397794  0.42782252  0.01882123 -0.54398660  1.53766548 -0.59785036  1.43345235	0.15033488 0.06072821 3.90787997	 0.01987629 -0.03134257 -0.00383633	 0.01103616 -0.03102796 -0.00907484	 0.00251029  0.01340815 -0.99990696	0.35000000	0.00000000	0.00000000	0.78327197	-0.02535094	0.05665665	0.59207624	2.04617023	1.76128745	-4.70246887	-2.74038291	4.08782434	-2.15914083	2.49697876	0.55538559	-1.09487426	1.19543791	-0.77985024	4.64961767	-0.65240645	-1.97929704	0.34422162	-1.29735005	0.29544488	5.35652590	0.46823907	-0.05980504	
0.00846700	  -47.52667443    28.90842352 -1015.42911035    18.24488291   -68.14081357   -15.23008791	 7.95401133  8.30182747  4.78706286 -0.28092841  0.17202647  0.05543812	 -22.69600390   38.26342833  -15.00559046 -143.94100744  -39.38225591   41.67468512   16.30920041   40.17401576  -34.58018276   56.71253544  -31.59380767   12.11367846	 0.00594451  0.00226726 -0.31856077  0.69241593 -0.37700500  0.01142357 -0.04777866 -0.14532095  0.00913867  0.53877432 -0.48481128  0.07962472	 0.00343175 -0.20546816  0.31111589 -0.00955648 -0.28772047  0.24639067  0.58761247  0.14769468 -0.75612316  1.98549701 -0.92162536  1.25705792	-0.00033230 -0.20458023  0.28788204 -0.01744633 -0.25765718  0.22796521  0.54904890  0.11986204 -0.70490634  1.85552359 -0.83187963  1.32320992	0.14849141 0.05442803 3.90665746	 0.03206032 -0.02361660 -0.00227220	 0.02137515 -0.02835921 -0.00501964	 0.00227546  0.01318683 -0.99991046	0.35000000	0.00000000	0.00000000	0.81607819	0.06848699	0.06794597	0.37866139	2.25847435	1.91540039	-4.77003193	-2.81705308	4.14753580	-2.14893246	2.45104575	0.54187548	-0.97224456	1.21338093	-0.78656226	4.61879587	-0.62998396	-1.90806150	0.26841733	-1.27322149	0.25286633	5.40940380	0.26623845	-0.01508661	
0.00802200	  -51.47711972    43.89740533 -1021.12581468    18.75946592   -70.63270014   -13.99605496	 7.00520048  2.77364132  3.35469807 -0.11118409  0.20639678 -0.04088842	 -24.45099472   52.62076199  -15.60841187 -146.35896766  -40.56149250   44.11669010    5.94719734   24.07645905  -32.98104045   43.83151720  -14.68858373   11.32205704	 0.00592958  0.00059921 -0.31637953  0.69230944 -0.37902414  0.01307921 -0.04318918 -0.14393919  0.00257260  0.55497668 -0.49217383  0.08860390	-0.01726148 -0.24460717  0.28015963 -0.04162286 -0.29135379  0.19348532  0.61455325  0.21729757 -0.93902247  2.19784374 -1.00033875  1.06842854	-0.00486261 -0.21024635  0.27159132 -0.01515153 -0.25348988  0.20519064  0.57033118  0.17949279 -0.84154237  2.05338745 -0.92544266  1.08988978	0.14742411 0.04817774 3.90621120	 0.04048202 -0.01672241  0.00526304	 0.03132838 -0.02273508 -0.00064449	 0.00211662  0.01289325 -0.99991464	0.35000000	0.00000000	0.00000000	0.82638258	0.12394702	0.08535871	0.21969971	2.37088895	2.04644179	-4.78508663	-2.82023454	4.15465212	-2.10611439	2.40586591	0.54400063	-0.84066808	1.23082578	-0.76430947	4.56264257	-0.60792333	-1.81662214	0.21679115	-1.23668814	0.29570696	5.38340330	0.10810782	-0.06020374	
0.00849900	  -55.13611253    55.20860202 -1025.96546331    19.53345478   -73.34551759   -13.49898850	 6.54333251  2.44296062  2.50884642 -0.07688347  0.20598626 -0.11734462	 -24.27153093   63.14319968  -15.95641074 -149.03112817  -42.78947273   46.51671326    2.41256515   13.99894792  -28.74703520   35.86120068   -8.11951288   17.01134141	 0.00583957 -0.00111779 -0.31414014  0.69220149 -0.38110508  0.01466625 -0.03866110 -0.14217180 -0.00539467  0.57345991 -0.50018523  0.09652090	 0.01351493 -0.19288380  0.21686601 -0.00604345 -0.22490170  0.15363918  0.50123808  0.20222378 -0.91407724  2.09584316 -0.86734623  0.80111510	-0.01128083 -0.20349932  0.26034983 -0.01292224 -0.24319659  0.18254063  0.52255596  0.21184429 -0.95155214  2.18599170 -0.93816968  0.91091538	0.14774420 0.04117693 3.90595649	 0.04672765 -0.01317767  0.01657158	 0.03969899 -0.01732854  0.00758696	 0.00199353  0.01252088 -0.99991962	0.35000000	0.00000000	0.00000000	0.83265305	0.15117662	0.11795504	0.13677803	2.41564298	2.13482761	-4.78594208	-2.79104662	4.15597057	-2.04530215	2.36583781	0.55224919	-0.77284390	1.25318742	-0.73372155	4.57194567	-0.60015941	-1.75901663	0.18690678	-1.21368754	0.36683193	5.33996153	0.02197926	-0.12506464	
0.00850200	  -57.91108057    63.17645827 -1024.27214150    21.51160571   -75.78898901   -13.17850108	 7.03552769  1.96715901  1.96844869 -0.04357547  0.18126356 -0.12061466	 -23.87458136   71.76609874  -17.40551589 -150.41478592  -45.49662843   49.93410039    3.57882314    6.37275308  -24.84415063   29.30588844   -9.19474909   20.44901076	 0.00563972 -0.00277538 -0.31191909  0.69205923 -0.38316593  0.01608807 -0.03467488 -0.14027686 -0.01414613  0.59277588 -0.50814499  0.10368029	-0.04753436 -0.20067403  0.25101986 -0.04395786 -0.22925795  0.14024348  0.42265614  0.19192055 -1.02576987  2.18771986 -0.87813033  0.78568976	-0.02465592 -0.19488122  0.25913124 -0.01817019 -0.24007286  0.16334516  0.46004193  0.22209347 -1.03807495  2.27352918 -0.93226961  0.83513546	0.14924444 0.03453719 3.90549922	 0.05195367 -0.01192147  0.02585677	 0.04632048 -0.01408864  0.01715210	 0.00189041  0.01209956 -0.99992501	0.35000000	0.00000000	0.00000000	0.84733450	0.15424077	0.15541716	0.08256941	2.42449951	2.20347643	-4.76848650	-2.74889445	4.14577484	-1.99543023	2.34034729	0.56738329	-0.72984147	1.27198732	-0.72345042	4.60736847	-0.59709036	-1.73224831	0.14942771	-1.19191384	0.45507160	5.29978466	-0.01871303	-0.18910709	
0.00801000	  -58.47327667    69.08123970 -1021.80923831    23.81786177   -75.89922634   -12.31542349	 7.62628041 -0.09959903  1.67231355  0.02155014  0.15673970 -0.07998128	 -22.64650460   79.33486819  -18.49441741 -150.30104434  -45.92828035   53.37501633    5.84182743    0.98480996  -22.20359338   25.00169436  -11.62663635   19.53313830	 0.00541030 -0.00428324 -0.30982149  0.69194413 -0.38509348  0.01733340 -0.03139200 -0.13844139 -0.02291961  0.61142737 -0.51568426  0.11003896	-0.02454213 -0.14864301  0.26810256 -0.01981271 -0.22109019  0.15595636  0.34653359  0.22938930 -1.03906174  2.20825361 -0.91017186  0.70979988	-0.02959759 -0.18494990  0.26130809 -0.01624366 -0.23725286  0.15361672  0.40181627  0.22843007 -1.09438388  2.32161798 -0.93957234  0.78212800	0.15124800 0.02875649 3.90487266	 0.05506220 -0.01170696  0.02976535	 0.05106335 -0.01262971  0.02422155	 0.00179903  0.01166960 -0.99993029	0.35000000	0.00000000	0.00000000	0.86023951	0.14982995	0.18858224	0.02810808	2.44764996	2.27231550	-4.73684835	-2.72496486	4.14243221	-1.96373141	2.32974553	0.58062541	-0.66904461	1.27262843	-0.73909020	4.62915134	-0.59759051	-1.72098362	0.10277741	-1.17290807	0.53566396	5.28127861	-0.04744492	-0.23266463	
0.00846600	  -58.78060457    73.79521712 -1020.06977557    26.10193721   -75.12466802   -12.41222976	 7.90767875 -2.14934660  1.41933841  0.08624927  0.15126910 -0.04869993	 -22.79436486   85.81021500  -19.00567518 -149.75414425  -45.32506925   56.42271513    7.34357753   -4.63206246  -21.50881839   22.43780626  -11.26045089   19.02278665	 0.00515315 -0.00582468 -0.30761199  0.69185787 -0.38715896  0.01856513 -0.02830163 -0.13648724 -0.03271234  0.63152305 -0.52380294  0.11630561	-0.02494545 -0.18621659  0.25136807  0.01891523 -0.23639871  0.14585706  0.34682368  0.26431683 -1.17487468  2.41123916 -0.95722587  0.72054971	-0.03011987 -0.18009881  0.26200201 -0.00822789 -0.24165005  0.14599603  0.35528065  0.23214290 -1.16385836  2.38168674 -0.96095858  0.73008832	0.15356956 0.02311634 3.90408557	 0.05745242 -0.01143756  0.03144919	 0.05458727 -0.01193289  0.02851386	 0.00170366  0.01119023 -0.99993594	0.35000000	0.00000000	0.00000000	0.87114757	0.14610352	0.22125240	-0.03247572	2.50373435	2.33933187	-4.73216200	-2.72542477	4.15959740	-1.93407154	2.31542373	0.59126198	-0.61417645	1.26937485	-0.74895287	4.64900970	-0.60796368	-1.70820463	0.06676299	-1.16349196	0.57798481	5.27385473	-0.08598838	-0.25364342	
0.00800200	  -57.69436715    79.28763223 -1021.85145271    27.30439651   -73.67111968   -12.53015176	 8.02194001 -4.50609519  0.98675802  0.15789412  0.14281822 -0.02168485	 -22.98914165   92.48070645  -19.69311967 -150.09426653  -43.87519053   58.38978040    7.97203139  -10.14068907  -19.95247553   18.67189724  -10.08697363   17.68135729	 0.00488208 -0.00720630 -0.30552855  0.69177588 -0.38912129  0.01963415 -0.02576078 -0.13472725 -0.04230770  0.65057004 -0.53152832  0.12165999	-0.05784617 -0.16680361  0.27463121 -0.01803545 -0.24219696  0.12896462  0.33064921  0.22885480 -1.36802639  2.65290583 -1.04811467  0.70004484	-0.03487170 -0.16996539  0.25971173 -0.00889126 -0.24475479  0.13372747  0.31104293  0.21950638 -1.21190722  2.39687471 -0.97001014  0.66013545	0.15591461 0.01793283 3.90360629	 0.05862553 -0.01111241  0.03259752	 0.05684154 -0.01150268  0.03078626	 0.00161633  0.01072481 -0.99994118	0.35000000	0.00000000	0.00000000	0.88071692	0.13666299	0.25091586	-0.09622581	2.55378962	2.40398169	-4.70867205	-2.72283483	4.16966486	-1.90109718	2.30771303	0.60240805	-0.53576100	1.25804663	-0.76759958	4.64599943	-0.61608642	-1.69531679	0.02594323	-1.15187693	0.63860112	5.26148939	-0.12260979	-0.29017934	
0.00803300	  -56.83361722    80.76246217 -1022.05671515    29.54388938   -72.00614249   -11.95821437	 7.87343249 -5.09328166  0.68562599  0.17693682  0.13978995 -0.01522812	 -22.31834693   96.13036227  -20.17481638 -149.30863488  -42.53299239   61.10746235    8.53498385  -12.50087443  -19.37211786   17.42485254   -8.51725555   18.34613287	 0.00462836 -0.00852351 -0.30341692  0.69172223 -0.39109623  0.02063330 -0.02359761 -0.13305139 -0.05215084  0.66956808 -0.53924526  0.12641411	-0.04335089 -0.15863447  0.25882016  0.01063694 -0.26040716  0.13933367  0.25116000  0.20042516 -1.23611066  2.38919290 -0.98579384  0.58333735	-0.03196936 -0.16058643  0.26112567 -0.00403406 -0.24597032  0.12500602  0.26156661  0.20444377 -1.22354049  2.35508759 -0.95665883  0.58131263	0.15825541 0.01302276 3.90321025	 0.05892677 -0.01053315  0.03227012	 0.05810124 -0.01104893  0.03186355	 0.00153246  0.01025365 -0.99994626	0.35000000	0.00000000	0.00000000	0.87682480	0.12312994	0.27808863	-0.14167596	2.59086847	2.45358920	-4.67939711	-2.70848775	4.17653322	-1.85633814	2.29088283	0.61359918	-0.46300489	1.24073088	-0.78373438	4.64610195	-0.63603026	-1.69049549	-0.00157832	-1.14301455	0.69898582	5.23307562	-0.13631184	-0.32348874	
0.00848200	  -56.61124019    81.45119044 -1024.63151546    32.12062439   -70.12348507   -12.30470538	 7.80277764 -4.93365310  0.81670246  0.17678114  0.15163698 -0.01373494	 -22.86845378   99.73470974  -19.94897978 -148.49194521  -40.70253816   63.84861869    9.54887213  -14.52090663  -20.58648831   18.52514899   -7.39475960   20.01006183	 0.00434419 -0.00982453 -0.30119232  0.69167179 -0.39318903  0.02160703 -0.02167725 -0.13140595 -0.06294802  0.68968871 -0.54732268  0.13099219	-0.03207899 -0.14650755  0.24522077 -0.00508926 -0.21591502  0.09661974  0.18521209  0.14919247 -1.24213605  2.25514482 -0.87984693  0.51611496	-0.03379612 -0.15149276  0.26045711 -0.00475885 -0.24435941  0.11340023  0.21822946  0.18741793 -1.27424368  2.36243285 -0.94531885  0.53482163	0.16045657 0.00802327 3.90296990	 0.05841768 -0.00916032  0.03127715	 0.05845554 -0.01020786  0.03174621	 0.00145126  0.00975426 -0.99995137	0.35000000	0.00000000	0.00000000	0.87404633	0.11290186	0.31089064	-0.18452133	2.65637589	2.50052619	-4.68867540	-2.72027516	4.20672226	-1.81914508	2.26956320	0.62094748	-0.42194352	1.22721517	-0.78637528	4.66877460	-0.66354889	-1.68597853	-0.01395762	-1.14595616	0.71540374	5.21946144	-0.15739419	-0.32652757	
0.00849900	  -55.60441547    82.38313892 -1024.19405097    34.15620665   -68.29795592   -11.88922691	 7.90703216 -6.16101630  0.59215690  0.21162676  0.13711884  0.01092349	 -22.38790298  103.13647985  -20.04846373 -147.93824095  -39.36925524   65.91531533   10.47388572  -16.81555891  -19.14014605   16.83843875   -8.41083533   18.94712687	 0.00409482 -0.01104377 -0.29896089  0.69165726 -0.39531923  0.02252107 -0.02009672 -0.12992688 -0.07402236  0.70972223 -0.55529070  0.13521717	-0.04189999 -0.13582972  0.23341430  0.01857243 -0.22726124  0.10345106  0.15337446  0.12289523 -1.23109898  2.22548842 -0.85719716  0.44044146	-0.03005320 -0.14153793  0.25997469 -0.00077460 -0.24961517  0.10454241  0.17867708  0.16767767 -1.30317517  2.34838028 -0.93117687  0.48741693	0.16280349 0.00328782 3.90276172	 0.05714365 -0.00825985  0.02878997	 0.05793450 -0.00915714  0.03050224	 0.00138017  0.00926293 -0.99995615	0.35000000	0.00000000	0.00000000	0.88082618	0.09447284	0.34134498	-0.22819681	2.70496202	2.55061078	-4.67110825	-2.72024536	4.22427464	-1.78395641	2.26004004	0.62926161	-0.35797048	1.21155834	-0.81001037	4.68239498	-0.68031669	-1.69565547	-0.04517770	-1.14226925	0.77397931	5.21418858	-0.16705421	-0.35217673	
0.00802000	  -53.53353709    82.50833251 -1025.25468991    36.13405161   -65.37527120   -12.04531450	 7.87359180 -6.57304117  0.46009131  0.22441686  0.13454354  0.02273601	 -22.74094304  105.70112753  -19.75299424 -147.46146685  -36.45818424   68.06142914   11.21030653  -18.31183559  -19.05847986   16.31380293   -7.88960617   19.26965368	 0.00387225 -0.01208269 -0.29684137  0.69162791 -0.39734686  0.02330498 -0.01889658 -0.12869018 -0.08470119  0.72841034 -0.56271231  0.13879926	-0.02450440 -0.11659822  0.26879034 -0.01174640 -0.27949441  0.09613723  0.14677577  0.13374369 -1.35620100  2.31928516 -0.91865955  0.41912054	-0.02709777 -0.12804563  0.26207887 -0.00491886 -0.25288992  0.09395628  0.14557810  0.14772732 -1.32556154  2.31147457 -0.91623947  0.43702759	 0.16488748 -0.00103679  3.90272249	 0.05557965 -0.00714089  0.02667969	 0.05685564 -0.00818644  0.02860592	 0.00132059  0.00881193 -0.99996030	0.35000000	0.00000000	0.00000000	0.87868285	0.07596336	0.37196007	-0.26921508	2.75921011	2.59600759	-4.66237116	-2.72648263	4.24571943	-1.74846554	2.24826264	0.63653600	-0.29802755	1.19203222	-0.82688904	4.69227839	-0.70262277	-1.70240223	-0.06494427	-1.14421380	0.81985414	5.20566988	-0.17731586	-0.37153873	
0.00850200	  -52.12964210    81.03238318 -1025.81291086    38.82956936   -62.51056150   -11.88396020	 7.70536501 -6.66511856  0.41945034  0.22706138  0.13422611  0.02552610	 -22.65777598  107.27968073  -19.63978201 -145.81068951  -34.06058997   70.63652331   11.41856406  -19.36220562  -19.18999188   16.65201315   -7.17261194   19.81439075	 0.00366286 -0.01310502 -0.29456780  0.69161278 -0.39950075  0.02408563 -0.01789662 -0.12756831 -0.09627746  0.74810660 -0.57045012  0.14228889	-0.00045608 -0.12501862  0.26536122  0.02000795 -0.26140098  0.08178234  0.10703014  0.11672831 -1.28184293  2.20817014 -0.82670937  0.34211431	-0.02270061 -0.12020543  0.26701623 -0.00219975 -0.25454373  0.09000776  0.11295647  0.12683682 -1.35697619  2.30180682 -0.90054237  0.40006779	 0.16687294 -0.00532648  3.90273327	 0.05399635 -0.00570233  0.02469634	 0.05538524 -0.00694364  0.02656872	 0.00126818  0.00834660 -0.99996436	0.35000000	0.00000000	0.00000000	0.87862796	0.05580229	0.40144649	-0.30782008	2.81997299	2.64112139	-4.66912270	-2.73700428	4.27515411	-1.71576846	2.23314381	0.64568222	-0.24979424	1.17650831	-0.84070939	4.71295595	-0.72873878	-1.71149242	-0.07902892	-1.14848697	0.85480857	5.20230818	-0.18513030	-0.38012654	
0.00849200	  -50.33311057    81.03109370 -1028.16593647    40.30825204   -59.32745616   -11.98676063	 7.81910285 -7.26989386  0.19216374  0.24460066  0.12948168  0.04041515	 -22.91440270  109.45177817  -19.02855825 -144.94344229  -30.94225261   71.99940860   12.05525313  -20.72857428  -18.96310499   15.28241591   -7.28148508   19.52078024	 0.00344656 -0.01402594 -0.29228894  0.69156432 -0.40165485  0.02477585 -0.01718031 -0.12666517 -0.10811002  0.76753619 -0.57803591  0.14549414	-0.05280724 -0.14061021  0.27623595  0.00914947 -0.24486484  0.09879273  0.05560599  0.09801529 -1.39512259  2.24413316 -0.85892834  0.33191565	-0.02485590 -0.10947554  0.26850599 -0.00530961 -0.25147490  0.08127134  0.07824256  0.10332588 -1.38947350  2.26858935 -0.88320720  0.36721247	 0.16875303 -0.00949025  3.90302917	 0.05230418 -0.00426514  0.02310132	 0.05380922 -0.00556393  0.02471596	 0.00122793  0.00789509 -0.99996808	0.35000000	0.00000000	0.00000000	0.88161123	0.03198923	0.43404815	-0.34581205	2.87841988	2.68709922	-4.66818047	-2.75004005	4.30275583	-1.68194997	2.22405744	0.65480042	-0.19134231	1.15579033	-0.86193031	4.72859049	-0.75307596	-1.72228467	-0.10033871	-1.15331161	0.90200061	5.20467854	-0.19461173	-0.39661032	
0.00849300	  -49.02507445    79.27686228 -1029.03073756    42.53943933   -56.81122741   -11.34133008	 7.60059134 -7.57660379  0.04191398  0.25169342  0.12184684  0.04963124	 -22.20004582  110.62303329  -18.87473729 -143.88784879  -28.81250516   74.03627372   12.47962815  -21.20555133  -18.27374606   15.02159664   -6.79321162   19.37600580	 0.00326250 -0.01483493 -0.28997590  0.69147836 -0.40384584  0.02536531 -0.01668243 -0.12601808 -0.12011843  0.78669774 -0.58544123  0.14836984	-0.01038756 -0.07873447  0.28364266 -0.03108443 -0.26045987  0.06540561  0.06521531  0.04739738 -1.40737780  2.20056599 -0.82852289  0.28124757	-0.02264574 -0.09323012  0.27354249 -0.01166082 -0.25736421  0.06894687  0.05394585  0.07066555 -1.41437688  2.24211279 -0.86453689  0.32812317	 0.17068792 -0.01334734  3.90342586	 0.05069207 -0.00330787  0.02048220	 0.05218296 -0.00432365  0.02268783	 0.00119776  0.00745774 -0.99997147	0.35000000	0.00000000	0.00000000	0.88260555	0.01142923	0.46363470	-0.38469914	2.94647288	2.72940874	-4.67438316	-2.76386833	4.33596849	-1.64516556	2.20661640	0.66152775	-0.13626781	1.13728440	-0.87914330	4.74781942	-0.78015870	-1.73647404	-0.11639926	-1.16035271	0.94080520	5.20517826	-0.20204495	-0.40253127	
0.00801000	  -46.60788563    75.36886002 -1027.61957974    45.42339603   -53.03508121   -10.99721753	 7.54056616 -7.11990961 -0.31784466  0.23618974  0.11634002  0.04986128	 -21.98268409  110.15662622  -18.59715414 -141.52940351  -25.30561160   76.61655253   12.54617965  -20.26654214  -18.32877869   13.91903286   -6.25805222   20.02942017	 0.00311842 -0.01553032 -0.28778167  0.69138452 -0.40590070  0.02584635 -0.01641534 -0.12559484 -0.13158160  0.80443762 -0.59223357  0.15081054	-0.01934722 -0.05975821  0.26848407 -0.03348602 -0.25184120  0.04726358  0.01934511  0.03483900 -1.36655000  2.08996276 -0.80998572  0.26996923	-0.01683125 -0.08370074  0.27222534 -0.01399430 -0.25793577  0.06018048  0.03057914  0.04764259 -1.42694367  2.19779453 -0.84086818  0.29684709	 0.17227561 -0.01666938  3.90381651	 0.04940573 -0.00202014  0.01846180	 0.05074669 -0.00322547  0.02050952	 0.00117749  0.00705767 -0.99997440	0.35000000	0.00000000	0.00000000	0.87923926	-0.01626144	0.49229506	-0.41532958	3.00022769	2.77050781	-4.68026352	-2.77286029	4.36138105	-1.61328793	2.19319296	0.67134249	-0.08553290	1.11804545	-0.89801067	4.76750898	-0.80819416	-1.75655568	-0.12887466	-1.17003119	0.98752922	5.20469236	-0.19810647	-0.41329214	
0.00850500	  -45.95212384    70.72533591 -1029.82489092    48.55917338   -50.18769890   -11.17274540	 7.66201220 -6.50403178 -0.52839995  0.21439624  0.11651769  0.06302429	 -22.25147040  111.03042126  -17.43390320 -140.16204131  -22.82352787   78.55223286   12.54615360  -20.33735847  -18.63713779   13.10189316   -6.31341919   20.31691101	 0.00296798 -0.01618773 -0.28541659  0.69126645 -0.40807699  0.02625725 -0.01629710 -0.12536946 -0.14390925  0.82288986 -0.59922699  0.15320883	-0.00313666 -0.05666229  0.26045950  0.00077079 -0.26281111  0.04166673  0.01081269 -0.00461335 -1.37112573  2.03175899 -0.75748497  0.23884590	-0.01534144 -0.07390418  0.27570565 -0.01393540 -0.25555665  0.04515520  0.01085638  0.02234485 -1.43854502  2.14408957 -0.81235950  0.27487925	 0.17390897 -0.02012940  3.90444291	 0.04716037 -0.00096897  0.01611290	 0.04916836 -0.00201272  0.01826483	 0.00116631  0.00664524 -0.99997724	0.35000000	0.00000000	0.00000000	0.87645835	-0.04031580	0.52383792	-0.44721180	3.05275559	2.80892444	-4.67739439	-2.77761292	4.38252401	-1.57528114	2.17670918	0.67775166	-0.03232138	1.09800375	-0.91730100	4.78491020	-0.83363485	-1.77567685	-0.14352995	-1.17661297	1.03461087	5.20074034	-0.19495074	-0.42765325	
0.00850800	  -45.11561410    66.88103104 -1032.60497588    51.44581701   -47.41098551   -10.92010102	 7.64738462 -5.61531040 -0.58201533  0.17827026  0.11638801  0.06730220	 -22.00711244  111.28132844  -16.78267424 -138.90796420  -20.16906953   80.61210239   12.32676114  -19.91489768  -19.06396647   13.31938969   -6.31664206   20.09726587	 0.00283526 -0.01671091 -0.28302478  0.69109836 -0.41026372  0.02652459 -0.01623986 -0.12528359 -0.15638124  0.84091193 -0.60598717  0.15540696	-0.02460336 -0.04786430  0.27839467 -0.04178487 -0.22257104  0.03316080  0.00713199  0.00298076 -1.35206348  1.85072391 -0.67752564  0.22414713	-0.01527301 -0.05728184  0.28090706 -0.02131261 -0.25390719  0.02831921  0.00469345  0.00726045 -1.45307160  2.08494609 -0.78003492  0.25146739	 0.17542401 -0.02438059  3.90541658	0.04126495 0.00005718 0.01371057	 0.04565182 -0.00092728  0.01591164	 0.00116353  0.00626892 -0.99997967	0.35000000	0.00000000	0.00000000	0.87118798	-0.06222255	0.55315572	-0.47887102	3.10109138	2.84750080	-4.67050838	-2.78381300	4.39941311	-1.54846501	2.16222787	0.68421710	0.02310541	1.07685685	-0.93725920	4.79912710	-0.85343230	-1.79511225	-0.15583655	-1.17718542	1.09312296	5.19630766	-0.19063275	-0.44660908	
0.00845000	  -43.45568887    63.59765593 -1032.18693282    53.99119492   -44.32847402   -10.41908979	 7.44076447 -5.05287430 -0.68848230  0.15422745  0.10918528  0.06787534	 -21.51871906  110.28139877  -16.55311850 -137.27631605  -17.43682221   82.87345099   10.91584514  -20.91151720  -18.80628207   13.51465640   -6.26005442   19.95763898	 0.00273425 -0.01708707 -0.28061647  0.69092640 -0.41244897  0.02662545 -0.01621324 -0.12524741 -0.16895926  0.85853838 -0.61253393  0.15732832	-0.00530803 -0.04014954  0.31598729 -0.00410769 -0.28372139  0.00515192  0.02147388 -0.03308132 -1.61154675  2.23134235 -0.84584932  0.22860966	-0.01168896 -0.04310156  0.28865406 -0.01957121 -0.25745178  0.01064682  0.00321141  0.00038719 -1.49325281  2.07991749 -0.77246890  0.22485620	 0.17683448 -0.02891054  3.90640704	0.03417047 0.00101161 0.01157881	0.04006576 0.00008956 0.01364066	 0.00116906  0.00594955 -0.99998162	0.35000000	0.00000000	0.00000000	0.87134969	-0.08373053	0.58069593	-0.51487744	3.17038631	2.88933277	-4.69370699	-2.80604720	4.43588161	-1.53706062	2.15203094	0.69110847	0.06231504	1.06089842	-0.95250362	4.82997561	-0.87210524	-1.81894100	-0.16640478	-1.18389809	1.14172184	5.21411943	-0.19725701	-0.45779631	
0.00804600	  -40.25851915    60.80857077 -1034.37723276    55.99601261   -40.66222635   -10.16798688	 7.07434174 -4.91870005 -1.26799228  0.14632437  0.09452708  0.07146695	 -21.40476722  109.49788857  -16.51548037 -136.82292590  -13.80019985   84.00361574    9.83586310  -22.80664289  -17.17441998   11.02795254   -4.74626154   19.68230584	 0.00264782 -0.01728533 -0.27832515  0.69071388 -0.41451033  0.02667009 -0.01620210 -0.12521673 -0.18088963  0.87467928 -0.61844292  0.15883796	-0.00396857 -0.00368766  0.28245005 -0.00149462 -0.25888558 -0.00916080 -0.00074239  0.02380038 -1.54488130  2.03218327 -0.73447418  0.19246863	-0.00856813 -0.02305261  0.28605489 -0.02446518 -0.25386797  0.00296933  0.00232238  0.00442231 -1.48120225  1.99308073 -0.72782449  0.18330354	 0.17820434 -0.03328803  3.90772049	0.02758127 0.00159517 0.01110707	0.03385696 0.00090209 0.01211813	 0.00118034  0.00570418 -0.99998303	0.35000000	0.00000000	0.00000000	0.86548173	-0.11411258	0.60306728	-0.55206418	3.18142605	2.92792368	-4.64941406	-2.78757811	4.42418337	-1.51714277	2.15496421	0.70577765	0.14904132	1.03933191	-0.98300910	4.81435490	-0.87493974	-1.83540773	-0.18917561	-1.17083609	1.26258659	5.19675589	-0.18695660	-0.52965862	
0.00845000	  -39.42468758    51.03020774 -1032.12312866    58.71209142   -38.50355882   -10.15758315	 6.97419914 -2.89404349 -1.44080948  0.07971303  0.09069946  0.05112962	 -21.49191139  108.65070605  -16.26978616 -135.21733168  -12.20687713   86.57294643    7.80605580  -25.55995494  -17.90794414   11.60227602   -5.01341616   21.39190722	 0.00254141 -0.01740793 -0.27584874  0.69040955 -0.41667817  0.02669526 -0.01620395 -0.12522830 -0.19360490  0.89129354 -0.62441029  0.16023820	-0.01793595 -0.02094251  0.28395683 -0.03833067 -0.27679378 -0.01470998 -0.01634187 -0.00891259 -1.50692456  1.96886221 -0.67573871  0.14998701	-0.01319413 -0.01329713  0.29213417 -0.03657180 -0.25634435  0.00083492  0.00050199 -0.00190660 -1.50448978  1.95484614 -0.69785194  0.16436018	 0.17950490 -0.03757413  3.90904652	0.02266469 0.00272800 0.01228148	0.02756579 0.00177042 0.01182067	 0.00119917  0.00549607 -0.99998418	0.35000000	0.00000000	0.00000000	0.86010659	-0.14101124	0.63011646	-0.58554494	3.21292996	2.95764232	-4.65155315	-2.77799559	4.43178129	-1.50071132	2.14408922	0.71959853	0.18718791	1.02811575	-0.99331230	4.84269524	-0.88868296	-1.85486960	-0.19679043	-1.16697860	1.33726811	5.18309736	-0.18018211	-0.56987602	
0.00803900	  -36.56048695    46.45362879 -1027.92517833    60.36114249   -35.10283856    -9.06713215	 6.73593233 -3.18017954 -1.94325355  0.08691297  0.07141693  0.05472160	 -20.16506058  108.16650200  -16.21492989 -133.67383626   -9.17040262   87.00513256    6.80968864  -27.13344526  -16.56823802   10.05591467   -5.04626682   20.94019702	 0.00244978 -0.01743712 -0.27348299  0.69009026 -0.41868255  0.02671793 -0.01620166 -0.12524795 -0.20559302  0.90638652 -0.62974840  0.16145941	 0.00851091  0.00076164  0.27363020 -0.04438086 -0.20284057  0.01151022 -0.01558370 -0.01786324 -1.41184794  1.79332925 -0.62619761  0.12220943	-0.01012717 -0.00298955  0.29386412 -0.04141067 -0.24794003  0.00369254  0.00094774 -0.00680233 -1.49179161  1.87221594 -0.65823223  0.14955167	 0.18074969 -0.04040656  3.91007307	0.02237388 0.00354482 0.01281623	0.02426669 0.00269247 0.01234460	 0.00122519  0.00531761 -0.99998511	0.35000000	0.00000000	0.00000000	0.85934490	-0.17070244	0.65146899	-0.61873966	3.22425723	2.99346995	-4.61533070	-2.75917554	4.42043829	-1.47588873	2.14008021	0.73677886	0.26412329	1.01084507	-1.02366436	4.84707689	-0.89154041	-1.87465155	-0.21819332	-1.15727448	1.44591415	5.17015791	-0.16059202	-0.63206363	
0.00849500	  -36.22653078    45.07975585 -1022.29700870    61.82307918   -32.92019871    -8.98556833	 6.67795357 -3.36465220 -2.11197935  0.09688711  0.07338491  0.05548038	 -20.23410305  108.44904828  -15.77938926 -131.33174682   -7.73434661   88.79029477    4.50289270  -28.92761070  -17.52348187   10.06507015   -4.53642400   21.62616634	 0.00234121 -0.01745906 -0.27092141  0.68966272 -0.42082629  0.02672171 -0.01619257 -0.12534762 -0.21834274  0.92181019 -0.63510930  0.16267702	-0.00366067  0.00896120  0.29276551 -0.06920373 -0.25245588  0.02322754  0.00326306 -0.01768971 -1.39232762  1.64247075 -0.55250098  0.14386377	-0.01017398  0.00010254  0.30085859 -0.05212323 -0.25094487  0.00287473  0.00259012 -0.01484284 -1.49310449  1.79598814 -0.62021094  0.14323216	 0.18192530 -0.04270534  3.91068966	0.02385256 0.00481894 0.01318126	0.02357523 0.00373791 0.01279174	 0.00126146  0.00512145 -0.99998609	0.35000000	0.00000000	0.00000000	0.85431659	-0.19614890	0.67680395	-0.65541917	3.24620223	3.02481055	-4.59676266	-2.73969579	4.41128635	-1.44655502	2.12041163	0.75112069	0.32352087	0.99671370	-1.04051781	4.86099625	-0.90174544	-1.89205313	-0.23105890	-1.14902329	1.52582240	5.14845324	-0.14396614	-0.67832768	
0.00848400	  -33.89092896    44.32990220 -1018.41361952    63.14550740   -29.28869377    -8.21014676	 6.44246637 -3.93966840 -2.31370687  0.11426903  0.06614394  0.06151058	 -19.32784243  109.48593402  -15.72790725 -128.90800735   -4.55884808   89.86023247    2.55568940  -30.03753567  -17.26861719    9.82139265   -4.19782361   21.14166620	 0.00223056 -0.01745901 -0.26833163  0.68920909 -0.42294857  0.02671347 -0.01619290 -0.12558013 -0.23109802  0.93659346 -0.64012936  0.16385500	 0.01458381  0.00981770  0.29165783 -0.04592968 -0.24864645 -0.02225197  0.00935854 -0.03855176 -1.43955619  1.66679988 -0.56629565  0.11484310	-0.00959726  0.00174790  0.30650890 -0.05378775 -0.25091937 -0.00166811  0.00337368 -0.02984209 -1.50221119  1.73151235 -0.58530534  0.13631674	 0.18287734 -0.04450238  3.91099442	0.02604485 0.00635555 0.01268748	0.02460129 0.00503896 0.01287025	 0.00130981  0.00490899 -0.99998709	0.35000000	0.00000000	0.00000000	0.85434604	-0.22380546	0.70076066	-0.69610488	3.27938294	3.06665826	-4.57891178	-2.73446059	4.40770340	-1.42267251	2.10722661	0.76637065	0.39116293	0.98129344	-1.06369066	4.86944675	-0.90782791	-1.90976381	-0.24585456	-1.14356065	1.60178423	5.14172077	-0.12796471	-0.72060841	
0.00802700	  -31.31854198    42.92560852 -1016.71840121    64.51273580   -25.50432924    -7.36922571	 6.11829932 -4.07295756 -2.52325292  0.11730844  0.05819021  0.06181894	 -18.39940748  109.85839868  -15.37478919 -126.85987520   -1.17654838   91.00036085    0.30070757  -30.07643461  -16.64677293    9.39572302   -3.49983334   21.02888027	 0.00212703 -0.01747321 -0.26589330  0.68873232 -0.42492962  0.02672511 -0.01619253 -0.12592390 -0.24310041  0.94989600 -0.64447727  0.16488930	-0.01605223 -0.00353359  0.28638724 -0.05823393 -0.21779896 -0.00065319  0.01402542 -0.02543393 -1.38086246  1.50627780 -0.46570208  0.10787051	-0.01075056 -0.00155712  0.30274068 -0.05778939 -0.24400389  0.00082530  0.00257210 -0.04333495 -1.48764436  1.63890761 -0.53174001  0.12638409	 0.18367268 -0.04586554  3.91116771	0.02831886 0.00752583 0.01158855	0.02636574 0.00632048 0.01235018	 0.00136627  0.00469091 -0.99998806	0.35000000	0.00000000	0.00000000	0.85060513	-0.25385684	0.72052330	-0.73160017	3.29351687	3.10655236	-4.54071951	-2.71550751	4.38722515	-1.39375949	2.09648538	0.78394496	0.46820396	0.96557283	-1.09113395	4.86509848	-0.91077799	-1.92857945	-0.25897732	-1.13315582	1.69198895	5.12137365	-0.09846067	-0.77467984	
0.00800500	  -31.05146538    41.61371838 -1015.33859505    65.43306665   -23.35376409    -6.59382060	 6.14122888 -3.81585743 -2.45637841  0.10859293  0.05451688  0.05810608	 -17.55207287  110.73556089  -14.67875031 -125.19151899    0.49044355   91.56935644   -1.70871703  -29.72543144  -16.94093739    9.86657577   -4.55654857   21.33184344	 0.00203091 -0.01746775 -0.26342399  0.68821818 -0.42692179  0.02673017 -0.01620641 -0.12640716 -0.25506142  0.96259610 -0.64850834  0.16584521	-0.02958341  0.00809332  0.30313256 -0.06320212 -0.25109505  0.02154490  0.00200463 -0.07083455 -1.50516875  1.58665454 -0.46148885  0.14823412	-0.01321835  0.00103246  0.30490701 -0.06206789 -0.24706728  0.00253425 -0.00106220 -0.06238899 -1.48393290  1.56707152 -0.49304584  0.12092624	 0.18451547 -0.04694579  3.91117151	0.03070468 0.00821911 0.00925893	0.02849289 0.00735639 0.01102394	 0.00143009  0.00445413 -0.99998906	0.35000000	0.00000000	0.00000000	0.84914923	-0.27566689	0.74595684	-0.76103562	3.32737637	3.13702059	-4.52423525	-2.70981526	4.38425493	-1.36264324	2.07541919	0.79319036	0.52457529	0.95278174	-1.11010969	4.88610363	-0.91943657	-1.95442700	-0.27061760	-1.13466024	1.75253773	5.11470747	-0.07499100	-0.80465740	
0.00849500	  -29.20048500    39.86252081 -1012.57050292    66.10999941   -20.21331851    -5.73410590	 5.86179111 -3.54811671 -2.73409847  0.09847247  0.04686936  0.05374833	 -16.61709789  110.52031684  -14.77804419 -122.97848481    3.21346553   92.24541903   -3.33595164  -28.79076260  -16.51763582    9.20101615   -3.81650792   21.37094352	 0.00196698 -0.01747302 -0.26077274  0.68764538 -0.42903760  0.02671633 -0.01621132 -0.12705182 -0.26776333  0.97543798 -0.65245633  0.16679807	-0.00827786 -0.02094110  0.25458828 -0.07468725 -0.21032449 -0.01850742 -0.01340249 -0.08871025 -1.36449741  1.36174555 -0.39341478  0.09546499	-0.00888470 -0.00242712  0.30714753 -0.06617985 -0.24557220 -0.00224757 -0.00311984 -0.07816859 -1.47954846  1.48758138 -0.45280476  0.11048364	 0.18529594 -0.04787656  3.91102142	0.03322858 0.00906405 0.00605897	0.03092469 0.00824608 0.00862948	 0.00150397  0.00418167 -0.99999013	0.35000000	0.00000000	0.00000000	0.84821242	-0.30192745	0.76771361	-0.79166144	3.36045122	3.17372441	-4.50695848	-2.70573401	4.37735271	-1.33246338	2.05502582	0.80672598	0.58917558	0.93757582	-1.13265121	4.89440346	-0.92759115	-1.97772098	-0.28080559	-1.13335395	1.82094657	5.10776472	-0.05056811	-0.84015638	
0.00802400	  -27.68004272    38.15215764 -1011.01792052    66.50663975   -17.54975187    -5.49861533	 5.49204866 -3.10443019 -2.94123398  0.08328454  0.03937255  0.04910501	 -16.49327026  110.99117661  -14.70880321 -121.33712995    5.60567263   92.72678018   -5.05634586  -27.54596698  -15.73788112    8.79097189   -3.07378361   21.64047855	 0.00193985 -0.01747006 -0.25824849  0.68710556 -0.43104971  0.02672566 -0.01620673 -0.12778236 -0.27965946  0.98685695 -0.65578420  0.16766053	 0.03434911 -0.01766141  0.34399527 -0.07336388 -0.29100403 -0.02163446 -0.01306636 -0.13694693 -1.56894463  1.48086566 -0.42752855  0.07572460	-0.00206105 -0.00111852  0.31630392 -0.06674703 -0.25255412 -0.00016238 -0.00126983 -0.09549117 -1.48352818  1.41610962 -0.40907046  0.10598974	 0.18606554 -0.04871396  3.91078605	0.03558709 0.00955062 0.00391435	0.03326151 0.00896026 0.00616474	 0.00157897  0.00390574 -0.99999113	0.35000000	0.00000000	0.00000000	0.84857869	-0.32732376	0.79069155	-0.82288361	3.39322996	3.20794368	-4.49146986	-2.70367742	4.36973429	-1.30258858	2.03381658	0.81519091	0.65157801	0.92722976	-1.15149903	4.90070581	-0.93142092	-2.00339198	-0.28812456	-1.13324034	1.88418746	5.10448742	-0.02559707	-0.87532032	
0.00846900	  -24.53014510    37.96529010 -1010.13050501    66.32754491   -13.48797296    -5.17601708	 5.12616434 -2.75940061 -3.17853326  0.07056573  0.03062237  0.04658304	 -16.19543217  110.63829279  -15.11707049 -119.05359080    9.58315808   93.16837585   -7.16629024  -26.23215789  -15.12257572    8.25145733   -2.38562861   21.66214722	 0.00190867 -0.01746789 -0.25559473  0.68652931 -0.43317962  0.02674098 -0.01620670 -0.12864229 -0.29221077  0.99824136 -0.65889364  0.16858758	 0.01186967 -0.02446542  0.26322310 -0.06502278 -0.25154602  0.01070401 -0.01370866 -0.07011923 -1.36635206  1.16433314 -0.30442485  0.11883808	-0.00105200 -0.00107940  0.30873704 -0.06477604 -0.25213194  0.00295676 -0.00163101 -0.10075205 -1.46667997  1.31699741 -0.35323563  0.10890798	 0.18667171 -0.04974155  3.91056537	0.03762126 0.01043058 0.00271568	0.03560493 0.00964258 0.00416233	 0.00166352  0.00359349 -0.99999216	0.35000000	0.00000000	0.00000000	0.84553015	-0.36134553	0.81078535	-0.85181212	3.40730619	3.24449420	-4.45455408	-2.69510555	4.34795237	-1.28035510	2.02295041	0.83119452	0.72755861	0.91205221	-1.18077099	4.89552593	-0.93205309	-2.03158760	-0.29879385	-1.12901819	1.97205853	5.09566593	0.01060860	-0.92883074	
0.00850000	  -23.28708727    39.98401991 -1010.08108758    66.22108697   -10.95777968    -4.37132445	 4.95913117 -2.81760456 -3.37560280  0.07012612  0.01934781  0.03429479	 -15.49410076  111.88372970  -14.76565132 -118.08187807   11.35024068   93.84557629   -9.14084905  -26.11667967  -14.26912803    7.43407433   -2.69846337   21.33278835	 0.00187300 -0.01746305 -0.25291672  0.68594507 -0.43530072  0.02683036 -0.01623231 -0.12960897 -0.30465179  1.00884128 -0.66155702  0.16944896	-0.02184016 -0.00320404  0.30199498 -0.06516440 -0.22839407  0.04345129  0.01364907 -0.10359641 -1.40545399  1.15184920 -0.26602196  0.09854362	-0.00396799  0.00018285  0.31167693 -0.06840914 -0.24937577  0.01419977 -0.00297268 -0.11264473 -1.45400097  1.22384342 -0.30271769  0.09985333	 0.18737086 -0.05115286  3.91040339	0.03828981 0.01069218 0.00292216	0.03720779 0.01028461 0.00328119	 0.00175389  0.00327008 -0.99999312	0.35000000	0.00000000	0.00000000	0.84320420	-0.38921019	0.83273953	-0.88241047	3.41882110	3.27689409	-4.41161299	-2.67620873	4.32160711	-1.25307024	2.00874305	0.84105515	0.79798955	0.90020907	-1.20743585	4.89181376	-0.92962337	-2.05779409	-0.31401607	-1.12108111	2.05884624	5.07890749	0.03912742	-0.97982544	
0.00800800	  -21.39000238    40.38894082 -1007.96428797    65.97162651    -8.29605714    -3.28161092	 4.56463972 -2.18208227 -3.52605106  0.05041442  0.01234732  0.01164902	 -14.36147099  111.74447203  -15.33396491 -116.18015611   13.41808113   93.88808250  -10.57511725  -25.01848799  -13.83553123    7.39277884   -1.82671406   21.99322030	 0.00183925 -0.01746702 -0.25038418  0.68540967 -0.43731925  0.02702417 -0.01637930 -0.13058973 -0.31620906  1.01804730 -0.66362159  0.17025307	-0.01173350 -0.02319165  0.33206604 -0.06449984 -0.27192879  0.02261391 -0.00357983 -0.10418767 -1.36401354  1.07362625 -0.22515914  0.10571900	-0.00561775 -0.00136606  0.31606498 -0.06719544 -0.25326473  0.02540476 -0.01819823 -0.12049664 -1.43280691  1.13147251 -0.25089731  0.10100872	 0.18792414 -0.05270068  3.91013409	0.03813074 0.01122308 0.00345907	0.03784238 0.01073173 0.00325739	 0.00184161  0.00296407 -0.99999391	0.35000000	0.00000000	0.00000000	0.83825755	-0.41836733	0.85127968	-0.90222532	3.42492676	3.29978848	-4.36883688	-2.65938354	4.29899549	-1.22490346	1.99382854	0.85516393	0.86701941	0.88603008	-1.23221016	4.88450623	-0.93493110	-2.08085561	-0.32544112	-1.11761892	2.13691878	5.06135178	0.07194266	-1.02735400	
0.00848200	  -19.01902183    38.33900764 -1009.92612120    65.93906190    -4.75601799    -2.61475424	 4.24456082 -1.93991619 -3.58993031  0.04026202  0.00784451  0.00491373	 -13.73362932  112.03278470  -14.98194319 -114.95643076   16.83400476   93.22207260  -10.99041662  -24.15980726  -13.42603044    7.37754482   -1.37030835   21.82403892	 0.00181199 -0.01747167 -0.24772845  0.68486809 -0.43947541  0.02738136 -0.01670332 -0.13169606 -0.32834979  1.02698000 -0.66530142  0.17111302	-0.01281645 -0.03027908  0.30409209 -0.09680464 -0.27397240  0.03394687 -0.04739176 -0.14442595 -1.44663562  1.04746253 -0.18821757  0.12057382	-0.00513534 -0.00337860  0.31254420 -0.06728912 -0.25638375  0.04138951 -0.04052229 -0.13043424 -1.42466603  1.03749263 -0.18991618  0.10314420	 0.18842495 -0.05421098  3.91004008	0.03889928 0.01164915 0.00412338	0.03830048 0.01122536 0.00365336	 0.00193913  0.00263695 -0.99999464	0.35000000	0.00000000	0.00000000	0.83454436	-0.45131871	0.87228578	-0.92527175	3.44127750	3.32451153	-4.32199144	-2.65379548	4.27929163	-1.19761014	1.98647368	0.86765587	0.94380563	0.86709398	-1.26409996	4.86870813	-0.94106120	-2.10575795	-0.33839923	-1.11727285	2.20789719	5.05194902	0.10239408	-1.06981289	
0.00800300	  -16.57057555    35.59104526 -1010.21053417    65.82715879    -1.91735785    -1.81214655	 3.85046167 -1.69534116 -3.81596449  0.03000887 -0.01049498  0.00454051	 -12.80889609  112.43858242  -15.11759760 -114.22735983   19.35921894   92.28379929  -11.04957709  -22.89688969  -11.51372433    6.67008789   -1.74550000   21.61915866	 0.00177942 -0.01745400 -0.24519604  0.68437737 -0.44150649  0.02778447 -0.01715584 -0.13278481 -0.33959666  1.03456668 -0.66639745  0.17188625	 0.00402267  0.02394086  0.32329237 -0.06559100 -0.24646629  0.05162454 -0.05676460 -0.12890618 -1.33613882  0.85636490 -0.10978311  0.08225311	-0.00426288  0.00211272  0.31763661 -0.06160549 -0.25417609  0.05007506 -0.06026389 -0.13645078 -1.39874491  0.93200912 -0.12773763  0.09529565	 0.18910219 -0.05538056  3.91006143	0.04069867 0.01122553 0.00435911	0.03931438 0.01136605 0.00405744	 0.00203117  0.00231872 -0.99999525	0.35000000	0.00000000	0.00000000	0.82919604	-0.48409590	0.89246011	-0.94021177	3.44334888	3.34217048	-4.26039362	-2.63765407	4.25530958	-1.16529894	1.97880697	0.87710989	1.02287138	0.84701222	-1.29999912	4.85259676	-0.94452673	-2.13533854	-0.35833949	-1.11720228	2.29532743	5.04095936	0.13565980	-1.12095201	
0.00850100	  -15.13453095    37.09344427 -1011.12680319    65.78138630     0.70584354    -1.29413487	 3.74321617 -1.12478312 -3.86673645  0.01539826 -0.01608648 -0.00181456	 -12.35412953  112.61463022  -15.51581949 -112.70074564   21.52288887   92.93996429  -11.08312328  -22.32606530  -11.42059308    6.25160678   -0.92050760   22.52621028	 0.00173676 -0.01746913 -0.24250253  0.68382537 -0.44368870  0.02826344 -0.01776219 -0.13398890 -0.35131665  1.04172905 -0.66708086  0.17273388	-0.03334334 -0.01918367  0.29966878 -0.07190742 -0.24560936  0.03749534 -0.07216631 -0.11952782 -1.27753562  0.74714219 -0.05238569  0.06475563	-0.00770654 -0.00321310  0.31717429 -0.06452850 -0.25726402  0.05649220 -0.07309986 -0.14085769 -1.36908215  0.82200292 -0.07169049  0.09830552	 0.18972624 -0.05676507  3.91022110	0.04172983 0.01114263 0.00433644	0.04066582 0.01121767 0.00425419	 0.00212589  0.00196730 -0.99999581	0.35000000	0.00000000	0.00000000	0.81779385	-0.51918030	0.91158259	-0.95451105	3.43533230	3.35576510	-4.19831848	-2.61031294	4.21983910	-1.13289630	1.96617568	0.89055336	1.08863676	0.82781112	-1.32860303	4.83063698	-0.95328653	-2.15696645	-0.37151414	-1.11352134	2.37159014	5.00906324	0.16891585	-1.16992509	
0.00801300	  -13.18239823    35.93853654 -1011.66470299    65.69220611     3.44454025    -0.31585322	 3.99662639 -0.82921890 -3.70622269  0.00256444 -0.03856747  0.00451609	 -11.10144455  113.85773015  -15.57651313 -111.88012850   24.08001257   92.41707647  -10.93373098  -20.73155600  -10.34602532    6.40706049   -0.35491945   22.11531931	 0.00172755 -0.01746005 -0.23995863  0.68333072 -0.44575424  0.02882200 -0.01848487 -0.13512329 -0.36208566  1.04759040 -0.66733303  0.17360303	 0.02881826 -0.01640232  0.29473522 -0.07492405 -0.24826876  0.09378042 -0.09152538 -0.10649742 -1.25117138  0.66298047 -0.02765795  0.09964232	 0.00084407  0.00007765  0.31774795 -0.06283415 -0.25909135  0.07096787 -0.09176801 -0.13945258 -1.33485131  0.71574704 -0.02904591  0.10575965	 0.19035941 -0.05805638  3.91048897	0.04239273 0.01084919 0.00268826	0.04158470 0.01107120 0.00371937	 0.00221402  0.00163054 -0.99999622	0.35000000	0.00000000	0.00000000	0.80777609	-0.54865426	0.92892414	-0.96721143	3.43429613	3.37123132	-4.12537289	-2.59305358	4.19004297	-1.10429931	1.95821857	0.89929652	1.16377759	0.80524498	-1.36306059	4.79809618	-0.95795488	-2.17818999	-0.39064693	-1.11357510	2.44180679	4.99103260	0.19841793	-1.21091604	
0.00800100	  -11.34778738    36.91340801 -1010.92026715    65.53331373     5.83543687    -0.24878496	 4.00631504 -1.20467829 -3.69962708  0.01318858 -0.05491946  0.01973322	 -11.33631624  114.72566199  -16.06898123 -111.08118135   26.20422895   92.24070930  -10.56444753  -21.11413950   -9.22645561    5.93900478    1.93488589   21.61136189	 0.00170170 -0.01745016 -0.23739728  0.68282752 -0.44782859  0.02941085 -0.01927548 -0.13626115 -0.37257966  1.05259696 -0.66744128  0.17447866	-0.02054643 -0.02557257  0.28861632 -0.04196210 -0.26486080  0.06567783 -0.09538840 -0.13784734 -1.21361115  0.54372053 -0.01378191  0.11205857	-0.00329148 -0.00026208  0.31814505 -0.06188394 -0.25977810  0.07354317 -0.10029451 -0.13940262 -1.29607760  0.60721670 -0.01195574  0.10743038	 0.19104719 -0.05954911  3.91078994	0.04250909 0.01052535 0.00179074	0.04216019 0.01080866 0.00270738	 0.00229944  0.00129046 -0.99999652	0.35000000	0.00000000	0.00000000	0.79543531	-0.57922864	0.94212013	-0.98598826	3.43996739	3.38582253	-4.05677938	-2.57561731	4.16440439	-1.07626987	1.94909871	0.90986788	1.23799837	0.77935892	-1.39610589	4.75519276	-0.96631348	-2.19434762	-0.41370073	-1.11489952	2.50498581	4.97157574	0.21342294	-1.25292552	
0.00844900	   -9.80713785    37.93781831 -1012.17197329    65.52316691     7.81313178     0.17815282	 3.69654248 -1.23912690 -3.58363401  0.01060009 -0.06673898  0.02301455	  -9.89728009  115.64795280  -16.79186039 -110.96987721   27.84175560   92.17762280  -10.74329850  -19.96537435   -8.12113737    6.31508687    6.31195082   21.10060951	 0.00169896 -0.01739109 -0.23464231  0.68225671 -0.45004730  0.03009225 -0.02021381 -0.13742958 -0.38339975  1.05695928 -0.66749500  0.17529251	 0.00833776 -0.00249028  0.33905116 -0.10408106 -0.28568781  0.08170181 -0.11820579 -0.10968436 -1.30343432  0.49134707  0.00614135  0.09201860	-0.00009548  0.00600253  0.32648273 -0.06960428 -0.26522485  0.08141884 -0.11094403 -0.13489016 -1.27634161  0.50025563 -0.00522091  0.09422391	 0.19184619 -0.06173984  3.91127250	0.04061266 0.01017300 0.00121914	0.04169898 0.01049246 0.00186677	 0.00238740  0.00093667 -0.99999671	0.35000000	0.00000000	0.00000000	0.77893215	-0.60153943	0.95408803	-1.00403869	3.46042562	3.40110874	-3.99582219	-2.56775427	4.14790821	-1.04803514	1.93167615	0.91672266	1.31115675	0.75122976	-1.42131114	4.70178843	-0.97918469	-2.19939470	-0.43068582	-1.11533558	2.55228043	4.94989347	0.21393034	-1.27890456	
0.00802300	   -5.68336292    38.82601770 -1010.89703232    65.31831552    10.67284015     1.15846062	 2.59001428 -1.13881526 -3.77996190  0.00854023 -0.08622982  0.02011780	  -8.81006332  115.29737830  -19.19028777 -110.28044271   30.06722832   92.19491816  -10.77036048  -19.79195219   -5.30933232    6.37843885   12.70777249   21.36685714	 0.00168990 -0.01728823 -0.23202930  0.68172014 -0.45213451  0.03075146 -0.02119641 -0.13847310 -0.39322161  1.06013776 -0.66746861  0.17592656	-0.01566658  0.02892048  0.31681437 -0.07880196 -0.26931955  0.08982734 -0.14620367 -0.09830766 -1.20538931  0.33702132 -0.00306378  0.09782008	-0.00138148  0.01321593  0.32438301 -0.06938002 -0.26437526  0.08417757 -0.12507144 -0.12772914 -1.22298511  0.38226095  0.00474704  0.07952795	 0.19250563 -0.06400733  3.91174245	0.03842268 0.01028841 0.00101064	0.04019711 0.01032271 0.00137568	 0.00246905  0.00062095 -0.99999676	0.35000000	0.00000000	0.00000000	0.75745928	-0.63287288	0.95637453	-1.02031863	3.45592999	3.41174841	-3.90993547	-2.54276562	4.12041473	-1.01939416	1.92259228	0.93370903	1.39889610	0.71995616	-1.45177031	4.62264442	-0.99197561	-2.19766688	-0.45243105	-1.11236596	2.62365294	4.91326761	0.21938778	-1.33035517	
0.00852700	   -4.33343115    39.96084947 -1012.83371346    65.39243494    12.13321045     1.34452248	 1.09832488 -0.95462689 -4.03839842  0.00359481 -0.08036468  0.01464898	  -7.56515703  114.97430825  -20.20228077 -110.37289327   31.04132563   92.71006858  -10.10302929  -19.32165593   -3.65525388    6.66872813   18.54923272   21.66227832	 0.00169661 -0.01714273 -0.22921993  0.68114600 -0.45436686  0.03152918 -0.02226025 -0.13951696 -0.40323319  1.06250618 -0.66713787  0.17649987	 0.01323911  0.00556409  0.31289157 -0.07438158 -0.26457613  0.08999843 -0.08971701 -0.13595711 -1.09113933  0.21780811  0.04231653  0.03874770	 0.00160141  0.01753329  0.32828568 -0.06860107 -0.26319817  0.09243761 -0.12329506 -0.12093449 -1.16167498  0.25675324  0.04703645  0.06627624	 0.19336792 -0.06657000  3.91239228	0.03595692 0.01002718 0.00091410	0.03807562 0.01021629 0.00109750	 0.00255562  0.00030534 -0.99999669	0.35000000	0.00000000	0.00000000	0.73194695	-0.66024828	0.96068454	-1.03465891	3.43513966	3.41253757	-3.80654216	-2.49962831	4.07218504	-0.98044151	1.90699220	0.94323933	1.48650348	0.69208306	-1.48124516	4.53857470	-1.00076270	-2.19770885	-0.47010443	-1.10198462	2.69858050	4.85499048	0.23337857	-1.38287508	
0.00845300	   -2.68212015    40.38526684 -1014.73411571    65.42682681    14.24792420     1.78718618	-0.20994196 -0.59127829 -3.58665783 -0.00881569 -0.06994569  0.00137784	  -6.90644313  114.54373026  -21.27673097 -109.72070944   32.98768097   92.75854111  -10.20697508  -18.73970497   -3.08913053    7.63327819   21.79361370   21.97760203	 0.00168857 -0.01695002 -0.22641999  0.68057394 -0.45661673  0.03246406 -0.02336757 -0.14045027 -0.41276474  1.06380961 -0.66619958  0.17703190	 0.00446657  0.01338873  0.32935305 -0.07221240 -0.29261313  0.15440878 -0.12916628 -0.09141011 -1.17073018  0.07019181  0.15208213  0.06622858	 0.00023488  0.02150995  0.33091691 -0.06755552 -0.26845372  0.11407600 -0.12938716 -0.10707035 -1.12359411  0.13328621  0.12496603  0.06171934	 0.19415104 -0.06931715  3.91304596	0.03347366 0.01004343 0.00087989	0.03571157 0.01013321 0.00096325	 0.00264124  0.00001114 -0.99999651	0.35000000	0.00000000	0.00000000	0.70831460	-0.69712037	0.96991330	-1.04242885	3.39882779	3.40577602	-3.69846129	-2.45804572	4.01706600	-0.95320094	1.90312934	0.95462680	1.57125425	0.66405362	-1.51576400	4.46334028	-1.00732720	-2.20675993	-0.48798370	-1.09083843	2.78592539	4.80061579	0.25989404	-1.44211578	
0.00803800	    1.13958471    39.73413723 -1017.12673270    65.41666420    17.40499137     2.62073901	-2.86593804 -0.55022214 -1.07705133 -0.01688539 -0.06757955 -0.00659763	  -4.86055184  114.87121844  -22.15049282 -109.91399950   35.83996779   91.82011938  -10.12399535  -19.49824131   -0.45219885    7.59415746   22.27291489   21.84274423	 0.00167975 -0.01672878 -0.22373839  0.68002781 -0.45875449  0.03340723 -0.02439703 -0.14126991 -0.42136981  1.06435121 -0.66468102  0.17753134	-0.02161301  0.03136046  0.30298669 -0.07167881 -0.24648236  0.09332088 -0.09644150 -0.06754358 -1.01280030  0.04180861  0.21514413  0.07450924	-0.00154898  0.02864453  0.33267246 -0.06741817 -0.26644138  0.11590359 -0.12478735 -0.09783434 -1.06573336  0.06178184  0.20067505  0.06137114	 0.19529323 -0.07194290  3.91264218	0.03258346 0.00703487 0.00093988	0.03391491 0.00906730 0.00093089	 0.00271071 -0.00025205 -0.99999629	0.35000000	0.00000000	0.00000000	0.69298488	-0.73224348	0.97887558	-1.04789340	3.36287642	3.40083456	-3.58994150	-2.42001820	3.96904230	-0.93246680	1.91233456	0.96476948	1.65020788	0.64306176	-1.55698323	4.40947485	-1.00352263	-2.22345948	-0.51137370	-1.08797634	2.88273478	4.76384258	0.28700972	-1.50568151	
0.00847100	    1.93193405    40.38407193 -1018.05993979    65.40206406    19.24210166     2.96095545	-3.32807577 -0.51519630 -0.44622921 -0.02017493 -0.06855108 -0.00700050	  -3.94075340  114.44886136  -22.65167090 -108.84939694   37.16658166   91.94610441  -10.19791369  -19.48993570   -0.59430051    5.53641872   20.93245348   21.75073153	 0.00167546 -0.01646936 -0.22083095  0.67943098 -0.46103746  0.03446390 -0.02547748 -0.14209450 -0.43024365  1.06452832 -0.66243094  0.17798610	-0.02085921  0.05021169  0.33546388 -0.06919538 -0.26887305  0.15563544 -0.11593742 -0.09502568 -1.07650825 -0.01402057  0.28746341  0.03873715	-0.00189612  0.03216224  0.34115053 -0.06911435 -0.26953345  0.12492012 -0.12441122 -0.09655738 -1.04145106  0.01446147  0.27505644  0.05061546	 0.19665512 -0.07471617  3.91187139	0.03240331 0.00336679 0.00099697	0.03298424 0.00629052 0.00095881	 0.00275370 -0.00052818 -0.99999607	0.35000000	0.00000000	0.00000000	0.68234777	-0.76640379	0.99733812	-1.05175221	3.33995008	3.38827682	-3.51410198	-2.38950038	3.92825222	-0.91418493	1.91114151	0.96868324	1.70461202	0.62607807	-1.59176397	4.38680696	-1.00827670	-2.25094771	-0.53516442	-1.09354174	2.96014190	4.73470116	0.30784824	-1.54424477	
0.00804000	    3.77304435    39.88832668 -1015.44273736    65.13089458    21.29166795     3.28254859	-3.15053660  0.01308398 -1.06644641 -0.03301917 -0.08651631 -0.00694054	  -2.64677052  114.03462148  -23.52456273 -108.31324571   39.09481546   91.03857291   -9.82016368  -18.43570065    0.41703165    2.50878134   19.73078164   22.46986926	 0.00168014 -0.01617757 -0.21803546  0.67886488 -0.46321927  0.03545574 -0.02645332 -0.14278085 -0.43829015  1.06435285 -0.65977890  0.17842748	 0.00151365  0.03348791  0.33194301 -0.05587565 -0.28145153  0.09609074 -0.09178754 -0.06543396 -0.89190526 -0.02438461  0.30790226  0.06771926	 0.00052933  0.03801228  0.34786106 -0.06927861 -0.27229197  0.12106332 -0.11750459 -0.08215592 -0.99054659 -0.02778132  0.33447765  0.05558632	 0.19790942 -0.07761200  3.91134960	0.03118517 0.00099483 0.00102821	0.03219456 0.00352745 0.00099197	 0.00277009 -0.00078283 -0.99999586	0.35000000	0.00000000	0.00000000	0.67335349	-0.79779565	1.01395988	-1.04315174	3.30247045	3.37375140	-3.43248630	-2.35649323	3.88549161	-0.89656097	1.91162920	0.97326159	1.75577962	0.61232042	-1.62521541	4.36802959	-1.00769651	-2.27818871	-0.55903006	-1.10338664	3.04807258	4.70875883	0.33135298	-1.59416318	
0.00850000	    4.00595884    40.65909204 -1014.27713025    64.97336634    23.11879965     3.58849429	-2.66505902 -0.60904749 -1.70177271 -0.01445955 -0.09304116  0.00366549	  -2.47280891  113.97345209  -23.24702661 -107.53391007   40.99273753   90.86753881  -10.15339013  -19.30601960    0.12217793   -0.43979043   18.89204013   21.64258111	 0.00167898 -0.01581448 -0.21503519  0.67824393 -0.46553339  0.03650201 -0.02745420 -0.14346742 -0.44646895  1.06364862 -0.65644917  0.17888724	-0.00687561  0.05694278  0.32371502 -0.06347490 -0.25515881  0.11097774 -0.11445203 -0.07513057 -0.84446908 -0.09556870  0.38697778  0.04383696	 0.00034313  0.04502390  0.35147499 -0.07188373 -0.27157358  0.11903872 -0.11635541 -0.07813839 -0.94358694 -0.09132090  0.39616692  0.05260206	 0.19924235 -0.08062293  3.91107555	 0.03029722 -0.00068771  0.00106489	0.03117635 0.00120845 0.00102863	 0.00277069 -0.00104370 -0.99999562	0.35000000	0.00000000	0.00000000	0.66157424	-0.83211285	1.02996743	-1.05132961	3.27509522	3.36025810	-3.34216976	-2.32233524	3.83725500	-0.88195395	1.91641712	0.97705746	1.82260036	0.59177816	-1.66565192	4.33347130	-1.00829530	-2.30605650	-0.58997041	-1.10964882	3.13492012	4.67908859	0.35000119	-1.64202380	
0.00848400	    3.90326521    41.37980531 -1014.17483379    64.91683870    24.43822490     3.67064017	-2.48358837 -0.54495580 -2.17484650 -0.01749499 -0.10199062  0.00882312	  -1.51533242  113.43045712  -23.47491285 -106.82455400   42.18853757   90.94259751   -9.81296059  -18.38577712    0.66641095   -2.47793273   18.24112684   21.48524082	 0.00166288 -0.01541441 -0.21197900  0.67758060 -0.46783876  0.03755111 -0.02840438 -0.14404667 -0.45423830  1.06232186 -0.65265149  0.17925315	-0.01605457  0.01852644  0.32626868 -0.06241856 -0.23841994  0.09219393 -0.12610778 -0.07892183 -0.81127541 -0.17219823  0.43807944  0.03949840	-0.00357316  0.04722120  0.35897878 -0.07624779 -0.26871887  0.12113551 -0.11338765 -0.06901753 -0.89964613 -0.16665730  0.45173160  0.04004754	 0.20071965 -0.08383463  3.91106512	 0.02879972 -0.00213734  0.00107182	 0.03004146 -0.00058435  0.00106074	 0.00275835 -0.00129491 -0.99999536	0.35000000	0.00000000	0.00000000	0.64708090	-0.86568975	1.04278719	-1.04815030	3.24195242	3.34451199	-3.25404620	-2.28508377	3.78942585	-0.86526930	1.91584527	0.98110127	1.87889588	0.57105440	-1.70285654	4.30141544	-1.01124144	-2.33355880	-0.61606067	-1.11371768	3.21943259	4.64529371	0.37110165	-1.68607306	
0.00849200	    4.35786878    41.43733544 -1012.95187831    64.78295888    25.53283323     3.99057457	-2.65776913 -0.30150313 -2.54999360 -0.02368667 -0.11044150  0.00504118	  -0.05550125  113.13628817  -24.22435209 -106.84484592   43.26442051   90.37015867   -9.89229629  -17.85262269    1.45801623   -3.70756408   18.59368971   21.76198143	 0.00167600 -0.01492695 -0.20887302  0.67687004 -0.47017132  0.03860979 -0.02928821 -0.14452951 -0.46152271  1.06029612 -0.64838113  0.17953403	 0.01746507  0.08160937  0.37018795 -0.09191978 -0.25577807  0.13919010 -0.12546518 -0.03306318 -0.80223548 -0.27041910  0.52741983  0.01513255	 0.00161132  0.05771345  0.36553364 -0.08351335 -0.27280595  0.12396380 -0.10484773 -0.05318620 -0.84385782 -0.25048951  0.50936174  0.03108533	 0.20230314 -0.08731095  3.91119689	 0.02666157 -0.00312842  0.00108249	 0.02841621 -0.00198448  0.00107092	 0.00273558 -0.00153044 -0.99999509	0.35000000	0.00000000	0.00000000	0.62978071	-0.89541739	1.05253077	-1.04530489	3.19765759	3.32375503	-3.14893460	-2.24134731	3.73183417	-0.84749699	1.91550565	0.98532367	1.94454074	0.55105829	-1.73854315	4.25634766	-1.00881803	-2.35510063	-0.64090621	-1.11402857	3.31342125	4.60100746	0.39420074	-1.74221492	
0.00848000	    5.49377780    42.55309255 -1011.10406659    64.59911580    27.22089099     4.62522472	-2.83060646 -0.55970850 -3.04220245 -0.01452531 -0.12175669  0.00730660	   0.49687049  112.36970377  -25.37240121 -105.81475514   44.72388598   90.48435950  -10.18727932  -18.49423575    2.41238345   -5.40400121   18.99073935   21.60280326	 0.00167317 -0.01439015 -0.20570695  0.67611525 -0.47248808  0.03966499 -0.03012359 -0.14491717 -0.46831502  1.05749490 -0.64361921  0.17973850	 0.02923660  0.06370779  0.36452562 -0.08600459 -0.27352779  0.11185691 -0.10772209 -0.01173578 -0.78681996 -0.35314637  0.58085378  0.00702083	 0.00216603  0.06398570  0.37427325 -0.08831038 -0.27247539  0.12493240 -0.09930756 -0.04175637 -0.79300724 -0.34310141  0.57009725  0.02148583	 0.20383401 -0.09067009  3.91142041	 0.02524812 -0.00335381  0.00106788	 0.02670822 -0.00282765  0.00106644	 0.00270765 -0.00175040 -0.99999480	0.35000000	0.00000000	0.00000000	0.61234516	-0.93399441	1.05967665	-1.04674053	3.14634228	3.30301118	-3.04079270	-2.19204712	3.66841269	-0.83610612	1.92220616	0.99368429	2.01277208	0.52925283	-1.77895641	4.20451260	-1.00583649	-2.37817192	-0.66958171	-1.11116385	3.41685557	4.55510616	0.41958320	-1.80574119	
0.00804200	    6.39616219    43.09613386 -1011.08144165    64.53664262    28.64816556     5.11667034	-3.12144961 -0.43497626 -3.27452087 -0.01860085 -0.13237517  0.00469812	   1.88023636  111.98514628  -26.19225322 -105.62260199   46.05834326   90.30768561  -10.29961848  -17.86822790    3.55239910   -5.98667002   19.07261047   21.49302274	 0.00167386 -0.01382801 -0.20270111  0.67535917 -0.47467789  0.04072099 -0.03084841 -0.14521530 -0.47417107  1.05407704 -0.63866648  0.17985896	 0.00684259  0.08066313  0.32668778 -0.07311900 -0.25206828  0.13920019 -0.07823498 -0.03049795 -0.64435310 -0.43925372  0.61455273  0.00163661	 0.00137884  0.07175458  0.37261905 -0.09251261 -0.26910311  0.13162915 -0.09009792 -0.03553031 -0.71738700 -0.43624293  0.62212117  0.01314440	 0.20534784 -0.09400533  3.91176614	 0.02358975 -0.00340777  0.00104648	 0.02518040 -0.00317304  0.00105861	 0.00268061 -0.00194562 -0.99999451	0.35000000	0.00000000	0.00000000	0.59298074	-0.96706343	1.06309891	-1.04371738	3.09418821	3.27985692	-2.92436051	-2.14271927	3.60411263	-0.82206070	1.92755485	0.99976587	2.07818127	0.50858945	-1.81964111	4.15178680	-1.00162315	-2.40228939	-0.69612336	-1.11140060	3.51067328	4.50696039	0.44941700	-1.86189306	
0.00847700	    5.38511393    42.94813114 -1008.69846136    64.36898385    28.94951911     5.18231122	-3.22395965 -0.03178097 -3.48950219 -0.03039321 -0.13333853 -0.00353767	   2.80364627  110.83107972  -26.52655613 -105.04274043   46.16799876   89.83747542  -10.38718194  -16.97912669    3.53806117   -6.57482846   19.41376054   21.19336677	 0.00165705 -0.01320929 -0.19945957  0.67451735 -0.47702504  0.04188988 -0.03157701 -0.14541126 -0.47984305  1.04961935 -0.63291624  0.17989905	-0.03235412  0.06445766  0.36865329 -0.10922864 -0.31816970  0.14250640 -0.07527096 -0.01095586 -0.67651788 -0.57033483  0.75230696 -0.01349377	-0.00351199  0.07225095  0.38005369 -0.09939574 -0.27744780  0.13998448 -0.08317116 -0.02317344 -0.65656386 -0.54059256  0.68730576  0.00390617	 0.20705399 -0.09772785  3.91204118	 0.02161838 -0.00317794  0.00103421	 0.02338532 -0.00323036  0.00105090	 0.00265266 -0.00213742 -0.99999420	0.35000000	0.00000000	0.00000000	0.57323408	-0.99892306	1.06758988	-1.03668833	3.04089546	3.24804449	-2.80949092	-2.09104514	3.53661871	-0.80406004	1.92723048	1.00278461	2.14362907	0.48603946	-1.85904479	4.09791517	-1.00142920	-2.42791438	-0.72192198	-1.10905981	3.59901428	4.45485163	0.47936326	-1.91319132	
0.00801800	    7.37120579    42.15104179 -1005.89558854    64.06970429    30.93151195     5.86771473	-3.50576455 -0.35505340 -3.44123547 -0.01860116 -0.14369538  0.00135032	   4.57527993  110.74134111  -27.34825791 -105.27467644   48.57820666   88.36861646  -10.63852280  -16.09220862    4.41806869   -6.04811424   18.60098067   20.89324823	 0.00165939 -0.01254714 -0.19636073  0.67366878 -0.47921501  0.04298079 -0.03224025 -0.14549523 -0.48461628  1.04460197 -0.62702175  0.17991259	 0.00980980  0.08242618  0.39836975 -0.12332497 -0.28591274  0.13445830 -0.09927923 -0.00314261 -0.55995047 -0.67311105  0.77457269 -0.00169931	-0.00077883  0.08161197  0.38678847 -0.10930349 -0.27437397  0.13415762 -0.08251725 -0.01150531 -0.58406992 -0.63761358  0.74166041 -0.00040371	 0.20859962 -0.10115324  3.91218311	 0.02069898 -0.00245664  0.00095695	 0.02180813 -0.00294698  0.00101879	 0.00262990 -0.00230480 -0.99999389	0.35000000	0.00000000	0.00000000	0.55318302	-1.02915668	1.07041168	-1.02680480	2.99238276	3.21982408	-2.69109631	-2.05281830	3.47768474	-0.79354143	1.93708825	1.00743806	2.20839620	0.46066758	-1.90285432	4.04832935	-0.99678499	-2.45301127	-0.74713075	-1.11321056	3.68631124	4.41686392	0.50984895	-1.96470606	
0.00845000	    7.26946447    43.15240047 -1003.16656448    63.85407911    31.96689337     5.90495947	-3.75910834 -0.73766307 -3.49469707 -0.00593218 -0.14746949  0.01348411	   5.16205474  109.77204108  -27.72216630 -104.15419358   49.17435506   88.43988562  -10.10736429  -15.82700300    4.92477502   -6.04154854   18.71519136   20.03625965	 0.00165371 -0.01179481 -0.19303412  0.67271289 -0.48150583  0.04407122 -0.03285945 -0.14553370 -0.48910319  1.03844309 -0.62031194  0.17991979	-0.01513631  0.07260250  0.43114935 -0.10071126 -0.29327738  0.10968453 -0.07362567  0.00166493 -0.50361435 -0.86454677  0.87303404  0.00098531	-0.00222827  0.08829768  0.39569686 -0.11434867 -0.27246831  0.12723412 -0.07253029 -0.00491124 -0.51805295 -0.74885900  0.80604384 -0.00122973	 0.21029721 -0.10429230  3.91207230	 0.02193315 -0.00173851  0.00087096	 0.02151371 -0.00233324  0.00094978	 0.00261243 -0.00248534 -0.99999350	0.35000000	0.00000000	0.00000000	0.53056151	-1.06389785	1.07103062	-1.02385533	2.93891859	3.18680167	-2.56818080	-1.99976194	3.40794063	-0.77757990	1.94009173	1.01038504	2.27630639	0.43625849	-1.94686007	3.98977065	-0.99401540	-2.47995377	-0.77435511	-1.11066353	3.77468276	4.36549807	0.54162079	-2.01508832	
0.00853200	    7.07081457    45.07044601 -1003.22726271    63.83029526    32.87776818     6.34653311	-4.00402267 -0.93728410 -3.29277344  0.00047512 -0.15271588  0.01625156	   6.40663571  109.80045128  -28.56187591 -103.55958679   49.93862227   88.75812817  -10.38150221  -14.29079804    5.38584013   -5.13300476   17.89967903   19.15521291	 0.00166179 -0.01101770 -0.18964479  0.67166025 -0.48379578  0.04516664 -0.03342503 -0.14555183 -0.49296089  1.03143993 -0.61313698  0.17994052	 0.00485741  0.08125833  0.40663430 -0.11121276 -0.24459970  0.13386230 -0.06015512 -0.00226870 -0.36393509 -0.81369382  0.82614438  0.00551909	 0.00171184  0.08995022  0.40024044 -0.12379538 -0.26860352  0.12894037 -0.06613480 -0.00257268 -0.43752130 -0.83703834  0.84986604  0.00355324	 0.21207683 -0.10726264  3.91188514	 0.02389619 -0.00100190  0.00080235	 0.02254530 -0.00165412  0.00087961	 0.00260096 -0.00268037 -0.99999303	0.35000000	0.00000000	0.00000000	0.50964445	-1.09402621	1.06834209	-1.01633883	2.88908148	3.15677547	-2.45091796	-1.95324337	3.34260440	-0.76617646	1.94220448	1.01318002	2.32880211	0.41559964	-1.98964512	3.94068503	-0.98998731	-2.50812459	-0.79812771	-1.11289012	3.84538865	4.32085562	0.57603568	-2.05126643	
0.00852000	   5.71656492   45.67807653 -999.58969293   63.56744332   33.25007809    6.09448979	-4.09224204 -1.06762691 -3.13128475  0.00387873 -0.14774343  0.02388763	   6.60767341  109.90086532  -28.48249646 -102.64601955   50.26852494   87.92848516   -9.84401953  -12.37783474    4.80457569   -4.41270873   17.71566501   17.78495507	 0.00165571 -0.01020937 -0.18623484  0.67056731 -0.48608504  0.04623837 -0.03388054 -0.14556258 -0.49621150  1.02360523 -0.60553802  0.17992708	-0.00239053  0.08462567  0.39487443 -0.13627768 -0.25418023  0.09718949 -0.03130067 -0.00981944 -0.32344269 -0.92517886  0.85844649  0.00323706	-0.00005408  0.09508962  0.40024084 -0.12979690 -0.26768672  0.12384225 -0.05254420 -0.00341062 -0.36661114 -0.93043404  0.89520307 -0.00144022	 0.21389810 -0.11027890  3.91132418	 0.02582734 -0.00010257  0.00072111	 0.02419159 -0.00086862  0.00079779	 0.00259653 -0.00289228 -0.99999245	0.35000000	0.00000000	0.00000000	0.48825794	-1.11823499	1.06854177	-1.01263809	2.85647726	3.12329936	-2.33909559	-1.91825581	3.28443623	-0.74857759	1.93583691	1.00886989	2.38930678	0.39082512	-2.03049850	3.88874865	-0.98988050	-2.53654599	-0.82385439	-1.12020159	3.89687204	4.28380919	0.60158920	-2.07429719	
0.00846500	   4.45947796   46.37805887 -997.80707430   63.45009300   33.41310126    6.32762342	-4.27974047 -0.99409120 -3.09543850  0.00106629 -0.15166959  0.02031896	   7.64519735  109.00658369  -28.93499658 -102.09393451   50.36918914   87.82261539  -10.17384881   -9.58894512    5.23300185   -4.10370394   17.37276994   16.85144095	 0.00164955 -0.00938377 -0.18277812  0.66944253 -0.48838083  0.04728250 -0.03424632 -0.14555215 -0.49885145  1.01500561 -0.59754375  0.17994461	-0.01280168  0.11362328  0.42587649 -0.13493508 -0.29331189  0.12464180 -0.03593689  0.00287045 -0.29620024 -1.14248501  1.03420581  0.00043848	-0.00146457  0.09884162  0.40737560 -0.13273155 -0.27035030  0.12255058 -0.04101642 -0.00032973 -0.30123280 -1.03140976  0.95031444  0.00281603	 0.21592798 -0.11323100  3.91055382	0.02809048 0.00049771 0.00062056	 0.02613156 -0.00011602  0.00070357	 0.00259865 -0.00312188 -0.99999175	0.35000000	0.00000000	0.00000000	0.46836430	-1.14769065	1.06601560	-1.00038743	2.81053782	3.08882260	-2.22685695	-1.87645757	3.22067976	-0.73303097	1.93250334	1.00654066	2.44133449	0.37138215	-2.06988668	3.83993196	-0.98682815	-2.56912565	-0.84473461	-1.12355125	3.96055126	4.24221182	0.63746148	-2.10240316	
0.00852500	   4.41542298   47.29164546 -996.50619283   63.32661649   34.21047373    6.74308707	-4.60157627 -1.02314844 -2.94011443  0.00143040 -0.15791592  0.02043502	   8.63118878  109.08400130  -29.88270222 -101.77169254   51.22852001   87.40919888  -10.29338734   -7.51722369    5.77847744   -3.18503276   16.92049724   15.32426952	 0.00166435 -0.00854059 -0.17926596  0.66826942 -0.49069482  0.04830287 -0.03451943 -0.14554700 -0.50086480  1.00564970 -0.58917228  0.17994144	 0.02013018  0.07831685  0.40353441 -0.11522204 -0.23097177  0.09780793 -0.03605232  0.02056272 -0.18627532 -1.05399653  0.93527630  0.01445763	 0.00264332  0.09840385  0.41231001 -0.13512628 -0.26962676  0.11690926 -0.03137940  0.00259623 -0.22568552 -1.11033772  0.98608688  0.00256367	 0.21801729 -0.11624875  3.90963464	0.03022806 0.00127671 0.00055143	0.02825490 0.00059297 0.00062618	 0.00260637 -0.00337040 -0.99999092	0.35000000	0.00000000	0.00000000	0.44939095	-1.17261744	1.05967951	-0.99245381	2.77277613	3.05848575	-2.11523271	-1.84319413	3.16210938	-0.72290468	1.93206048	1.00390863	2.49205089	0.35008657	-2.11226010	3.78929567	-0.98098534	-2.59927106	-0.86784965	-1.12955546	4.01283884	4.21028376	0.66818243	-2.12527514	
0.00801200	   3.53640747   47.53069764 -995.54431902   63.22464627   34.80463535    6.80126152	-4.76242954 -1.00801270 -2.71164652 -0.00008440 -0.15526191  0.02151339	   8.48397856  109.12532711  -29.95931485 -101.57199451   52.08656403   86.70705473  -10.14129008   -4.67487654    5.39508849   -2.20384963   16.67528746   13.92521288	 0.00165764 -0.00771259 -0.17594422  0.66712265 -0.49289575  0.04921107 -0.03467748 -0.14556530 -0.50219057  0.99619694 -0.58098219  0.17993879	 0.02388024  0.06728183  0.37780570 -0.13038229 -0.25461600  0.10190067 -0.00778171 -0.02805482 -0.13240683 -1.13963114  0.94094188  0.01329141	 0.00057119  0.09996700  0.41340310 -0.14173599 -0.27373213  0.11031370 -0.01641404 -0.00371424 -0.15612432 -1.18377874  1.01733173  0.00106471	 0.22003851 -0.11917727  3.90863042	0.03214602 0.00214264 0.00041876	0.03022244 0.00135456 0.00054478	 0.00262028 -0.00362044 -0.99999001	0.35000000	0.00000000	0.00000000	0.43170148	-1.19366431	1.05571055	-0.98576558	2.75130415	3.02854276	-2.02008414	-1.82311344	3.11264038	-0.71150303	1.92634475	0.99619317	2.53564334	0.33032253	-2.14890432	3.74407911	-0.97816032	-2.63138580	-0.88552988	-1.14146924	4.04077339	4.18707132	0.69475198	-2.13220668	
0.00847200	   3.18656840   47.19339433 -994.17053857   63.08090969   35.87324589    7.13758663	-4.92958015 -0.67977576 -2.60019322 -0.01121651 -0.15528031  0.00756734	   9.16796995  107.92584848  -30.36949755 -100.74924138   53.25232029   86.16000485  -10.48034388   -0.47688695    5.48526627   -1.52953018   16.60939591   12.46452667	 0.00165712 -0.00676703 -0.17236235  0.66585825 -0.49521162  0.05005922 -0.03477239 -0.14554267 -0.50304049  0.98550329 -0.57194266  0.17993510	 0.01144918  0.11056402  0.40817350 -0.16962567 -0.25435410  0.09758252 -0.01420327  0.01218549 -0.09361590 -1.27605246  1.06000279  0.01667607	 0.00143709  0.11145094  0.42287191 -0.15126142 -0.27241879  0.10029867 -0.01117926  0.00340746 -0.09064517 -1.27239104  1.06912140  0.00080399	 0.22216318 -0.12234042  3.90741199	0.03425720 0.00332859 0.00026289	0.03229416 0.00230058 0.00038422	 0.00264342 -0.00390315 -0.99998889	0.35000000	0.00000000	0.00000000	0.41116101	-1.21840322	1.05078769	-0.97204787	2.72157407	2.99515486	-1.92069244	-1.80183780	3.06148100	-0.70593160	1.92404318	0.98885322	2.58551478	0.30861843	-2.18766522	3.69812012	-0.97399825	-2.66724253	-0.90302861	-1.15124190	4.08844090	4.16544962	0.72638226	-2.14424348	
0.00850700	  -0.84259645   48.16231472 -998.64334151   63.38022190   35.84097055    5.63267779	-3.17523357 -0.09710171 -1.81500059 -0.03253313 -0.08855692 -0.00350239	  9.49755175 107.45706296 -31.38460225 -99.12615442  53.84669226  86.66580510 -10.21330360   0.98861684   6.58704467  -1.04353063  15.84628817  10.95901649	 0.00166480 -0.00579272 -0.16879411  0.66458611 -0.49754793  0.05079830 -0.03479746 -0.14552152 -0.50339640  0.97424963 -0.56261172  0.17992946	 0.02598279  0.11588285  0.42868136 -0.14551087 -0.25476967  0.08858182  0.01667780 -0.00866383 -0.02184280 -1.29588169  1.05393639  0.00402603	 0.00288236  0.11494180  0.42015093 -0.15030063 -0.27551835  0.08834037 -0.00258504  0.00407499 -0.03706297 -1.33180535  1.10134590 -0.00114460	 0.22233804 -0.12570020  3.90674654	 0.03608374  0.01257786 -0.00014922	0.03425666 0.00610910 0.00014348	 0.00270600 -0.00420223 -0.99998751	0.35000000	0.00000000	0.00000000	0.39383844	-1.24781632	1.04388702	-0.96662825	2.68891811	2.96306419	-1.82625103	-1.77598572	3.00888467	-0.70738906	1.92631781	0.98369431	2.62291098	0.29142064	-2.22550535	3.65344882	-0.96683568	-2.70387053	-0.92620039	-1.16168559	4.13115454	4.14601231	0.75289094	-2.16160893	
0.00802300	   -5.68990831    47.00334854 -1010.55143867    64.09490198    36.82405446     3.78608692	-2.08540955  1.12246866 -0.86258005 -0.07598465 -0.03712025 -0.02536601	  9.03657390 107.51310205 -28.93111284 -98.90214226  56.65483636  86.42141414 -10.39734802   4.72157334   8.74363415   0.44253901  14.91696212   9.34272027	 0.00166386 -0.00480550 -0.16555544  0.66339862 -0.49972263  0.05139602 -0.03481583 -0.14541225 -0.50353019  0.96325424 -0.55355767  0.17993936	 0.01362485  0.14878192  0.39861787 -0.15871679 -0.24341883  0.03890953  0.00696067  0.04062543 -0.01139973 -1.32418359  1.12576395 -0.00811819	 0.00231784  0.12511024  0.40351642 -0.14826290 -0.26811098  0.07059172 -0.00219703  0.01673010 -0.01401192 -1.36804307  1.12913924  0.00126193	 0.22128900 -0.12960459  3.90706739	 0.03603300  0.02510483 -0.00036540	 0.03542512  0.01487444 -0.00013305	 0.00285921 -0.00449146 -0.99998583	0.35000000	0.00000000	0.00000000	0.37707481	-1.27499342	1.04216993	-0.95748460	2.69383287	2.94457030	-1.75944793	-1.78456569	2.98598337	-0.72123289	1.93920732	0.96867919	2.65152192	0.27417436	-2.25923681	3.61474776	-0.95874226	-2.74800944	-0.94122243	-1.18544531	4.14812136	4.16488504	0.76496929	-2.15909243	
0.00848800	   -9.73567086    47.93961217 -1017.19615318    64.53137538    37.03855128     3.85506451	-2.39897424  1.45984276 -0.86220424 -0.08755358 -0.05897363 -0.03322641	  9.30850989 107.42938566 -25.86642319 -99.34419787  57.56795293  86.86762059 -10.19455684   5.57067063  13.49543407  -0.34214577  13.28684139   7.17801061	 0.00165732 -0.00368236 -0.16218853  0.66207277 -0.50203312  0.05191664 -0.03481114 -0.14518658 -0.50349238  0.95123712 -0.54375994  0.17993575	 0.01049553  0.13798428  0.39083114 -0.17281597 -0.27001330  0.05164963  0.02527136  0.02380599  0.01943092 -1.41009079  1.14731293  0.00149875	-0.00087092  0.13403054  0.39657809 -0.15836135 -0.27013558  0.05828907  0.00157592  0.03014923  0.01205225 -1.41246560  1.14942726  0.00035565	 0.22164476 -0.13409956  3.90772466	 0.03521394  0.03167360 -0.00041529	 0.03552878  0.02443219 -0.00030880	 0.00310760 -0.00479462 -0.99998368	0.35000000	0.00000000	0.00000000	0.36504811	-1.30946505	1.03750157	-0.95232183	2.68210673	2.92748141	-1.67918885	-1.76913261	2.95169282	-0.73586196	1.96277034	0.95376921	2.68532825	0.26446316	-2.29725885	3.57194638	-0.94029367	-2.79530311	-0.96598786	-1.19922793	4.19889975	4.17766190	0.77606738	-2.18072701	
0.00850100	   -9.79153636    49.16491827 -1020.62994223    64.70493452    38.29369742     4.64453975	-3.02598792  1.92288780 -0.75786261 -0.10363842 -0.09284452 -0.04246739	  9.89723419 107.74411726 -25.98196723 -99.62120503  58.92358840  86.87744570 -10.37902179   7.21190828  17.18603003   0.37548296  11.18800525   5.10503908	 0.00165770 -0.00244739 -0.15879176  0.66067896 -0.50429157  0.05228736 -0.03482660 -0.14480308 -0.50310254  0.93880826 -0.53390114  0.17993455	-0.01762201  0.14731234  0.38982148 -0.14672430 -0.25459043  0.02794915 -0.00891750  0.02342230  0.05671654 -1.35729842  1.04520430 -0.01640405	-0.00114883  0.14618180  0.39965769 -0.16540007 -0.26556982  0.04012213 -0.00145142  0.04631181  0.05356991 -1.45881877  1.14929423  0.00018062	 0.22318848 -0.13929761  3.90849069	 0.03228183  0.03336404 -0.00036783	 0.03422829  0.02989096 -0.00036152	 0.00338623 -0.00508179 -0.99998135	0.35000000	0.00000000	0.00000000	0.35087535	-1.34061921	1.02769148	-0.94179529	2.66290092	2.90737605	-1.59503257	-1.75844860	2.91827273	-0.76024842	1.98556793	0.94471979	2.71549892	0.25113142	-2.33629584	3.53375077	-0.92109913	-2.83903980	-0.99256200	-1.21252358	4.25286484	4.19220209	0.78952223	-2.20365119	
0.00848000	   -9.57447966    50.59208428 -1022.51861902    64.81789008    38.74011380     5.30290369	-3.95922135  2.22025607 -0.68333931 -0.11449206 -0.11652727 -0.05200183	  10.16841719  106.87043285  -27.04594192 -100.76383159   59.30380994   87.29050601   -9.78587938    8.12948105   20.02669366    1.70693272   11.27320759    3.02175575	 0.00167405 -0.00109651 -0.15529942  0.65915938 -0.50652278  0.05256071 -0.03482447 -0.14421563 -0.50225647  0.92598664 -0.52403481  0.17994172	 0.00296618  0.15528259  0.38755501 -0.18048116 -0.25692712 -0.00019340 -0.00117388  0.06274311  0.12252917 -1.43674976  1.09965383  0.00448047	 0.00269385  0.15917430  0.41361355 -0.18060478 -0.26237886  0.02812983 -0.00059248  0.07100970  0.10631611 -1.51393721  1.15677304  0.00216988	 0.22547033 -0.14485467  3.90928945	 0.02885740  0.03279255 -0.00027101	 0.03163206  0.03197018 -0.00032961	 0.00366829 -0.00534096 -0.99997901	0.35000000	0.00000000	0.00000000	0.33263564	-1.36726439	1.01013196	-0.93456006	2.62923670	2.87944627	-1.49725592	-1.73356950	2.86948395	-0.78307813	2.00437713	0.93779099	2.75227284	0.23814864	-2.37394214	3.47836900	-0.89862335	-2.87401772	-1.01517808	-1.21383953	4.31783533	4.18420601	0.80402738	-2.23552728	
0.00850300	   -8.27822328    52.57449295 -1021.72387611    64.73794031    39.56499206     6.28143947	-4.83016134  2.17310107 -0.44612473 -0.11415756 -0.14153005 -0.05356254	  10.04602856  106.76205373  -29.09401806 -100.95241901   59.82019776   87.38681781   -9.85409008    7.87976569   22.32684022    3.82140444   10.28121038    0.61892383	 0.00167217  0.00037139 -0.15168069  0.65749773 -0.50873845  0.05279808 -0.03482558 -0.14342386 -0.50093090  0.91278949 -0.51421980  0.17993058	 0.01559649  0.14885351  0.44332041 -0.19291307 -0.27150516  0.01903722 -0.02738013  0.11864616  0.15210007 -1.52298425  1.12119230 -0.02667103	 0.00215090  0.17203762  0.43093406 -0.19481302 -0.26148844  0.02521047 -0.00251466  0.09572584  0.16264488 -1.55795545  1.15264255 -0.00223605	 0.22809903 -0.15068343  3.90988809	 0.02529867  0.03154634 -0.00014562	 0.02844507  0.03203004 -0.00024183	 0.00394174 -0.00557038 -0.99997672	0.35000000	0.00000000	0.00000000	0.31529215	-1.39646256	0.99202186	-0.93023437	2.59158683	2.85012865	-1.39895964	-1.70985341	2.82102203	-0.81657445	2.02807307	0.93417406	2.78863120	0.22435232	-2.41434073	3.42905188	-0.87367624	-2.90891480	-1.04330373	-1.21484625	4.38646793	4.18294621	0.81740981	-2.27166724	
0.00801800	   -6.42960274    53.51520087 -1021.87987218    64.68310539    40.95812995     7.18964179	-5.68356328  2.03486261 -0.25895623 -0.11081531 -0.15982905 -0.05429210	  10.18688483  106.50627899  -30.95289637 -101.19919500   61.11556041   87.02551496   -9.90267015    7.36908481   24.11381654    5.70716997   10.26688483   -1.40746485	 0.00167193  0.00185936 -0.14817643  0.65580974 -0.51079159  0.05297717 -0.03482925 -0.14250613 -0.49921813  0.90008732 -0.50507725  0.17994318	 0.00980432  0.16842656  0.41813760 -0.16664555 -0.22152907  0.02080297 -0.02641811  0.10143669  0.22673889 -1.48034240  1.00763760  0.00321829	 0.00035017  0.18440658  0.43767257 -0.20767649 -0.25445260  0.02131438 -0.00362208  0.11622934  0.21969212 -1.58176549  1.13081095  0.00231015	 0.23071484 -0.15628999  3.91036157	 0.02246121  0.03033528 -0.00001266	 0.02538909  0.03127178 -0.00013396	 0.00418902 -0.00576051 -0.99997463	0.35000000	0.00000000	0.00000000	0.29960322	-1.42242777	0.97299051	-0.92843729	2.56701183	2.82375455	-1.31380510	-1.69653189	2.78084636	-0.85182631	2.05069947	0.93264461	2.82003379	0.21246979	-2.44960523	3.38329649	-0.85058820	-2.93837786	-1.06830001	-1.22219181	4.43843222	4.18738651	0.82299805	-2.29833245	
0.00850800	   -6.20711581    54.58561707 -1019.90861342    64.54770577    41.11857065     7.84659625	-6.41689417  1.95373096 -0.25403784 -0.10916552 -0.17832932 -0.05590737	  10.30427664  105.95941901  -32.31488791 -101.62543738   60.91466206   86.63650787   -9.94804657    7.21256772   26.05691233    6.78415676   10.26216258   -4.22571921	 0.00167436  0.00354798 -0.14430266  0.65386740 -0.51295650  0.05307574 -0.03482688 -0.14133819 -0.49692748  0.88634736 -0.49544962  0.17992888	 0.00967437  0.19705453  0.46429348 -0.23037096 -0.23445275 -0.01675568 -0.00436224  0.15853655  0.30212175 -1.53657202  1.07257532  0.00556615	 0.00245688  0.19739482  0.45749781 -0.22901928 -0.25511409  0.00896974 -0.00187101  0.14088818  0.27930760 -1.61122133  1.12287525 -0.00162274	 0.23390599 -0.16241010  3.91062971	0.01968989 0.02836626 0.00014954	0.02239745 0.02992375 0.00000677	 0.00443856 -0.00593891 -0.99997251	0.35000000	0.00000000	0.00000000	0.28436226	-1.44432628	0.95365143	-0.92773199	2.53911400	2.79182553	-1.22284544	-1.67552507	2.73452640	-0.88369870	2.06910992	0.92569637	2.85937071	0.20096911	-2.48603725	3.33496904	-0.82400018	-2.97209501	-1.09685135	-1.22485507	4.50098991	4.18896389	0.82873362	-2.32875705	
0.00844300	   -3.93072773    56.54394707 -1018.42274981    64.37323730    43.04886338     8.77574810	-7.08450533  1.77256397  0.02403906 -0.10504224 -0.19758266 -0.05376652	   9.74414885  105.35737729  -34.44047022 -100.88833064   62.66019845   86.81455708  -10.41469175    6.52934191   27.22534811    9.07461365    9.10109715   -6.55407590	 0.00168230  0.00534617 -0.14029831  0.65178789 -0.51509164  0.05312381 -0.03482862 -0.14001185 -0.49412851  0.87239245 -0.48596906  0.17993683	 0.00150759  0.25249810  0.56091456 -0.28425606 -0.27011747 -0.03493455 -0.02912734  0.21766969  0.39588793 -1.82765853  1.22525347  0.01057013	 0.00300011  0.21445569  0.48178461 -0.24975353 -0.25319524  0.00261880 -0.00273698  0.16364348  0.34254320 -1.66192245  1.12151129  0.00066740	 0.23702508 -0.16854544  3.91065497	0.01774622 0.02706830 0.00036752	0.01987833 0.02839463 0.00017979	 0.00467350 -0.00609727 -0.99997049	0.35000000	0.00000000	0.00000000	0.26577237	-1.47793674	0.93437654	-0.92831624	2.49647641	2.75984144	-1.12626219	-1.65195239	2.67964268	-0.92747325	2.09800267	0.92537463	2.89790606	0.18912975	-2.52479982	3.29121161	-0.79301798	-3.00979972	-1.12276411	-1.22426927	4.57952070	4.18945885	0.84756565	-2.37187290	
0.00802000	   -0.93672930    59.52124955 -1014.28522744    64.01784151    45.39657347     9.93698713	-8.02873041  1.37316560  0.19085474 -0.09330661 -0.21671653 -0.04988956	  9.63589845 104.95740819 -36.56909367 -99.20971650  64.28475916  87.22716224 -10.81918989   5.18676437  28.89089013  11.61439864   9.21182281  -9.13173208	 0.00167936  0.00712402 -0.13643332  0.64974047 -0.51709233  0.05317543 -0.03481330 -0.13863358 -0.49104804  0.85915960 -0.47720826  0.17992855	-0.00526417  0.23393093  0.48888438 -0.26073037 -0.23720443  0.02077145  0.03223178  0.17221896  0.40708046 -1.61705880  1.08749507 -0.01223165	 0.00129783  0.22492960  0.48836931 -0.25861995 -0.25076694  0.00755600  0.00258598  0.17657259  0.39507614 -1.66279959  1.09812860 -0.00241410	 0.23981914 -0.17426511  3.91019851	0.01674523 0.02628986 0.00079719	0.01815202 0.02726619 0.00046156	 0.00488659 -0.00623472 -0.99996862	0.35000000	0.00000000	0.00000000	0.25106731	-1.50891495	0.91201705	-0.93939269	2.47526979	2.73696208	-1.05011916	-1.63994026	2.63777614	-0.97583473	2.12431836	0.92641211	2.92972255	0.18191136	-2.55799294	3.24935579	-0.76334989	-3.04220057	-1.14768040	-1.22931278	4.63161325	4.20066214	0.85431391	-2.39906669	
0.00856300	   -0.24731356    59.86549762 -1013.54756895    63.89859954    46.82340374    10.51564236	-8.46155017  1.37998505  0.16223026 -0.09491333 -0.23078728 -0.05191138	  9.28533075 104.27538371 -37.09870806 -98.95822927  65.54471898  86.48301649 -11.74286124   5.44393533  30.14287715  12.05892614   8.90236475 -11.30895565	 0.00166618  0.00907167 -0.13223387  0.64745210 -0.51920093  0.05324384 -0.03481068 -0.13703297 -0.48731668  0.84502687 -0.46810619  0.17993680	-0.02790551  0.22703045  0.40779070 -0.22251143 -0.21331963 -0.00168806  0.00150553  0.17454911  0.41502789 -1.44546908  0.92908182  0.00920577	-0.00380132  0.22917282  0.48672270 -0.26543399 -0.24251052  0.00714750  0.00243223  0.18886018  0.44135425 -1.63624639  1.05125282  0.00056980	 0.24302944 -0.18045445  3.90958112	0.01595888 0.02492214 0.00115779	0.01692158 0.02612049 0.00083198	 0.00510433 -0.00637345 -0.99996666	0.35000000	0.00000000	0.00000000	0.24317890	-1.53091955	0.89418191	-0.94099462	2.47795987	2.71310401	-1.00487387	-1.64595628	2.61596107	-1.01910532	2.14383745	0.92051697	2.94191551	0.17943591	-2.58241129	3.23019505	-0.73860258	-3.08079195	-1.17073214	-1.25055540	4.65531349	4.23283243	0.84866148	-2.40356684	
0.00847400	   -1.07154943    60.82426540 -1013.32284165    63.87528723    46.99270871    10.77691949	-8.75260547  1.43363135  0.12370362 -0.09816815 -0.24249275 -0.05411846	  9.31212725 103.61730289 -37.71017872 -99.45505413  65.69155043  85.53288972 -11.81490081   5.74590862  31.18754682  12.33398680   8.49462761 -14.11159685	 0.00168199  0.01110362 -0.12787758  0.64504151 -0.52131184  0.05327909 -0.03481302 -0.13530300 -0.48309437  0.83087443 -0.45924499  0.17993627	 0.01985084  0.23059437  0.50631207 -0.26521101 -0.23696508 -0.01368485  0.01405617  0.20986845  0.48748547 -1.52085170  0.92932463  0.01665477	 0.00208778  0.24027352  0.51249292 -0.28478079 -0.24616005  0.00098613  0.00279667  0.20533003  0.50539536 -1.65422612  1.03021539  0.00008352	 0.24667297 -0.18680110  3.90891562	0.01526346 0.02286215 0.00145130	0.01603433 0.02456296 0.00116394	 0.00530728 -0.00650612 -0.99996475	0.35000000	0.00000000	0.00000000	0.23239949	-1.54912651	0.87620312	-0.94225329	2.45825791	2.67955995	-0.93071938	-1.63306797	2.57252502	-1.05220842	2.15942383	0.91044474	2.97274113	0.17449652	-2.61055708	3.19779611	-0.70687962	-3.12016082	-1.19590282	-1.25809371	4.70646000	4.24531555	0.85544384	-2.42549658	
0.00849900	    2.28414517    62.34471481 -1010.41970495    63.53843396    50.46245467    11.72041229	-9.37152907  1.20015399  0.33032410 -0.09271632 -0.25100363 -0.05230514	  7.94173041 102.56237125 -39.96597390 -96.59540865  68.91395599  85.57665253 -12.28896493   4.85123548  31.22523002  14.79382711   8.65783560 -16.61282335	 0.00166926  0.01320119 -0.12342182  0.64253769 -0.52341988  0.05330849 -0.03481534 -0.13345100 -0.47839966  0.81670400 -0.45061015  0.17992662	 0.00797883  0.21879665  0.49522441 -0.26282483 -0.21199566 -0.00365936 -0.00212662  0.21249059  0.51504252 -1.50321253  0.91957766 -0.01065735	-0.00179875  0.24449538  0.52204611 -0.29327237 -0.24549829  0.00229524  0.00166032  0.21827153  0.55697226 -1.64927977  1.00230704 -0.00283374	 0.24978357 -0.19301847  3.90795185	0.01580177 0.02261554 0.00182232	0.01569775 0.02327350 0.00149441	 0.00549890 -0.00663748 -0.99996285	0.35000000	0.00000000	0.00000000	0.21868244	-1.58134925	0.85453373	-0.95430374	2.44635391	2.65508413	-0.87336355	-1.63606095	2.53791690	-1.10822809	2.18694282	0.91233957	2.99991393	0.16602024	-2.63959765	3.16626358	-0.67834765	-3.15665722	-1.21755457	-1.26941347	4.74405813	4.27129555	0.86214471	-2.44400287	
0.00847400	  24.68175207   74.15328237 -921.77235395   57.72485818   55.57046987   17.22576644	   7.39506206  -53.94049555 -244.19067797   16.02179557  -38.92622719   11.44494902	  7.90894218 102.48890162 -39.96720839 -95.58811614  71.39335191  84.77747428 -12.79359922   4.80422366  32.41169714  15.67909677   8.16863836 -18.85060480	 0.00168050  0.01539530 -0.11885149  0.63991094 -0.52549878  0.05333611 -0.03484454 -0.13145617 -0.47327744  0.80279054 -0.44210659  0.17987612	 0.00062364  0.25679239  0.58013268 -0.32165255 -0.25781787  0.00030206 -0.00996286  0.27613394  0.66430398 -1.52491070  1.09105773 -0.05600401	 0.00165063  0.26068476  0.54562095 -0.31350235 -0.24474966  0.00641045 -0.00732692  0.24352679  0.61412117 -1.61501396  1.02059819 -0.01631351	 0.25424749 -0.19907041  3.91153302	0.00594321 0.01722494 0.00198853	0.01458915 0.02196739 0.00180321	 0.00568254 -0.00676176 -0.99996099	0.35000000	0.00000000	0.00000000	0.20664644	-1.60789621	0.83889437	-0.95801723	2.41316915	2.62747717	-0.79585773	-1.62456322	2.48916221	-1.17170775	2.22633886	0.90543735	3.04015326	0.16554506	-2.66606307	3.12612462	-0.63525951	-3.19029236	-1.24040270	-1.27232349	4.81804132	4.29284096	0.86742425	-2.48257160	
0.00801500	  44.75624292   78.34786460 -857.51447145   53.30637893   62.23532273   21.94764420	 -33.44159220  -85.30369239 -376.86319155   24.78193254  -58.05163940   13.03327314	  6.27493696  98.89933658 -40.65663198 -93.49716941  75.62275010  83.09162188 -12.69828125   2.34574863  29.72700405  17.85049848   4.20821049 -20.79939023	 0.00166630  0.01761925 -0.11406449  0.63683145 -0.52716921  0.05398158 -0.03504823 -0.12905556 -0.46856763  0.79260637 -0.43234733  0.17873445	 0.01072359  0.28109197  0.65656434 -0.41097766 -0.19672577  0.13879613 -0.02381238  0.34657641  0.56214685 -1.12195865  1.30582080 -0.21201096	-0.00152354  0.28003465  0.60898178 -0.39570140 -0.20433143  0.09202703 -0.02897755  0.31099614  0.57860925 -1.21558396  1.24835104 -0.16583597	 0.26023442 -0.20379525  3.92592442	-0.02284759 -0.00044792  0.00172116	-0.00269733  0.01192520  0.00181249	 0.00574024 -0.00667383 -0.99996125	0.35000000	0.00000000	0.00000000	0.21439674	-1.61040068	0.83190525	-0.96446997	2.38046122	2.59046435	-0.78501040	-1.64177430	2.44665146	-1.31690109	2.30394983	0.89639640	3.06008840	0.18856101	-2.69161582	3.13418794	-0.56825995	-3.21863008	-1.24196017	-1.26545453	4.92880297	4.34284687	0.84599882	-2.52144217	
0.00847900	  38.81456045   55.13845127 -850.87085569   52.32603613   66.69074194   19.05653950	 -35.79579537  -57.96514655 -294.67238180   19.68894437  -45.11878439    7.38730058	  2.70732349  90.47553015 -32.39037971 -87.53882819  82.34637094  70.31858253 -13.40718977  -5.39522955  15.23417625   8.23457180 -20.97892177 -13.65923610	 0.00167053  0.02014305 -0.10844021  0.63273637 -0.52852934  0.05484075 -0.03534226 -0.12610935 -0.46410876  0.78481881 -0.42101286  0.17662949	 0.01729013  0.31629859  0.70559870 -0.57164382 -0.12807300  0.05751030 -0.01588199  0.36171112  0.49124508 -0.79181061  1.35368666 -0.25889491	 0.00085975  0.30193112  0.67234419 -0.50236560 -0.15214277  0.08736738 -0.03478468  0.34741868  0.51272743 -0.87380800  1.32754374 -0.24581511	 0.26300615 -0.20661341  3.93477036	-0.03092599 -0.00519868  0.00178742	-0.01986627  0.00142359  0.00182063	 0.00570531 -0.00642881 -0.99996306	0.35000000	0.00000000	0.00000000	0.25919643	-1.61066449	0.90294129	-0.90114319	2.41572189	2.47761559	-0.96741962	-1.73430216	2.49889541	-1.41859758	2.34497356	0.86494529	2.93667364	0.21782683	-2.69124675	3.45527220	-0.54293507	-3.33758187	-1.24996090	-1.37819731	4.96279287	4.52234268	0.82496089	-2.50565934	
0.00800000	  30.57041557   53.96758075 -848.71304984   51.93712072   72.20310226   16.44182312	 -23.43319781  -43.50274965 -245.57943047   16.52184718  -37.65490709    5.39223660	 -0.49624898  85.14725971 -24.78328456 -74.07463676  87.86305350  63.90619898 -14.75468782  -9.07564723   5.28714291  -4.13911791 -33.65026510 -11.52616307	 0.00165383  0.02262536 -0.10277446  0.62815178 -0.52942344  0.05519095 -0.03571554 -0.12337384 -0.46048744  0.77949277 -0.41106970  0.17485879	-0.00761000  0.32014964  0.72590374 -0.64269286 -0.11047380  0.02875898 -0.05374851  0.36491757  0.40447380 -0.60116309  1.16134796 -0.22481220	-0.00226945  0.30999352  0.71421691 -0.58689215 -0.10692959  0.04047605 -0.04746998  0.34063722  0.44431694 -0.64275570  1.22186485 -0.21287348	 0.26343809 -0.20739007  3.93981556	-0.02623061 -0.00106202  0.00302098	-0.02537830 -0.00143832  0.00231037	 0.00567681 -0.00619577 -0.99996469	0.35000000	0.00000000	0.00000000	0.29755354	-1.62457550	0.94957405	-0.87716216	2.51194191	2.42421341	-1.17118418	-1.83739460	2.58146787	-1.50934708	2.35244250	0.84972191	2.84333944	0.23507939	-2.68238783	3.69433451	-0.54543161	-3.41275740	-1.26704025	-1.48879647	4.91678619	4.70158434	0.76347899	-2.43583131	
0.00803600	  25.83482380   54.09780178 -849.41467607   51.75136798   77.78177768   15.27271443	 -13.04903085  -40.77427223 -213.06809167   14.18847247  -32.66117284    5.37576594	 -1.37202860  81.84107757 -19.00504030 -64.80937935  92.98126066  61.46708810 -16.03809681  -8.38221356   2.05180115 -12.92661908 -38.25747988 -15.58108039	 0.00164963  0.02507816 -0.09693815  0.62304249 -0.53000287  0.05532490 -0.03631122 -0.12082625 -0.45727072  0.77555488 -0.40250797  0.17345612	 0.00779330  0.27472005  0.67083082 -0.59060922 -0.06195919 -0.01501427 -0.08175543  0.26594772  0.34285329 -0.39570273  0.89300905 -0.16544544	 0.00074302  0.30284013  0.72359117 -0.63904003 -0.06732490  0.01417780 -0.07928487  0.31193600  0.39172277 -0.47227370  1.03010263 -0.17451424	 0.26291355 -0.20719499  3.94291661	-0.01595050  0.00537315  0.00335060	-0.02214641  0.00119199  0.00295041	 0.00569463 -0.00602739 -0.99996562	0.35000000	0.00000000	0.00000000	0.32986355	-1.63377440	0.96015942	-0.88795674	2.66263556	2.42692208	-1.34016109	-1.95920956	2.67895007	-1.58735371	2.35898447	0.84045994	2.79023075	0.23881437	-2.69189239	3.82794237	-0.55207306	-3.47090769	-1.28823781	-1.58178234	4.82614899	4.87616253	0.69035167	-2.33306932	
0.00847800	  22.06380847   54.41864074 -845.85859759   51.38699055   81.03198263   14.16917645	  -8.26340490  -41.07948742 -196.47809051   12.86506967  -29.96546785    5.63773669	 -2.32759422  79.84265637 -14.87748210 -58.38550815  96.30996072  58.73219490 -15.63674587  -5.93989904   2.28049177 -20.49760630 -37.11308375 -19.00783131	 0.00162438  0.02755798 -0.09057400  0.61713250 -0.53036697  0.05539649 -0.03726164 -0.11821014 -0.45412132  0.77237321 -0.39516000  0.17189697	-0.00404575  0.29805679  0.79787429 -0.75494694 -0.01323670 -0.01522948 -0.14016975  0.33358148  0.38369961 -0.37416027  0.77375080 -0.22921545	-0.00223930  0.29019415  0.75189095 -0.70329093 -0.03734661  0.00630357 -0.12062179  0.30727604  0.36961622 -0.36352568  0.82999027 -0.19330664	 0.26238300 -0.20693645  3.94490319	-0.00449946  0.01070800  0.00279048	-0.01361326  0.00606422  0.00303568	 0.00576520 -0.00594367 -0.99996572	0.35000000	0.00000000	0.00000000	0.35010388	-1.63309968	0.95974469	-0.89383137	2.79951477	2.43922567	-1.47219241	-2.06340909	2.76791239	-1.63949871	2.35425735	0.82943368	2.76448798	0.23317081	-2.69986320	3.90016699	-0.56096309	-3.50362229	-1.30994821	-1.65599561	4.74372053	5.02334452	0.60692501	-2.24648190	
0.00800100	  22.49231074   55.90163173 -826.57547420   50.07294001   82.96214312   13.99239021	  -9.62275640  -42.71179832 -197.74974906   12.78942793  -29.93734465    5.76236404	 -1.83447569  79.05209374 -13.59690104 -50.87365906 101.57590574  55.59640157 -14.67748148  -5.81144688   3.56831565 -25.48159277 -33.81474504 -19.61028348	 0.00160954  0.02983676 -0.08446547  0.61123715 -0.53050935  0.05541864 -0.03847269 -0.11580720 -0.45126672  0.77000241 -0.38979633  0.17012394	-0.02160392  0.31782859  0.76516127 -0.75391515 -0.01263374 -0.02485245 -0.18762236  0.33016736  0.37474242 -0.27462961  0.61496696 -0.21563769	-0.00425536  0.28601973  0.76741724 -0.74274076 -0.01567303  0.00098340 -0.15768578  0.30380301  0.35915207 -0.29159984  0.65052146 -0.22730680	 0.26193816 -0.20680048  3.94525021	0.00441822 0.01400668 0.00230108	-0.00446810  0.01026753  0.00266224	 0.00586562 -0.00594692 -0.99996511	0.35000000	0.00000000	0.00000000	0.35753918	-1.64505613	0.95893770	-0.90236390	2.90554976	2.45405102	-1.56291974	-2.15123892	2.83842826	-1.68651164	2.35998034	0.83026063	2.76466060	0.22219709	-2.70589614	3.93413115	-0.56950885	-3.51502657	-1.33030188	-1.72061419	4.68245459	5.14347839	0.53141868	-2.19752455	
0.00800800	  24.64017647   55.87850540 -807.12845943   48.73456948   84.86216701   14.05897803	 -13.65623003  -44.86538773 -206.77343734   13.23096001  -31.07160708    5.83250535	 -1.12026534  77.08582330 -12.84001373 -45.61186227 106.81236935  52.95055276 -13.47713162  -4.58008888   5.93495549 -30.08760124 -29.78536856 -20.06161521	 0.00162000  0.03203104 -0.07828189  0.60513664 -0.53057165  0.05542734 -0.03995887 -0.11341898 -0.44842790  0.76803444 -0.38575489  0.16795079	 0.01601347  0.27410999  0.73151176 -0.72472094  0.01293846  0.00423115 -0.19073319  0.28863225  0.32388317 -0.22062861  0.38311210 -0.30011140	 0.00202856  0.27465006  0.77287931 -0.76216404 -0.00629273 -0.00110183 -0.19025685  0.30023118  0.35383340 -0.24215754  0.48357356 -0.27881954	 0.26176558 -0.20678307  3.94462762	0.01114408 0.01495352 0.00218827	0.00372244 0.01304316 0.00238088	 0.00598282 -0.00601221 -0.99996403	0.35000000	0.00000000	0.00000000	0.36222869	-1.65858757	0.95502573	-0.90812701	3.01041794	2.46910715	-1.64363289	-2.23775864	2.90735102	-1.72332549	2.36707091	0.82799125	2.76443744	0.20938292	-2.71560884	3.95002079	-0.58027136	-3.53282905	-1.34673071	-1.78351772	4.61788702	5.25637245	0.46503323	-2.14875770	
0.00851100	  25.85034393   55.78705222 -794.13587047   47.84195018   85.93379082   13.83106671	 -17.94923508  -44.56723389 -214.96439296   13.66592059  -32.14949572    5.55130955	 -0.79077535  75.51134253 -12.60089561 -42.92270857 112.40900767  49.38502711 -11.86356027  -2.53715555   7.68963626 -33.11818423 -25.57166710 -19.47611086	 0.00160845  0.03432418 -0.07162690  0.59849711 -0.53060109  0.05543856 -0.04173256 -0.11086597 -0.44532158  0.76619566 -0.38256556  0.16518278	 0.00936624  0.26455086  0.69945203 -0.70444536 -0.01383302 -0.00567324 -0.21221637  0.25240761  0.34211889 -0.20084942  0.30208234 -0.32028214	-0.00046420  0.26956413  0.77636654 -0.77543630 -0.00372420 -0.00011308 -0.21156050  0.29896348  0.36397228 -0.21091781  0.35346965 -0.33271070	 0.26194301 -0.20715437  3.94348029	0.01533798 0.01411276 0.00223715	0.01029547 0.01401159 0.00226937	 0.00610704 -0.00612756 -0.99996258	0.35000000	0.00000000	0.00000000	0.36087301	-1.66706491	0.95276821	-0.90572357	3.10035920	2.47345757	-1.70324576	-2.31901288	2.96816587	-1.74681163	2.37130046	0.82374895	2.76665545	0.19435294	-2.72290325	3.95253491	-0.59215289	-3.54529476	-1.35533953	-1.84201455	4.55379152	5.35002804	0.40833732	-2.10593462	
0.00848200	  28.63891204   54.59849317 -784.24490748   47.04990124   88.96929373   14.22578272	 -21.79138994  -43.16699339 -222.27491379   14.07494939  -33.15710388    5.12868912	  0.67097615  72.81672978 -13.17687771 -39.29318006 118.17137969  45.81871486 -10.69652711  -1.02553737   8.74812337 -35.16295952 -22.15397367 -18.37480924	 0.00160714  0.03657634 -0.06487382  0.59172682 -0.53057899  0.05544675 -0.04361435 -0.10823064 -0.44213970  0.76451332 -0.38028220  0.16200406	 0.01711901  0.24871959  0.77459890 -0.75600104  0.01009159  0.02600444 -0.21705265  0.32850701  0.35772622 -0.17008203  0.20623151 -0.36204887	 0.00048027  0.26459715  0.79397112 -0.79387565  0.00454227  0.00168101 -0.22092054  0.31168972  0.37408635 -0.19392056  0.25406777 -0.37817711	 0.26200429 -0.20755830  3.94204602	0.01840721 0.01300273 0.00212355	0.01479085 0.01363392 0.00220379	 0.00622183 -0.00627225 -0.99996097	0.35000000	0.00000000	0.00000000	0.35567960	-1.67815292	0.95147389	-0.89547479	3.16626525	2.46861649	-1.75429881	-2.38630700	3.01874900	-1.77240348	2.37766004	0.82367778	2.76944494	0.17777404	-2.73196602	3.96217060	-0.60305941	-3.55548024	-1.36080205	-1.89227426	4.51335716	5.43174219	0.36284178	-2.07531238	
0.00852600	  35.01827869   54.61094499 -778.96308241   46.43967549   94.84886980   15.46337299	 -25.74508623  -42.39961589 -229.11986684   14.46589208  -34.13752869    4.77550482	  2.00293171  71.15418363 -13.96514744 -35.27363922 123.53109491  41.99179476  -9.98677194  -1.31507384   9.63127417 -36.43906835 -19.16794538 -17.05589576	 0.00160381  0.03883533 -0.05807680  0.58483234 -0.53046460  0.05544065 -0.04554893 -0.10559144 -0.43882441  0.76289817 -0.37867982  0.15850293	-0.01836540  0.23820648  0.72594021 -0.71754983  0.05100938 -0.01617339 -0.21758201  0.26255976  0.34693825 -0.15501543  0.12127825 -0.39870381	-0.00136504  0.26286256  0.79393499 -0.80297275  0.01819282 -0.00212623 -0.22512953  0.30850161  0.38721467 -0.18705579  0.17760977 -0.41272490	 0.26144886 -0.20767893  3.94078425	0.02197255 0.01275351 0.00193996	0.01854779 0.01309991 0.00207414	 0.00633068 -0.00644478 -0.99995919	0.35000000	0.00000000	0.00000000	0.34841508	-1.69310713	0.95100784	-0.89109266	3.21779633	2.45761585	-1.78566158	-2.44050026	3.05898499	-1.78955781	2.38635039	0.82819211	2.78216052	0.15885027	-2.74290562	3.96136355	-0.61586869	-3.55878282	-1.36917460	-1.93633294	4.47831726	5.49738169	0.32476327	-2.05664754	
0.00847500	  40.72871584   53.34402900 -772.32050396   45.77882508   99.73795679   16.34476896	 -29.51195057  -41.00607210 -235.71573896   14.83475431  -35.10435346    4.36636973	  3.49400340  68.45061016 -14.47017203 -31.54868871 127.11485946  38.76880977  -9.26813339   0.97203803  10.90376641 -37.01175538 -17.39605039 -16.46848921	 0.00160616  0.04104917 -0.05125630  0.57784351 -0.53027242  0.05544991 -0.04745114 -0.10292556 -0.43543311  0.76132253 -0.37756680  0.15481645	-0.00601640  0.22335392  0.76709826 -0.77341104  0.00869627  0.01501933 -0.20327610  0.30111604  0.37314250 -0.15355309  0.10976881 -0.44643699	 0.00123099  0.25881844  0.80029693 -0.82116577  0.02427943  0.00281798 -0.22083759  0.31246733  0.39923717 -0.18330468  0.12416271 -0.43921546	 0.26050330 -0.20788647  3.93951426	0.02465401 0.01260341 0.00175377	0.02186670 0.01282012 0.00190728	 0.00643833 -0.00664442 -0.99995720	0.35000000	0.00000000	0.00000000	0.34251291	-1.70521712	0.94902354	-0.87639099	3.25858498	2.44126344	-1.81728482	-2.48673201	3.09569120	-1.80694366	2.39052463	0.82809496	2.78642797	0.14358662	-2.75498295	3.96839428	-0.62687278	-3.57138991	-1.37430847	-1.97457898	4.44972277	5.56206846	0.29977623	-2.03150415	
0.00802300	  47.40395731   52.73889311 -762.84257729   44.91788001  105.10132960   17.82643540	 -33.54610786  -40.28294916 -244.39687460   15.35210228  -36.39688213    4.01242325	  4.75328362  66.30086613 -15.27073861 -26.77406391 131.30712140  34.81812346  -9.05032198   1.51132033  11.66530950 -37.52293359 -15.87909749 -15.34131010	 0.00159003  0.04314808 -0.04481863  0.57121151 -0.52999306  0.05544341 -0.04919515 -0.10038890 -0.43217684  0.75986607 -0.37687737  0.15118954	-0.03023625  0.25036201  0.75946786 -0.79431840  0.04704136  0.01388243 -0.23344279  0.32017804  0.37536681 -0.16852618  0.09651483 -0.45961665	-0.00385385  0.26130439  0.79642743 -0.82323120  0.03648734  0.00006789 -0.21663202  0.31490929  0.40287246 -0.17819350  0.08410721 -0.45280867	 0.25907521 -0.20800381  3.93823499	0.02680345 0.01301308 0.00157065	0.02444523 0.01281009 0.00173888	 0.00654033 -0.00685109 -0.99995514	0.35000000	0.00000000	0.00000000	0.33584151	-1.72311711	0.95046419	-0.86325133	3.29072237	2.42004204	-1.84139013	-2.52999210	3.13051581	-1.82704461	2.40057325	0.83216715	2.79774070	0.12579466	-2.76678634	3.97360158	-0.63950068	-3.57867694	-1.38409591	-2.01361966	4.42884731	5.62434721	0.27380764	-2.01738214	
0.00847400	  51.71965526   51.91586744 -753.58643466   44.16228727  108.65785166   16.74506365	 -37.86037407  -41.03214466 -255.15897446   15.96926145  -38.00595603    3.89540360	  6.65106561  63.53187108 -15.71914337 -23.12630626 133.67180049  31.64479584  -8.71321952   2.48624480  13.53230603 -38.52046341 -15.37093019 -15.02011161	 0.00159456  0.04533771 -0.03800717  0.56416078 -0.52964140  0.05543403 -0.05092479 -0.09769022 -0.42864866  0.75831803 -0.37642196  0.14721589	-0.01996143  0.26113947  0.79046300 -0.84104674  0.04275352 -0.00569689 -0.19320931  0.33386827  0.43236303 -0.17346000  0.03018803 -0.51017571	-0.00211133  0.25691616  0.79795007 -0.82933552  0.04271838 -0.00313528 -0.20114959  0.31897031  0.41414674 -0.18080081  0.04926671 -0.47305216	 0.25753365 -0.20829004  3.93682950	0.02902900 0.01222292 0.00592210	0.02684858 0.01270651 0.00308858	 0.00664836 -0.00708911 -0.99995277	0.35000000	0.00000000	0.00000000	0.33071506	-1.73925090	0.94848484	-0.84719205	3.30996895	2.39657807	-1.85843039	-2.55824518	3.15790868	-1.84278393	2.40958524	0.83303857	2.80529094	0.11197653	-2.78335190	3.98311114	-0.64680624	-3.59437823	-1.39560080	-2.04575610	4.42299938	5.68131399	0.25532427	-2.00815034	
0.00800600	  51.94167622   51.75295202 -754.67737762   44.12651399  111.38186005   14.60679356	 -40.06027964  -38.87028973 -259.67572337   16.24026018  -38.72564684    3.45658418	  8.24534189  61.61865973 -16.74735028 -18.53449611 136.67617857  28.09015399  -8.77491686   3.60608551  13.73127002 -38.65025507 -14.59782386 -13.76922193	 0.00159554  0.04741306 -0.03163834  0.55758896 -0.52920634  0.05543971 -0.05250270 -0.09514641 -0.42525116  0.75689750 -0.37615995  0.14340715	-0.01332549  0.28414491  0.84533273 -0.84550145  0.07302294 -0.00423539 -0.19726611  0.29517905  0.47373146 -0.18958994  0.02340408 -0.50194309	-0.00092374  0.25927769  0.79320354 -0.81760107  0.05618223 -0.00244450 -0.19467392  0.31550805  0.42691614 -0.17781358  0.02979733 -0.47679500	 0.25604922 -0.20897670  3.93579519	0.03126828 0.01084149 0.01671865	0.02905928 0.01189361 0.00874999	 0.00673981 -0.00733142 -0.99995041	0.35000000	0.00000000	0.00000000	0.32169831	-1.75850070	0.94904375	-0.82938701	3.31675816	2.36722684	-1.86723197	-2.58416605	3.18024015	-1.85654902	2.41782451	0.83686399	2.81560993	0.09732261	-2.79643130	3.98764133	-0.65856189	-3.60158086	-1.40464723	-2.07850742	4.41068840	5.72820759	0.23933890	-1.99968624	
0.00847800	  51.29987333   50.35640521 -752.41105731   43.87388419  113.38925277   12.12790562	 -41.09973239  -37.89867023 -263.11932574   16.40101702  -39.26416522    3.31485887	  9.93876065  58.53015542 -16.89388777 -13.99102031 138.40163505  24.64787510  -7.69910484   5.24178839  13.71942286 -39.65616521 -14.01086524 -13.53527571	 0.00159322  0.04956172 -0.02503134  0.55079641 -0.52865973  0.05544373 -0.05406206 -0.09242290 -0.42159125  0.75539896 -0.37601714  0.13932238	-0.01949028  0.26435374  0.81173827 -0.82720427  0.08088088 -0.00674463 -0.15862879  0.35587857  0.47574947 -0.18419388  0.00496913 -0.48720709	-0.00134251  0.25423027  0.77758413 -0.79817692  0.06733019 -0.00059015 -0.18065681  0.32268480  0.43628813 -0.17581970  0.01559311 -0.48231208	 0.25453158 -0.20991307  3.93470301	0.03437070 0.00877444 0.03307147	0.03168018 0.01042084 0.02011485	 0.00682141 -0.00761212 -0.99994776	0.35000000	0.00000000	0.00000000	0.31370217	-1.77666295	0.94873685	-0.80876309	3.32169962	2.33215594	-1.87548506	-2.60587049	3.20307851	-1.86640501	2.42329025	0.83572257	2.82673979	0.08094406	-2.81521225	3.99274945	-0.67254418	-3.61507821	-1.41816735	-2.11113358	4.39790249	5.77490282	0.22211215	-1.98382270	
0.00800100	  48.57228049   49.47491567 -749.11360139   43.59761560  114.15953145   10.67450666	 -41.93608502  -37.14016681 -270.00642766   16.80985606  -40.33593108    3.19161335	 12.34021956  56.96383679 -16.68746984  -9.19802641 139.34777927  20.69907367  -6.84606632   5.80883506  13.36228978 -41.54463626 -13.96634871 -12.46754940	 0.00159607  0.05158539 -0.01900553  0.54471439 -0.52805297  0.05542699 -0.05543867 -0.08989387 -0.41806216  0.75398287 -0.37596439  0.13547056	 0.00424778  0.25912806  0.77253243 -0.77817830  0.10052463 -0.00573954 -0.18436152  0.35393301  0.48471818 -0.20155720  0.02067900 -0.51148828	 0.00079812  0.25392203  0.75033044 -0.75524445  0.07782658 -0.00247591 -0.16939436  0.31831347  0.44528710 -0.17753275  0.00748836 -0.48189245	 0.25337426 -0.21091474  3.93372260	0.03730064 0.00572864 0.05144894	0.03446889 0.00830151 0.03509119	 0.00687689 -0.00790188 -0.99994513	0.35000000	0.00000000	0.00000000	0.30438355	-1.79709482	0.95385939	-0.78653622	3.31265783	2.28954220	-1.86668980	-2.61540794	3.21696424	-1.86619091	2.42820835	0.83353412	2.84253454	0.06497081	-2.83128858	3.99173093	-0.68977779	-3.62333298	-1.43844664	-2.14476347	4.38452673	5.80893755	0.20401146	-1.97516477	
0.00802700	  45.02891992   43.88978532 -743.33411859   43.15424798  113.46078188    9.56319061	 -42.13458866  -36.66508861 -276.59630916   17.18495242  -41.34355170    3.16987895	 14.15150649  54.18411446 -16.48875471  -5.62321116 139.13591802  17.34782299  -5.37102775   7.87993941  12.57121797 -43.68334568 -13.95269305 -12.36583279	 0.00164426  0.05359966 -0.01321733  0.53903418 -0.52736337  0.05524522 -0.05664600 -0.08735355 -0.41442340  0.75254234 -0.37592817  0.13163610	 0.00117859  0.23414335  0.65095291 -0.65080962  0.10441683 -0.05444424 -0.14629889  0.31603456  0.43663682 -0.16336457  0.00515886 -0.47462019	 0.00801108  0.25213560  0.71090089 -0.69590509  0.08804350 -0.03137011 -0.14795443  0.31681993  0.45323643 -0.17998525  0.00395093 -0.47726145	 0.25257639 -0.21152069  3.93269469	0.04078878 0.00191635 0.06732405	0.03756828 0.00527042 0.05146084	 0.00690306 -0.00821836 -0.99994240	0.35000000	0.00000000	0.00000000	0.29528660	-1.81180406	0.95665914	-0.76138979	3.31577992	2.24031353	-1.86403799	-2.63045263	3.23630190	-1.86352265	2.42534947	0.82392943	2.84885216	0.04631621	-2.84909534	3.99111700	-0.71090770	-3.64330220	-1.45914626	-2.18196106	4.35718727	5.84471369	0.18604188	-1.95001519	
0.00801000	  41.01596175   40.74262370 -730.86520801   42.31980009  111.61687923    8.90527971	 -42.29869260  -35.91846649 -284.45027583   17.66103786  -42.53312475    3.06910162	 15.24775053  51.55595005 -15.84297121  -2.60655304 137.67007792  15.42130361  -4.93997872  10.00058183  11.56672692 -46.03550787 -14.50658762 -12.08251984	 0.00184862  0.05567350 -0.00771905  0.53386486 -0.52656750  0.05465620 -0.05762851 -0.08482100 -0.41067119  0.75107973 -0.37586478  0.12777447	 0.02093120  0.24335474  0.65996134 -0.58558991  0.10888232 -0.09546597 -0.14070821  0.31991708  0.43943468 -0.17732391  0.02061795 -0.49045947	 0.02870062  0.25895554  0.67505362 -0.63164677  0.09973748 -0.08049032 -0.12065451  0.31605936  0.46510317 -0.18188904  0.00961067 -0.48278346	 0.25225175 -0.21189740  3.93115931	 0.04356188 -0.00261104  0.08086646	0.04066730 0.00148199 0.06658841	 0.00689457 -0.00856102 -0.99993959	0.35000000	0.00000000	0.00000000	0.28251845	-1.82296121	0.96060848	-0.73641831	3.31414747	2.18622160	-1.86045599	-2.63574648	3.24866581	-1.86485136	2.41871095	0.80712545	2.84423804	0.03102678	-2.86216283	3.99241567	-0.72718579	-3.67105150	-1.47950327	-2.21641588	4.33479738	5.87468767	0.16882746	-1.92664659	
0.00800000	  36.81837600   38.55782821 -719.99350577   41.56195751  110.05219880    8.32510406	 -41.62294427  -33.71230356 -291.62945222   18.12904279  -43.63127191    2.78115134	 14.78568722  47.87592041 -15.54786912   1.25417777 135.74339890  14.98191439  -4.92617047  12.42863637   9.46029287 -48.49129152 -15.07490534 -11.24392243	 0.00225296  0.05781926 -0.00255711  0.52929868 -0.52566001  0.05361359 -0.05835878 -0.08225608 -0.40680038  0.74956941 -0.37577391  0.12385896	 0.06175947  0.25435892  0.57322760 -0.50766790  0.08320540 -0.12204060 -0.04714522  0.31196323  0.41638139 -0.14122552  0.00830041 -0.42410467	 0.05453479  0.26745496  0.63270183 -0.55536273  0.11193727 -0.13252667 -0.08585895  0.32048903  0.47808383 -0.18489812  0.01428664 -0.48430050	 0.25209050 -0.21213668  3.92926071	 0.04589628 -0.00658187  0.09404834	 0.04338003 -0.00259433  0.08052830	 0.00685047 -0.00892449 -0.99993671	0.35000000	0.00000000	0.00000000	0.26803714	-1.83866060	0.96329182	-0.71088314	3.30250525	2.12631750	-1.86522675	-2.63456416	3.25249147	-1.87905741	2.41053081	0.78802752	2.82340002	0.02098724	-2.86953878	3.99782896	-0.73920983	-3.70858502	-1.49585807	-2.24980807	4.31435061	5.90107393	0.15735541	-1.90521812	
0.00847500	  31.94962590   36.89226921 -706.42102944   40.61921132  108.10586848    7.76052457	 -41.32870562  -31.86995687 -300.51187208   18.71678130  -44.95494765    2.48719842	 13.81382409  44.32392335 -14.75953767   5.66082949 132.96468329  14.77509730  -5.63136673  14.17657560   7.35163038 -51.78582671 -15.08201766 -10.38335085	 0.00285258  0.06013777  0.00246131  0.52526156 -0.52461342  0.05212841 -0.05891514 -0.07950495 -0.40256126  0.74789043 -0.37557124  0.11959231	 0.09858120  0.24738147  0.58245286 -0.45783869  0.15020382 -0.21582820 -0.03075979  0.35755021  0.54110907 -0.19276346  0.05450352 -0.55696848	 0.07457322  0.27313758  0.58319987 -0.46070962  0.12517163 -0.18104628 -0.05885355  0.32788238  0.50254216 -0.19697317  0.02843245 -0.50753875	 0.25217985 -0.21230768  3.92675744	 0.04801484 -0.01067374  0.10931417	 0.04585741 -0.00676328  0.09523667	 0.00676839 -0.00933029 -0.99993357	0.35000000	0.00000000	0.00000000	0.25198030	-1.85996914	0.96476424	-0.68709135	3.27699375	2.05946350	-1.85821450	-2.62030768	3.24483132	-1.89753282	2.40550685	0.76576257	2.80860901	0.01100281	-2.87759709	3.98964095	-0.74652028	-3.75089955	-1.51680136	-2.27881455	4.30440092	5.92101192	0.14801644	-1.89577007	
0.00801300	  27.61408898   34.76811442 -689.48130300   39.46380137  105.63655627    7.14637682	 -41.27715125  -29.15574228 -311.53528511   19.46877485  -46.61223656    2.07228734	 12.79555180  40.96783149 -14.52721315  10.03479160 129.18374527  14.10098143  -5.26521001  15.90908593   4.59535518 -54.88088350 -15.26163858  -8.40853581	 0.00352013  0.06239027  0.00668197  0.52235644 -0.52364063  0.05052565 -0.05924302 -0.07689666 -0.39848563  0.74622896 -0.37524317  0.11558789	 0.07550628  0.27010695  0.45724176 -0.28272053  0.12845217 -0.19469785 -0.01486564  0.30617713  0.46161522 -0.20300700  0.02849504 -0.47338294	 0.08574807  0.28092001  0.51453614 -0.34411221  0.12245278 -0.20408317 -0.03600619  0.32552772  0.50822478 -0.20891779  0.04400693 -0.49848938	 0.25229140 -0.21246856  3.92384813	 0.04898229 -0.01352686  0.12433472	 0.04761238 -0.01030682  0.10971653	 0.00666162 -0.00972539 -0.99993052	0.35000000	0.00000000	0.00000000	0.24121255	-1.88842618	0.96595830	-0.65608191	3.23240256	1.97827387	-1.84650266	-2.59982371	3.22363615	-1.92272842	2.40196013	0.74330211	2.78064799	0.00966035	-2.87662888	3.97357559	-0.75246638	-3.79484153	-1.53499651	-2.30821896	4.28146935	5.93073368	0.14702170	-1.88855338	
0.00850700	  23.79623489   31.04103495 -666.46307468   37.91975261  102.23215976    6.33506526	 -42.98675148  -30.41510954 -327.42865983   20.49605329  -48.92864201    2.08882465	 11.99405943  36.85723424 -14.00561705  13.36230332 124.64871562  12.43575507  -4.93957369  16.98689818   3.75984430 -59.94097115 -15.62526360  -8.58979141	 0.00429461  0.06479421  0.01056861  0.52036731 -0.52265892  0.04866416 -0.05939133 -0.07409538 -0.39405640  0.74438399 -0.37461923  0.11137302	 0.09953880  0.27474120  0.41185671 -0.14907781  0.10871589 -0.22030470  0.00887695  0.33024702  0.49993400 -0.19488937  0.09569031 -0.46586949	 0.09217715  0.28459819  0.44271561 -0.20970477  0.11376298 -0.22283655 -0.01484577  0.32920766  0.52019665 -0.21828669  0.07968025 -0.49482886	 0.25292109 -0.21256056  3.92009100	 0.04988640 -0.01729775  0.14311257	 0.04886483 -0.01382468  0.12643772	 0.00651915 -0.01015338 -0.99992720	0.35000000	0.00000000	0.00000000	0.23971951	-1.92351758	0.96009797	-0.62377083	3.17720318	1.88732803	-1.81719053	-2.57446933	3.19275403	-1.96114480	2.41473222	0.71488166	2.76752400	0.00999126	-2.89041090	3.93832493	-0.74579155	-3.85696554	-1.56488705	-2.33538294	4.27939415	5.95168734	0.14938699	-1.89514422	
0.00800000	  29.27351791   26.29500683 -640.72919868   36.13385947   98.05632149    5.83752530	 -45.37182696  -33.40685267 -349.16168778   21.91237671  -52.14820600    2.35028290	 10.61009004  33.00255346 -14.37756005  18.20488799 118.54427719   9.76151560  -3.71085993  16.33844703   1.67278900 -65.79649191 -16.76678172  -7.95376702	 0.00505110  0.06708116  0.01365682  0.51949800 -0.52182535  0.04675605 -0.05945678 -0.07142500 -0.38976669  0.74247172 -0.37373830  0.10729702	 0.07818221  0.24899730  0.34083262 -0.05092139  0.06366156 -0.21178829 -0.01623429  0.31133317  0.50848318 -0.23118333  0.12855696 -0.46152977	 0.09336336  0.28542557  0.37705149 -0.09616674  0.10093043 -0.23900234 -0.00949838  0.33044074  0.53348483 -0.24139825  0.11694851 -0.50502623	 0.25346228 -0.21225019  3.91671361	 0.05173421 -0.01703560  0.16358753	 0.05014457 -0.01620275  0.14456742	 0.00636466 -0.01056729 -0.99992391	0.35000000	0.00000000	0.00000000	0.24146655	-1.96413004	0.95312512	-0.57738799	3.09028935	1.76661587	-1.78377855	-2.53620243	3.14594817	-2.01604509	2.43286824	0.68446863	2.74038744	0.00918162	-2.90263224	3.89918971	-0.73898566	-3.92314935	-1.59863663	-2.36016154	4.27550220	5.96903658	0.15207447	-1.91202354	
0.00850400	  26.12969229   18.71940986 -604.25350751   33.76170866   92.57379963    4.41867595	 -49.25755640  -37.09492471 -375.64479803   23.64496600  -56.05315525    2.64767219	  9.05034369  28.88547248 -14.53633660  25.98792840 112.25993335   5.86747210  -0.72444729  15.99876058   0.80469844 -71.51788011 -17.84644908  -7.14981907	 0.00578129  0.06955222  0.01647549  0.51935760 -0.52098002  0.04439830 -0.05946723 -0.06857920 -0.38514874  0.74023316 -0.37237603  0.10283185	 0.05625720  0.26291734  0.27391486  0.04995985  0.08548106 -0.26969348 -0.00046821  0.27910243  0.49867184 -0.27453445  0.18542689 -0.48900061	 0.08313682  0.29000803  0.32032415  0.00255105  0.09558495 -0.28466203 -0.00125871  0.33069284  0.54380560 -0.26819317  0.16942640 -0.52498791	 0.25431767 -0.21151448  3.91247298	 0.05409265 -0.01624918  0.18903756	 0.05213648 -0.01632932  0.16681354	 0.00620861 -0.01102746 -0.99991992	0.35000000	0.00000000	0.00000000	0.24401823	-2.01401258	0.93861681	-0.50818801	2.98707747	1.62194228	-1.75474417	-2.50176787	3.10000706	-2.10025859	2.46570969	0.64766777	2.70268464	0.00198287	-2.91859341	3.84797049	-0.72986573	-4.00041819	-1.63138986	-2.38778543	4.25996685	6.00826168	0.15019056	-1.93033445	
0.00844900	  19.08276199   10.17056544 -559.42626306   30.97797162   86.01129728    2.65630068	 -54.08539520  -41.20385194 -408.44862348   25.81083738  -60.91328998    2.96540684	  7.57470843  22.59795690 -15.26844208  37.42308888 104.42372668   2.32879668   2.41199637  16.15486974   0.09412398 -78.06755522 -20.30920216  -6.05566056	 0.00640348  0.07208794  0.01861981  0.52034094 -0.52025826  0.04162304 -0.05948410 -0.06567729 -0.38040799  0.73775919 -0.37049918  0.09819724	 0.07445881  0.29525272  0.18706490  0.21325869  0.06719289 -0.36450784  0.00923506  0.38795043  0.59732648 -0.32054104  0.25934441 -0.59767139	 0.07029977  0.30152077  0.23750464  0.14612587  0.08118867 -0.33740746 -0.00143287  0.34591495  0.56564844 -0.29784469  0.23169902 -0.55550602	 0.25587207 -0.21021412  3.90672804	 0.05659103 -0.01865410  0.21847983	 0.05440340 -0.01709881  0.19259210	 0.00604197 -0.01150937 -0.99991551	0.35000000	0.00000000	0.00000000	0.24124175	-2.08239102	0.90950847	-0.40610859	2.84168196	1.43498099	-1.71842623	-2.46066833	3.03894782	-2.23728943	2.53467035	0.59600329	2.63265276	-0.01546838	-2.94677877	3.77348566	-0.71377748	-4.12016726	-1.67514575	-2.42643356	4.24507999	6.07270288	0.15753487	-1.96008062	
0.00804000	   7.30824915   -0.39406088 -490.41796094   26.88394010   75.82771642    0.31669374	 -61.03991459  -48.76467726 -456.95911207   28.99815387  -68.05470203    3.63058037	  5.78550154  15.30065036 -16.28793410  52.16015071  92.23133057  -2.61559059   7.60997956  13.08299738  -0.65025411 -89.13983175 -22.49972525  -3.92599243	 0.00678826  0.07450576  0.01982423  0.52283771 -0.51972983  0.03854753 -0.05949178 -0.06296467 -0.37580489  0.73517240 -0.36815237  0.09368470	 0.00425023  0.29895108  0.07553790  0.39195209  0.03978065 -0.39607584  0.00209201  0.33596184  0.56572639 -0.29553111  0.28965453 -0.55432858	 0.04305947  0.30170936  0.13069243  0.34541658  0.06034494 -0.39122969 -0.00139835  0.34013778  0.57790043 -0.32566836  0.30239223 -0.56591050	 0.25905579 -0.20770301  3.89902368	 0.06000891 -0.02794079  0.25005969	 0.05707372 -0.02077741  0.22086127	 0.00584189 -0.01198769 -0.99991108	0.35000000	0.00000000	0.00000000	0.24056688	-2.15156341	0.84549320	-0.25066704	2.59712553	1.18786860	-1.69077575	-2.39129210	2.94592023	-2.42889309	2.66783023	0.51084614	2.49929190	-0.05667919	-2.98059034	3.64369845	-0.68244743	-4.27615023	-1.74318838	-2.47739506	4.20969820	6.15761757	0.17562209	-2.02746129	
0.00853100	 -12.50942327  -17.70591991 -304.68535117   16.48774020   48.49716126   -3.92210559	  75.32372645 -125.91830475 -865.98589206   56.25751516    5.93163440   36.07589324	   4.41842464    7.37436289  -19.70014253   66.66853219   71.96470642  -11.30283599   14.89142556   10.30851424   -1.10591785 -103.53636649  -29.68865749   -5.50713889	 0.00726811  0.07723112  0.02007665  0.52744084 -0.51908370  0.03511446 -0.05974188 -0.05971034 -0.37068032  0.73240132 -0.36697603  0.08715565	 0.04376236  0.29048158 -0.05606277  0.60817838  0.07975567 -0.36783222 -0.07260732  0.39072906  0.53373064 -0.29064327  0.00655528 -0.86314197	 0.05907195  0.32060149  0.00386791  0.57716852  0.08103403 -0.39918547 -0.03891204  0.39290754  0.59926723 -0.31611935  0.07682123 -0.82285996	 0.25280641 -0.19062067  3.91280418	 0.02897667 -0.03799273  0.15317525	 0.04601206 -0.02928755  0.19708159	 0.00554101 -0.01235993 -0.99990826	0.35000000	0.00000000	0.00000000	0.22836667	-2.06535435	0.69873619	0.02072350	2.31697583	0.89490253	-1.87915123	-2.41656494	2.97162032	-2.81937242	2.93364835	0.27812523	2.14532089	-0.25764862	-3.00814724	3.47861743	-0.61107886	-4.50211191	-1.90363669	-2.60445142	4.06905651	6.45988894	0.14273585	-2.08144093	
0.00846400	   1.70957586  -50.12841327 -134.67122001    6.56830272   22.01620430   -8.26895981	  28.36881887 -138.53572442 -939.02479470   60.81796602  -18.50285956   39.16242176	  -1.23643089   -6.36542021  -34.66133361   66.41337588   38.25187272  -31.23832271   20.56986513   -3.65771036    5.47726121 -118.25565135  -30.56652340    3.40876789	 0.00778939  0.08018300  0.01899575  0.53441615 -0.51809638  0.03113569 -0.06032025 -0.05592407 -0.36524256  0.72973040 -0.36824540  0.07811618	 0.08175829  0.37546935 -0.19833059  1.00491662  0.15166171 -0.54659886 -0.09910635  0.45975106  0.68612790 -0.31200178 -0.23350989 -1.21506650	 0.05743828  0.35212520 -0.15547801  0.86944368  0.12153758 -0.49489937 -0.07384970  0.44917368  0.64584877 -0.31148386 -0.17790602 -1.09525985	 0.24911405 -0.17700033  3.91643205	 0.01547925 -0.04715757  0.12767506	 0.02933471 -0.03839362  0.15715610	 0.00516374 -0.01254605 -0.99990796	0.35000000	0.00000000	0.00000000	0.21406981	-1.90349138	0.48394957	0.35972962	1.88600039	0.51246846	-2.15413499	-2.43293667	3.05981421	-3.17154789	3.27743435	-0.01143593	1.74598479	-0.52038413	-3.01639199	3.27889156	-0.52383363	-4.71415186	-2.08072591	-2.76258516	3.95028949	6.77216864	0.08820998	-2.32570577	
0.00850100	 21.89579671 -58.26503245 -59.83256919   2.52797100  10.23688944  -7.78842113	  -6.11246658 -145.30780116 -979.36121414   63.36581619  -34.53363520   45.20110804	  -2.16461200  -10.54455602  -48.13933790   62.00758652   -9.45154618  -43.13281858   32.93710573  -11.65498573    8.01866469 -129.74879584  -23.56514812    8.73492761	 0.00808105  0.08337975  0.01641524  0.54408488 -0.51724217  0.02528987 -0.06097625 -0.05189520 -0.35961224  0.72698089 -0.37074277  0.06758239	 0.01162848  0.36059168 -0.35544746  1.21225968  0.03908055 -0.77912175 -0.06710165  0.42533275  0.60851313 -0.34278791 -0.31026255 -1.21984696	 0.03048971  0.37884478 -0.33078321  1.18669980  0.08332844 -0.73915373 -0.07150013  0.47332638  0.66305990 -0.32830624 -0.30224176 -1.25585700	 0.24564257 -0.15914876  3.91680965	 0.00447553 -0.04844704  0.07828908	 0.01594052 -0.04490943  0.11918520	 0.00474028 -0.01263121 -0.99990899	0.35000000	0.00000000	0.00000000	0.23233402	-1.78319395	0.42592210	0.52250755	1.73237693	0.16237102	-2.22785544	-2.39974189	3.05873680	-3.27739573	3.30368876	-0.20277509	1.59133005	-0.59746569	-2.93647313	3.08071756	-0.51726693	-4.75016117	-2.17340088	-2.81250334	3.71506834	6.76226377	-0.04993828	-2.36351228	
0.00801700	 32.54383560 -42.77305549 -38.45278049   1.77299325   6.69325649  -4.41365500	 -17.15507324 -146.80617963 -989.05212616   64.05260581  -33.56052370   41.79137022	 -10.88450584  -15.90330398  -57.85546148   50.80479485  -31.01147702  -36.26446778   37.70566607  -19.12086070    8.00131182 -125.37546408  -10.21901145   12.82304054	 0.00823334  0.08642666  0.01258160  0.55559213 -0.51736211  0.01757046 -0.06129521 -0.04801960 -0.35431801  0.72421016 -0.37337427  0.05689142	 0.03216462  0.35195174 -0.51752322  1.43639903 -0.08812406 -0.97308802 -0.02479513  0.42937480  0.59392363 -0.33087413 -0.30324557 -1.26769411	 0.01765069  0.37491286 -0.49960864  1.46610338 -0.04236626 -0.98383500 -0.03503100  0.47853680  0.65457465 -0.34952493 -0.32489186 -1.33447281	 0.23989865 -0.13978475  3.91762074	 0.00255562 -0.03766613  0.03387508	 0.00775915 -0.04333243  0.07542124	 0.00438805 -0.01265635 -0.99991028	0.35000000	0.00000000	0.00000000	0.21256292	-1.75745368	0.39758518	0.52233326	1.76393092	-0.01522959	-2.26427054	-2.40143108	3.05887413	-3.35324502	3.29365468	-0.28960472	1.49554372	-0.60870749	-2.85225677	2.89042282	-0.52377671	-4.76157904	-2.16687298	-2.82579136	3.49973965	6.69846678	-0.14161150	-2.33324909	
0.00844200	 18.88664885 -12.37609070  -1.01071632   0.34646958   0.89797974  -0.26442785	 -22.61823918 -145.33406736 -995.98604820   64.61272044  -30.59670430   32.45903501	 -15.20489175  -14.85181904  -59.94244942   44.21435502  -36.72021550  -24.23126024   34.45185216  -23.11074746   10.08506267 -119.45430464   -2.94837556   17.30685659	 0.00819567  0.08930159  0.00694602  0.57009688 -0.51910600  0.00824621 -0.06146093 -0.04398564 -0.34886402  0.72113170 -0.37605467  0.04521966	 0.00797703  0.31797737 -0.82135463  1.90565165 -0.29665637 -1.15638850 -0.04840378  0.46859718  0.65542121 -0.38414057 -0.31722910 -1.41501049	-0.00846410  0.33077900 -0.70350559  1.76526521 -0.23851918 -1.10806999 -0.01951577  0.47645851  0.64426096 -0.36722830 -0.31227703 -1.38838813	 0.23308664 -0.12136815  3.91683588	-0.00293772 -0.02540762  0.01391848	 0.00248102 -0.03483735  0.03994981	 0.00412123 -0.01265765 -0.99991140	0.35000000	0.00000000	0.00000000	0.17558125	-1.79387057	0.37812868	0.49590561	1.78047228	-0.09622696	-2.24212742	-2.38512969	3.03014302	-3.43471527	3.32891583	-0.34023130	1.41162503	-0.60205168	-2.78296995	2.71185422	-0.51135206	-4.79479980	-2.14889312	-2.84117103	3.34231210	6.64647293	-0.15701364	-2.33043623	
0.00805700	17.68040060 -5.51008169  2.17506584  0.13159070  0.42143327  0.00148560	  -19.69502824   -87.02120605 -1093.33466692    43.89706457   -25.51652771    25.75023906	 -15.25537850  -10.34587997  -54.47047544   32.71132296  -31.20881259  -15.83554383   32.82232770  -28.55511492    8.48158985 -114.97802323    0.36387974   22.05921575	 0.00784440  0.09145447  0.00027238  0.58538625 -0.52216845 -0.00016201 -0.06151559 -0.04032738 -0.34395562  0.71822240 -0.37840851  0.03464872	-0.07375513  0.22797194 -0.89306201  2.00169325 -0.46735677 -1.00457617 -0.03147363  0.44725483  0.62605297 -0.34529835 -0.30492719 -1.18728464	-0.04876639  0.26153797 -0.84842705  1.92043841 -0.40008792 -1.02050011 -0.00847798  0.44859379  0.60638665 -0.35408643 -0.29207791 -1.27559777	 0.22680425 -0.10699389  3.91959737	-0.02453128 -0.01700369  0.00471955	-0.00571336 -0.02532873  0.02017614	 0.00395789 -0.01258626 -0.99991296	0.35000000	0.00000000	0.00000000	0.15473157	-1.82907093	0.35911086	0.48377076	1.70096731	-0.13736621	-2.19259882	-2.33830786	2.93399668	-3.52263308	3.41468573	-0.36990991	1.29842317	-0.56228226	-2.70686460	2.54859686	-0.45776737	-4.77981758	-2.09138012	-2.82976866	3.22760701	6.55421114	-0.12839706	-2.35333896	
0.00846400	16.73021629 -4.88790929  1.19545755  0.10858202  0.39944987  0.06979941	  -31.79621624   -62.38374077 -1127.64823781    29.65148890   -30.97751180    21.85683201	 -11.12981776   -6.08507176  -49.03022188   21.67522910  -19.63114294  -17.99110924   29.91554725  -37.34146595    7.69826053 -114.26448131   -1.56128046   17.18759973	 0.00723065  0.09354395 -0.00796318  0.60272402 -0.52639040 -0.00796348 -0.06149866 -0.03692777 -0.33918161  0.71572999 -0.38097439  0.02718952	-0.08687573  0.23911038 -1.10367976  2.18875811 -0.56551564 -0.89309283  0.01767476  0.38205671  0.56107667 -0.26022263 -0.34429391 -0.70488188	-0.07612352  0.24421677 -0.99211947  2.06473482 -0.50958846 -0.90609805  0.00326543  0.39042215  0.55773906 -0.27858662 -0.30547677 -0.80113883	 0.22241855 -0.09713596  3.92911841	-0.06655541 -0.01824456 -0.00453567	-0.03632453 -0.02053203  0.00659265	 0.00380699 -0.01216116 -0.99991880	0.35000000	0.00000000	0.00000000	0.18557537	-1.87934196	0.32776478	0.46989352	1.61069119	-0.14913878	-2.12273455	-2.33419394	2.83779097	-3.66884828	3.57131124	-0.38508031	1.25841308	-0.52000350	-2.68501377	2.39540982	-0.36194271	-4.77406216	-2.07878590	-2.83390260	3.18736553	6.54018068	-0.10882148	-2.41940546	
0.00847900	16.95703829 -6.44239976 -0.15600312  0.15793526  0.37702141  0.09611882	  -31.52220965   -86.34969963 -1101.09087129    18.85403295   -32.61169174    18.21266923	 -11.09257234  -12.75330877  -44.33896863   11.54863506  -16.59256285  -20.30296861   25.96551041  -54.30690956    8.01430235 -121.26778772   -2.44413492   -7.18350940	 0.00655136  0.09518122 -0.01702391  0.62056397 -0.53111418 -0.01504050 -0.06142454 -0.03419009 -0.33477238  0.71379474 -0.38354015  0.02315166	-0.05888398  0.16610432 -1.14646762  2.17228210 -0.58885675 -0.85406050  0.01120627  0.25965767  0.54276898 -0.24262869 -0.32078385 -0.37029081	-0.08109602  0.17952276 -1.08853572  2.12116747 -0.56670197 -0.83351522  0.00901845  0.30815192  0.52128707 -0.22468773 -0.30456152 -0.44110390	 0.21952975 -0.08303105  3.93614739	-0.05747122 -0.02069189 -0.00838198	-0.05328218 -0.02004864 -0.00226677	 0.00364146 -0.01161951 -0.99992586	0.35000000	0.00000000	0.00000000	0.26931292	-1.91660953	0.25623271	0.35989714	1.66229868	-0.14657380	-2.11670446	-2.37530017	2.79461622	-3.79223657	3.72311783	-0.41178539	1.31631100	-0.50852287	-2.76730156	2.25354457	-0.27264985	-4.84638023	-2.11576080	-2.81718135	3.15362477	6.60971642	-0.09695902	-2.42654538	
0.00805600	16.34587927 -3.85444227  0.39988786  0.06650153  0.33436205  0.05063825	  -26.78471208   -99.10018775 -1087.69656083     4.90138887   -33.03025631    18.56235424	 -13.43831322   -2.78968431  -41.88050209   14.52694653  -20.29998592  -19.86232527   26.87903553  -65.42483783    6.04757790 -130.75662234   -1.82690303  -29.46603802	 0.00579858  0.09612917 -0.02617721  0.63750733 -0.53598063 -0.02120752 -0.06134532 -0.03216841 -0.33077169  0.71212601 -0.38583274  0.02093863	-0.09929388  0.10642593 -1.20387489  2.16928619 -0.66093733 -0.76881702 -0.00053928  0.22634400  0.49460528 -0.23964774 -0.27447987 -0.21246693	-0.09386172  0.10943514 -1.14735930  2.10734483 -0.61388446 -0.75818828  0.00964865  0.24541490  0.49548735 -0.21080852 -0.27987326 -0.26178035	 0.21719744 -0.07033640  3.94159698	-0.04846367 -0.02190484 -0.01113393	-0.05234048 -0.02097053 -0.00715160	 0.00347095 -0.01119959 -0.99993126	0.35000000	0.00000000	0.00000000	0.33610043	-1.92093408	0.21659471	0.24599712	1.61966169	-0.12676081	-2.03021669	-2.33828664	2.67598367	-3.88024163	3.81279492	-0.45232579	1.42015624	-0.50404704	-2.82297421	2.06567264	-0.17745899	-4.83937216	-2.18267393	-2.74862599	3.14090824	6.60942650	-0.09298553	-2.44658756	
0.00850900	15.11039756 -0.76913215  0.57302723 -0.04605440  0.30206907  0.02355222	  -27.13921201  -107.56362918 -1069.91217081    -6.02040990   -36.11889317    18.52848419	 -14.35058913    4.37369320  -39.38941766   15.42280786  -18.77202049  -20.10516529   26.78830873  -76.84505224    3.66474571 -135.07982719   -5.45679349  -43.94571537	 0.00487604  0.09661663 -0.03651511  0.65573839 -0.54170681 -0.02731353 -0.06122909 -0.03041951 -0.32650413  0.71019458 -0.38807042  0.01930640	-0.08440025  0.01365338 -1.18769462  2.00427500 -0.65435874 -0.65255058 -0.00267907  0.16637078  0.44035944 -0.23232299 -0.23793142 -0.14806794	-0.10715128  0.05065908 -1.22081898  2.13450030 -0.67854579 -0.70496609  0.01147136  0.19841458  0.49850113 -0.23276116 -0.25585877 -0.18460128	 0.21550562 -0.05782055  3.94586681	-0.03913475 -0.02347071 -0.01212984	-0.04576364 -0.02219200 -0.01024362	 0.00327897 -0.01083396 -0.99993593	0.35000000	0.00000000	0.00000000	0.38317746	-1.93884349	0.19194295	0.16012914	1.60805845	-0.12619829	-1.95187628	-2.32714510	2.58905029	-3.95363474	3.90271735	-0.49244943	1.48936188	-0.50397474	-2.87268424	1.93512821	-0.10015237	-4.86563540	-2.22026300	-2.71161914	3.10626316	6.62384939	-0.07009038	-2.46495843	
0.00847900	13.48441320  2.97703749  0.08888443 -0.16889552  0.25650894 -0.00797552	  -22.78099763  -109.90510299 -1051.06942558   -12.89732858   -35.91320034    17.16895049	 -14.54596757   12.28308511  -35.98408806   13.89849547  -15.61023840  -18.56513612   25.50312084  -82.78027344   -1.73586123 -136.02558935   -6.30279453  -51.96124923	 0.00389363  0.09681238 -0.04745937  0.67411038 -0.54787778 -0.03295230 -0.06112293 -0.02889745 -0.32215925  0.70801505 -0.39006918  0.01795224	-0.10692944 -0.00052666 -1.37209556  2.23278064 -0.75292276 -0.66020190  0.00046254  0.18009271  0.50644797 -0.26268773 -0.19794474 -0.18726426	-0.11256019  0.01895912 -1.29517538  2.15498646 -0.72832022 -0.65061381  0.01101594  0.17573302  0.50803777 -0.26122926 -0.22775418 -0.15845168	 0.21364921 -0.04763152  3.94862594	-0.03550526 -0.02204224 -0.01104097	-0.03981299 -0.02254503 -0.01109499	 0.00308546 -0.01052057 -0.99993990	0.35000000	0.00000000	0.00000000	0.39963242	-1.94131768	0.18049966	0.10071164	1.58406615	-0.13410144	-1.88149059	-2.31726694	2.50078273	-4.01878357	3.96831155	-0.53988397	1.51774979	-0.50303257	-2.88512778	1.80916309	-0.03213219	-4.86891365	-2.21702933	-2.67572713	3.04725313	6.60250378	-0.05105487	-2.46827984	
0.00846600	11.80215579  5.30800294 -0.38659820 -0.24211295  0.22108964 -0.02747310	  -19.28380213  -111.15772763 -1036.71454016   -16.47612055   -35.05044409    15.50087078	 -14.38275089   16.29814625  -32.48458084   12.91761863  -11.53573671  -17.31745593   23.99002679  -87.39109826   -5.93301460 -135.09365946   -6.89140304  -55.65253234	 0.00290473  0.09689546 -0.05895721  0.69251227 -0.55428800 -0.03790099 -0.06102582 -0.02755771 -0.31776364  0.70557303 -0.39187680  0.01675322	-0.12572294  0.01794517 -1.50864774  2.29681587 -0.80956100 -0.58721435  0.00061188  0.13872183  0.56049403 -0.33151077 -0.21647048 -0.12244534	-0.11658715  0.00888505 -1.37478206  2.18023629 -0.76207926 -0.57195216  0.00923793  0.15437416  0.52113865 -0.29515320 -0.21146812 -0.14007773	 0.21168035 -0.03842400  3.95017924	-0.03308741 -0.01899583 -0.00832214	-0.03603451 -0.02105466 -0.01004097	 0.00291213 -0.01023001 -0.99994343	0.35000000	0.00000000	0.00000000	0.40550151	-1.95682585	0.17301174	0.06775947	1.55266774	-0.15257290	-1.83215880	-2.31178927	2.42867780	-4.08553123	4.03787184	-0.58029521	1.52400434	-0.49720535	-2.88661861	1.70944059	0.02603907	-4.87818527	-2.19248199	-2.65068316	2.99329615	6.58657598	-0.02863527	-2.48002172	
0.00801500	10.43526966  5.42963880 -1.19278692 -0.24607596  0.18287330 -0.02555306	  -14.17402482  -107.90800967 -1023.91025082   -19.95009087   -32.16538610    13.77413075	 -13.68725118   18.47576636  -28.40364215   10.64504798   -8.18182759  -18.12481806   22.65784793  -88.35790229   -9.89402977 -132.33528411   -5.55379567  -58.71652716	 0.00203518  0.09693040 -0.07019193  0.70968653 -0.56029366 -0.04191314 -0.06096016 -0.02641382 -0.31360940  0.70309856 -0.39338693  0.01568435	-0.13214524  0.00802650 -1.48182632  2.20360044 -0.75987343 -0.48779382  0.00588464  0.13888094  0.55070902 -0.35326465 -0.19252677 -0.13939374	-0.11011812  0.00433439 -1.41862578  2.15234444 -0.75216807 -0.49404924  0.00561526  0.13965846  0.52215598 -0.31484492 -0.18720757 -0.13391263	 0.20955109 -0.03013703  3.95073768	-0.03069365 -0.01477627 -0.00676928	-0.03327961 -0.01820692 -0.00834081	 0.00277814 -0.00997537 -0.99994639	0.35000000	0.00000000	0.00000000	0.40886092	-1.95371258	0.16559838	0.05080926	1.53460348	-0.17239770	-1.81669772	-2.32435274	2.38124704	-4.14112568	4.09310436	-0.62197042	1.52597797	-0.49528551	-2.88029361	1.63022649	0.07593313	-4.87451506	-2.15005827	-2.62573361	2.93367791	6.58314800	-0.01605872	-2.47411299	
0.00848900	 9.66426825  4.73031147 -1.77365080 -0.22764694  0.15999352 -0.01598100	  -12.53237287  -104.86167450 -1015.26571193   -22.61180325   -30.55703567    12.67753926	 -13.40638219   19.84519798  -26.12786396    9.23643012   -6.32173192  -19.84486170   21.91583982  -89.42973900  -11.62379939 -129.88868609   -5.31434438  -60.64298594	 0.00120264  0.09694783 -0.08248239  0.72763685 -0.56650744 -0.04570780 -0.06088804 -0.02534100 -0.30925726  0.70036411 -0.39487910  0.01465094	-0.06877639  0.00763704 -1.50155466  2.11496262 -0.73411591 -0.45895639  0.02227253  0.12685401  0.49194898 -0.32828063 -0.16367066 -0.12424208	-0.09590011  0.00379936 -1.46143201  2.11482701 -0.73176934 -0.44419882  0.00887992  0.12334132  0.51259987 -0.32600354 -0.17267080 -0.12244334	 0.20729627 -0.02142210  3.95062178	-0.02721816 -0.01024610 -0.00573253	-0.03025251 -0.01419450 -0.00690875	 0.00267363 -0.00972973 -0.99994909	0.35000000	0.00000000	0.00000000	0.41809002	-1.95503390	0.15826675	0.04411204	1.51559556	-0.19610883	-1.81370044	-2.33940530	2.34498596	-4.19361162	4.14598703	-0.65836477	1.52379763	-0.48988160	-2.87327981	1.57118833	0.12384173	-4.87612247	-2.11068821	-2.60588026	2.88497615	6.59278154	-0.00641189	-2.48127604	
0.00802100	 9.12455785  4.62907563 -2.20397961 -0.22207398  0.13293726 -0.02418682	  -11.34785118  -100.82447611 -1010.64634021   -25.66394193   -29.04594285    11.43347088	 -13.90437721   21.01853424  -23.25417879    7.59077367   -6.05408689  -20.03902884   20.74269461  -89.50717735  -12.59724506 -128.19308737   -4.62483598  -63.11949259	 0.00045266  0.09695264 -0.09431950  0.74414025 -0.57209726 -0.04900800 -0.06085309 -0.02447132 -0.30519963  0.69773662 -0.39620305  0.01375329	-0.09269040  0.00950074 -1.46701394  1.95607553 -0.64907995 -0.37050073  0.00671127  0.09707458  0.48324814 -0.30715771 -0.13345164 -0.11460714	-0.09374513  0.00195501 -1.48210402  2.05093775 -0.69342264 -0.40824451  0.00459588  0.10629534  0.50357498 -0.32675731 -0.16127099 -0.11193984	 0.20549451 -0.01368966  3.95013710	-0.02424560 -0.00714299 -0.00360669	-0.02720600 -0.01050793 -0.00541462	 0.00260583 -0.00952482 -0.99995124	0.35000000	0.00000000	0.00000000	0.42771122	-1.95177186	0.14942192	0.04395833	1.49719775	-0.21525228	-1.82670188	-2.35105634	2.31739974	-4.24539614	4.19423437	-0.69503617	1.50698578	-0.48133668	-2.86195421	1.52115583	0.16774629	-4.87290859	-2.07007742	-2.58277464	2.83631372	6.60203314	-0.00318757	-2.47628140	
0.00800800	 8.96796918  4.30574922 -2.46221788 -0.20906473  0.11865007 -0.01875151	  -11.48158647   -96.80762255 -1007.83189188   -29.15143798   -27.94226605    11.10802043	 -13.09126611   22.45977956  -22.31209300    6.69572948   -6.32180222  -20.51043378   20.87252636  -90.15158892  -13.09046756 -126.38518542   -4.04351098  -66.00009525	-0.00023386  0.09695252 -0.10632961  0.76017124 -0.57747542 -0.05210797 -0.06081198 -0.02372383 -0.30118015  0.69507197 -0.39748603  0.01293991	-0.13000674  0.00895825 -1.71008590  2.17204380 -0.71377842 -0.43605601  0.02442093  0.11596746  0.54783631 -0.34276724 -0.16335369 -0.13194764	-0.08903384  0.00162171 -1.51571600  2.00590693 -0.67032913 -0.38767153  0.00597840  0.09249834  0.50294188 -0.33240553 -0.16012179 -0.10420393	 0.20386423 -0.00598320  3.94943396	-0.02082246 -0.00461106 -0.00343837	-0.02406883 -0.00742984 -0.00416057	 0.00255998 -0.00934519 -0.99995306	0.35000000	0.00000000	0.00000000	0.43657574	-1.95147574	0.13892533	0.04141018	1.48163640	-0.23490904	-1.82272673	-2.36175036	2.28849339	-4.29166555	4.23771048	-0.72807229	1.50342751	-0.47948691	-2.85756731	1.46204412	0.20856076	-4.87087870	-2.03934956	-2.55898643	2.79123020	6.60667372	-0.00089511	-2.47692442	
0.00851800	 8.39302546  4.50503322 -2.66602377 -0.20964904  0.09576353 -0.02647931	   -9.24713328   -92.69093923 -1005.14895701   -31.99028093   -25.20456580     9.96722046	 -13.02209587   23.68968558  -20.13790719    6.26524849   -6.11233931  -19.94703098   19.84527642  -90.10068703  -14.00003736 -124.29590097   -1.86089539  -67.94072276	-0.00087584  0.09694996 -0.11920785  0.77661109 -0.58294565 -0.05517563 -0.06078337 -0.02308151 -0.29697948  0.69226336 -0.39880890  0.01215892	-0.06322545 -0.02129414 -1.39085388  1.73560620 -0.57527698 -0.30017668  0.02113770  0.04935168  0.42936165 -0.28188830 -0.15288571 -0.08132616	-0.07378734 -0.00078951 -1.50940962  1.91131417 -0.63571158 -0.35226257  0.00581356  0.07139714  0.48922457 -0.32590034 -0.15477131 -0.09102216	0.20222968 0.00191438 3.94844883	-0.01751852 -0.00261217 -0.00331321	-0.02063800 -0.00478942 -0.00365329	 0.00253044 -0.00918333 -0.99995463	0.35000000	0.00000000	0.00000000	0.44443259	-1.94401503	0.12710695	0.04141761	1.46307909	-0.24797136	-1.84486210	-2.37069225	2.26157856	-4.33964491	4.27672291	-0.76170993	1.48230469	-0.46819878	-2.83796096	1.41144669	0.25048953	-4.85400677	-1.99085557	-2.53090215	2.73176503	6.60888910	-0.00116638	-2.46475101	
0.00847400	 8.00788997  3.87757108 -2.89830142 -0.18931441  0.09452082 -0.02306421	   -9.66900309   -87.32329831 -1003.07227928   -36.02770523   -23.82987742     9.55491205	 -13.06308766   25.07627982  -19.90035668    6.00486848   -4.45446810  -20.77667028   19.64649647  -89.73288250  -13.87221313 -122.45258290   -0.88213909  -71.28494102	-0.00147873  0.09695735 -0.13221376  0.79240873 -0.58811000 -0.05803931 -0.06074909 -0.02255349 -0.29284010  0.68947645 -0.40012862  0.01147765	-0.06793271 -0.00806856 -1.45874568  1.72941025 -0.56126310 -0.32647094  0.03498989  0.06838140  0.47569474 -0.33435858 -0.15593045 -0.06148348	-0.07088732  0.00102979 -1.53494687  1.85027895 -0.60329580 -0.33589003  0.00646747  0.05930440  0.48743183 -0.32888878 -0.15759372 -0.08004673	0.20071065 0.00941215 3.94727949	-0.01460714 -0.00110277 -0.00346607	-0.01745852 -0.00277060 -0.00348994	 0.00251558 -0.00904773 -0.99995590	0.35000000	0.00000000	0.00000000	0.45541731	-1.94714069	0.11540489	0.03984096	1.45758176	-0.25678432	-1.85149503	-2.39684129	2.24299121	-4.39373589	4.32460690	-0.79063570	1.48226762	-0.46737042	-2.83548760	1.35239708	0.29125869	-4.84774971	-1.95545506	-2.50827408	2.68409252	6.62630510	-0.00325817	-2.46101642	
0.00851200	 7.46600192  4.08085035 -3.11085528 -0.19078547  0.07150449 -0.02870887	  -7.26823413  -81.92396804 -999.89311261  -39.31653602  -20.88947296    8.53632938	 -12.73656747   25.91000742  -17.69676853    5.46591268   -4.61169596  -20.28479017   18.76964985  -89.65943360  -14.70838583 -120.21155688    1.57380498  -73.22527665	-0.00201260  0.09695936 -0.14525913  0.80750306 -0.59289214 -0.06070779 -0.06073060 -0.02215575 -0.28877961  0.68677838 -0.40142439  0.01090153	-0.03081445  0.01473344 -1.40678692  1.62881748 -0.48375378 -0.26753752 -0.02391068  0.03001713  0.46289086 -0.26861873 -0.11994299 -0.04234315	-0.06067465  0.00220578 -1.52793541  1.75557683 -0.55255187 -0.30880244  0.00142145  0.04465847  0.47511070 -0.31393458 -0.15171668 -0.06325256	0.19931646 0.01654232 3.94585364	-0.01238623 -0.00025280 -0.00407003	-0.01467258 -0.00132732 -0.00369068	 0.00251075 -0.00893435 -0.99995694	0.35000000	0.00000000	0.00000000	0.46165171	-1.93852937	0.10395262	0.04270842	1.44465137	-0.26909542	-1.87762201	-2.40799117	2.22290969	-4.43911171	4.35995150	-0.82291389	1.46114504	-0.45864797	-2.81564713	1.30621278	0.32899201	-4.82686663	-1.90680587	-2.47993112	2.62686205	6.62696505	-0.01031709	-2.44569755	
0.00801200	 7.22190113  3.86848223 -3.16563777 -0.18545468  0.06947643 -0.02345830	  -7.68877170  -76.97642220 -999.82639697  -43.01245809  -19.71221906    8.40412687	 -12.33833149   26.73901612  -17.69621399    5.56107414   -3.95643422  -21.08153564   18.90340786  -89.52175927  -14.30130111 -119.40655488    2.66377177  -76.13466698	-0.00248057  0.09699039 -0.15756162  0.82102342 -0.59707844 -0.06305796 -0.06068582 -0.02188821 -0.28502261  0.68429118 -0.40268474  0.01048581	-0.05505000  0.01565954 -1.41304283  1.51891701 -0.45026738 -0.26062399  0.01388811  0.03684197  0.42579486 -0.29104964 -0.14693068 -0.03107852	-0.05714568  0.00568727 -1.52809764  1.66798473 -0.51180128 -0.29044198  0.00523959  0.03432044  0.46660658 -0.30799326 -0.15580751 -0.04808774	0.19817612 0.02257750 3.94446396	-0.01215363  0.00002340 -0.00561671	-0.01307052 -0.00053071 -0.00447262	 0.00251055 -0.00883739 -0.99995780	0.35000000	0.00000000	0.00000000	0.47498494	-1.93678331	0.09238805	0.04794183	1.43061471	-0.27634272	-1.89391100	-2.42635036	2.20437551	-4.49038649	4.40189934	-0.84729338	1.45369840	-0.45193931	-2.80735064	1.26256442	0.36822879	-4.81133413	-1.87058532	-2.45418048	2.58995199	6.63870144	-0.01735812	-2.44266987	
0.00846800	 6.81339524  3.61029462 -3.27813449 -0.17711738  0.06054707 -0.01614561	  -6.95584854  -73.39001408 -997.85522919  -46.28536138  -17.82039238    7.36700226	 -11.75816307   26.85443729  -16.82033588    5.49000611   -3.35793627  -21.54267764   17.85416967  -89.85636210  -14.56713508 -117.91510704    4.30357353  -78.58757061	-0.00287025  0.09708134 -0.17063052  0.83467084 -0.60112301 -0.06552214 -0.06062931 -0.02171434 -0.28109193  0.68171748 -0.40402629  0.01022097	-0.04622350  0.02711789 -1.59798902  1.62078114 -0.44172699 -0.29015927 -0.01569393 -0.00418415  0.48815234 -0.34656174 -0.16898730 -0.00871044	-0.04496568  0.01323731 -1.53898488  1.59217226 -0.46610175 -0.29134270  0.00672012  0.01770283  0.46204176 -0.30415061 -0.16029911 -0.02779777	0.19710880 0.02846790 3.94280787	-0.01246244 -0.00014731 -0.00692992	-0.01257461 -0.00022502 -0.00574514	 0.00251069 -0.00873291 -0.99995872	0.35000000	0.00000000	0.00000000	0.48420030	-1.93513262	0.08028519	0.04972452	1.43056238	-0.28482699	-1.91677356	-2.44900751	2.19190669	-4.54019117	4.44060040	-0.87351871	1.44542766	-0.44863299	-2.79740405	1.21927214	0.40355131	-4.79884052	-1.83098412	-2.43104744	2.54149866	6.65178585	-0.02762325	-2.43494987	
0.00801700	 6.32101820  3.81457863 -3.50958690 -0.17905831  0.04326806 -0.02536019	  -5.03698259  -70.49082243 -993.16400772  -49.34380861  -15.39358985    6.36846847	 -11.97411432   26.66866994  -15.27958871    5.03192948   -3.15296653  -20.99677056   16.88134389  -89.14305115  -15.33929671 -115.87077317    6.20281014  -81.97849029	-0.00315904  0.09725027 -0.18289068  0.84679807 -0.60454585 -0.06779238 -0.06057585 -0.02159447 -0.27745074  0.67938200 -0.40530395  0.01004614	-0.04296016  0.05608211 -1.57881439  1.50860205 -0.42276746 -0.26983254  0.00263295  0.01731047  0.44138149 -0.32185042 -0.18957691 -0.01711362	-0.03417178  0.02429078 -1.53136014  1.50152664 -0.41994739 -0.28131134  0.00543084  0.01446130  0.45221778 -0.29306758 -0.16197494 -0.02263630	0.19617021 0.03340982 3.94091493	-0.01340987 -0.00046732 -0.00751277	-0.01281953 -0.00029340 -0.00672272	 0.00250872 -0.00862966 -0.99995962	0.35000000	0.00000000	0.00000000	0.49053586	-1.92485428	0.06683886	0.04976722	1.43554842	-0.28911397	-1.94748664	-2.47388482	2.18365574	-4.59479713	4.47597837	-0.90322852	1.43114996	-0.44364643	-2.78543472	1.17944527	0.43921503	-4.78511524	-1.78946769	-2.40515947	2.49203706	6.66528225	-0.04147029	-2.41328812	
0.00800400	 5.84182891  3.32822809 -3.54531731 -0.16224190  0.04008429 -0.01997735	  -4.87200845  -66.24821942 -993.79676340  -51.76452513  -14.18508124    5.82230042	 -11.63700256   25.77054751  -14.62688228    5.38163143   -1.90933115  -21.45193636   16.44534395  -89.81234670  -15.34495772 -115.53743783    7.34792990  -83.24488568	-0.00340234  0.09746275 -0.19507256  0.85818015 -0.60753884 -0.07002315 -0.06050377 -0.02153563 -0.27384181  0.67714825 -0.40661085  0.00995018	-0.02322746  0.00857237 -1.42155681  1.28766965 -0.33711394 -0.25704251  0.01013786  0.03234841  0.41869423 -0.25706427 -0.16334822  0.00301709	-0.02980860  0.02669099 -1.51666491  1.40475705 -0.36444131 -0.27829545  0.00884663  0.00914724  0.44829984 -0.27714428 -0.16462027 -0.01144666	0.19545012 0.03795445 3.93904776	-0.01510105 -0.00126208 -0.00806800	-0.01372532 -0.00068854 -0.00742459	 0.00250239 -0.00851642 -0.99996060	0.35000000	0.00000000	0.00000000	0.50168437	-1.92551887	0.05726550	0.06014508	1.42455852	-0.29591238	-1.98219454	-2.48994613	2.17182183	-4.64641714	4.51634789	-0.92195332	1.41110909	-0.43197629	-2.77083445	1.16029811	0.47345749	-4.76932096	-1.74666989	-2.38331962	2.46480513	6.67574263	-0.05165436	-2.41201925	
0.00848000	 5.43846321  3.15041063 -3.50060736 -0.15467145  0.03759450 -0.01240518	  -4.10678280  -62.95640806 -993.01439628  -54.21988810  -12.52671432    4.88250249	 -10.89482822   25.77861458  -14.62212460    6.12233082   -1.29817243  -21.52394018   15.51998921  -90.67973232  -15.85967989 -114.61572281    8.88710386  -85.24125314	-0.00356053  0.09779695 -0.20794726  0.86949222 -0.61021798 -0.07235114 -0.06043354 -0.02151394 -0.27006988  0.67481697 -0.40802644  0.00989296	-0.02222017  0.05015294 -1.47102500  1.25006624 -0.26258454 -0.26634796 -0.00645719 -0.00244466  0.41763915 -0.29086325 -0.19415837 -0.02302592	-0.01772448  0.04063054 -1.52093901  1.32153919 -0.30582819 -0.27456539  0.00834100  0.00380926  0.44501944 -0.27522476 -0.17055405 -0.00709991	0.19462131 0.04207245 3.93702183	-0.01846139 -0.00158479 -0.00826090	-0.01585254 -0.00120310 -0.00793074	 0.00249051 -0.00837397 -0.99996184	0.35000000	0.00000000	0.00000000	0.50860715	-1.92551386	0.04577267	0.06303341	1.41268623	-0.30017334	-2.00077558	-2.50347948	2.15226650	-4.70238209	4.55461788	-0.94039309	1.40439284	-0.42750701	-2.75945640	1.12240016	0.50947762	-4.74822950	-1.70863068	-2.35272598	2.43992519	6.67768812	-0.06615885	-2.41712332	
0.00800700	 4.84029174  2.69602614 -3.69899547 -0.13673604  0.01758114 -0.01686723	  -1.84352148  -58.52948236 -988.47649462  -56.50571194  -10.12930272    4.01661913	 -11.28136237   24.22452015  -12.37999891    5.91953969   -1.23940851  -21.62124142   14.69449399  -90.90208411  -16.87580744 -112.72300130   10.67652825  -86.86775911	-0.00363915  0.09819700 -0.21997723  0.87939706 -0.61223844 -0.07454866 -0.06037742 -0.02151328 -0.26657442  0.67273002 -0.40936840  0.00986262	 0.00000482  0.03120065 -1.48581308  1.17944960 -0.23468361 -0.28156519 -0.02017295  0.01222493  0.41735177 -0.25489467 -0.17194740 -0.01838629	-0.00867527  0.05001545 -1.49933549  1.22265002 -0.24363141 -0.27367300  0.00591464 -0.00051193  0.43407251 -0.25885270 -0.16866265 -0.00455415	0.19395623 0.04543675 3.93478034	-0.02226136 -0.00220477 -0.00831720	-0.01888862 -0.00166415 -0.00816101	 0.00247594 -0.00821048 -0.99996323	0.35000000	0.00000000	0.00000000	0.51455796	-1.91540897	0.03457889	0.07052617	1.41704321	-0.30783153	-2.04669690	-2.52435851	2.15040016	-4.75086546	4.58591270	-0.96380651	1.38119602	-0.41943967	-2.74040985	1.10576034	0.53851825	-4.72915411	-1.66239381	-2.32956052	2.39828825	6.68850660	-0.08319588	-2.40041232	
0.00849800	 4.51386602  2.25190404 -3.83434150 -0.12136552  0.01944258 -0.01547302	  -2.72199112  -55.16340143 -987.38838828  -58.94730018   -9.53103305    3.80555968	 -10.86801062   23.27380013  -12.36116711    5.68421882    0.08991632  -21.93902636   14.55812592  -91.98443031  -16.76122552 -112.15086550   11.10854571  -88.41513979	-0.00367442  0.09870133 -0.23259835  0.88907713 -0.61380796 -0.07688929 -0.06028764 -0.02151597 -0.26290359  0.67059723 -0.41085389  0.00985247	 0.02330489  0.06769422 -1.37341879  1.04674990 -0.13506916 -0.26943361  0.01513552 -0.00665298  0.38227054 -0.21705734 -0.15735919 -0.00480838	-0.00145714  0.05980015 -1.48250133  1.12463303 -0.17291736 -0.27583583  0.01106551 -0.00273657  0.43008109 -0.24900441 -0.17415456 -0.00128551	0.19347914 0.04859518 3.93231996	-0.02652768 -0.00312565 -0.00826900	-0.02274476 -0.00236344 -0.00826747	 0.00245381 -0.00800199 -0.99996497	0.35000000	0.00000000	0.00000000	0.52513605	-1.91500938	0.02302202	0.08014085	1.40416670	-0.30949578	-2.07761550	-2.53861308	2.13579130	-4.80746603	4.62675142	-0.97673559	1.36183536	-0.40946090	-2.72759676	1.09020710	0.57464486	-4.70841169	-1.61982572	-2.29992580	2.38514805	6.69321966	-0.09670747	-2.40755486	
0.00802500	 4.18885007  1.94130958 -3.85006396 -0.10769727  0.01028082 -0.01445837	  -1.90321099  -51.87693966 -985.92798718  -61.21207367   -7.88154435    2.82407708	 -10.96611480   22.09739745  -11.46630926    5.94819902   -0.16912735  -21.84013212   13.42740531  -93.38080287  -17.29114363 -110.87164742   12.58592845  -89.82691813	-0.00368981  0.09924551 -0.24434319  0.89738281 -0.61472930 -0.07914231 -0.06023530 -0.02150095 -0.25948189  0.66868764 -0.41229813  0.00984380	 0.01006207  0.06670280 -1.31939845  0.91477135 -0.10684713 -0.25412659 -0.01229378 -0.00193485  0.40902831 -0.21974733 -0.19353607 -0.01336739	 0.00055221  0.06777922 -1.45213159  1.01639457 -0.10738613 -0.28003467  0.00696713  0.00141991  0.42371603 -0.23605441 -0.18095734  0.00008787	0.19315064 0.05115110 3.92989141	-0.03052685 -0.00412719 -0.00700218	-0.02663484 -0.00321259 -0.00782490	 0.00242515 -0.00777259 -0.99996685	0.35000000	0.00000000	0.00000000	0.53270853	-1.90759778	0.01028365	0.08823769	1.39646494	-0.31460506	-2.11639524	-2.54853654	2.12844801	-4.85747242	4.65776014	-0.99041414	1.33965325	-0.39846769	-2.70891428	1.07881391	0.60387188	-4.68135262	-1.57848322	-2.27089405	2.36489391	6.69247580	-0.11680914	-2.40405059	
0.00846700	 4.53897929  1.72434146 -3.50691620 -0.09464432 -0.00505405 -0.01981508	  -2.06475498  -49.46954515 -987.26837179  -62.87606237   -6.67184493    2.77517305	 -10.16365730   20.91676849  -10.95884607    6.58329060    1.05561075  -21.57711747   13.59763465  -95.44163799  -17.31027426 -110.25850573   13.80802754  -90.55554950	-0.00370019  0.09987701 -0.25663664  0.90538853 -0.61516496 -0.08151496 -0.06017293 -0.02151675 -0.25591364  0.66677423 -0.41387035  0.00984210	-0.00942175  0.12258118 -1.54124078  0.96359281 -0.01798326 -0.31548943  0.02569659 -0.01541856  0.43053867 -0.24450432 -0.18725550 -0.00029350	-0.00092514  0.07867154 -1.46130998  0.93744602 -0.04566688 -0.28228980  0.00681816 -0.00296244  0.42374581 -0.22710422 -0.18890404  0.00071750	0.19305677 0.05370703 3.92737105	-0.03473953 -0.00569596 -0.00638553	-0.03079750 -0.00439499 -0.00700919	 0.00238378 -0.00749402 -0.99996908	0.35000000	0.00000000	0.00000000	0.53728002	-1.91503978	-0.00108052	0.09542076	1.38611400	-0.31646976	-2.13765121	-2.55623436	2.11271071	-4.90755081	4.69664097	-0.99825001	1.32480538	-0.39276621	-2.69548535	1.05223334	0.63178945	-4.65559340	-1.53935742	-2.24162698	2.34898186	6.68430758	-0.13303253	-2.41384888	
0.00801400	 4.32596993  1.29896545 -3.56890193 -0.07481092 -0.04106087 -0.01927702	   0.57208039  -46.55290948 -984.20474202  -63.85234863   -4.60500413    1.43368559	  -9.84217363   19.32933581   -8.03000923    6.18572370    1.65843874  -21.51258886   12.15281395  -96.01770329  -19.07064249 -108.96882302   15.12508857  -91.74264646	-0.00371297  0.10048386 -0.26798672  0.91212135 -0.61534049 -0.08370130 -0.06011663 -0.02150641 -0.25258189  0.66507530 -0.41540984  0.00983222	-0.00860015  0.07006140 -1.33487159  0.77414481 -0.02457538 -0.24603886  0.01685052  0.00822843  0.37590358 -0.19491308 -0.19199891 -0.01341357	-0.00267095  0.07704581 -1.41176720  0.82808416 -0.02108499 -0.27141489  0.00847104  0.00032245  0.41323140 -0.21070573 -0.19428533 -0.00115929	0.19320518 0.05588570 3.92483091	-0.03868329 -0.00751993 -0.00563104	-0.03475726 -0.00588865 -0.00634760	 0.00233097 -0.00719922 -0.99997137	0.35000000	0.00000000	0.00000000	0.54459751	-1.90157330	-0.01251951	0.10381055	1.39057100	-0.32133219	-2.18450141	-2.57131052	2.11116886	-4.94706917	4.72186899	-1.01593983	1.29404879	-0.37517300	-2.67042589	1.04869008	0.65704501	-4.63074827	-1.49344945	-2.22137070	2.30753446	6.68326807	-0.14798997	-2.38865328	
0.00800300	 4.39301248  1.09596381 -3.54498963 -0.06589578 -0.04928987 -0.01732070	  -0.33090015  -46.16483518 -985.14757992  -64.05478899   -4.79736866    0.89441503	  -8.60641309   18.97386438   -7.91944331    5.79430531    7.61718182  -21.64363486   11.62158660  -98.34241652  -19.68335547 -109.52176934   14.83211705  -92.21552813	-0.00370984  0.10110347 -0.27907660  0.91802806 -0.61540196 -0.08585316 -0.06007785 -0.02150442 -0.24929432  0.66351798 -0.41701792  0.00982101	-0.00264738  0.08095104 -1.35858850  0.67883460  0.00227794 -0.26955335  0.03637458  0.02593241  0.42451888 -0.16298696 -0.20009901 -0.01070036	-0.00085106  0.07742698 -1.38189706  0.72396417 -0.00604565 -0.26941323  0.00751955  0.00275506  0.41195909 -0.19118812 -0.20242660 -0.00339851	0.19359214 0.05785896 3.92243948	-0.04265052 -0.00908352 -0.00394120	-0.03870968 -0.00751170 -0.00530456	 0.00226425 -0.00687285 -0.99997382	0.35000000	0.00000000	0.00000000	0.55439693	-1.90846038	-0.02411550	0.10950187	1.38135600	-0.30874929	-2.20807481	-2.59118581	2.09493136	-5.00197792	4.77015638	-1.01515532	1.27330542	-0.35546088	-2.65553570	1.03798354	0.69204825	-4.60472107	-1.45078528	-2.20259118	2.29375052	6.67989969	-0.15812123	-2.39478350	
0.00800200	 3.49511063  1.13452791 -3.49403764 -0.06388587 -0.06125453 -0.01861082	   0.70897371  -46.37369773 -985.36088948  -64.07928567   -4.46696301    0.21860128	  -8.60470117   18.50794476   -5.96732157    6.65890623   12.52952854  -21.16901672   10.89258660 -100.54535794  -21.82442177 -110.17847493   15.06694946  -92.71128559	-0.00370927  0.10174213 -0.28988662  0.92313412 -0.61539227 -0.08791815 -0.06006504 -0.02150821 -0.24604620  0.66206310 -0.41868057  0.00981682	 0.00772651  0.06066126 -1.40006781  0.63179009  0.02564378 -0.26943700 -0.01675990 -0.00496030  0.43660053 -0.18244107 -0.21477855 -0.00564087	-0.00165642  0.07724730 -1.34574488  0.62325871  0.00625640 -0.25694510  0.00054459  0.00060725  0.40663894 -0.17945915 -0.20708682 -0.00360751	0.19416257 0.05977231 3.92010764	-0.04642567 -0.01035831 -0.00213003	-0.04261626 -0.00898446 -0.00374343	 0.00218617 -0.00651535 -0.99997639	0.35000000	0.00000000	0.00000000	0.56205237	-1.91069841	-0.03338454	0.11240953	1.37282586	-0.29782775	-2.23820949	-2.60615921	2.07871222	-5.04937696	4.81056547	-1.01835394	1.25017786	-0.33445325	-2.63586974	1.02818310	0.72209531	-4.57441998	-1.40797031	-2.18411326	2.26652503	6.67244577	-0.16829929	-2.38839030	
0.00846100	 1.94714334  1.07183085 -3.93800153 -0.06390323 -0.06175911 -0.01455967	   0.73083056  -49.91284201 -981.66146396  -63.85150232   -4.85767153   -0.11592968	  -8.15076948   18.34573734   -3.87215124    6.20373322   18.60310610  -21.29571909   10.76200432 -102.24616694  -23.76322232 -110.07487071   14.12062991  -93.72508264	-0.00369786  0.10240844 -0.30100601  0.92761573 -0.61509260 -0.08998301 -0.06004961 -0.02151437 -0.24265677  0.66067072 -0.42055827  0.00974276	 0.03291370  0.06289866 -1.33558650  0.48205394  0.05155216 -0.23268540  0.01480821  0.01214671  0.41318200 -0.16367921 -0.24489719 -0.01145203	 0.00354772  0.07739565 -1.31452798  0.51343868  0.04774377 -0.24141096  0.00044017 -0.00064368  0.40317442 -0.16096374 -0.22298462 -0.01260663	0.19513746 0.06224533 3.91735514	-0.04822886 -0.01197207 -0.00118794	-0.04584602 -0.01048271 -0.00229962	 0.00209124 -0.00611152 -0.99997914	0.35000000	0.00000000	0.00000000	0.57075149	-1.90987802	-0.04120663	0.11552750	1.37328756	-0.28011027	-2.27693748	-2.63204122	2.06677008	-5.09859085	4.85211754	-1.02161741	1.22120619	-0.31684670	-2.62008739	1.02952981	0.75604004	-4.54367018	-1.35894632	-2.16285133	2.23953485	6.67261744	-0.18050349	-2.37969613	
0.00800600	 0.58833579  0.79788412 -4.05516796 -0.05849070 -0.06558944 -0.00740732	   2.25538302  -50.96469453 -984.61124070  -64.03967095   -4.17313150   -0.78258265	  -8.32475884   18.26387566   -1.60536471    6.73129526   22.72277766  -21.76548898    9.52710594 -103.85210013  -25.77320573 -111.42383581   15.03829175  -93.73228574	-0.00371109  0.10301391 -0.31110973  0.93091587 -0.61424172 -0.09186283 -0.06003207 -0.02152813 -0.23951006  0.65950062 -0.42241415  0.00950820	-0.01233230  0.07997709 -1.30258830  0.34124091  0.13934169 -0.20301673  0.01386045 -0.00637692  0.38941460 -0.11962617 -0.23856932 -0.06589443	-0.00172497  0.07449641 -1.26735501  0.39735832  0.11942684 -0.23356831  0.00328710 -0.00438113  0.39444003 -0.14284498 -0.23580243 -0.03244021	0.19633430 0.06491915 3.91498147	-0.04864712 -0.01367347 -0.00077663	-0.04753734 -0.01204699 -0.00143555	 0.00198838 -0.00572318 -0.99998165	0.35000000	0.00000000	0.00000000	0.58169091	-1.90084076	-0.04663029	0.12420854	1.36894214	-0.26333776	-2.32917571	-2.64889741	2.05606318	-5.13259029	4.87708044	-1.02274263	1.18925810	-0.29646719	-2.59424376	1.04007661	0.78447574	-4.49742460	-1.30813491	-2.13840342	2.21434879	6.66402102	-0.20031598	-2.36961222	
0.00803400	-0.18486904  0.87983582 -4.15287074 -0.06390672 -0.06602713 -0.00630385	   2.04232029  -51.64567669 -986.01150253  -64.12778490   -3.95003634   -1.08935017	  -7.20033884   19.12198943   -0.59182346    6.69336418   24.84164326  -22.00827211    8.48368766 -105.37959933  -26.63950775 -111.57102117   15.15255207  -93.26726019	-0.00370634  0.10357548 -0.32080017  0.93330072 -0.61264801 -0.09374006 -0.06004054 -0.02157281 -0.23639314  0.65845754 -0.42432712  0.00924315	 0.00355645  0.08974662 -1.23027571  0.25554302  0.26346734 -0.21285366  0.00269728 -0.03574842  0.41567311 -0.15051302 -0.25524245 -0.03910208	-0.00097122  0.07154900 -1.21562089  0.28361240  0.21664600 -0.23429746 -0.00015684 -0.00966070  0.39278469 -0.12993111 -0.24240393 -0.03323253	0.19785814 0.06784180 3.91273689	-0.04826440 -0.01575856 -0.00058467	-0.04810279 -0.01383090 -0.00094478	 0.00187044 -0.00533535 -0.99998402	0.35000000	0.00000000	0.00000000	0.59189248	-1.88965297	-0.05405496	0.14055800	1.34410179	-0.24786511	-2.36544943	-2.64663506	2.03496194	-5.15588284	4.89235163	-1.01865101	1.15474856	-0.27518249	-2.56725264	1.05599749	0.81368244	-4.44357347	-1.25717306	-2.10221863	2.20616937	6.63741016	-0.21419434	-2.37276959	
0.00846700	-0.38980488  1.26886612 -3.91244743 -0.07423390 -0.06362689 -0.01234065	   0.81240464  -53.92848990 -987.78733702  -64.24828097   -3.59240754   -1.13540187	  -7.08260465   19.65073264   -0.68565583    7.33959759   24.31918184  -21.52663887    8.40850274 -106.79325032  -26.75073892 -111.27181002   15.68504682  -93.77995682	-0.00369841  0.10412980 -0.33063451  0.93482847 -0.61009087 -0.09573068 -0.06004188 -0.02167544 -0.23313871  0.65751486 -0.42648085  0.00892572	 0.01399061  0.06786581 -1.18652241  0.12885623  0.40116922 -0.24619720 -0.03682132 -0.02825044  0.39286688 -0.09988393 -0.28985771 -0.02947620	 0.00262808  0.06551154 -1.15815469  0.16282679  0.32197002 -0.23442964 -0.00293528 -0.01666730  0.38486078 -0.10957921 -0.25680694 -0.03627350	0.19979657 0.07122921 3.91041539	-0.04696035 -0.01839641 -0.00046365	-0.04771731 -0.01608560 -0.00066359	 0.00172499 -0.00493058 -0.99998636	0.35000000	0.00000000	0.00000000	0.60441375	-1.87319195	-0.06609094	0.15365398	1.31932414	-0.23204902	-2.40878248	-2.63876534	2.01578283	-5.17634344	4.89703035	-1.01363385	1.11489642	-0.25409666	-2.53983283	1.07193017	0.83951795	-4.38487005	-1.20905089	-2.05823755	2.19427681	6.60680437	-0.23109491	-2.36898589	
0.00801800	-1.85292169  1.38698118 -1.59707686 -0.07916919 -0.04707199 -0.01133555	  -0.16268355  -55.50748952 -995.94348980  -64.77296416   -2.89034821   -1.21425980	  -6.98134272   20.70269120   -0.93609216    7.95786501   23.26648177  -21.24769428    8.27339938 -108.48988318  -26.27852032 -112.07011983   16.88291109  -94.23637426	-0.00370755  0.10461562 -0.33950181  0.93545801 -0.60691797 -0.09752307 -0.06002368 -0.02181763 -0.23008362  0.65676981 -0.42858554  0.00860996	 0.01701653  0.06101529 -1.02691099  0.02656456  0.45341358 -0.23058208  0.02791281 -0.00914474  0.35030657 -0.06464042 -0.25640741 -0.02280128	-0.00023525  0.05906997 -1.09783156  0.07142249  0.41060197 -0.22366695  0.00229932 -0.01929294  0.37925659 -0.08946403 -0.26463627 -0.03740945	0.20218843 0.07452069 3.90794165	-0.04636433 -0.02333480 -0.00033799	-0.04696232 -0.01924889 -0.00049369	 0.00155902 -0.00455819 -0.99998840	0.35000000	0.00000000	0.00000000	0.61964470	-1.85714650	-0.07792433	0.16453072	1.28961492	-0.21361023	-2.43671155	-2.62211204	1.99053502	-5.18821430	4.89757776	-1.00695217	1.08646894	-0.22884288	-2.51174617	1.07787883	0.86565459	-4.32394075	-1.16816092	-2.01474285	2.19102240	6.56835985	-0.24549063	-2.37112665	
0.00853700	-2.51306383  1.46300636  0.05311508 -0.08193815 -0.02766999 -0.01113862	   -2.43005298   -56.88766895 -1002.66135994   -65.20467438    -3.15545713    -0.94723138	  -6.55933896   21.31202215   -2.63671001    7.65735655   21.90977946  -21.12296090    7.63742362 -110.32784104  -26.23215849 -112.91467214   17.05794208  -94.33352709	-0.00370052  0.10512986 -0.34867031  0.93573578 -0.60285138 -0.09931095 -0.06003049 -0.02205029 -0.22681136  0.65608898 -0.43091351  0.00830815	 0.00902578  0.07302370 -0.97785583  0.00204059  0.46935866 -0.18817891 -0.01745291 -0.01332674  0.37858794 -0.05967215 -0.24696255 -0.03134166	 0.00102907  0.06001103 -1.06257262  0.02847864  0.48596536 -0.20551234 -0.00141000 -0.02723536  0.38210668 -0.07644701 -0.27045065 -0.03257799	0.20515274 0.07825735 3.90509411	-0.04580570 -0.02968135 -0.00018696	-0.04635154 -0.02437170 -0.00033339	 0.00133270 -0.00416659 -0.99999043	0.35000000	0.00000000	0.00000000	0.63460165	-1.84667087	-0.09067860	0.17585489	1.25885916	-0.20231126	-2.45107627	-2.60577273	1.96194744	-5.19902849	4.89649963	-0.99847901	1.06108677	-0.20584406	-2.48733854	1.07833648	0.88869196	-4.27375269	-1.13337314	-1.97494245	2.18681550	6.52576208	-0.25263408	-2.37901258	
0.00801700	-2.15123865  1.49805527  0.18901722 -0.08030061 -0.02873314 -0.01408446	   -3.56475242   -58.53056457 -1003.98233471   -65.29692292    -3.03003212    -0.90828129	  -6.98782569   21.11463386   -3.61135563    5.13774507   19.75683756  -21.03532398    7.97426185 -110.61951399  -27.08631159 -112.97043186   17.47744846  -94.82198250	-0.00371564  0.10556487 -0.35710101  0.93580469 -0.59842891 -0.10087094 -0.06001561 -0.02233914 -0.22372271  0.65556823 -0.43321101  0.00808547	 0.00236258  0.02994195 -0.93714006 -0.01709636  0.53325579 -0.16514752  0.01048005 -0.01138566  0.35076785 -0.05535728 -0.27104129 -0.01662153	-0.00267886  0.05178554 -1.03516153  0.00389532  0.55361610 -0.19026946  0.00365470 -0.03434704  0.38120606 -0.06416772 -0.28303036 -0.02783947	0.20801853 0.08198545 3.90256868	-0.04474424 -0.03445225 -0.00007635	-0.04563001 -0.02955866 -0.00019860	 0.00107425 -0.00380427 -0.99999219	0.35000000	0.00000000	0.00000000	0.64946115	-1.82705128	-0.10273480	0.18729834	1.24463332	-0.19910827	-2.47852063	-2.60021973	1.94377506	-5.20108700	4.88427925	-0.99717510	1.02133024	-0.18497831	-2.46023846	1.08273780	0.90403163	-4.23035479	-1.09480643	-1.94158709	2.15912819	6.48489141	-0.25922269	-2.36350822	
0.00851200	-1.30627532  1.92077445 -0.09166892 -0.08930110 -0.03176761 -0.02439984	   -5.05708427   -59.76967114 -1006.41860995   -65.45451578    -2.59300557    -0.73612746	  -6.58615656   21.60075140   -4.71587146    2.29286904   17.29289192  -20.60285957    7.40434076 -111.27934408  -26.91783943 -113.55148199   18.67007607  -94.96469891	-0.00371444  0.10601614 -0.36585954  0.93563729 -0.59328062 -0.10236116 -0.06001936 -0.02273368 -0.22044778  0.65514153 -0.43572897  0.00787821	-0.01900716  0.05762339 -0.93673011 -0.04663093  0.58117480 -0.17510534  0.00258033 -0.03056520  0.34721595 -0.03855280 -0.27373096 -0.04041750	-0.00232712  0.05069244 -1.00405596 -0.02579489  0.60165343 -0.16983351  0.00181448 -0.04503047  0.37707978 -0.04797869 -0.29017733 -0.02558103	0.21117518 0.08606445 3.90040257	-0.04338927 -0.03821195  0.00003989	-0.04452263 -0.03427008 -0.00007298	 0.00076373 -0.00342994 -0.99999383	0.35000000	0.00000000	0.00000000	0.66413087	-1.80544043	-0.11777988	0.19769858	1.22582364	-0.19260153	-2.49837804	-2.58926392	1.92129147	-5.20258713	4.87194633	-0.99477625	0.98476410	-0.15952693	-2.42873287	1.07587111	0.92161626	-4.18155336	-1.05775881	-1.90537512	2.12981939	6.43737459	-0.26728988	-2.35169315	
0.00846100	-0.63990782  2.14218278 -0.54403852 -0.09248505 -0.03276553 -0.03053358	   -6.86677600   -60.86049032 -1008.51073344   -65.59515363    -2.72396431    -0.52630286	  -6.77361737   21.50417125   -5.55348832   -0.77371198   16.32122603  -20.32858761    7.68394442 -111.15011191  -27.13570086 -114.47212040   19.09962407  -95.31193197	-0.00371579  0.10641857 -0.37439067  0.93509833 -0.58776956 -0.10359421 -0.06002826 -0.02321915 -0.21713644  0.65477768 -0.43830110  0.00770198	-0.02693279  0.04587199 -0.97309294 -0.08137570  0.65927692 -0.13066490 -0.02627176 -0.06943370  0.42326327 -0.04034984 -0.27970451 -0.02799154	-0.00360098  0.04551176 -0.99772181 -0.07153288  0.65418405 -0.14101718 -0.00214389 -0.05838335  0.39110073 -0.04186815 -0.30202194 -0.02275829	0.21442078 0.09022059 3.89884907	-0.04196964 -0.04044338  0.00012681	-0.04323707 -0.03771680  0.00003546	 0.00042839 -0.00306746 -0.99999520	0.35000000	0.00000000	0.00000000	0.67753947	-1.79225135	-0.12856664	0.21039023	1.20675445	-0.18510133	-2.52082014	-2.58505511	1.89884019	-5.20713472	4.86610126	-0.99021423	0.94617271	-0.13864665	-2.40333891	1.07215238	0.93709451	-4.13756323	-1.01773596	-1.86923730	2.10252619	6.39562893	-0.26959297	-2.33926415	
0.00848200	-0.56130119  1.90585260 -0.89603644 -0.08718202 -0.04396606 -0.02825509	   -5.15737552   -62.25664677 -1008.02589612   -65.56911856    -0.77011087    -1.12301137	  -6.79720775   21.82776505   -5.18612369   -2.43450178   15.85241470  -21.07375371    7.29211945 -110.72433925  -28.84444991 -113.88596284   21.15946895  -95.68615687	-0.00371095  0.10681155 -0.38265371  0.93410172 -0.58190188 -0.10461530 -0.06002694 -0.02374633 -0.21384190  0.65446866 -0.44092328  0.00750239	-0.01094734  0.05124881 -0.95891171 -0.14681549  0.75829326 -0.13490879 -0.00830024 -0.06814501  0.40251998 -0.02551334 -0.31133230 -0.03723429	-0.00163336  0.04574694 -0.96454190 -0.12630275  0.69803941 -0.11986168 -0.00230113 -0.06391016  0.38854491 -0.03662890 -0.30694178 -0.02614209	0.21734823 0.09437813 3.89760021	-0.04072860 -0.04056188  0.00020100	-0.04192573 -0.03957365  0.00012469	 0.00008320 -0.00271636 -0.99999631	0.35000000	0.00000000	0.00000000	0.68813729	-1.76584494	-0.13746679	0.21768723	1.20480645	-0.17627001	-2.55491018	-2.59305215	1.88858378	-5.20674229	4.85021877	-0.99015379	0.91965610	-0.12026173	-2.37187147	1.07140505	0.94856453	-4.08360243	-0.97540027	-1.83795714	2.05793786	6.36180830	-0.28151092	-2.31102753	
0.00854500	-0.43032980  1.83026408 -1.26007520 -0.08164308 -0.04783293 -0.02804760	   -6.18666708   -61.66103663 -1009.46682104   -65.66077803    -0.43622156    -1.19063232	  -6.94510647   20.99688953   -4.98934749   -4.47913846   15.88749169  -20.80999947    6.91525331 -110.18130279  -28.89162102 -114.57754195   21.66658428  -95.16754341	-0.00371114  0.10715604 -0.39061651  0.93254925 -0.57574038 -0.10547795 -0.06002106 -0.02435109 -0.21055122  0.65420600 -0.44357621  0.00725046	 0.00932889  0.03081342 -0.80844381 -0.18531500  0.66597197 -0.07653454 -0.01104128 -0.06423047  0.33994368 -0.02462631 -0.26265018 -0.02720889	-0.00038472  0.03905269 -0.91472706 -0.18995449  0.72193689 -0.09784323 -0.00157737 -0.07040623  0.38135744 -0.03139020 -0.30519717 -0.02820125	0.22045855 0.09868695 3.89671640	-0.03934401 -0.04034134  0.00026496	-0.04060608 -0.04011491  0.00019985	-0.00026048 -0.00237629 -0.99999714	0.35000000	0.00000000	0.00000000	0.70438480	-1.74696434	-0.14865366	0.23211733	1.19421959	-0.16473417	-2.59342957	-2.59484315	1.87727714	-5.20920467	4.84202003	-0.98480105	0.87881863	-0.08688407	-2.33894444	1.08703303	0.96288460	-4.04168940	-0.93085158	-1.81120837	2.02604842	6.33026123	-0.28150871	-2.28836942	
0.00842200	-0.45078311  1.99197050 -1.61837228 -0.08641525 -0.04549497 -0.03017483	   -8.77480634   -62.05663147 -1010.11933808   -65.70706694    -1.57015337    -1.00322009	  -6.91484208   21.46920127   -5.05617290   -6.26455785   17.02496570  -20.75599599    6.49468483 -109.89050102  -29.14908988 -115.88130671   20.83878252  -95.03091204	-0.00371232  0.10746512 -0.39824821  0.93035394 -0.56923705 -0.10615450 -0.06001673 -0.02502050 -0.20723770  0.65397294 -0.44626550  0.00699830	-0.00386848  0.00176226 -0.92770813 -0.28769840  0.81149357 -0.10388229 -0.02773630 -0.06384184  0.41399311 -0.01946803 -0.30512417 -0.01325785	-0.00132860  0.03370584 -0.90449979 -0.27383663  0.78291103 -0.07950779 -0.00171039 -0.07906715  0.39700500 -0.02703568 -0.31939663 -0.02751183	0.22391244 0.10292826 3.89609558	-0.03858354 -0.03995741  0.00029996	-0.03948004 -0.04009799  0.00025600	-0.00060154 -0.00204557 -0.99999773	0.35000000	0.00000000	0.00000000	0.71839052	-1.73637366	-0.15365104	0.24730559	1.17718625	-0.14625174	-2.62735415	-2.59705806	1.85858762	-5.21891928	4.83948183	-0.97386742	0.83944136	-0.06265018	-2.31301546	1.10536623	0.98018593	-3.99485350	-0.88913935	-1.77664256	2.00952172	6.29885769	-0.28480774	-2.27856612	
0.00803300	-0.85995791  1.72569780 -1.64584384 -0.07942843 -0.06306863 -0.02693291	   -5.83113952   -62.64953363 -1011.53356625   -65.79784935     0.64835379    -1.96840502	  -7.08789609   21.40031743   -3.63327683   -6.11624528   16.37493896  -21.24528995    5.34723516 -109.66411829  -31.65626182 -115.97031212   23.32553557  -95.03033817	-0.00370932  0.10775125 -0.40506988  0.92767330 -0.56275498 -0.10663930 -0.06001999 -0.02573384 -0.20412165  0.65372437 -0.44881569  0.00675123	-0.00796851  0.03873816 -0.78436232 -0.34901265  0.77707142 -0.06631936  0.00149997 -0.12049948  0.37892516 -0.02608755 -0.28668211 -0.01026140	-0.00018675  0.03534000 -0.84876828 -0.34434872  0.81648886 -0.06054733 -0.00188516 -0.09165605  0.39071526 -0.02988550 -0.31721996 -0.02966558	0.22686474 0.10700155 3.89581161	-0.03790396 -0.03806958  0.00034493	-0.03866721 -0.03933646  0.00029969	-0.00091389 -0.00173972 -0.99999807	0.35000000	0.00000000	0.00000000	0.73029399	-1.70568037	-0.16129330	0.25375775	1.17879367	-0.13286148	-2.67281437	-2.60324073	1.85204077	-5.21068287	4.81565380	-0.97073853	0.81563210	-0.03782424	-2.27730274	1.11894786	0.98813194	-3.93794560	-0.84729677	-1.74876606	1.96216011	6.26780510	-0.29573017	-2.24317884	
0.00803700	-0.96713879  1.70095741 -2.20605796 -0.07836843 -0.06406664 -0.02556526	   -7.90879048   -63.62793858 -1008.22239482   -65.59590200     0.15508485    -1.89575101	  -7.14437642   21.26115483   -3.22038047   -8.49404477   18.06262404  -21.22672069    4.97424937 -108.14311838  -31.32559574 -115.81583166   22.53950134  -95.31675053	-0.00370263  0.10799414 -0.41154378  0.92432310 -0.55594018 -0.10703056 -0.06000169 -0.02646866 -0.20098817  0.65347526 -0.45137879  0.00646996	-0.00359251  0.02660133 -0.78581508 -0.43185244  0.83539853 -0.05769949 -0.00549654 -0.08120509  0.37232718 -0.03376451 -0.32041438 -0.03930439	 0.00119858  0.02993299 -0.79823698 -0.42667889  0.85342002 -0.04755301  0.00213371 -0.09286809  0.38840137 -0.03160243 -0.31873959 -0.03780929	0.23010999 0.11092671 3.89544498	-0.03785850 -0.03654096  0.00036018	-0.03815648 -0.03792978  0.00033346	-0.00121153 -0.00143696 -0.99999823	0.35000000	0.00000000	0.00000000	0.74647993	-1.68511367	-0.17073505	0.26802582	1.17796862	-0.10770777	-2.71327591	-2.61620903	1.84729803	-5.21737003	4.80949640	-0.96059930	0.77921242	-0.00716509	-2.25091958	1.14643240	1.00522220	-3.89737773	-0.80311507	-1.72069144	1.94034779	6.24859619	-0.29500648	-2.21978426	
0.00848700	-1.05383168  1.74957464 -2.25162794 -0.07803813 -0.06798033 -0.02690233	   -9.70836135   -62.90160170 -1010.13809525   -65.71341642    -0.37191048    -1.94016605	  -7.42635320   21.04262137   -2.79916797   -8.91740130   17.62130101  -20.99493763    3.87999575 -108.34815025  -31.78621212 -117.17434844   22.52894202  -94.35307837	-0.00370287  0.10825348 -0.41794821  0.91997449 -0.54826221 -0.10733053 -0.05999711 -0.02731151 -0.19763778  0.65318926 -0.45410156  0.00614660	 0.01807617  0.04398224 -0.69969817 -0.55219610  0.91375567 -0.03197368  0.03175921 -0.12137402  0.38353138 -0.04079644 -0.31016360 -0.02395296	 0.00229181  0.03192812 -0.74239521 -0.52510374  0.90852327 -0.03405798  0.00366675 -0.10171646  0.39375911 -0.03576797 -0.31906632 -0.03592430	0.23389859 0.11521889 3.89528147	-0.03778959 -0.03520136  0.00040151	-0.03794581 -0.03648300  0.00036694	-0.00151583 -0.00111535 -0.99999823	0.35000000	0.00000000	0.00000000	0.76194215	-1.66360700	-0.17714296	0.28426591	1.15911150	-0.08771627	-2.75747752	-2.60881710	1.83231974	-5.21694326	4.79314041	-0.94638848	0.74199301	0.02668346	-2.21591043	1.18204117	1.01992655	-3.84409499	-0.76106900	-1.68528521	1.92911065	6.21346426	-0.29878986	-2.20757580	
0.00846000	-1.22893146  1.44416018 -2.24047066 -0.06836284 -0.07254396 -0.02227634	  -10.57700815   -63.90193102 -1008.57533501   -65.62219181    -0.21514719    -2.10646480	  -7.84734408   20.43171227   -2.62345128   -8.69613826   17.30058315  -21.02635720    3.12453976 -107.16512728  -32.87064403 -116.87322524   22.76410523  -94.64329016	-0.00370251  0.10846787 -0.42390560  0.91481248 -0.54015239 -0.10746356 -0.06000382 -0.02820432 -0.19424751  0.65286368 -0.45686544  0.00581189	 0.01529221  0.02514651 -0.74887852 -0.68815965  1.05665316 -0.01180505  0.00429719 -0.13186468  0.44431428 -0.06382040 -0.37311608 -0.05365975	 0.00199369  0.02723878 -0.69631256 -0.62584149  0.96985156 -0.01317794  0.00044163 -0.10764030  0.40386013 -0.04149536 -0.32850527 -0.03930354	0.23770406 0.11955908 3.89505465	-0.03781182 -0.03325609  0.00042021	-0.03785830 -0.03489784  0.00039857	-0.00180647 -0.00079399 -0.99999805	0.35000000	0.00000000	0.00000000	0.77578694	-1.64135313	-0.18475634	0.29709437	1.15389335	-0.06569269	-2.80785656	-2.61378312	1.82734776	-5.21818352	4.77358150	-0.93190289	0.70988959	0.05221924	-2.18752337	1.21721888	1.02985454	-3.79204893	-0.71875811	-1.64958489	1.90906954	6.18796206	-0.30221665	-2.18285942	
0.00852600	-1.56308008  1.01423830 -2.18952582 -0.05677276 -0.08413687 -0.01556068	   -9.42796251   -63.87294240 -1009.35556483   -65.66929377     1.39621273    -2.71940062	  -8.06025853   20.07319516   -1.55908322   -8.42192435   16.78374378  -21.80997902    2.33659839 -106.64037180  -34.07757032 -116.90749586   24.60974675  -94.19211674	-0.00371830  0.10864824 -0.42934788  0.90882790 -0.53166971 -0.10754464 -0.05999241 -0.02915699 -0.19084122  0.65252137 -0.45961225  0.00543823	-0.01892917  0.01905437 -0.54215382 -0.69263477  0.93256690  0.00366731  0.00842428 -0.08830269  0.36514660 -0.02082989 -0.27756522 -0.06453686	-0.00224791  0.02165914 -0.62606834 -0.71576502  0.99927060 -0.00659613  0.00233931 -0.11126495  0.40027422 -0.04002374 -0.32099861 -0.04419979	0.24144690 0.12398714 3.89494686	-0.03791869 -0.03086349  0.00046492	-0.03787338 -0.03288792  0.00042884	-0.00207846 -0.00047209 -0.99999773	0.35000000	0.00000000	0.00000000	0.79067171	-1.61063445	-0.19253708	0.30634576	1.15898693	-0.04457768	-2.85870028	-2.61978006	1.82832170	-5.20498753	4.74494314	-0.91909766	0.68760985	0.08286969	-2.15134263	1.24921870	1.03626704	-3.73473382	-0.67845339	-1.62129152	1.87814438	6.16012621	-0.30930486	-2.15218568	
0.00849400	-1.89597037  0.95947051 -2.19768017 -0.05455361 -0.08198502 -0.01329970	  -12.08901304   -63.94071223 -1010.14149823   -65.72057924     0.37258217    -2.57333569	  -7.72073644   19.81087965   -1.28725096   -8.39855494   17.79939692  -21.26100469    1.18940008 -106.19169950  -33.96586299 -118.17133996   23.75463036  -93.76575840	-0.00370499  0.10879947 -0.43429753  0.90202951 -0.52278083 -0.10761403 -0.05999755 -0.03017542 -0.18739759  0.65211546 -0.46237045  0.00510176	-0.00146933  0.03598955 -0.52222992 -0.77636882  0.99114839 -0.01185509  0.00075424 -0.10419477  0.38754008 -0.04825866 -0.28824034 -0.03804452	 0.00178198  0.01753989 -0.56933097 -0.81147047  1.04895950 -0.00765758  0.00081643 -0.11976833  0.40517262 -0.04657557 -0.32115784 -0.03922061	0.24565180 0.12846237 3.89488075	-0.03829601 -0.02933813  0.00052325	-0.03805103 -0.03093209  0.00047253	-0.00233328 -0.00014812 -0.99999727	0.35000000	0.00000000	0.00000000	0.80675346	-1.59295404	-0.19944672	0.32123092	1.15076220	-0.01350655	-2.90561080	-2.62040257	1.82065690	-5.20566750	4.72809219	-0.89771676	0.65385729	0.11627539	-2.12170243	1.29425108	1.04910612	-3.68587017	-0.63908529	-1.58843398	1.86989582	6.13382816	-0.30942324	-2.13640070	
