time	LF_FT_fx	LF_FT_fy	LF_FT_fz	LF_FT_tx	LF_FT_ty	LF_FT_tz	RF_FT_fx	RF_FT_fy	RF_FT_fz	RF_FT_tx	RF_FT_ty	RF_FT_tz	torque_des_0	torque_des_1	torque_des_2	torque_des_3	torque_des_4	torque_des_5	torque_des_6	torque_des_7	torque_des_8	torque_des_9	torque_des_10	torque_des_11	q_0	q_1	q_2	q_3	q_4	q_5	q_6	q_7	q_8	q_9	q_10	q_11	qdot_0	qdot_1	qdot_2	qdot_3	qdot_4	qdot_5	qdot_6	qdot_7	qdot_8	qdot_9	qdot_10	qdot_11	qdot_lpf_0	qdot_lpf_1	qdot_lpf_2	qdot_lpf_3	qdot_lpf_4	qdot_lpf_5	qdot_lpf_6	qdot_lpf_7	qdot_lpf_8	qdot_lpf_9	qdot_lpf_10	qdot_lpf_11	base_lin_vel_x	base_lin_vel_y	base_lin_vel_z	base_ang_vel_x	base_ang_vel_y	base_ang_vel_z	base_ang_vel_lpf_x	base_ang_vel_lpf_y	base_ang_vel_lpf_z	projected_grav_x	projected_grav_y	projected_grav_z	cmd_x	cmd_y	cmd_yaw	latent_0	latent_1	latent_2	latent_3	latent_4	latent_5	latent_6	latent_7	latent_8	latent_9	latent_10	latent_11	latent_12	latent_13	latent_14	latent_15	latent_16	latent_17	latent_18	latent_19	latent_20	latent_21	latent_22	latent_23	
0.00800000	   0.74440578   -0.24893673 -517.27369536    0.30529754   -8.58458920    0.07404468	  -0.74435496    0.24904915 -505.72811915    0.08030615   -9.81781514    0.07846955	 -0.00054709   0.03731252 -13.20114516 -41.74187320   6.71361383  -0.00119967  -0.00052489  -0.03525795 -13.19396312 -41.72322751   6.71624108   0.00106591	-0.00002535  0.00004939 -0.23975200  0.59820366 -0.35835865  0.00005265  0.00001684  0.00004921 -0.23974176  0.59818414 -0.35839078  0.00002533	 0.00157181 -0.00161495 -0.00034897 -0.00009023  0.00048606 -0.00146357 -0.00013278 -0.00166073  0.00023859  0.00152616 -0.00168627  0.00060659	 0.00102698 -0.00105517 -0.00022801 -0.00005895  0.00031758 -0.00095626 -0.00008675 -0.00108508  0.00015589  0.00099715 -0.00110177  0.00039633	 0.00111537 -0.00020912  3.91741095	-0.00000424 -0.00020219  0.00000559	-0.00000277 -0.00013210  0.00000365	-0.00030262  0.00005233 -0.99999995	0.35000000	0.00000000	0.00000000	-0.24538738	0.92205596	-0.85864496	0.13107280	-0.12727663	-0.59807938	0.68539137	0.78682894	-0.66200566	1.47664869	-0.49774063	0.75387210	0.86814338	-0.01988605	1.00563908	-0.89904994	0.09162006	-0.24961743	-0.35835707	0.91257077	-0.47532997	-0.09427612	0.77800429	1.19296038	
0.00800100	  -0.52189082   -1.55221594 -516.57180281    0.58539008   -9.35430945   -0.57014333	  -0.73027696    0.83734096 -505.66711623    0.57572428  -10.42067440    0.59422426	 -3.52354365  -1.39382603 -11.93635746 -38.39542091   0.32647876   1.93747333   1.41635729   1.86622712 -12.01029912 -43.11545722   1.99127841   4.40742268	-0.00002571  0.00005447 -0.23975564  0.59821146 -0.35835174  0.00004853  0.00001978  0.00005275 -0.23974469  0.59817219 -0.35840100  0.00001912	 0.00438320  0.02198971 -0.02183586  0.00290399  0.01210642 -0.01298053  0.01459426  0.02302364  0.00455759 -0.00774302 -0.01405300 -0.02031812	-0.00189027  0.00228782 -0.00086214  0.00125467  0.00048208 -0.00266431 -0.00003318  0.00188093 -0.00101024 -0.00140889 -0.00131110 -0.00133517	 0.00118239 -0.00017794  3.91750910	-0.00006140 -0.00013760  0.00000945	-0.00003093 -0.00017029  0.00000722	-0.00030412  0.00005248 -0.99999995	0.35000000	0.00000000	0.00000000	-0.06693982	0.60068297	-0.74591887	0.25779256	0.11161537	-0.35504293	0.30675906	0.70860535	-0.53913319	1.52937388	-0.57860029	0.54094529	0.70772284	0.06792980	1.20712221	-0.77359009	-0.07124036	-0.41968662	-0.32210141	1.08838677	-0.30757204	-0.06070533	0.65594554	0.82656431	
0.00848900	  -6.67786959   -8.61639375 -526.30773827    1.97942834  -11.23612343   -2.73049618	   0.39649855    6.36468265 -494.13481092    3.04952834  -14.88494718    2.08512922	 -8.74842564  -5.00508662  -7.96720600 -36.16567838  -5.51236921   6.61058593   3.22731068  10.85818593 -16.55757278 -45.65972384 -14.76147318  16.15194447	-0.00002793  0.00004287 -0.23975274  0.59819938 -0.35834314  0.00005990  0.00001250  0.00004787 -0.23973236  0.59816978 -0.35840192  0.00001935	-0.00891828  0.00128985  0.01238740 -0.00049473  0.02620878  0.01126263 -0.01261998 -0.01368337  0.00624369 -0.00087663  0.01278146 -0.01381133	-0.00100019 -0.00090008  0.00026542 -0.00184638  0.00369465  0.00081232 -0.00268195 -0.00008962  0.00119146 -0.00221466 -0.00043676 -0.00006299	 0.00162745 -0.00001849  3.91752368	-0.00026732  0.00057545  0.00000723	-0.00020134  0.00024943  0.00001475	-0.00030314  0.00005389 -0.99999995	0.35000000	0.00000000	0.00000000	0.05228592	0.36139554	-0.64137995	0.34540692	0.14568911	-0.30583704	-0.01341088	0.55140704	-0.37090945	1.32888901	-0.48522180	0.52674741	0.70064837	0.15473180	1.03544152	-0.66735411	-0.13039607	-0.49738294	-0.22105929	1.41432786	-0.35052076	-0.03085484	0.69834769	0.79330009	
0.00806600	 -40.19721524  -10.32189759 -496.73021936    5.01335653  -28.37022346   -6.71585816	  -5.33933807    1.27953138 -467.57586152    7.40127072  -28.29921127    3.29690302	-16.58928133   7.93265427  -5.83212800 -21.39545104 -30.44820142  18.36599887   4.63002086  15.25174938 -25.38124581 -40.23850125 -36.77859121  31.29685865	-0.00002747  0.00005009 -0.23974449  0.59833456 -0.35850763  0.00005067  0.00001443  0.00005118 -0.23974426  0.59829895 -0.35852074  0.00001294	 0.00050299  0.00086664  0.03143049  0.02835960 -0.03653892 -0.00528788 -0.00885696  0.01703095 -0.01450034  0.02517208 -0.00538106 -0.02875354	-0.00202133  0.00021193  0.00292311  0.02414810 -0.02778401 -0.00215747 -0.00168857  0.00002254 -0.00198139  0.02249742 -0.01935227 -0.00318616	0.00631498 0.00061659 3.91252211	-0.00101497 -0.00812647  0.00000862	-0.00074221 -0.00449698  0.00000639	-0.00032419  0.00005873 -0.99999995	0.35000000	0.00000000	0.00000000	0.14937493	0.13420567	-0.68696332	0.41428456	0.06563746	-0.35033512	-0.11338015	0.51419789	-0.24617708	1.06504333	-0.47040200	0.53372926	0.74696708	0.24572270	0.90836298	-0.64547944	-0.17302337	-0.47926304	-0.19385603	1.71390820	-0.38366508	-0.02968351	0.65090513	0.73212886	
0.00842000	 -58.10862160   11.26131995 -548.05941818    9.69791102  -43.44327335  -11.73048925	 -26.50601612    0.31442405 -346.28553923   13.74399846  -40.41606741    8.00519774	-24.47119081  35.11976258 -14.16178668 -27.90517560 -43.27291829  35.70821783   6.71996318  10.47317974 -35.44006177 -15.43926654 -55.95473703  43.34301012	-0.00002631  0.00008708 -0.23975600  0.59909501 -0.35921481  0.00006094  0.00002494  0.00004759 -0.23975281  0.59906943 -0.35923241  0.00020782	 0.00780778 -0.00195202 -0.00502445  0.15037966 -0.11429020  0.01860458  0.02663679 -0.01705166  0.01715475  0.14581602 -0.10917353  0.08076709	-0.00116257  0.00811248  0.00004669  0.10994047 -0.09824735  0.00075010  0.00154636 -0.00080434 -0.00259557  0.11298295 -0.10061533  0.03512934	 0.01739734 -0.00087650  3.89869810	-0.00880134 -0.03288453  0.00093029	-0.00579057 -0.02475959  0.00038277	-0.00049727  0.00009407 -0.99999987	0.35000000	0.00000000	0.00000000	0.15302257	0.01671895	-0.76085621	0.41391274	0.01176612	-0.40556803	-0.17700173	0.43046629	-0.15031245	0.85737103	-0.44280180	0.56768608	0.78295767	0.22437765	0.79062086	-0.65463746	-0.17348760	-0.48754194	-0.14537948	1.84889507	-0.42219195	-0.03357576	0.58723378	0.69137561	
0.00851400	 -65.28892458   40.78996862 -638.83942360   16.68928307  -55.40344106  -14.42618124	 -18.46584762   -4.05755087 -243.89367926   15.53338590  -32.78608224    3.69966218	-26.26909335  61.19193983 -28.84267265 -42.90305400 -46.93674839  48.51396132   8.50253986   1.33312634 -43.33577380   9.59415604 -50.43372273  43.13766187	-0.00009409  0.00022638 -0.23998154  0.60092793 -0.36068539  0.00021097  0.00001969  0.00005523 -0.24009804  0.60121806 -0.36103554  0.00115833	-0.01196277  0.00182068 -0.04546293  0.26870695 -0.18941802  0.05295733  0.02012794  0.01974712 -0.10059546  0.32516149 -0.27006028  0.17091218	-0.01249127  0.01834043 -0.03414766  0.24046566 -0.18616227  0.02623269  0.00068748  0.00292320 -0.05756145  0.28749368 -0.23449660  0.13320279	 0.02563222 -0.00618610  3.88304062	-0.02345304 -0.04137091  0.01431856	-0.01853557 -0.03943550  0.00976108	-0.00082994  0.00022977 -0.99999963	0.35000000	0.00000000	0.00000000	0.16474119	-0.03199169	-0.83378494	0.36172587	-0.00673256	-0.40972582	-0.20308478	0.35036442	-0.09482510	0.71274281	-0.40844268	0.58012670	0.79878837	0.20441957	0.69811666	-0.65364283	-0.20180324	-0.48897263	-0.11728086	1.87784755	-0.45452389	-0.03661672	0.51850426	0.67014933	
0.00848300	 -66.23603865   49.30114945 -764.11576448   23.25366793  -60.42917933  -13.15882800	  -8.09288557   -0.59011757 -149.02308913    9.92807264  -20.89050304    1.47052534	-24.23103037  73.77918482 -33.97441818 -64.56087218 -42.67745858  54.25666910   9.29602963 -10.25581035 -41.76455440  20.99847275 -37.12227023  36.11582711	-0.00026584  0.00049344 -0.24072537  0.60386503 -0.36279036  0.00065512  0.00001890  0.00003620 -0.24121706  0.60517446 -0.36394987  0.00317152	-0.04642360  0.03852663 -0.13126943  0.40592164 -0.29088000  0.06475347 -0.01030774 -0.02158754 -0.20967976  0.57390783 -0.40590013  0.32578893	-0.02390803  0.03380648 -0.09734789  0.36561143 -0.25804989  0.05668588 -0.00086363 -0.00398602 -0.15199960  0.49887383 -0.36004617  0.25508961	 0.03093809 -0.01287180  3.87170326	-0.03359614 -0.03331720  0.02617903	-0.03077252 -0.03588368  0.02248897	-0.00115051  0.00048063 -0.99999922	0.35000000	0.00000000	0.00000000	0.20119418	-0.05298123	-0.87466294	0.32209367	0.01859741	-0.38266355	-0.19989263	0.28537846	-0.05643336	0.64205056	-0.34643281	0.57018316	0.79960752	0.19356775	0.62935382	-0.64798063	-0.22313532	-0.49100634	-0.10480692	1.87411618	-0.49681932	-0.04252274	0.45875898	0.65979540	
0.00851500	 -70.01510522   51.72366536 -864.57857122   28.56313191  -64.88049769  -12.35923027	  2.67219463  -3.23623511 -72.51370993   4.90141991 -10.38140267   1.39988658	-23.04628752  80.32854056 -33.00337094 -82.15872931 -40.72719973  59.12321055   9.81271682 -16.76662409 -37.68318461  25.54800232 -25.05737990  29.27526960	-0.00050335  0.00077559 -0.24189466  0.60759498 -0.36526797  0.00120592  0.00001357 -0.00004281 -0.24312027  0.61069658 -0.36764897  0.00597977	-0.02506499  0.03689611 -0.12886118  0.46533416 -0.27398292  0.05883826 -0.01706984 -0.01809271 -0.24696189  0.66681379 -0.43963460  0.34735550	-0.02755566  0.03263207 -0.14156463  0.44995869 -0.29515473  0.06736739 -0.00170900 -0.01275763 -0.23602642  0.66951000 -0.44303969  0.34134002	 0.03575326 -0.01711695  3.86305245	-0.02736397 -0.02584944  0.03082186	-0.02967998 -0.02804632  0.02946378	-0.00139819  0.00074722 -0.99999874	0.35000000	0.00000000	0.00000000	0.24307710	-0.06738332	-0.90006375	0.30283320	0.05312901	-0.34900561	-0.19340533	0.24190745	-0.03012857	0.61315703	-0.28218377	0.55073309	0.79698795	0.18836167	0.58024681	-0.64791125	-0.24044988	-0.48960996	-0.10165273	1.87895727	-0.52690488	-0.05564590	0.41284478	0.65035492	
0.00851900	 -73.49572890   53.66620359 -935.48881314   33.95073660  -68.36974940  -12.00281973	 11.11729682  -3.82015940 -17.40381441   1.24551574  -2.59929407   1.36679500	-22.49232017  87.48143148 -32.81601505 -93.45842010 -40.42596138  64.27901393   9.86563438 -20.07205606 -34.44970340  27.31398542 -15.89166480  24.98331654	-0.00076084  0.00098327 -0.24336298  0.61184337 -0.36800410  0.00176992  0.00001336 -0.00034453 -0.24566829  0.61738618 -0.37177553  0.00938314	-0.01119972  0.01392882 -0.15773916  0.47381030 -0.32009938  0.06748710  0.00544145 -0.04506298 -0.30107076  0.77372742 -0.45560853  0.41569392	-0.02778283  0.02210387 -0.17415597  0.50338124 -0.32324599  0.06596359 -0.00164725 -0.03896795 -0.30617880  0.79497924 -0.48461531  0.40779813	 0.04031254 -0.01968024  3.85611039	-0.01227883 -0.02004632  0.03019364	-0.01717498 -0.02177612  0.03029359	-0.00159028  0.00091682 -0.99999832	0.35000000	0.00000000	0.00000000	0.28720972	-0.07637660	-0.91755670	0.29586321	0.07875784	-0.32562044	-0.19656068	0.20719334	-0.01336119	0.59379148	-0.23114908	0.52800435	0.79469639	0.18505357	0.54697883	-0.65439475	-0.25538117	-0.48525491	-0.09851293	1.88778889	-0.55073577	-0.06871910	0.37540624	0.62815404	
0.00846500	 -72.82540672   53.98116158 -975.37553743   39.99134518  -70.02910214  -11.29696775	 5.44092006 -5.77696188 -4.43725114  0.43382324 -0.76184996  0.84024185	 -21.79726084   94.88532639  -32.99476480 -102.26986101  -40.25805759   69.60413969    9.55765068  -20.65924275  -30.69047193   28.79539496   -9.67679679   21.37376341	-0.00102132  0.00108377 -0.24500063  0.61649931 -0.37093411  0.00226437  0.00002073 -0.00085082 -0.24870539  0.62496082 -0.37604807  0.01305868	-0.03887650  0.03567819 -0.23704313  0.60782526 -0.38207946  0.04030784  0.01736859 -0.09453688 -0.43083935  0.99621729 -0.54148055  0.42759832	-0.02991607  0.01233381 -0.19638011  0.55561438 -0.34889994  0.05520464  0.00078596 -0.06580111 -0.36915671  0.90868515 -0.50406872  0.43224759	 0.04557963 -0.02211435  3.85100082	 0.00200786 -0.02118895  0.02905400	-0.00247043 -0.02068182  0.02939196	-0.00176191  0.00095641 -0.99999799	0.35000000	0.00000000	0.00000000	0.33114499	-0.08060642	-0.93285877	0.30049959	0.09726618	-0.30938417	-0.20420955	0.17795187	-0.00188542	0.57017308	-0.18706918	0.50071436	0.79141110	0.18185925	0.52017784	-0.66429335	-0.26322281	-0.47960091	-0.09146199	1.90512085	-0.56659788	-0.07975577	0.34438846	0.60541296	
0.00852600	  -70.75261068    56.03707237 -1004.44087835    45.23435507   -71.53560059   -10.17513717	 2.53514675 -4.54029971  0.89103946  0.16237061  0.02203931  0.16459287	 -20.65158945  102.21524692  -35.15328635 -110.98966098  -40.42523360   74.78543591    9.09579888  -20.96338189  -28.26949067   29.11467409   -5.76688131   19.52854732	-0.00127132  0.00111748 -0.24666378  0.62137803 -0.37399932  0.00256175  0.00001638 -0.00151685 -0.25217381  0.63326235 -0.38022919  0.01656844	-0.04948259  0.00521635 -0.16006682  0.56038665 -0.34730934 -0.00200056  0.00697950 -0.07873942 -0.38376325  0.96121933 -0.44957444  0.34529677	-0.03017476  0.00465200 -0.19317244  0.57541573 -0.36091149  0.02979571 -0.00096607 -0.08013463 -0.41360350  0.98413739 -0.48391293  0.39994873	 0.05119314 -0.02476803  3.84818492	 0.01274252 -0.02270569  0.02729799	 0.00945226 -0.02217155  0.02782744	-0.00194844  0.00088994 -0.99999771	0.35000000	0.00000000	0.00000000	0.35806936	-0.08287098	-0.94327199	0.31705591	0.10825256	-0.31070700	-0.21542141	0.15050653	0.00627800	0.53492647	-0.15679768	0.47267526	0.78299147	0.18115541	0.49010956	-0.67578459	-0.26760170	-0.46598545	-0.08720553	1.92477953	-0.57048583	-0.09187950	0.31821510	0.58515799	
0.00846800	  -67.97336454    60.38089722 -1016.92691333    49.17523643   -72.27585337    -9.12038187	 1.56768835 -4.38541112  1.99265445  0.13248217  0.11024940  0.06516923	 -19.59935664  109.21017742  -37.93797483 -116.02980122  -41.09497967   79.48981357    8.81457696  -21.76032972  -25.77353296   30.24997540   -5.35913549   19.90984175	-0.00147888  0.00115119 -0.24832496  0.62636199 -0.37718325  0.00272801  0.00001973 -0.00235114 -0.25607250  0.64222436 -0.38422031  0.01973473	-0.00061282  0.02462125 -0.20202151  0.60743276 -0.39632793  0.03740584 -0.00873989 -0.08208269 -0.48914761  1.12288548 -0.49963311  0.37976332	-0.02418373  0.00626165 -0.19731690  0.59273569 -0.37728785  0.01711497 -0.00029077 -0.09902026 -0.46840333  1.07103575 -0.46872744  0.36842160	 0.05690345 -0.02802951  3.84652676	 0.01825200 -0.02356375  0.02463073	 0.01654458 -0.02320746  0.02547454	-0.00214446  0.00075556 -0.99999742	0.35000000	0.00000000	0.00000000	0.38613281	-0.08820410	-0.95138907	0.34099388	0.11135995	-0.32046258	-0.22958483	0.12666985	0.01050495	0.49804276	-0.13591479	0.44483694	0.77024829	0.18952689	0.46996734	-0.68327504	-0.26700589	-0.45524693	-0.08137056	1.95045173	-0.57781672	-0.09980430	0.29576129	0.56356716	
0.00801200	  -66.23899231    63.49084718 -1029.23856883    52.04304982   -73.37393266    -8.63146634	 1.08642711 -4.51624422  2.28638857  0.13403004  0.09803614  0.06122612	 -19.18394936  114.07063723  -39.86964867 -121.66978487  -41.74410331   83.22264314    8.21092733  -21.75548983  -22.90911821   29.71025844   -5.27919792   19.80249771	-0.00166829  0.00119699 -0.24981292  0.63107837 -0.38025946  0.00280797  0.00002822 -0.00322916 -0.26006352  0.65121207 -0.38776308  0.02238590	 0.00501828  0.02655561 -0.18518819  0.59255080 -0.41222318  0.03549225  0.00530333 -0.09145116 -0.53426404  1.18873485 -0.46118178  0.30371778	-0.02160540  0.00768250 -0.18563838  0.58988640 -0.38596788  0.01143124  0.00178391 -0.10885050 -0.50374061  1.13122944 -0.44124818  0.32646206	 0.06263753 -0.03170329  3.84603197	 0.01967777 -0.02468375  0.02199035	 0.01922853 -0.02427226  0.02286700	-0.00233718  0.00060237 -0.99999709	0.35000000	0.00000000	0.00000000	0.40475079	-0.09178676	-0.95417285	0.36987156	0.10730359	-0.33477178	-0.23952337	0.10993183	0.01451758	0.46316800	-0.12511826	0.41961500	0.75798368	0.20024973	0.44672644	-0.69102579	-0.26313567	-0.44170666	-0.07599257	1.98210299	-0.58120161	-0.10791004	0.27995598	0.55096883	
0.00802100	  -64.83296476    65.20483071 -1033.15239132    54.45801459   -73.98632309    -8.07790301	 0.92060736 -4.47569721  2.51954352  0.13474509  0.07874634  0.05865795	 -18.63068289  117.48577929  -42.29125696 -123.98511413  -42.59925941   85.53871751    7.66606355  -22.30811274  -21.31644029   30.10783288   -6.89218250   20.32287732	-0.00184663  0.00129620 -0.25122224  0.63578506 -0.38341216  0.00282425  0.00001555 -0.00419285 -0.26431716  0.66068403 -0.39115084  0.02479565	-0.02039258 -0.00525593 -0.17570158  0.53690266 -0.37396399 -0.00373683  0.00097686 -0.11737108 -0.49666496  1.12196801 -0.36249391  0.27937608	-0.02264388  0.01199612 -0.17477628  0.58422545 -0.39284372  0.00208101 -0.00162378 -0.12094683 -0.53188757  1.18485544 -0.41885977  0.29718639	 0.06839567 -0.03575631  3.84591482	 0.01860427 -0.02520056  0.01905886	 0.01901861 -0.02501639  0.02003360	-0.00253690  0.00044834 -0.99999668	0.35000000	0.00000000	0.00000000	0.41841260	-0.09790412	-0.95161831	0.39615813	0.09667982	-0.35506240	-0.24840955	0.09669980	0.01575052	0.43035766	-0.11992490	0.39799514	0.74577981	0.21987647	0.42397115	-0.69415611	-0.26192603	-0.43353009	-0.07320616	2.01600862	-0.58464074	-0.11589208	0.27168727	0.54291612	
0.00846500	  -64.25120468    65.20226671 -1034.69314844    56.98124518   -74.45156098    -7.52472336	 1.00584391 -4.50666893  2.63758736  0.13502010  0.06299160  0.05740810	 -18.05670096  119.48349524  -43.52916496 -125.81177491  -43.10382754   87.53308630    7.68626172  -22.31705618  -20.09402805   29.85767204   -8.51492751   20.30311579	-0.00198740  0.00148739 -0.25262152  0.64078390 -0.38684752  0.00285083  0.00001202 -0.00525243 -0.26912963  0.67123729 -0.39469010  0.02708978	-0.03639557  0.02594824 -0.16946394  0.63281803 -0.42295341  0.02902422 -0.01129935 -0.11831787 -0.62261704  1.35340440 -0.44984986  0.25675319	-0.01835176  0.02196403 -0.16395434  0.59265209 -0.40876265  0.00418833 -0.00214324 -0.12527896 -0.57540527  1.26098936 -0.41977480  0.26632982	 0.07459105 -0.04032373  3.84586335	 0.01553299 -0.02626607  0.01523480	 0.01653813 -0.02579790  0.01645724	-0.00275467  0.00030334 -0.99999616	0.35000000	0.00000000	0.00000000	0.43801060	-0.10516787	-0.94921672	0.42649379	0.08291877	-0.37249973	-0.25644422	0.08855781	0.01633071	0.39827445	-0.11116781	0.38103428	0.72743773	0.24084280	0.40453288	-0.69198453	-0.25785264	-0.42816439	-0.07226705	2.05590200	-0.59283334	-0.12344661	0.26265639	0.54426044	
0.00803100	  -63.57932001    64.32963321 -1035.85646146    59.34226838   -74.53252221    -7.64387387	 1.15986922 -4.64765176  2.38282729  0.14104754  0.05150645  0.06053069	 -18.35214484  120.65717030  -44.67849950 -127.82847008  -42.85368544   89.35113740    7.35416228  -23.32907867  -19.00132117   27.77346487   -8.64044349   20.53420129	-0.00209030  0.00176836 -0.25386327  0.64545176 -0.39015318  0.00285143  0.00002420 -0.00632076 -0.27383959  0.68157587 -0.39800194  0.02906354	 0.01282396  0.06571691 -0.11355223  0.53757724 -0.37704608  0.00141395 -0.00593169 -0.12839682 -0.53133643  1.20537896 -0.37999746  0.18050665	-0.01078958  0.03743684 -0.15114862  0.58033511 -0.41136507  0.00071538  0.00138430 -0.13243351 -0.58767496  1.29268063 -0.41069229  0.23899337	 0.08045177 -0.04461731  3.84612074	 0.01248016 -0.02652785  0.01249394	 0.01347979 -0.02638509  0.01338641	-0.00296581  0.00019244 -0.99999558	0.35000000	0.00000000	0.00000000	0.44539866	-0.11689146	-0.94138747	0.45872623	0.05810385	-0.39601153	-0.26226568	0.08571896	0.01702455	0.36775652	-0.10742492	0.37285185	0.71186477	0.25892475	0.37750602	-0.69351906	-0.25072163	-0.41765565	-0.07227739	2.09419799	-0.59891462	-0.13276272	0.25604206	0.55099714	
0.00851600	  -64.61561354    62.20658040 -1026.55918468    61.52047227   -75.06087688    -8.24454844	 1.46897011 -4.68092121  2.11533913  0.14458679  0.04447471  0.06333913	 -19.13140334  120.55384541  -45.54851478 -126.64502713  -44.07585070   91.44772494    6.75842656  -24.23222250  -19.27770902   27.12491567   -9.60937527   20.93849766	-0.00219613  0.00211443 -0.25510387  0.65043078 -0.39375758  0.00284957  0.00002099 -0.00752568 -0.27905392  0.69289370 -0.40156033  0.03102173	-0.01262813  0.04471680 -0.12466651  0.55856356 -0.41080610 -0.00204037  0.01597339 -0.11430553 -0.60649098  1.30130088 -0.37217062  0.22178520	-0.01136216  0.04220506 -0.14215277  0.58216281 -0.42226065 -0.00128529  0.00081902 -0.14064484 -0.61269850  1.32794464 -0.41446440  0.22545057	 0.08653572 -0.04904085  3.84565700	 0.00962613 -0.02624843  0.01133649	 0.01050707 -0.02632313  0.01167913	-0.00319012  0.00009965 -0.99999491	0.35000000	0.00000000	0.00000000	0.45562187	-0.13179581	-0.93398166	0.48500490	0.03320098	-0.41673681	-0.27099645	0.08726133	0.01677600	0.33879033	-0.10653140	0.36762130	0.69623369	0.28140777	0.35240331	-0.69374835	-0.24661356	-0.41499177	-0.07353545	2.13401413	-0.60634863	-0.14288940	0.24963795	0.55625749	
0.00845600	  -65.02935743    60.70185671 -1026.33817555    63.76172844   -74.90673552    -8.08077578	 1.77359119 -4.96970570  1.93805475  0.15169628  0.04165686  0.06683876	 -18.86930096  121.18871546  -45.61318229 -127.85927832  -43.42911547   92.49564767    6.61545024  -24.50273126  -19.17959868   25.77221258   -9.87211941   20.45272362	-0.00228476  0.00255014 -0.25629357  0.65541957 -0.39744946  0.00285111  0.00003012 -0.00883651 -0.28441778  0.70452843 -0.40517546  0.03281923	 0.01822885  0.05849024 -0.15187232  0.65090265 -0.45220798 -0.00579080  0.01298075 -0.18120018 -0.68696456  1.47930214 -0.42987502  0.19709249	-0.00754210  0.05136183 -0.14017029  0.59372490 -0.43930472 -0.00151262  0.00207341 -0.15803761 -0.63753489  1.38316351 -0.42694584  0.20903383	 0.09261259 -0.05331587  3.84517116	 0.00682594 -0.02594081  0.00980511	 0.00770529 -0.02597546  0.01030101	-0.00341150  0.00003074 -0.99999418	0.35000000	0.00000000	0.00000000	0.46957996	-0.13980182	-0.92450368	0.51016450	0.00886925	-0.43640208	-0.28048891	0.08714654	0.01872102	0.31007272	-0.09806216	0.36577159	0.68140799	0.30003408	0.33047974	-0.68999547	-0.23928747	-0.41107106	-0.07182284	2.17575479	-0.61958319	-0.15343657	0.24415813	0.56575930	
0.00852400	  -65.86982321    58.80827957 -1025.42091095    65.35050790   -74.69214173    -8.48692776	 2.12670393 -4.87202277  1.59827798  0.14866755  0.04404360  0.06688800	 -19.40881376  120.63602686  -45.64798698 -128.24566895  -42.93563926   94.02116179    6.27908279  -24.41375840  -19.57228106   23.74488482   -9.31545682   20.57308370	-0.00236546  0.00306302 -0.25740509  0.66040720 -0.40121721  0.00286396  0.00001520 -0.01023459 -0.28992637  0.71637306 -0.40886121  0.03442591	 0.01492067  0.06265539 -0.09577045  0.51625108 -0.42960513  0.02452683 -0.00808085 -0.16904554 -0.59397649  1.31263759 -0.43512209  0.14931380	-0.00683802  0.06068632 -0.12792738  0.58368396 -0.44321635  0.00307545 -0.00214614 -0.16754867 -0.64521833  1.39226805 -0.43298195  0.18451705	 0.09860524 -0.05749689  3.84479236	 0.00455924 -0.02485851  0.00916084	 0.00526219 -0.02518193  0.00935343	-0.00362717 -0.00001659 -0.99999342	0.35000000	0.00000000	0.00000000	0.47069702	-0.15487774	-0.91001201	0.53289658	-0.02199565	-0.45981419	-0.28643575	0.09027417	0.01835746	0.28061542	-0.09573193	0.36741850	0.66941619	0.31636941	0.30228060	-0.69452631	-0.23536816	-0.40504202	-0.07255308	2.21622825	-0.62540168	-0.16613044	0.24108508	0.58045620	
0.00846100	  -67.08320731    57.65361896 -1016.52671733    65.99081939   -74.28079596    -8.54820209	 2.32275037 -4.72242441  1.22596069  0.14813999  0.04879270  0.06329108	 -19.44587434  119.76820564  -45.67447945 -126.10708442  -43.03392497   95.05992234    6.24489091  -25.26482147  -20.44033880   22.86968361   -8.38141429   21.23729777	-0.00244426  0.00364329 -0.25849240  0.66545153 -0.40507202  0.00286119  0.00002629 -0.01173969 -0.29556991  0.72839200 -0.41253638  0.03590352	 0.02582958  0.06983476 -0.12539411  0.60530074 -0.47809076  0.00695231  0.01338899 -0.19413723 -0.65848774  1.48262964 -0.45458445  0.17745266	-0.00577888  0.06953046 -0.12668132  0.59868228 -0.46148743  0.00033343  0.00132391 -0.18247012 -0.67006472  1.43069194 -0.43751327  0.17270938	 0.10437746 -0.06140738  3.84365770	 0.00308534 -0.02357425  0.00848563	 0.00354089 -0.02400809  0.00871448	-0.00383339 -0.00004799 -0.99999265	0.35000000	0.00000000	0.00000000	0.47674420	-0.17134343	-0.89611286	0.55514932	-0.05357540	-0.47803432	-0.29673579	0.09450300	0.02080067	0.25323230	-0.08834764	0.37472895	0.65770102	0.33660740	0.28245023	-0.69352406	-0.23171651	-0.40022856	-0.07162965	2.25688434	-0.63512081	-0.17846572	0.23462354	0.59091163	
0.00803500	  -67.67616084    57.95497563 -1017.41282916    66.15576421   -73.25246136    -8.73782139	 2.84038326 -4.47060318  0.82262702  0.14194588  0.05186274  0.05994429	 -19.68921879  119.06868839  -44.92619240 -126.54566044  -41.29415452   96.48555279    5.80993486  -25.05357897  -20.73702906   20.01200616   -8.17152299   21.55388796	-0.00252099  0.00423520 -0.25950763  0.67027336 -0.40877779  0.00288185  0.00002711 -0.01326514 -0.30098602  0.73977192 -0.41594697  0.03728217	 0.00744908  0.09072302 -0.11890776  0.52974623 -0.42540554  0.00703012  0.00493340 -0.17733383 -0.61016660  1.31089086 -0.36604432  0.18148275	-0.00803905  0.07584459 -0.12370875  0.59817726 -0.46394018  0.00567130  0.00233067 -0.19104461 -0.67322270  1.41666249 -0.42239510  0.17288917	 0.10975376 -0.06505256  3.84274868	 0.00209854 -0.02204956  0.00804222	 0.00242802 -0.02259577  0.00818298	-0.00401601 -0.00006806 -0.99999193	0.35000000	0.00000000	0.00000000	0.47242454	-0.18817581	-0.87258035	0.57677889	-0.08639473	-0.49730402	-0.30144247	0.09785822	0.02518013	0.22318327	-0.08517860	0.38037950	0.65411776	0.34789285	0.25822249	-0.70277530	-0.22609952	-0.39688870	-0.06859364	2.29340076	-0.64354706	-0.18971260	0.23380481	0.60364723	
0.00801700	  -69.01547768    60.78411236 -1011.43263498    65.79266335   -72.65063394    -8.65476787	 3.17612680 -4.63963059  0.57105217  0.14887364  0.05766682  0.06014638	 -19.47068105  118.42115164  -44.29984912 -124.74866238  -41.24487108   97.36807132    5.45333574  -25.88908005  -21.77540285   19.47879192   -7.96322203   21.52821949	-0.00259517  0.00483164 -0.26052430  0.67517662 -0.41256102  0.00299365  0.00002261 -0.01493459 -0.30648903  0.75115621 -0.41932384  0.03864469	-0.01947687  0.06771869 -0.10137706  0.57886466 -0.45122906  0.00718457  0.00911872 -0.20205859 -0.65650711  1.31342909 -0.38374265  0.14315847	-0.01047180  0.07433036 -0.12514965  0.60834715 -0.47341746  0.01658452  0.00036473 -0.20854501 -0.68360409  1.41142920 -0.41677343  0.16853950	 0.11501469 -0.06851655  3.84132565	 0.00146880 -0.02093651  0.00672362	 0.00168738 -0.02132854  0.00717533	-0.00418790 -0.00008189 -0.99999123	0.35000000	0.00000000	0.00000000	0.47095695	-0.20261173	-0.85197026	0.58950257	-0.11663636	-0.51314622	-0.30683368	0.10340525	0.02843790	0.19469935	-0.08116144	0.38681886	0.65204644	0.36317950	0.23617928	-0.70871013	-0.22266880	-0.39325723	-0.06680753	2.32851577	-0.65189952	-0.20147681	0.23272508	0.60868275	
0.00844900	  -69.53778824    60.60614594 -1015.09216157    66.04042485   -71.47479732    -8.47842592	 3.47080277 -4.40445472  0.38871899  0.14203267  0.06420282  0.05502803	 -19.25489727  118.03071022  -43.63232102 -125.10955030  -39.76267925   97.26974106    5.23039601  -25.43011087  -22.37134053   18.01771845   -7.23075767   21.70659521	-0.00264509  0.00548790 -0.26159977  0.68050626 -0.41666337  0.00336677  0.00002704 -0.01684071 -0.31240163  0.76322904 -0.42281176  0.04012138	-0.01776469  0.09138570 -0.12948728  0.63731089 -0.47972843  0.05496943  0.02610151 -0.23506052 -0.69011711  1.40019891 -0.39807800  0.17233887	-0.00920402  0.07868559 -0.12684526  0.63171284 -0.48764858  0.04814200  0.00223145 -0.22762403 -0.69917126  1.42323325 -0.40968857  0.17292788	 0.12054563 -0.07216743  3.84013593	 0.00102047 -0.01932381  0.00450484	 0.00115065 -0.01978557  0.00521893	-0.00435822 -0.00009193 -0.99999050	0.35000000	0.00000000	0.00000000	0.47369692	-0.21276079	-0.82655239	0.60417432	-0.14703824	-0.52466285	-0.31195378	0.10338628	0.03707031	0.16936713	-0.07459734	0.39632046	0.65191478	0.37467110	0.22188176	-0.71323192	-0.21821073	-0.38922891	-0.06070673	2.36142826	-0.66449338	-0.21084338	0.23032892	0.61400193	
0.00802100	  -69.57313940    59.41837070 -1016.25342774    66.12154819   -69.82340879    -8.69101476	 3.79033819 -4.24868349 -0.06346458  0.13769023  0.07104015  0.05307753	 -19.54951745  116.55827522  -42.75859444 -124.89402181  -37.95735633   96.84130490    4.61868454  -25.32767445  -22.91488110   15.61070303   -5.89048689   21.79493710	-0.00266941  0.00608592 -0.26263239  0.68560545 -0.42062702  0.00388121  0.00002399 -0.01876626 -0.31803858  0.77449077 -0.42594914  0.04155449	 0.00252326  0.04106387 -0.14385731  0.60278266 -0.45472512  0.07948829  0.02257490 -0.21519744 -0.64562597  1.31716030 -0.36481277  0.17230702	-0.00458909  0.07338761 -0.12953894  0.63954362 -0.49682255  0.06991929  0.00129580 -0.24221350 -0.70466005  1.40593015 -0.38908125  0.17847212	 0.12563727 -0.07539367  3.83933553	 0.00187259 -0.01743545  0.00268094	 0.00158372 -0.01806597  0.00328323	-0.00450510 -0.00010307 -0.99998985	0.35000000	0.00000000	0.00000000	0.46998444	-0.22301079	-0.79766381	0.61883408	-0.17853461	-0.53446603	-0.31506252	0.10483357	0.04567937	0.14828047	-0.07187434	0.40831080	0.65577644	0.38546911	0.20448838	-0.71862072	-0.21272638	-0.38183922	-0.05518099	2.39151168	-0.67463386	-0.22001183	0.23080996	0.61705351	
0.00802300	  -69.87315361    58.30762270 -1013.02406644    65.90356360   -68.25455303    -9.08024421	 4.15843315 -4.10229480 -0.40133782  0.13285016  0.07484073  0.05212605	 -19.81483030  115.87969398  -41.55065900 -124.21454379  -36.46746996   95.76586592    4.26886425  -24.81578964  -23.53912771   14.17051470   -5.72533542   21.74070606	-0.00268154  0.00671129 -0.26365077  0.69080589 -0.42466340  0.00451589  0.00002015 -0.02082418 -0.32370552  0.78556026 -0.42889697  0.04302784	 0.01254725  0.07744210 -0.12655123  0.60906749 -0.46151700  0.08583843  0.00544852 -0.22539099 -0.66585042  1.30948915 -0.36819963  0.16938048	-0.00150874  0.07713442 -0.12647233  0.64585022 -0.50038605  0.08081887  0.00075800 -0.25481460 -0.70135943  1.37044121 -0.36318845  0.18172277	 0.13067664 -0.07871804  3.83836335	 0.00268700 -0.01579457  0.00132599	 0.00244127 -0.01635320  0.00172590	-0.00463762 -0.00012167 -0.99998924	0.35000000	0.00000000	0.00000000	0.46167693	-0.23528026	-0.76603955	0.63440675	-0.21167372	-0.54480916	-0.31460571	0.10421172	0.05601405	0.12320335	-0.06682573	0.41901934	0.66296822	0.39422759	0.18945535	-0.72237271	-0.20752829	-0.37585258	-0.05099323	2.42127395	-0.67829615	-0.22949520	0.23381239	0.62022531	
0.00846200	  -70.57245041    58.56957845 -1010.45103822    65.75041455   -66.51684823    -9.56325633	 4.52875581 -3.85238987 -0.73167475  0.12719095  0.08350872  0.04917827	 -20.11348713  114.44060588  -40.46033292 -122.67041102  -34.95231995   95.82009697    3.81712394  -24.88342547  -24.72289465   12.84766597   -5.01083835   22.14367411	-0.00269918  0.00736921 -0.26474967  0.69642644 -0.42906790  0.00531243  0.00001371 -0.02316443 -0.32976032  0.79705754 -0.43176464  0.04466531	-0.00937828  0.09643700 -0.14844403  0.70323296 -0.56358177  0.10705818  0.00606712 -0.29657770 -0.73060163  1.38556064 -0.31144133  0.19801071	-0.00356973  0.08017682 -0.13133118  0.66782733 -0.52385949  0.09651166 -0.00217151 -0.27755507 -0.71475706  1.35426636 -0.33416188  0.19601081	 0.13587108 -0.08209984  3.83717826	 0.00443207 -0.01370895  0.00065778	 0.00389224 -0.01436248  0.00083842	-0.00476279 -0.00015204 -0.99998865	0.35000000	0.00000000	0.00000000	0.46229383	-0.24734814	-0.73418391	0.64833456	-0.24409807	-0.54874122	-0.31883213	0.10599114	0.06825668	0.09778633	-0.05930481	0.43228516	0.66966510	0.40858042	0.17985791	-0.72850406	-0.20263296	-0.37204310	-0.04383010	2.44827056	-0.69030964	-0.23919022	0.23481135	0.61742103	
0.00804400	  -69.54696978    57.72367040 -1013.87500138    65.97056636   -63.64330943    -9.66013105	 4.99576216 -3.51373360 -1.10025688  0.11390722  0.08539561  0.04582410	 -19.87632047  113.48072290  -39.05202265 -123.09975404  -31.40317422   95.55529392    3.71311519  -23.28183955  -25.04916948   10.35720475   -4.91061826   21.87244219	-0.00269862  0.00797771 -0.26577345  0.70178511 -0.43328892  0.00620297  0.00002449 -0.02551207 -0.33547168  0.80758540 -0.43420461  0.04627716	-0.01755811  0.06400356 -0.08796122  0.62208199 -0.50925741  0.08539060 -0.00860241 -0.27591460 -0.65019187  1.24506323 -0.24221687  0.19600785	-0.00264284  0.07620592 -0.12509983  0.66339341 -0.52499706  0.11099858  0.00011621 -0.29198363 -0.70394538  1.29763380 -0.29530555  0.20069849	 0.14064402 -0.08542289  3.83659520	 0.00582825 -0.01112769  0.00031578	 0.00539177 -0.01197857  0.00041723	-0.00486179 -0.00019368 -0.99998816	0.35000000	0.00000000	0.00000000	0.45293936	-0.25699133	-0.69989491	0.66539550	-0.27585700	-0.55660695	-0.32161701	0.10357431	0.07776821	0.07141212	-0.05672010	0.44273138	0.68149102	0.41691002	0.16603419	-0.73618782	-0.19377637	-0.36468536	-0.03541879	2.47583747	-0.69660127	-0.24893990	0.24253224	0.61749905	
0.00848400	  -69.94941202    57.46660580 -1007.05174802    65.52602990   -61.48483018    -9.90713692	 5.22925968 -3.15914703 -1.32734982  0.10309444  0.09084583  0.04101292	 -19.90097832  112.56063771  -37.72385997 -120.64500824  -29.95206490   94.60386109    3.03373327  -22.53655070  -26.19484956   10.13291912   -4.57046391   22.08588108	-0.00270640  0.00861965 -0.26687643  0.70757350 -0.43783702  0.00726965  0.00002816 -0.02810438 -0.34154924  0.81837621 -0.43651219  0.04805226	-0.02550090  0.04830525 -0.10806965  0.63835357 -0.48981895  0.10243808  0.01205503 -0.28024904 -0.68289212  1.17134922 -0.24851758  0.20182884	-0.00289719  0.07428847 -0.12617180  0.67921451 -0.53317239  0.12520473  0.00298670 -0.30404640 -0.71083954  1.25696908 -0.26248183  0.21127523	 0.14554525 -0.08917712  3.83544224	 0.00658636 -0.00835775  0.00011558	 0.00638523 -0.00928924  0.00016595	-0.00494455 -0.00024715 -0.99998775	0.35000000	0.00000000	0.00000000	0.44813421	-0.26824546	-0.66711217	0.68016404	-0.30682260	-0.55741191	-0.32351321	0.10064465	0.08995484	0.04643304	-0.05148806	0.45308816	0.69243532	0.43013060	0.15867758	-0.73812181	-0.18961921	-0.36019537	-0.02797303	2.50237966	-0.70262504	-0.25704464	0.24694234	0.61267972	
0.00848400	  -69.50154904    56.10700523 -1007.22946396    65.52158590   -59.01322690   -10.03956293	 5.56639887 -2.95929811 -1.68017580  0.09537672  0.09321505  0.03877708	 -19.74878120  111.64970684  -35.86602019 -121.30428907  -26.91724773   93.64484918    2.51645806  -21.67147267  -26.43309177    8.19622137   -4.24125014   21.88139412	-0.00270152  0.00930862 -0.26797668  0.71341284 -0.44249152  0.00841144  0.00002023 -0.03082526 -0.34761969  0.82874195 -0.43849093  0.04987883	-0.00153643  0.08599752 -0.12427621  0.71125671 -0.55393321  0.13865465 -0.00965911 -0.35169351 -0.71805242  1.23299093 -0.22741333  0.20307653	-0.00043312  0.08070842 -0.12729274  0.68768504 -0.54809071  0.13240573 -0.00019937 -0.32319738 -0.71320285  1.21455348 -0.22680442  0.21456874	 0.15048366 -0.09304202  3.83442104	 0.00732810 -0.00600158 -0.00006584	 0.00710390 -0.00673490 -0.00001612	-0.00500474 -0.00030642 -0.99998743	0.35000000	0.00000000	0.00000000	0.44488907	-0.27623320	-0.63038582	0.69843125	-0.33547795	-0.55787075	-0.32450750	0.09709780	0.10369155	0.01999252	-0.04027050	0.46243674	0.70349139	0.44268230	0.15168051	-0.74153924	-0.18141595	-0.35383824	-0.01879509	2.52755117	-0.71083236	-0.26662725	0.25316662	0.60954434	
0.00800600	  -68.87258379    55.46401718 -1008.20544784    65.59214142   -56.14389488   -10.14788573	 5.90273137 -2.33898449 -2.00245319  0.07559005  0.09826911  0.03062766	 -19.93167503  109.93716455  -34.54526442 -120.27023637  -23.99223822   93.57391644    2.39331892  -20.23774475  -27.12666559    6.59565169   -3.72743268   22.25229698	-0.00271037  0.00997523 -0.26897533  0.71893131 -0.44690278  0.00951502  0.00001529 -0.03344052 -0.35331471  0.83802680 -0.44000634  0.05167012	-0.00763878  0.09463033 -0.10846228  0.73100767 -0.58124630  0.13717485 -0.00474037 -0.34945223 -0.72957886  1.18383824 -0.17268822  0.25241286	-0.00259984  0.08512972 -0.12263400  0.69171571 -0.55227380  0.13603316 -0.00132842 -0.32956798 -0.71198064  1.15649268 -0.18215983  0.22513776	 0.15499591 -0.09671319  3.83369930	 0.00820357 -0.00383170 -0.00019870	 0.00792797 -0.00455111 -0.00016121	-0.00504352 -0.00036881 -0.99998721	0.35000000	0.00000000	0.00000000	0.43675682	-0.29026875	-0.59380919	0.71891987	-0.36611223	-0.55698669	-0.32625744	0.09368403	0.11568154	-0.00804610	-0.03211848	0.47263721	0.71554458	0.45654714	0.14451899	-0.74837983	-0.17520541	-0.34860489	-0.00957009	2.55123281	-0.71459234	-0.27589467	0.26035368	0.60847592	
0.00800200	  -68.54228433    55.62050281 -1007.78827778    65.57082500   -53.47885122   -10.25114139	 6.24904331 -2.20716219 -2.30847792  0.07047546  0.10048426  0.02948475	 -19.64610818  109.10267639  -33.00760347 -119.18224126  -21.46020614   93.36487806    2.11642301  -19.73682922  -27.56359746    5.17172123   -3.74829701   22.05842668	-0.00269729  0.01066323 -0.26994608  0.72444050 -0.45137416  0.01069368  0.00001183 -0.03612466 -0.35895620  0.84678371 -0.44119111  0.05351994	 0.01176192  0.10490637 -0.12599083  0.63071540 -0.52109781  0.14481087 -0.00639905 -0.32480412 -0.66969186  0.99558292 -0.11668378  0.21726358	 0.00058050  0.08806745 -0.11970586  0.68734864 -0.55833802  0.14844859 -0.00161773 -0.33486035 -0.70327936  1.08384700 -0.14027716  0.22999059	 0.15947501 -0.10042132  3.83302616	 0.00914212 -0.00219412 -0.00032108	 0.00884739 -0.00272442 -0.00028532	-0.00506691 -0.00043852 -0.99998707	0.35000000	0.00000000	0.00000000	0.42756432	-0.30366367	-0.55793011	0.73884696	-0.39548308	-0.55491173	-0.32578620	0.09143365	0.12641235	-0.03855245	-0.02447656	0.48011249	0.72846574	0.46906656	0.13527887	-0.75405455	-0.16513333	-0.34154883	-0.00126402	2.57292509	-0.71748167	-0.28402433	0.26778415	0.60286540	
0.00800400	  -67.69920499    55.50972274 -1005.11237753    65.39338642   -50.69215370   -10.28012933	 6.45617669 -2.09320567 -2.62799088  0.06726645  0.10234830  0.02808796	 -19.84254355  108.46989441  -31.86619119 -118.01163149  -18.86314259   92.64991081    1.63249318  -19.51491475  -27.99725892    4.03361105   -3.29891721   22.08629170	-0.00270001  0.01136718 -0.27085545  0.72994710 -0.45588407  0.01190494  0.00001168 -0.03888048 -0.36454644  0.85501526 -0.44203055  0.05543435	-0.00697444  0.08005981 -0.10737262  0.66207817 -0.56787627  0.14386683 -0.01891853 -0.35373523 -0.73078386  1.03447224 -0.09503798  0.27425609	 0.00087294  0.08888325 -0.11194586  0.68462644 -0.56307125  0.15160830 -0.00245827 -0.34450498 -0.69848335  1.01879343 -0.09872353  0.24075046	 0.16383574 -0.10418914  3.83223063	 0.01005937 -0.00075311 -0.00042192	 0.00977313 -0.00122736 -0.00039258	-0.00507826 -0.00051569 -0.99998697	0.35000000	0.00000000	0.00000000	0.42017376	-0.31428748	-0.52257663	0.75735509	-0.42156264	-0.55118316	-0.32796395	0.08691773	0.13727675	-0.06535170	-0.01766625	0.48722884	0.74161786	0.48494780	0.12903441	-0.75663733	-0.15533805	-0.33176401	0.00867499	2.59358239	-0.72043175	-0.29233277	0.27562460	0.59503937	
0.00849900	  -66.64325216    55.16560216 -1004.35175819    65.33879893   -47.66248070   -10.26755409	 6.87737924 -1.94596833 -2.84241127  0.05943800  0.09975520  0.02788952	 -19.72726311  107.78766942  -30.68134653 -117.25921106  -15.87807861   92.00353134    1.43609534  -18.19857681  -28.41510720    2.92969504   -3.26145966   21.60035688	-0.00269636  0.01216419 -0.27178159  0.73580084 -0.46072058  0.01323152  0.00002049 -0.04184374 -0.37038616  0.86309901 -0.44251143  0.05746021	 0.00681501  0.10056992 -0.08418587  0.64377924 -0.53225205  0.17041200 -0.00589404 -0.34033620 -0.61650327  0.87498833 -0.03365568  0.22273449	 0.00121134  0.09690321 -0.10437270  0.68563501 -0.56548519  0.15605660  0.00014096 -0.34842529 -0.68186531  0.93822733 -0.04996458  0.23616733	 0.16834266 -0.10846897  3.83141649	 0.01030011  0.00060487 -0.00056153	 0.01026141  0.00018793 -0.00051611	-0.00507846 -0.00060288 -0.99998692	0.35000000	0.00000000	0.00000000	0.40973032	-0.32611454	-0.48471588	0.77901047	-0.45046908	-0.54624051	-0.32741672	0.08056951	0.15000857	-0.09725695	-0.00749828	0.49466181	0.75655788	0.49652544	0.12068476	-0.76046872	-0.14467892	-0.32518116	0.01841822	2.61338520	-0.71855432	-0.30087984	0.28510278	0.59026295	
0.00801100	  -65.79527981    55.18463155 -1003.37176709    65.28031465   -44.63186379   -10.35910104	 7.69747775 -1.48628478 -2.97723186  0.04750791  0.09277300  0.02379965	 -19.70840718  106.53842282  -29.46370959 -115.89067751  -13.01707010   91.76198006    0.89823802  -18.01301688  -29.13702522    1.78187924   -2.97353664   22.30136564	-0.00269712  0.01292968 -0.27259326  0.74127509 -0.46531339  0.01448329  0.00002881 -0.04466434 -0.37580960  0.87005733 -0.44270068  0.05939384	 0.02632457  0.08067787 -0.08834846  0.66068222 -0.52481613  0.15669866  0.01023149 -0.35248853 -0.61250510  0.80653468 -0.01683940  0.22736672	 0.00226810  0.09454609 -0.09789926  0.67984375 -0.56869653  0.15828776  0.00301693 -0.35246011 -0.66950758  0.85602148 -0.02188175  0.24110150	 0.17240675 -0.11245519  3.83068549	 0.01100964  0.00187818 -0.00062332	 0.01078267  0.00146240 -0.00060412	-0.00506819 -0.00068811 -0.99998692	0.35000000	0.00000000	0.00000000	0.40069640	-0.33897060	-0.45049474	0.79844600	-0.47531000	-0.54090744	-0.33191141	0.07496465	0.15682285	-0.12216561	0.00012520	0.50084901	0.76867038	0.51337969	0.11544524	-0.76432931	-0.13424519	-0.31653243	0.02750378	2.62973261	-0.71980560	-0.30944309	0.29491776	0.58049816	
0.00848200	  -64.62226173    54.55346688 -1002.08775111    65.18154747   -41.66404141   -10.34403517	 8.13531535 -1.31362444 -3.11648031  0.03889458  0.08712370  0.02428327	 -19.62329871  106.29330277  -28.33513793 -115.49144509  -10.15987495   90.68392897    0.54976610  -16.63877648  -29.33806040    0.97989927   -1.55846355   21.78906974	-0.00271003  0.01382788 -0.27338650  0.74705342 -0.47023109  0.01577877  0.00002736 -0.04765637 -0.38147709  0.87671623 -0.44278114  0.06147253	-0.02734765  0.12598261 -0.06771403  0.69780293 -0.60857483  0.14131349 -0.00108349 -0.37376560 -0.68814422  0.74125736 -0.00623067  0.25684307	-0.00277421  0.10742831 -0.08952151  0.68027313 -0.57979742  0.15130518  0.00161257 -0.35262572 -0.66445784  0.76840074 -0.00930660  0.24377544	 0.17663933 -0.11709313  3.82992213	 0.01065013  0.00297003 -0.00073358	 0.01080316  0.00263985 -0.00070802	-0.00504713 -0.00078086 -0.99998696	0.35000000	0.00000000	0.00000000	0.39439178	-0.34857434	-0.41641557	0.81776273	-0.49988747	-0.53125501	-0.32943988	0.06576302	0.16575781	-0.15045193	0.01577057	0.50468200	0.78090864	0.52941722	0.11014891	-0.76638144	-0.12802356	-0.30828074	0.03605234	2.64606643	-0.71678072	-0.31841326	0.30439955	0.57967430	
0.00800100	  -62.28306002    55.33721338 -1004.67392020    65.36829789   -37.98884200   -10.07428842	 8.29568393 -1.28399337 -3.30586836  0.03801373  0.08008611  0.02531217	 -18.93516522  104.70762801  -27.97152869 -114.59075409   -6.58338399   91.28154898    0.45799448  -16.87029469  -29.00360072    0.03408005    1.91125065   21.77899727	-0.00269936  0.01470168 -0.27406487  0.75242044 -0.47486058  0.01698223  0.00001626 -0.05048309 -0.38666538  0.88230182 -0.44280675  0.06340415	-0.00913898  0.08016695 -0.09232659  0.69085893 -0.56436372  0.15272053 -0.00988973 -0.35894764 -0.64035941  0.67511049  0.01754907  0.24779014	 0.00057879  0.10768989 -0.08204652  0.67250707 -0.57886517  0.15253388 -0.00055688 -0.35308569 -0.64646685  0.68548660 -0.00154305  0.24119366	 0.18043771 -0.12119855  3.82949428	 0.01171502  0.00393043 -0.00083827	 0.01135337  0.00361577 -0.00081257	-0.00501925 -0.00086993 -0.99998703	0.35000000	0.00000000	0.00000000	0.38665000	-0.35887098	-0.38896447	0.83488125	-0.52325559	-0.52020222	-0.33343971	0.06042813	0.16721308	-0.17425588	0.02767243	0.50981230	0.79014790	0.54982758	0.09876136	-0.77428734	-0.11888351	-0.29244724	0.04691918	2.65888762	-0.71754676	-0.32932860	0.31362727	0.57486784	
0.00800000	  -61.10290656    55.67839923 -1001.97189626    65.18685911   -35.44527934    -9.92982803	 8.45738552 -1.11864814 -3.57878449  0.03129908  0.07565922  0.02497282	 -19.14152103  104.80311918  -27.43526571 -113.69641939   -4.57012732   90.42044187    0.25471089  -15.79072970  -28.84756944   -1.12070518    4.79222618   21.54546291	-0.00269666  0.01563789 -0.27467576  0.75775791 -0.47953601  0.01816937  0.00001307 -0.05329871 -0.39173817  0.88714340 -0.44281976  0.06531130	-0.00398136  0.11354539 -0.07183588  0.69327326 -0.63974440  0.13601087 -0.01316228 -0.36828502 -0.62923649  0.55820935  0.02874368  0.23768345	 0.00215255  0.11683612 -0.07513000  0.66771185 -0.58693164  0.14721757 -0.00115851 -0.35127467 -0.63106597  0.59077251 -0.00012157  0.23683489	 0.18415146 -0.12569855  3.82898683	 0.01149220  0.00480116 -0.00091082	 0.01160729  0.00451828 -0.00087837	-0.00498402 -0.00096361 -0.99998712	0.35000000	0.00000000	0.00000000	0.38124385	-0.36596888	-0.36004591	0.85406774	-0.54735869	-0.50679928	-0.33160162	0.05210643	0.17208554	-0.19907883	0.04124659	0.51183045	0.80034661	0.56737953	0.09404042	-0.77610701	-0.11207037	-0.27825403	0.05481695	2.67007136	-0.71302199	-0.33766243	0.32175669	0.57050693	
0.00847300	  -58.96336734    56.14906699 -1002.43198289    65.22658191   -32.22248862    -9.68777809	 8.43290995 -1.06140944 -3.77562998  0.02969225  0.06892109  0.02548466	 -18.97503558  103.32614160  -27.33221743 -113.12081259   -1.61134936   90.49210680   -0.02718634  -15.92059106  -28.32397073   -1.79360512    8.83437507   21.54737499	-0.00271229  0.01667057 -0.27524038  0.76334747 -0.48449684  0.01944954  0.00000984 -0.05627237 -0.39695192  0.89145734 -0.44283209  0.06725763	-0.01726711  0.13070714 -0.06602164  0.70401916 -0.60881584  0.16215663 -0.02867870 -0.37404863 -0.64104685  0.47395654 -0.01404113  0.23988080	-0.00286600  0.12344568 -0.06640081  0.66442678 -0.59026746  0.15328596 -0.00326287 -0.35298684 -0.61832220  0.49359629 -0.00109891  0.23039193	 0.18794738 -0.13030659  3.82856938	 0.01238926  0.00570931 -0.00091310	 0.01210182  0.00543038 -0.00090230	-0.00493907 -0.00106482 -0.99998724	0.35000000	0.00000000	0.00000000	0.37498209	-0.37429151	-0.33193916	0.86932206	-0.57037890	-0.49335915	-0.33326471	0.04535073	0.17477424	-0.22111672	0.05563541	0.51534635	0.81062591	0.58882660	0.08374715	-0.78536761	-0.10471179	-0.26145488	0.06409103	2.67840934	-0.71090871	-0.34832749	0.33053094	0.56578553	
0.00802700	 -56.64225654   56.14382842 -999.42938635   65.02475759  -29.39014573   -9.28968185	 7.81574049 -0.80670180 -4.20268811  0.02150938  0.07006440  0.02086377	 -18.24623903  102.81791782  -27.60298935 -112.43761382    0.74401290   89.63284993   -0.23528044  -15.04192156  -27.41248453   -2.84478613   13.23062673   21.58371207	-0.00269580  0.01769790 -0.27570710  0.76855233 -0.48920513  0.02063736  0.00001760 -0.05904761 -0.40165963  0.89468173 -0.44274566  0.06902426	 0.00459890  0.11591508 -0.05657007  0.59488608 -0.55055282  0.12114293  0.00749823 -0.36044268 -0.55994153  0.33150020  0.02449164  0.22481185	 0.00196152  0.12782222 -0.05824089  0.64660653 -0.58602779  0.14716963 -0.00068329 -0.34745174 -0.58536937  0.38759334  0.01539759  0.22054977	 0.19136510 -0.13487746  3.82807288	 0.01260742  0.00670559 -0.00095245	 0.01256570  0.00638003 -0.00093511	-0.00488919 -0.00116540 -0.99998737	0.35000000	0.00000000	0.00000000	0.36264497	-0.37916169	-0.30475974	0.88966429	-0.59611022	-0.48002130	-0.33332148	0.03717656	0.17750889	-0.24279663	0.06642653	0.51833266	0.82311356	0.60732913	0.07560293	-0.78991789	-0.09678826	-0.24073717	0.07479259	2.68478703	-0.70182180	-0.35771698	0.33969012	0.55944914	
0.00801600	 -55.36162263   56.64594884 -994.67328662   64.72178762  -27.18061142   -9.03469795	 7.13840762 -0.57322607 -4.48533208  0.01507374  0.07140730  0.01585160	 -18.50932638  101.64162922  -27.73488151 -111.00266641    2.18918705   89.21337807   -0.81869220  -14.73267287  -26.65181538   -2.90713847   16.06711426   21.78648236	-0.00269559  0.01877676 -0.27610126  0.77373026 -0.49394855  0.02181850  0.00001000 -0.06175970 -0.40616337  0.89702370 -0.44240573  0.07073369	 0.01739978  0.13186819 -0.06925416  0.59486989 -0.55389679  0.13655427 -0.01454047 -0.31179806 -0.51820654  0.22467347  0.06171598  0.20185554	 0.00273988  0.13642626 -0.05021213  0.64388407 -0.59240954  0.14784498 -0.00274945 -0.33768889 -0.55853773  0.27672271  0.04902621  0.21511967	 0.19474689 -0.13952337  3.82717560	 0.01283611  0.00736420 -0.00092852	 0.01277517  0.00715862 -0.00092412	-0.00483252 -0.00126732 -0.99998752	0.35000000	0.00000000	0.00000000	0.35005838	-0.38742569	-0.27378479	0.90913767	-0.62250525	-0.46388564	-0.32974240	0.03168194	0.18577884	-0.26702678	0.07797516	0.52221054	0.83787376	0.62265384	0.06813139	-0.79785657	-0.08815137	-0.22799531	0.08562621	2.68787146	-0.69236296	-0.36514670	0.34687489	0.55038267	
0.00845900	 -52.63820273   56.77648071 -992.43250133   64.56916973  -23.95537523   -8.56501054	 6.56138945 -0.49524510 -4.75655331  0.01390001  0.06824750  0.01324484	 -18.13548277  100.88540220  -27.98802967 -110.62352782    5.23238643   88.49952888   -0.84938193  -14.86937404  -25.58151934   -3.60656390   18.18564574   21.89929056	-0.00270392  0.01998085 -0.27646116  0.77917130 -0.49901721  0.02305594  0.00002303 -0.06462182 -0.41070247  0.89855135 -0.44159445  0.07251098	 0.01049263  0.15151666 -0.06509339  0.66559533 -0.64372026  0.15732133  0.02569838 -0.36271901 -0.53878999  0.13279332  0.13786374  0.20662277	-0.00010894  0.14451148 -0.04388247  0.64288377 -0.60518347  0.14809626  0.00206121 -0.33962991 -0.53332606  0.15999204  0.10496381  0.21148314	 0.19821374 -0.14444737  3.82610419	 0.01354584  0.00806138 -0.00090383	 0.01331560  0.00784933 -0.00090787	-0.00476679 -0.00137932 -0.99998769	0.35000000	0.00000000	0.00000000	0.33763710	-0.39166465	-0.23847389	0.92913288	-0.64890665	-0.45005572	-0.32985219	0.02478485	0.19679479	-0.29260752	0.09065089	0.52876234	0.85722023	0.63697523	0.06178255	-0.80682951	-0.07436722	-0.21467757	0.09963301	2.68922400	-0.68692529	-0.37254453	0.35599002	0.53724122	
0.00803000	 -48.07252635   56.13121447 -993.36427404   64.61445095  -19.76782184   -7.69479359	 4.06948296  0.15077485 -2.79530687 -0.00819797  0.05457501 -0.00030584	 -17.64494205   99.93042135  -28.69377591 -110.01669076    8.75315150   87.73759305   -1.27195215  -13.63898057  -24.02417517   -3.76941607   19.04503615   22.19099393	-0.00270865  0.02115623 -0.27671166  0.78428326 -0.50380785  0.02415556  0.00002360 -0.06725661 -0.41476765  0.89919748 -0.44033041  0.07418761	-0.02000495  0.11978443 -0.02877503  0.62727774 -0.56665434  0.12432018  0.00189180 -0.30820851 -0.46102977  0.02422506  0.17723744  0.19936095	-0.00211197  0.14690141 -0.03046530  0.63798373 -0.60020442  0.13669507  0.00053024 -0.33028393 -0.50459892  0.07068101  0.16416950  0.20961133	 0.20153540 -0.14920483  3.82428607	 0.01479071  0.00664171 -0.00084001	 0.01434591  0.00725327 -0.00085572	-0.00470634 -0.00149251 -0.99998781	0.35000000	0.00000000	0.00000000	0.32287517	-0.39552832	-0.20511755	0.94874984	-0.66886306	-0.43764839	-0.33139306	0.01563507	0.20218126	-0.31627598	0.09905351	0.53101528	0.87628788	0.65332484	0.05855627	-0.81404901	-0.06159069	-0.20254573	0.11458069	2.69340014	-0.67646402	-0.38035923	0.36781749	0.52907974	
0.00801700	 -45.22331126   56.70309432 -992.68351941   64.56600906  -16.74988290   -7.09439764	 2.65159675  0.46249289 -1.63922854 -0.02027651  0.04503399 -0.00713715	 -17.13377641   99.72654414  -29.27523874 -109.24242809   10.84836117   87.26544356   -0.88085784  -12.74194539  -23.36756738   -4.73785269   19.12078075   22.04196244	-0.00270211  0.02241632 -0.27689977  0.78934696 -0.50863825  0.02513727  0.00001209 -0.06981882 -0.41875921  0.89946077 -0.43856309  0.07587395	 0.00894409  0.16010715 -0.04055774  0.60439352 -0.57371749  0.13058219 -0.01159128 -0.30700066 -0.47570379 -0.00221138  0.25552018  0.21764616	 0.00050813  0.15621175 -0.02290678  0.62923791 -0.60241094  0.12141488 -0.00236690 -0.31769075 -0.49356390  0.02757946  0.22714271  0.20915095	 0.20497147 -0.15424643  3.82167236	 0.01576135  0.00369804 -0.00081408	 0.01546861  0.00467550 -0.00082521	-0.00466537 -0.00161540 -0.99998781	0.35000000	0.00000000	0.00000000	0.31776336	-0.39458025	-0.17476130	0.96834850	-0.68289608	-0.42177308	-0.33438176	0.00891998	0.20548610	-0.34465837	0.10791095	0.53190762	0.89065945	0.67082852	0.06418894	-0.81437123	-0.04654417	-0.19153526	0.12663665	2.69936657	-0.66633844	-0.38718680	0.37460116	0.52057391	
0.00850100	 -42.35679304   58.63950441 -993.43201431   64.62969275  -13.87106965   -6.47288494	 2.95045568  0.36364225 -2.03326365 -0.01830679  0.02757389 -0.00361404	 -17.36581847   99.45572424  -29.99304769 -109.27796480   13.21054765   87.59321439   -0.45881066  -12.57766199  -22.27557767   -7.75897820   17.32839896   21.68726903	-0.00271110  0.02382844 -0.27700577  0.79472063 -0.51381582  0.02606152  0.00002182 -0.07247826 -0.42294232  0.89943667 -0.43621950  0.07761533	-0.02164603  0.16992219 -0.03059098  0.58381630 -0.56843552  0.08957504 -0.00016797 -0.28937480 -0.44914043 -0.02107515  0.28503747  0.19252791	-0.00315045  0.16694765 -0.01242844  0.62581547 -0.60692383  0.10608298  0.00099454 -0.31031120 -0.48588209 -0.01012010  0.28394076  0.20207116	 0.20849710 -0.15978612  3.81926511	 0.01634031  0.00146536 -0.00075667	 0.01619528  0.00207069 -0.00076791	-0.00464507 -0.00175243 -0.99998768	0.35000000	0.00000000	0.00000000	0.31866232	-0.39538181	-0.14225394	0.98878145	-0.69227576	-0.40892133	-0.33869594	0.00191844	0.20733674	-0.37421465	0.11545311	0.53016645	0.90233964	0.68776470	0.06955147	-0.81597662	-0.02564168	-0.18299982	0.13416782	2.70575905	-0.65779531	-0.39531308	0.38051501	0.51195085	
0.00846900	 -38.76630155   60.39577696 -995.04405879   64.74780645  -10.82789347   -5.80848732	 3.32145142  0.49373982 -2.53372564 -0.02292743  0.01297708 -0.00287735	 -17.07599291   99.21955109  -30.44734664 -109.55069998   15.92239335   87.78712428   -0.14634853  -11.90932059  -21.63126771  -10.56596244   16.22363171   21.61597762	-0.00271060  0.02533018 -0.27704088  0.80010642 -0.51904911  0.02692547  0.00001727 -0.07501626 -0.42699266  0.89892572 -0.43348810  0.07927750	-0.00678428  0.20541980  0.01679473  0.67939223 -0.62605610  0.11099578  0.00243733 -0.31215715 -0.44713572 -0.07455503  0.33959651  0.21480584	-0.00207569  0.18005941 -0.00251926  0.63669799 -0.61633775  0.10109163 -0.00107842 -0.29923441 -0.47432569 -0.06959749  0.32910348  0.19436266	 0.21139273 -0.16563746  3.81750030	 0.01602833  0.00211390 -0.00066127	 0.01616605  0.00181577 -0.00069818	-0.00463139 -0.00189055 -0.99998749	0.35000000	0.00000000	0.00000000	0.31807774	-0.39803645	-0.10792010	1.00814462	-0.70455772	-0.39527422	-0.34015232	-0.00740933	0.21084116	-0.40549073	0.12787411	0.52961779	0.91352409	0.70278466	0.07314803	-0.82117635	-0.00944772	-0.17927314	0.14234914	2.70836616	-0.65032935	-0.40254354	0.38674718	0.50564545	
0.00800500	 -34.53143850   61.19176500 -995.99785831   64.81011245   -7.19763509   -5.15009575	 3.19136411  0.47547225 -3.02592198 -0.02139528  0.00209385 -0.00164772	 -17.20304466   98.56322646  -30.23593589 -109.79432365   19.46553826   87.53625250    0.36225094  -12.15746990  -20.41796912  -12.74199358   17.20565347   21.65042487	-0.00271706  0.02680754 -0.27706014  0.80515690 -0.52402439  0.02769928  0.00002546 -0.07729485 -0.43068863  0.89790769 -0.43053816  0.08074576	-0.00373388  0.18643428 -0.01205820  0.64812240 -0.65560210  0.09932891  0.02018860 -0.26076045 -0.45620416 -0.16304177  0.42115398  0.19425718	-0.00327881  0.18642657 -0.00041436  0.63206953 -0.62347040  0.09572395  0.00230068 -0.28240145 -0.45982684 -0.13851400  0.37637797  0.18173310	 0.21354935 -0.17121952  3.81628154	 0.01607153  0.00471844 -0.00012205	 0.01605147  0.00380020 -0.00032782	-0.00460448 -0.00201863 -0.99998736	0.35000000	0.00000000	0.00000000	0.31174633	-0.39878851	-0.07563671	1.02672720	-0.71785706	-0.37858495	-0.34108719	-0.01573969	0.21198265	-0.43091771	0.14162630	0.53017014	0.92446929	0.71791792	0.07280133	-0.82639170	0.00823705	-0.17033379	0.15420640	2.70744467	-0.64293087	-0.40925792	0.39219326	0.50010467	
0.00800800	 -30.35544392   62.30035736 -993.90606982   64.67236810   -3.78056374   -4.51053129	 2.99391195  0.48673013 -3.50334440 -0.02043273 -0.01803249  0.00042280	 -16.86662883   98.48600936  -29.62059522 -109.54458484   22.13172036   87.05461431    0.64174907  -12.20949015  -18.35080154  -14.53838873   16.98273835   21.73937032	-0.00272223  0.02836429 -0.27707961  0.81018792 -0.52899851  0.02841023  0.00002555 -0.07948122 -0.43418192  0.89627692 -0.42722470  0.08215806	 0.01534718  0.19907596  0.00025886  0.61665828 -0.65956955  0.07249174  0.03084673 -0.26212935 -0.44423572 -0.26419097  0.43143917  0.18828081	-0.00227972  0.19506962 -0.00281662  0.62531370 -0.62295739  0.08610565  0.00210642 -0.27033443 -0.43403967 -0.21699062  0.41967701  0.17528788	 0.21533694 -0.17706688  3.81524213	0.01574834 0.00821576 0.00142324	0.01588601 0.00704018 0.00090351	-0.00455227 -0.00214621 -0.99998734	0.35000000	0.00000000	0.00000000	0.30597025	-0.39893436	-0.04234904	1.04469776	-0.72959512	-0.36134940	-0.33731580	-0.02348018	0.21178813	-0.45484683	0.15614001	0.52471590	0.93665540	0.73455971	0.07494742	-0.83265078	0.02556582	-0.16572222	0.16662334	2.70515347	-0.63437492	-0.41579005	0.40077066	0.49179927	
0.00852100	 -27.33151020   63.25026855 -991.46820079   64.51680338   -1.23843354   -4.12685215	 2.66078926  0.46798099 -3.89960833 -0.02076630 -0.03605983  0.00293522	 -16.75697539   97.57582521  -28.72059367 -109.58295518   23.87883966   86.72817922    1.18782415  -11.87654066  -16.41253496  -15.76954053   17.22995943   21.49999085	-0.00274626  0.03012093 -0.27708393  0.81553645 -0.53428997  0.02909161  0.00001675 -0.08168421 -0.43762621  0.89376392 -0.42328255  0.08355031	 0.01540859  0.19371485 -0.02931585  0.60448870 -0.58149795  0.05133588 -0.00834015 -0.23766080 -0.38500692 -0.28436956  0.44171962  0.14475056	-0.00106084  0.20719389 -0.00355382  0.62531922 -0.61899961  0.07600244 -0.00079447 -0.25599540 -0.39856601 -0.30773791  0.46767420  0.16141239	 0.21702637 -0.18353288  3.81417062	0.01527458 0.01233687 0.00418889	0.01544774 0.01105194 0.00332567	-0.00446412 -0.00227805 -0.99998744	0.35000000	0.00000000	0.00000000	0.29843423	-0.39885521	-0.00767392	1.06199646	-0.74322850	-0.34064314	-0.32999748	-0.02949749	0.21381690	-0.47917649	0.17487557	0.51912856	0.94855887	0.75059706	0.07590479	-0.84259307	0.04159168	-0.16481924	0.17900558	2.69979692	-0.62134612	-0.42396230	0.40934178	0.48393986	
0.00850000	 -24.96755697   63.83708316 -988.78522251   64.34460807    0.87791645   -3.82032696	 2.35725745  0.74259271 -4.26711120 -0.02815107 -0.05333403  0.00053452	 -16.63711743   96.25821161  -27.73602978 -109.67360565   25.44468400   86.32262874    1.93636640  -11.56519353  -14.49478730  -16.99132367   17.30692635   21.85230219	-0.00280989  0.03195485 -0.27707593  0.82082965 -0.53962414  0.02970829  0.00001293 -0.08374149 -0.44073165  0.89033952 -0.41890251  0.08484271	-0.01605922  0.20342586 -0.00581308  0.59184841 -0.61383716  0.05686933 -0.00727506 -0.21905228 -0.32885255 -0.42333751  0.51144340  0.12467065	-0.00636644  0.21439796  0.00026774  0.61730879 -0.62289815  0.06865515 -0.00147460 -0.23853749 -0.35666442 -0.41609941  0.51774405  0.14873886	 0.21857760 -0.19013420  3.81307445	0.01509216 0.01663588 0.00789697	0.01516992 0.01530465 0.00674720	-0.00434009 -0.00240687 -0.99998769	0.35000000	0.00000000	0.00000000	0.28637910	-0.39875311	0.02929943	1.07697761	-0.75745732	-0.31963080	-0.32168221	-0.03524526	0.21463360	-0.50112677	0.19278929	0.51192212	0.96145964	0.76781666	0.07767607	-0.85584986	0.05651021	-0.16627944	0.19251853	2.69008684	-0.60622394	-0.43229151	0.41891539	0.47360435	
0.00848900	 -21.30253407   63.43260972 -986.82568568   64.20757290    3.99421988   -2.78500682	 1.77037074  1.01337303 -4.48416838 -0.03688945 -0.07410320 -0.00397858	 -15.70621632   95.13748503  -27.07323975 -109.45002413   28.10464695   85.34971523    2.74251771  -10.91862994  -12.17326060  -17.20503161   17.61042246   21.95025647	-0.00291603  0.03389247 -0.27707182  0.82611184 -0.54496548  0.03023033  0.00002606 -0.08565677 -0.44343654  0.88596629 -0.41408252  0.08610490	-0.03125211  0.22237255  0.02908195  0.61212044 -0.62081627  0.06433930  0.02032549 -0.18913825 -0.28774353 -0.58965568  0.56599981  0.14030449	-0.01423656  0.22788999  0.00237874  0.61818624 -0.62861893  0.05844997  0.00182354 -0.22063900 -0.30858035 -0.53352575  0.57216586  0.14755673	 0.21993131 -0.19686557  3.81192603	0.01504489 0.02090603 0.01145298	0.01508306 0.01957479 0.01035884	-0.00417969 -0.00253470 -0.99998805	0.35000000	0.00000000	0.00000000	0.27172431	-0.39776394	0.06891357	1.08974850	-0.77387565	-0.29621369	-0.31069157	-0.04317433	0.21672799	-0.52303547	0.21523006	0.50585479	0.97828168	0.78436071	0.07939165	-0.87073988	0.06987759	-0.17150015	0.21044682	2.67672539	-0.58987653	-0.43984747	0.43088511	0.46576691	
0.00846400	 -17.07875413   63.60335974 -984.37593245   64.04764394    7.41413484   -1.51364010	 1.08364585  1.05115722 -4.75992210 -0.03908808 -0.09677771 -0.00574024	 -14.58675096   93.50328684  -26.40325639 -109.05452970   30.88874146   84.88093972    3.38096552  -10.71506214   -9.54344535  -17.57843834   18.20849119   21.79306212	-0.00302847  0.03593296 -0.27708753  0.83138128 -0.55031346  0.03060976  0.00001988 -0.08744865 -0.44571621  0.88058633 -0.40878584  0.08730026	-0.01675043  0.24739132 -0.01335264  0.67745778 -0.66592239  0.02778801 -0.01495119 -0.19154392 -0.27792721 -0.74757014  0.68084828  0.14654865	-0.01592228  0.24216890 -0.00278180  0.62533651 -0.63522986  0.04139516 -0.00043159 -0.20752475 -0.26206069 -0.66048730  0.63542475  0.14149782	 0.22108089 -0.20348262  3.81070640	0.01590506 0.02504913 0.01457371	0.01565171 0.02373468 0.01359767	-0.00398370 -0.00266578 -0.99998851	0.35000000	0.00000000	0.00000000	0.25825900	-0.39541268	0.10941453	1.10233951	-0.79075301	-0.27066916	-0.29851767	-0.04835882	0.21918391	-0.54544842	0.24247068	0.50121164	0.99585587	0.80106485	0.08002004	-0.89081538	0.08445124	-0.17734569	0.22851242	2.66042852	-0.57458878	-0.44831857	0.44373146	0.45645350	
0.00800700	 -12.35473407   63.99256488 -982.83176885   63.94940127   10.45451997   -0.47764893	 0.32172407  1.46268963 -5.03746177 -0.05260568 -0.12627940 -0.01088211	 -13.81244835   91.79598546  -25.89204565 -109.49582738   33.26391703   84.67573047    4.43535311   -9.66185731   -6.19417075  -17.95037549   18.35368681   22.02785060	-0.00315445  0.03795161 -0.27707518  0.83630305 -0.55537025  0.03084373  0.00001640 -0.08899566 -0.44738413  0.87455143 -0.40335720  0.08836112	-0.00714583  0.30122518 -0.00780623  0.62601088 -0.67244913  0.00617948 -0.01083922 -0.18637737 -0.17869558 -0.87957392  0.71052424  0.11792128	-0.01499773  0.25539223  0.00081656  0.61678993 -0.63445803  0.02599802 -0.00190773 -0.18972187 -0.20049027 -0.77753672  0.68628773  0.13196645	 0.22198362 -0.20980840  3.80960098	0.01692061 0.02903202 0.01803065	0.01660857 0.02769079 0.01687339	-0.00376689 -0.00279694 -0.99998899	0.35000000	0.00000000	0.00000000	0.24326178	-0.39330369	0.14638317	1.11451578	-0.80552459	-0.24677707	-0.28702691	-0.05357569	0.21553804	-0.56471002	0.26694810	0.49245229	1.01103961	0.81922615	0.08380693	-0.91159135	0.09998885	-0.18211368	0.24629913	2.64227629	-0.55348170	-0.45808572	0.45662019	0.44802165	
0.00853000	 -30.38871382   86.19314618 -759.28086664   49.87844195   -2.29273412  -11.48331545	 435.15459891 -259.06672893 -841.28483458   40.34918369  126.30882481   -7.73613453	 -13.26935665   89.95130706  -25.47110332 -108.62536755   34.70795372   84.34406126    5.34769664   -8.71467301   -3.73953871  -18.09036264   19.03284265   22.12101352	-0.00330661  0.04018399 -0.27717949  0.84109986 -0.56047584  0.03140281  0.00009071 -0.08992563 -0.44848051  0.86831750 -0.39818322  0.08948825	 0.00098519  0.23343802 -0.04179537  0.43903159 -0.48690998  0.17097722  0.03934852  0.01741767 -0.07129470 -0.46089180  0.33061808  0.12553408	-0.01384975  0.26559421 -0.02090803  0.52493368 -0.57359282  0.09635635  0.01265667 -0.05781711 -0.10936675 -0.64527933  0.51899803  0.13491549	 0.20539286 -0.21139600  3.85294015	-0.02340095  0.10165817  0.01345243	-0.00509641  0.07228292  0.01592414	-0.00330179 -0.00283743 -0.99999052	0.35000000	0.00000000	0.00000000	0.25792244	-0.40152785	0.16260916	1.11436045	-0.77331537	-0.18677984	-0.27026007	-0.06992934	0.14473870	-0.55050051	0.26911366	0.43726465	0.95991445	0.83935505	0.10670865	-0.86944258	0.10956024	-0.18716049	0.25147986	2.56663036	-0.51987553	-0.44705373	0.44025162	0.48585892	
0.00851400	 -28.68697884   80.15577057 -738.85981653   48.35376761    2.58025250   -9.41837469	 319.80266740 -213.77248838 -730.62293470   44.93243718  109.98062574  -10.59655933	 -16.39163680   84.81220746    5.04554848 -105.03741768   39.09732297   78.27302855    5.53352678  -20.66076040    3.27951140  -11.79497179   23.15631022   18.13039230	-0.00336259  0.04254049 -0.27733825  0.84392984 -0.56426560  0.03330904  0.00020191 -0.08873129 -0.44865073  0.86554574 -0.39721073  0.09025748	 0.01269815  0.28604401 -0.02904747  0.21216185 -0.38419551  0.27232014  0.02085824  0.16845545  0.03932562 -0.22349947 -0.07509581  0.06786495	-0.00455546  0.27158699 -0.01220618  0.29260643 -0.41839027  0.23865420  0.01784832  0.15490767 -0.00507183 -0.28273611  0.04857221  0.07564313	 0.18221437 -0.20697148  3.90252803	-0.04011003  0.14621913  0.00941154	-0.03745573  0.13552270  0.01037465	-0.00218912 -0.00252118 -0.99999443	0.35000000	0.00000000	0.00000000	0.27601397	-0.43853986	0.13990507	1.07850492	-0.68223059	-0.10784115	-0.24183328	-0.02963899	-0.01008705	-0.45884702	0.31523755	0.32780939	0.86404550	0.89162922	0.11306141	-0.77755606	0.16803536	-0.16167173	0.24706562	2.53596783	-0.48968408	-0.42202511	0.42777631	0.57314914	
0.00846800	 -53.84607279   81.70766366 -655.44923585   42.85805875   -0.20396826   -9.75611271	 220.29899641 -168.45137278 -575.99208931   36.98571255   86.50422760  -11.10077429	-21.37319098  88.89053297  29.01431920 -85.76455089  27.16474007  70.67628878   5.11134593 -40.32048833  -2.94045840 -26.42184269  31.51586321  14.98002580	-0.00338374  0.04469915 -0.27692813  0.84512731 -0.56706488  0.03583877  0.00053382 -0.08676006 -0.44796697  0.86446105 -0.39907163  0.09056139	 0.00593963  0.23960511  0.08704621  0.09738041 -0.27631515  0.29744353  0.04629902  0.25051602  0.13691953 -0.07875434 -0.31079035  0.02399762	 0.00004897  0.25228980  0.06233582  0.12540874 -0.31992658  0.30192727  0.04319541  0.23636215  0.09713890 -0.11387722 -0.25354456  0.03094740	 0.16900527 -0.20145980  3.92167431	-0.03713156  0.12301200  0.00701617	-0.03798119  0.13076011  0.00773791	-0.00102801 -0.00219227 -0.99999707	0.35000000	0.00000000	0.00000000	0.30639303	-0.46078417	0.14243880	1.04221928	-0.63187027	-0.04010224	-0.21694818	0.05003290	-0.11704177	-0.38735583	0.33119160	0.25492698	0.79002714	0.94146788	0.12909956	-0.68996841	0.21782953	-0.09724143	0.19794022	2.52639675	-0.47805023	-0.39381471	0.40892619	0.57709140	
0.00802300	 -71.96411065   71.84919481 -632.92072092   41.15153688   -6.87011291  -12.73222386	 172.97967022 -144.08744366 -465.85102173   29.86845689   69.75153853  -10.52771963	-25.10816355  89.57341480  32.71803404 -82.13187438  20.11447169  62.29356492   2.10235332 -48.04754663 -17.56601287 -36.08977336  29.93918994  10.92597547	-0.00342933  0.04661666 -0.27601972  0.84539674 -0.56923389  0.03815543  0.00100353 -0.08476799 -0.44669346  0.86403621 -0.40231678  0.09068981	-0.01654350  0.20736617  0.10334242 -0.01491100 -0.24635099  0.22571274  0.05988988  0.23604656  0.18103685 -0.03807505 -0.44686209  0.00380049	-0.00747622  0.23696203  0.11875151  0.02092731 -0.26280390  0.27468230  0.05653785  0.24692864  0.16345232 -0.04935608 -0.41963700  0.01460553	 0.16038356 -0.19631396  3.92792346	-0.02623257  0.10867683  0.01066724	-0.03009047  0.11314319  0.00928464	-0.00011139 -0.00193625 -0.99999812	0.35000000	0.00000000	0.00000000	0.33271593	-0.44748625	0.17172670	1.01427162	-0.58690357	-0.01509176	-0.21220136	0.07024979	-0.14219861	-0.35081908	0.33728284	0.23009545	0.74546516	0.96742630	0.12322003	-0.60464460	0.24762657	-0.07718836	0.14457868	2.50354671	-0.45759955	-0.39039618	0.41008350	0.56608582	
0.00845600	 -87.13485174   67.79056684 -638.96135346   41.45790178  -11.32923984  -14.29021194	 145.37392011 -127.32147187 -401.86831422   25.67018501   60.12125415   -9.89974774	-25.77398627  89.73474240  37.56067258 -79.01032010  16.94757865  60.17452705   0.57664324 -47.13677132 -23.67266390 -37.94111432  32.33415100   7.50752532	-0.00350210  0.04862820 -0.27462294  0.84496424 -0.57116131  0.03981583  0.00145919 -0.08269368 -0.44500888  0.86385471 -0.40662540  0.09072545	-0.02006602  0.24419691  0.17766202 -0.07740127 -0.20663793  0.17470574  0.03941021  0.28040630  0.23726014 -0.04259278 -0.60150588 -0.01412995	-0.01221219  0.23854068  0.17167881 -0.06334672 -0.22280065  0.18032328  0.05086486  0.24536871  0.20386282 -0.02013878 -0.52355352  0.00301406	 0.15454168 -0.19130079  3.92937244	-0.01209688  0.09579021  0.01560862	-0.01673661  0.09997229  0.01403357	 0.00075495 -0.00177504 -0.99999814	0.35000000	0.00000000	0.00000000	0.34843767	-0.44437608	0.17703760	1.00561249	-0.56580269	0.00457112	-0.21543458	0.08830207	-0.15551770	-0.33682391	0.35919392	0.21937618	0.72240716	0.98607540	0.12037981	-0.56018263	0.26086760	-0.06472747	0.12690474	2.51600075	-0.43197566	-0.40223962	0.41859731	0.57644933	
0.00802800	 -94.68280529   74.15571623 -651.38005694   42.37511118  -12.32018625  -14.87968436	 132.59021180 -118.46382033 -372.17819225   23.71490032   55.70201993   -9.48207362	-26.04249470  89.99422312  37.80562218 -74.20113400  16.13116157  63.72046185  -0.08652204 -45.34017730 -27.73683710 -39.18249175  35.17985478   5.28756487	-0.00360329  0.05050319 -0.27298347  0.84405195 -0.57272940  0.04059131  0.00174154 -0.08085067 -0.44324289  0.86379776 -0.41103954  0.09075848	-0.03954090  0.23536477  0.21384459 -0.12099163 -0.19210106  0.06947536  0.00402783  0.23045061  0.20464246  0.00010112 -0.54653689  0.01995270	-0.01549490  0.23227574  0.20784287 -0.11713186 -0.19392789  0.09066627  0.03094639  0.22967387  0.22015695 -0.00597699 -0.55459769  0.00350009	 0.15036074 -0.18704107  3.92894888	0.00038637 0.08512393 0.02038975	-0.00380854  0.08869909  0.01879574	 0.00147523 -0.00173171 -0.99999741	0.35000000	0.00000000	0.00000000	0.36540142	-0.44525537	0.17514893	1.00218928	-0.55771881	0.02191038	-0.23256890	0.10522163	-0.16343835	-0.34270090	0.36778697	0.21853575	0.70870066	0.99825639	0.11626025	-0.54358232	0.27112278	-0.05416961	0.12427162	2.53350830	-0.41875038	-0.41694680	0.42569739	0.58159429	
0.00850800	 -99.18899640   81.34736152 -669.53656543   43.65434905  -11.99378042  -15.17564556	 124.32977738 -109.21232416 -349.12812683   22.23249744   52.30078511   -8.60098523	-25.97165595  91.86177349  38.25130714 -72.66572607  16.83985837  67.10623646   0.33162478 -41.92145026 -29.60415499 -39.68601312  35.81292441   2.62288274	-0.00375601  0.05243741 -0.27101311  0.84276869 -0.57417768  0.04096729  0.00188376 -0.07898418 -0.44127241  0.86374994 -0.41576964  0.09076288	-0.01731424  0.22209412  0.22836703 -0.13703842 -0.12939365  0.02410168  0.00675925  0.22101759  0.19094394 -0.01950608 -0.54175570 -0.01583178	-0.01941627  0.22693422  0.23632888 -0.15208733 -0.16683458  0.03915106  0.01251203  0.21858228  0.22972376 -0.00537175 -0.55399803 -0.00000910	 0.14703227 -0.18349480  3.92785090	0.00956660 0.07360551 0.02258940	0.00673367 0.07723119 0.02208396	 0.00214703 -0.00177841 -0.99999611	0.35000000	0.00000000	0.00000000	0.37721473	-0.44089052	0.17380634	0.99715322	-0.55224770	0.03653857	-0.24789692	0.11735884	-0.16529815	-0.35914451	0.37079585	0.21419817	0.70429063	1.00117946	0.11705337	-0.53524870	0.28481361	-0.04752359	0.12932090	2.55213881	-0.40770245	-0.42799464	0.43369806	0.58772600	
0.00851700	-100.57745249   86.54144328 -676.05174949   44.14606098  -11.51847782  -15.21950920	 121.70857802 -104.79590970 -341.01331455   21.71050609   51.11890543   -8.06615165	-25.84662129  93.51181889  37.06162252 -70.91753715  16.98974481  69.24320292   0.43801680 -40.42196369 -31.41138865 -40.39889185  36.73384801   0.80907926	-0.00390461  0.05430455 -0.26889727  0.84129443 -0.57551600  0.04115804  0.00195598 -0.07717722 -0.43922706  0.86374236 -0.42036604  0.09077029	-0.01674628  0.21913008  0.21432976 -0.17405668 -0.13525547  0.02589823  0.01139658  0.21927056  0.22594602 -0.02303980 -0.48258925 -0.00315864	-0.01827388  0.21948664  0.24867634 -0.17440809 -0.15410038  0.02200695  0.00817000  0.21151071  0.23872596 -0.00193652 -0.53161716  0.00155948	 0.14384510 -0.18064037  3.92661197	0.01498390 0.06429492 0.02170778	0.01333324 0.06715933 0.02204384	 0.00272934 -0.00188610 -0.99999450	0.35000000	0.00000000	0.00000000	0.38553843	-0.43486729	0.17440188	0.98936564	-0.55261856	0.05226192	-0.26446235	0.12868157	-0.16302000	-0.37336844	0.36406797	0.21510786	0.70187056	1.00150549	0.12075391	-0.52350700	0.30010074	-0.03690925	0.13616712	2.55844355	-0.39847934	-0.43342575	0.43470803	0.58544534	
0.00848500	-101.02469257   89.70908472 -683.73169829   44.67930513  -10.46512949  -15.65431345	 120.00640684 -101.66884379 -333.82728713   21.24846425   50.06751623   -7.67874952	-26.36970958  94.65493345  36.71041693 -70.54425101  18.06771348  69.26542073  -0.29276420 -39.48323452 -32.15339550 -41.55829628  36.12887701  -1.28106016	-0.00404272  0.05611791 -0.26665111  0.83972709 -0.57674604  0.04123007  0.00198405 -0.07541346 -0.43718704  0.86374663 -0.42476184  0.09077619	-0.01260223  0.20676851  0.23518213 -0.17918247 -0.14605261  0.02526250  0.03653579  0.20879261  0.21988443  0.01514550 -0.45673720  0.03031382	-0.01536078  0.21166303  0.26173426 -0.18649395 -0.14227711  0.00901033  0.00622445  0.20871941  0.23771861  0.00147829 -0.50765602  0.00207349	 0.14094554 -0.17837213  3.92542340	0.01850334 0.05589480 0.02050186	0.01746006 0.05849131 0.02087683	 0.00323720 -0.00203105 -0.99999270	0.35000000	0.00000000	0.00000000	0.39240313	-0.42579111	0.18005741	0.98106074	-0.54997557	0.06573704	-0.27842900	0.13678533	-0.15890415	-0.38026008	0.35549465	0.21586013	0.70250392	0.99915677	0.12694639	-0.50653267	0.31909880	-0.02485646	0.14185387	2.56317019	-0.38844928	-0.43609989	0.43583822	0.58446932	
0.00848300	-100.83328230   92.29689914 -689.55900802   45.08483177   -9.13710896  -16.01503565	 119.73311418  -99.50001191 -330.81855686   21.05475793   49.64608923   -7.35911945	-26.78543320  95.56195092  36.37341382 -70.09561516  19.24785979  69.07234693  -0.87740935 -38.56987333 -33.11416122 -42.57328439  35.93211374  -3.04952895	-0.00418193  0.05792043 -0.26430921  0.83809932 -0.57790633  0.04125811  0.00197864 -0.07368118 -0.43510903  0.86374056 -0.42894923  0.09077502	 0.01122422  0.20771917  0.28252643 -0.18636123 -0.15893624 -0.00281168 -0.02402685  0.23075099  0.25509390  0.01410911 -0.51234037 -0.00148852	-0.01341803  0.21133804  0.27696722 -0.19394367 -0.13677716  0.00211830 -0.00125031  0.20589519  0.24550733  0.00129580 -0.49029624  0.00149224	 0.13808330 -0.17674530  3.92453787	0.02000006 0.04881378 0.01944432	0.01956126 0.05101581 0.01978365	 0.00367950 -0.00219656 -0.99999082	0.35000000	0.00000000	0.00000000	0.39752451	-0.41788507	0.18750978	0.96958083	-0.55144602	0.07788396	-0.29046011	0.14482848	-0.15724418	-0.38717923	0.34688097	0.21729141	0.70330822	0.99654067	0.13328792	-0.49240127	0.33303040	-0.01405608	0.14793837	2.56450248	-0.37768191	-0.43796569	0.43674263	0.58581704	
0.00851600	 -88.70868888   93.09886989 -641.23796622   41.99634944   -5.45059876  -19.63314306	  94.80699636 -118.54893390 -460.23171984   29.68504557   34.65983061    4.40127224	-27.19448778  95.47257876  36.23978749 -68.98485623  21.34072405  68.58932847  -1.15126583 -38.15947771 -34.26309212 -43.44648741  36.47222033  -4.60465352	-0.00427129  0.05974935 -0.26178673  0.83626907 -0.57891237  0.04130180  0.00198131 -0.07187438 -0.43314510  0.86382889 -0.43255748  0.09076240	-0.00406195  0.19351078  0.30424874 -0.22544614 -0.10148065 -0.01182809 -0.02476755  0.22600047  0.22921092  0.02446860 -0.33106389 -0.02965977	-0.00691015  0.21564246  0.30210796 -0.22133924 -0.11306830  0.00510331 -0.00217713  0.21700480  0.22903710  0.01443140 -0.40588293 -0.00299430	 0.13697518 -0.17456913  3.93046129	0.00796790 0.03657860 0.00726473	0.01163334 0.04003446 0.01030631	 0.00403659 -0.00231555 -0.99998917	0.35000000	0.00000000	0.00000000	0.39468524	-0.41402850	0.19769844	0.96898365	-0.55183399	0.09036863	-0.30491951	0.15616462	-0.15100701	-0.39428326	0.33520073	0.23137355	0.70991272	0.97788501	0.13911761	-0.47558314	0.34774941	0.00035194	0.16134755	2.56762886	-0.35799402	-0.43090063	0.42911947	0.59356076	
0.00846500	 -87.43236402   90.54708420 -646.73304877   42.31331048   -4.24573374  -19.95233141	  99.33569112 -115.10140295 -436.24174698   28.06775274   33.98364156    2.29213208	-28.65605552  92.45915508  34.50918998 -69.60187802  22.20861617  66.87078506  -2.73533819 -40.10435581 -35.46226074 -43.20264411  30.46320283  -5.50423180	-0.00430582  0.06166843 -0.25901713  0.83407593 -0.57973322  0.04135052  0.00198285 -0.06995797 -0.43130306  0.86398724 -0.43549250  0.09076066	 0.00961553  0.23982009  0.35052468 -0.28483468 -0.11971150 -0.02117221 -0.00874675  0.23825492  0.22644556  0.00436088 -0.35358022 -0.01564927	-0.00198191  0.22625708  0.33100821 -0.26528569 -0.09505685  0.00336417 -0.00087273  0.22749529  0.21833318  0.01700091 -0.33858706 -0.00354281	 0.13519660 -0.17248142  3.93534203	0.00245844 0.03033527 0.00275196	0.00402750 0.03211319 0.00394489	 0.00431605 -0.00235475 -0.99998791	0.35000000	0.00000000	0.00000000	0.38562834	-0.42334616	0.21880305	0.96998775	-0.55057889	0.08505943	-0.31816691	0.15980643	-0.13604882	-0.39384148	0.32154226	0.25024903	0.71436888	0.95906919	0.13650763	-0.45473343	0.37006956	-0.00020245	0.16094230	2.57097077	-0.32987848	-0.42908141	0.42237458	0.59677064	
0.00802800	 -87.25006833   89.70172257 -648.38069498   42.41142201   -2.31851075  -19.90474948	 104.35461325 -111.37806669 -414.95112113   26.61608098   34.76745458    0.95703987	-29.25757456  90.50071144  34.64510109 -66.83911011  23.68191594  66.07591087  -4.01132482 -40.48383141 -36.23735379 -43.44002776  27.44722670  -6.34230173	-0.00432545  0.06348147 -0.25624549  0.83172511 -0.58033262  0.04136863  0.00196845 -0.06812723 -0.42963556  0.86414220 -0.43780305  0.09077202	-0.00132242  0.22164121  0.37043571 -0.32770771 -0.09312497 -0.00949634 -0.00114583  0.23352174  0.19298294  0.01655540 -0.24620085  0.00873474	-0.00329498  0.22475867  0.34796733 -0.29839694 -0.07525848  0.00072076 -0.00367969  0.22821352  0.20701292  0.01731622 -0.28272479  0.00032541	 0.13306572 -0.17049194  3.93861420	0.00103963 0.02737905 0.00143102	0.00142380 0.02827009 0.00182007	 0.00454466 -0.00236663 -0.99998687	0.35000000	0.00000000	0.00000000	0.38083565	-0.43145493	0.23465446	0.96730042	-0.55476511	0.08641487	-0.33320326	0.16757897	-0.12993506	-0.39034694	0.30923557	0.26556566	0.71947956	0.94619948	0.13729747	-0.44224235	0.38588357	0.00337660	0.16436926	2.57811427	-0.31139991	-0.42851168	0.42072204	0.60050648	
0.00849600	 -88.58998523   89.85827697 -657.36482826   42.99038893   -0.62500718  -19.62907829	 105.91180192 -105.98067473 -386.20514725   24.71192926   34.92316927   -0.07974073	-29.39538659  89.49746299  35.67971067 -65.17630059  25.11240779  65.07544154  -4.85863585 -40.02511978 -36.50212179 -43.14330573  24.15176269  -7.80809467	-0.00431842  0.06538357 -0.25318625  0.82901819 -0.58082638  0.04138115  0.00197903 -0.06621311 -0.42784711  0.86422474 -0.43998532  0.09077232	-0.00615447  0.19542574  0.33934941 -0.31545430 -0.04756893 -0.01037423 -0.00125314  0.20841021  0.21895058  0.03605456 -0.24155062  0.02049207	 0.00074053  0.22055266  0.36095384 -0.32227009 -0.05724886  0.00154081  0.00028064  0.22445047  0.21002145  0.01181856 -0.25246537  0.00149540	 0.13102018 -0.16849770  3.94039318	0.00255095 0.02419396 0.00107804	0.00196029 0.02521065 0.00116020	 0.00476350 -0.00238038 -0.99998582	0.35000000	0.00000000	0.00000000	0.37804410	-0.43595836	0.24620864	0.96342272	-0.56027067	0.08860345	-0.34643808	0.17396098	-0.12497514	-0.38625005	0.29969630	0.27906528	0.72421139	0.93139076	0.13921213	-0.42872125	0.40626127	0.00609943	0.16760130	2.58673096	-0.29527876	-0.42956665	0.42215547	0.60141933	
0.00852100	 -90.02814620   90.39883663 -663.40903061   43.38717916    0.69515416  -19.95646917	 107.98568793 -101.79289235 -366.53836597   23.40417097   35.87615115   -0.37574250	-30.21325757  88.96351171  36.18939300 -63.09369972  26.14642230  64.27896446  -6.25511281 -39.33290732 -37.47065303 -42.98304604  22.96410710  -9.23058303	-0.00432074  0.06725746 -0.25003126  0.82613278 -0.58123566  0.04137400  0.00197606 -0.06432074 -0.42605524  0.86425567 -0.44198833  0.09076468	 0.00649483  0.22407857  0.36050236 -0.30687049 -0.03750493 -0.00022202  0.02861797  0.22988514  0.22635302  0.01626691 -0.22653711 -0.02471011	 0.00002337  0.21824808  0.37071181 -0.33712779 -0.04718956 -0.00174572  0.00210549  0.21976574  0.21068793  0.00672185 -0.23212938 -0.00262137	 0.12896213 -0.16670001  3.94082191	0.00560109 0.02133076 0.00111170	0.00459338 0.02220923 0.00109374	 0.00495602 -0.00241496 -0.99998480	0.35000000	0.00000000	0.00000000	0.37714109	-0.43711105	0.25423411	0.95728523	-0.56843925	0.09453721	-0.35897920	0.18113518	-0.12227219	-0.38252485	0.29113773	0.29291254	0.72702765	0.91910160	0.14104573	-0.41604644	0.42395282	0.01260140	0.17032257	2.59129620	-0.27925569	-0.43144324	0.42209619	0.60288942	
0.00800900	 -90.37054899   90.97070111 -668.35497748   43.71374246    2.26269973  -19.41811029	 108.82315511  -98.87232508 -353.91235418   22.56103867   36.28513558   -1.02422089	-30.34145804  88.54734278  36.53030336 -61.47102188  27.62979014  63.78505725  -7.25105570 -38.78316760 -37.74871430 -43.53948058  22.01950443 -10.48300695	-0.00431141  0.06894358 -0.24702625  0.82331876 -0.58155333  0.04138912  0.00196346 -0.06260092 -0.42436677  0.86425363 -0.44378079  0.09077247	 0.01595829  0.17758514  0.31838455 -0.32798998 -0.03946911  0.00766029 -0.00005608  0.17854449  0.21217734 -0.01748809 -0.20675689  0.01717493	 0.00136534  0.20776931  0.37158728 -0.34969082 -0.03997070  0.00232744 -0.00241417  0.21086077  0.21116568 -0.00027902 -0.22049874  0.00134125	 0.12704127 -0.16511688  3.94049664	0.00932626 0.01874389 0.00117880	0.00806856 0.01959760 0.00115975	 0.00511565 -0.00247517 -0.99998385	0.35000000	0.00000000	0.00000000	0.37988827	-0.43277767	0.26087430	0.94824398	-0.57322055	0.10224275	-0.37104249	0.18819943	-0.12292490	-0.37631658	0.28009158	0.30294931	0.73035061	0.91084194	0.14438951	-0.40574139	0.44243932	0.02049852	0.17464027	2.59236360	-0.27007139	-0.43250763	0.42457363	0.59932131	
0.00846100	 -91.25588455   92.44842755 -675.52704796   44.19003902    3.33970949  -19.67200021	 109.04698018  -95.27773163 -341.67608741   21.74989490   36.66493387   -0.99269736	-30.73378046  89.00969815  36.81094334 -60.83832897  28.62417412  62.58155048  -7.74607657 -37.44451427 -37.68871824 -43.65962152  21.49108024 -12.49682313	-0.00430553  0.07070924 -0.24377393  0.82028315 -0.58186612  0.04139228  0.00195853 -0.06079769 -0.42256640  0.86426812 -0.44565350  0.09076553	 0.00479049  0.22291274  0.39606396 -0.36921034 -0.07214021  0.00097360 -0.00540805  0.25096832  0.23844744  0.02857685 -0.22435743  0.00129748	 0.00278730  0.20748257  0.38365790 -0.35732956 -0.03913127  0.00251651 -0.00259776  0.21398084  0.21610029  0.00302730 -0.22092765 -0.00130629	 0.12523955 -0.16393533  3.93962910	0.01250303 0.01546881 0.00141872	0.01149764 0.01651298 0.00133862	 0.00526055 -0.00256907 -0.99998286	0.35000000	0.00000000	0.00000000	0.38194355	-0.42733464	0.26464111	0.93990964	-0.57841152	0.11151959	-0.37881759	0.19302982	-0.12395760	-0.37345022	0.27260721	0.31183138	0.73219359	0.90052402	0.14937465	-0.39078686	0.46156132	0.02962406	0.17839848	2.59246349	-0.25385219	-0.43341911	0.42411780	0.60123324	
0.00801400	 -89.42564300   93.09850779 -674.71741771   44.14674042    5.51727866  -19.94589537	 109.81306138  -95.34308519 -341.45799094   21.71133418   37.52442132   -0.40264792	-31.18524599  88.62003803  36.13741131 -58.85614127  30.59351385  62.12895226  -8.74124973 -38.11484003 -37.96883307 -45.00450413  22.29800320 -13.67541711	-0.00431645  0.07232014 -0.24069948  0.81740072 -0.58211525  0.04138179  0.00196794 -0.05916671 -0.42086648  0.86427281 -0.44738054  0.09076398	 0.00741758  0.16785438  0.38891506 -0.32530322 -0.04311876 -0.00358412 -0.00455938  0.18656260  0.22045672  0.03379927 -0.21293826 -0.01606664	-0.00002774  0.19770013  0.38448809 -0.35654792 -0.03147278 -0.00030449 -0.00011798  0.20290070  0.21547661  0.00335297 -0.21716063 -0.00187731	 0.12316169 -0.16271573  3.93874996	0.01607886 0.01352935 0.00168365	0.01488769 0.01415438 0.00160011	 0.00537540 -0.00268409 -0.99998195	0.35000000	0.00000000	0.00000000	0.38682485	-0.42007622	0.26906958	0.92862594	-0.58262599	0.12130876	-0.39310625	0.19901001	-0.12909335	-0.36508456	0.26078823	0.32264289	0.73368305	0.89622331	0.15210885	-0.37929380	0.48114142	0.04520590	0.18181030	2.58876634	-0.24606463	-0.43524343	0.42516777	0.59663129	
0.00851400	 -90.15827838   94.75782959 -682.54267411   44.66402305    6.42806303  -19.92273677	 109.35585409  -91.82723504 -333.47308259   21.18738808   37.58064560   -0.74253996	-31.26584516  89.33051419  36.63876575 -59.18996754  31.51397100  61.10034829  -9.40761083 -36.08863091 -37.72656016 -45.51951076  21.92098385 -15.75054128	-0.00431757  0.07400668 -0.23745702  0.81432870 -0.58236575  0.04137298  0.00196312 -0.05745415 -0.41907258  0.86427021 -0.44917422  0.09077296	 0.00424951  0.18621759  0.34880023 -0.31546788 -0.03471003 -0.01734788  0.02526246  0.17398193  0.20018162 -0.00118456 -0.17488844 -0.00328460	 0.00048080  0.19503075  0.37912000 -0.35659392 -0.02869242 -0.00373930  0.00179073  0.19736665  0.21050253  0.00096298 -0.20875696  0.00071552	 0.12127306 -0.16218613  3.93775026	0.01803294 0.01066060 0.00304705	0.01744941 0.01157757 0.00262421	 0.00547801 -0.00283056 -0.99998099	0.35000000	0.00000000	0.00000000	0.39404926	-0.40531030	0.27199188	0.92089677	-0.58492976	0.13400415	-0.39977831	0.20253688	-0.12820581	-0.36100152	0.25301504	0.32913944	0.73903364	0.88758039	0.16209790	-0.36611268	0.50059241	0.05310794	0.18758516	2.58730698	-0.23528737	-0.43540493	0.42673886	0.59426546	
0.00849100	 -89.76941452   95.33792583 -685.84026932   44.88221747    7.22671534  -19.92921371	 108.49203221  -90.98903929 -329.57996533   20.91589658   37.42327512   -1.25137865	-31.50315200  88.81081295  36.04015727 -59.06872846  32.20109099  60.79155487 -10.18490186 -35.78425670 -37.33817497 -46.63955437  21.55804029 -17.44727255	-0.00435560  0.07568177 -0.23418665  0.81124367 -0.58260405  0.04137313  0.00192925 -0.05573821 -0.41723858  0.86427376 -0.45097655  0.09074581	-0.02831871  0.20120539  0.38528535 -0.38027765 -0.02078240 -0.00108131 -0.01253974  0.22154518  0.24429119  0.02989583 -0.21937540 -0.02632026	-0.00541280  0.19513181  0.38269428 -0.36127158 -0.02683520 -0.00256915 -0.00324946  0.20145034  0.21709478  0.00287025 -0.21144262 -0.00548263	 0.11955901 -0.16198948  3.93671186	0.02020682 0.00775897 0.00676085	0.01952046 0.00866942 0.00558589	 0.00555547 -0.00299363 -0.99998009	0.35000000	0.00000000	0.00000000	0.39660889	-0.39776576	0.27643383	0.90930766	-0.58634001	0.14434481	-0.40528595	0.20826355	-0.13455226	-0.35811764	0.24349388	0.33213624	0.74024630	0.88510919	0.16532716	-0.35762802	0.51770288	0.06229212	0.18869299	2.57983303	-0.21985094	-0.43772879	0.42755926	0.59526223	
0.00800000	 -88.88745238   96.38547790 -685.17733118   44.84931929    8.31648201  -19.29123865	 108.77255034  -92.86406222 -329.87712901   20.89710245   37.93503253   -1.48016351	-30.86237790  88.86638188  35.49097529 -57.99220569  33.20566213  59.91887629 -10.33586218 -36.00008845 -37.53347860 -47.95597574  22.25566006 -18.64225656	-0.00440993  0.07722716 -0.23111397  0.80836194 -0.58281671  0.04137644  0.00187472 -0.05414009 -0.41553070  0.86425669 -0.45265584  0.09062981	 0.01026950  0.19902795  0.37625882 -0.32041539 -0.02625111  0.00042960  0.01235491  0.19580168  0.19435544 -0.02060912 -0.20689987 -0.03777073	-0.00639189  0.19351475  0.38180719 -0.35667909 -0.02702538 -0.00172662 -0.00592659  0.20073674  0.21269973 -0.00307572 -0.20911615 -0.01816015	 0.11774127 -0.16180573  3.93577450	0.02237197 0.00591992 0.00967199	0.02165398 0.00652210 0.00873573	 0.00560911 -0.00316480 -0.99997926	0.35000000	0.00000000	0.00000000	0.39941514	-0.38736072	0.28092995	0.89843357	-0.58910948	0.15450640	-0.41232854	0.21236905	-0.14114261	-0.35579079	0.23660201	0.33719924	0.74126565	0.88348567	0.17120843	-0.34806710	0.53283483	0.07512011	0.18982591	2.57119274	-0.20853774	-0.43943271	0.42873499	0.59321320	
0.00800100	 -88.46711368   97.42301211 -690.52850841   45.20029339    9.40638897  -19.06681186	 107.67922367  -92.41921867 -321.36083742   20.31107496   38.08943308   -1.79996517	-30.88255374  88.75532699  35.17331639 -58.14085954  34.40051275  59.07064670 -10.75611185 -35.65600634 -36.65804726 -49.22438467  22.54031347 -19.64187373	-0.00449289  0.07875414 -0.22804935  0.80548016 -0.58301634  0.04138329  0.00178895 -0.05251221 -0.41380548  0.86425587 -0.45433256  0.09028956	 0.00088953  0.19654067  0.38587543 -0.33211076 -0.02105475 -0.01490680  0.00424383  0.20409175  0.18891953 -0.00165042 -0.21933841 -0.05675491	-0.00945277  0.19068635  0.38273623 -0.35707361 -0.02616785 -0.00005519 -0.01065090  0.20446900  0.21447941 -0.00206065 -0.20931460 -0.04725430	 0.11608896 -0.16179339  3.93460662	0.02515315 0.00366924 0.01341107	0.02420622 0.00442065 0.01217217	 0.00564683 -0.00335563 -0.99997843	0.35000000	0.00000000	0.00000000	0.39896116	-0.37654972	0.28501308	0.88809842	-0.58890033	0.16349858	-0.41780508	0.21507993	-0.14976376	-0.35236102	0.22973414	0.33747789	0.74120229	0.88348997	0.17641319	-0.34027064	0.54905438	0.08818281	0.19138892	2.56263947	-0.19485430	-0.44240913	0.43075451	0.59345603	
0.00846900	 -87.45745711   98.71203095 -691.89837856   45.29961382   10.44843512  -18.47996261	 107.83036445  -91.86464853 -321.03858215   20.26548867   38.24302525   -1.80502620	-30.34793852  88.99479127  34.45051855 -57.80722275  35.35272396  58.12971181 -10.70710132 -35.33787644 -36.49910416 -50.31006292  22.94114752 -19.64640288	-0.00462551  0.08036550 -0.22482502  0.80242867 -0.58320352  0.04139002  0.00166876 -0.05076279 -0.41195857  0.86421655 -0.45606777  0.08964588	-0.01617571  0.21402267  0.41342627 -0.38982867 -0.02929599  0.03884294 -0.02423422  0.18789110  0.20897964 -0.01431311 -0.22172386 -0.09781367	-0.01714907  0.19282392  0.38232888 -0.36252684 -0.02343083  0.00401109 -0.01588906  0.20626898  0.21624460 -0.00836406 -0.20581886 -0.08055271	 0.11420349 -0.16194455  3.93357188	0.02745793 0.00223097 0.01662458	0.02674998 0.00267485 0.01563591	 0.00567066 -0.00358099 -0.99997751	0.35000000	0.00000000	0.00000000	0.39451101	-0.36650249	0.29093033	0.87706751	-0.59056330	0.16872935	-0.42332217	0.21632665	-0.15986626	-0.35169071	0.22297788	0.33625659	0.74033970	0.88643378	0.18358691	-0.33461097	0.56011468	0.10068098	0.19255076	2.55173516	-0.18009658	-0.44552785	0.43454358	0.59360284	
0.00803700	 -85.74515237   99.27936019 -689.24978342   45.13479484   11.44474768  -17.58721462	 107.33619943  -91.72139011 -325.63250969   20.54837842   38.35119149   -1.80362380	-29.48831159  88.68315721  33.70646794 -57.19081248  36.07753265  57.18671888 -10.69649485 -35.11209524 -35.63897653 -51.30302361  23.35508645 -19.36865181	-0.00474618  0.08184556 -0.22180551  0.79958306 -0.58337111  0.04138586  0.00153056 -0.04905119 -0.41018242  0.86410268 -0.45764818  0.08875928	 0.00175312  0.17502244  0.37105915 -0.39111431 -0.02462163  0.00456174 -0.03222508  0.21589086  0.21092878 -0.01588977 -0.17611664 -0.11556266	-0.01445261  0.18491750  0.37531551 -0.35752485 -0.02280152  0.00099411 -0.02022750  0.21351768  0.21928755 -0.01768796 -0.19509847 -0.11235405	 0.11235034 -0.16212097  3.93286474	0.02885756 0.00128269 0.01850907	0.02841134 0.00160181 0.01790065	 0.00568387 -0.00380781 -0.99997660	0.35000000	0.00000000	0.00000000	0.38878223	-0.35595390	0.29603925	0.86918044	-0.59163779	0.17641595	-0.42789164	0.21704435	-0.16757834	-0.34876856	0.21712495	0.33538985	0.73889345	0.88863665	0.19232872	-0.32868427	0.57178056	0.11160301	0.19550072	2.53867698	-0.16718701	-0.44828677	0.43775705	0.58940542	
0.00848100	 -84.92764801  100.77297342 -694.21300300   45.46504666   12.26377599  -17.36289397	 105.61665213  -90.56160045 -324.93783235   20.50570831   37.77834165   -1.56641558	-29.50815994  89.04894972  33.27638845 -58.38571486  37.11973625  56.11860174 -10.52003065 -34.60208416 -34.64180912 -51.38281755  22.93408316 -19.23787048	-0.00490720  0.08344005 -0.21860330  0.79655826 -0.58351031  0.04137812  0.00137817 -0.04716889 -0.40823014  0.86386183 -0.45928719  0.08752667	-0.02730135  0.17832872  0.37249216 -0.34186733 -0.01901472  0.01084045 -0.03862783  0.22668563  0.23957363 -0.03903086 -0.17749407 -0.15794201	-0.01802288  0.18572407  0.37767938 -0.35788971 -0.01785788 -0.00019854 -0.02047098  0.22298390  0.23023789 -0.03180554 -0.18993507 -0.15017238	 0.11068456 -0.16261963  3.93251617	 0.02958412 -0.00032302  0.02045381	0.02937073 0.00020230 0.01984945	 0.00568733 -0.00405765 -0.99997559	0.35000000	0.00000000	0.00000000	0.37804285	-0.34689441	0.30170688	0.86009842	-0.59196240	0.18077390	-0.42993745	0.21522832	-0.17487019	-0.34855551	0.21298635	0.33180776	0.73721766	0.88786864	0.19944918	-0.32379138	0.58361965	0.11995838	0.19892244	2.52505851	-0.14970158	-0.45164570	0.44145843	0.58944094	
0.00852100	 -83.97115848  101.48210167 -690.64808473   45.23957578   12.61540720  -16.53298505	 104.91519879  -89.85894438 -331.24307845   20.92441714   38.00303104   -1.60807489	-28.71343710  88.78840423  32.05960390 -57.92200649  37.77447036  55.39195913 -10.57144531 -34.77766180 -34.39132197 -51.57693875  23.59255703 -18.31206903	-0.00508228  0.08505156 -0.21541486  0.79351038 -0.58361694  0.04137296  0.00120561 -0.04523321 -0.40623153  0.86348811 -0.46087302  0.08605780	-0.01785661  0.18849112  0.37258774 -0.35156389 -0.02192002  0.00417667 -0.03753880  0.20620000  0.22994728 -0.03436380 -0.18197451 -0.18465592	-0.01858865  0.18917100  0.37637276 -0.35873831 -0.01346984 -0.00129363 -0.02341868  0.22842951  0.23372311 -0.04590909 -0.18443617 -0.17792450	 0.10884216 -0.16315555  3.93249422	 0.02960570 -0.00106311  0.02139447	 0.02962944 -0.00082675  0.02113005	 0.00568022 -0.00431074 -0.99997458	0.35000000	0.00000000	0.00000000	0.36832529	-0.34033144	0.30701670	0.85006386	-0.59430802	0.18502031	-0.43478256	0.21498978	-0.18380910	-0.34698847	0.20858510	0.33145902	0.73410636	0.89041084	0.20752750	-0.32053182	0.59036487	0.12913379	0.20215704	2.50852847	-0.13327156	-0.45457733	0.44413435	0.58813512	
0.00846100	 -82.84137910  101.52544572 -685.39210929   44.90403591   12.33862651  -16.04679200	 103.31720817  -90.07980638 -338.06085688   21.36325279   37.87245486   -1.50402810	-28.22449788  88.03864884  31.33427830 -57.90953936  38.47508392  54.41251040 -10.48238330 -34.61696339 -33.15224220 -52.13401926  23.91209060 -18.04935616	-0.00526086  0.08666883 -0.21225092  0.79043266 -0.58365992  0.04137191  0.00103228 -0.04323672 -0.40416847  0.86297179 -0.46238724  0.08439542	-0.02217278  0.22041393  0.38472312 -0.40369592 -0.00531797 -0.01585150 -0.04558052  0.26079110  0.26909460 -0.08839051 -0.15374848 -0.23209593	-0.01949973  0.19363561  0.37566583 -0.36703208 -0.00605675 -0.00252905 -0.02293572  0.24016923  0.24533814 -0.06383491 -0.17604612 -0.20300887	 0.10721344 -0.16370902  3.93260676	 0.02907369 -0.00224713  0.02157273	 0.02926999 -0.00184422  0.02152687	 0.00566547 -0.00456143 -0.99997355	0.35000000	0.00000000	0.00000000	0.35620466	-0.33550274	0.31345370	0.84181249	-0.59615147	0.19035301	-0.43602422	0.21576628	-0.19246699	-0.34356076	0.20479184	0.33001682	0.73186463	0.89137024	0.21338181	-0.31743968	0.59868264	0.13743472	0.20552729	2.49170256	-0.11292855	-0.45680365	0.44743970	0.58975857	
0.00802800	 -81.21901282  101.08166395 -676.47730259   44.32755949   12.21480932  -15.37598286	 100.96818550  -90.51053752 -346.09906390   21.89472735   37.24389466   -1.58452532	-27.59114707  86.95954537  30.15896858 -56.92865391  38.49161759  53.35264021 -10.65867631 -35.10160995 -32.52024967 -52.23379937  23.75568397 -17.45527834	-0.00543957  0.08819626 -0.20924856  0.78751270 -0.58366810  0.04137687  0.00088128 -0.04131759 -0.40216998  0.86238286 -0.46378987  0.08265843	-0.04142619  0.17897055  0.33958566 -0.32848539  0.00490740  0.00668656  0.00360566  0.23974769  0.21759081 -0.07867723 -0.19053512 -0.20679848	-0.02319496  0.19108372  0.37325080 -0.36415970 -0.00104972 -0.00007071 -0.01781201  0.24046403  0.24800023 -0.07407253 -0.17485655 -0.21947727	 0.10573798 -0.16410317  3.93261439	 0.02860782 -0.00324542  0.02159916	 0.02878119 -0.00290176  0.02159334	 0.00564245 -0.00479310 -0.99997259	0.35000000	0.00000000	0.00000000	0.34900692	-0.32907662	0.31829971	0.82976353	-0.59536058	0.19522862	-0.44045791	0.21680656	-0.20116016	-0.33583632	0.19830732	0.32904613	0.72971958	0.89548635	0.22154944	-0.31219089	0.60596442	0.14493763	0.20770727	2.47502351	-0.09669805	-0.45920184	0.45074415	0.58450669	
0.00800400	 -81.04562947  101.11622229 -673.87987367   44.15856299   11.55873176  -14.77907956	  98.84355957  -90.49020024 -348.17404139   22.02128349   36.55124694   -1.77742315	-26.92908065  86.28752565  29.44308387 -57.53922896  39.17782125  51.65873873 -10.85433387 -34.00706720 -31.64589214 -52.51169796  23.64810428 -17.90728289	-0.00559180  0.08975277 -0.20624924  0.78456635 -0.58368139  0.04137515  0.00071255 -0.03932188 -0.40011751  0.86167029 -0.46510497  0.08074704	 0.00634190  0.15301712  0.34294580 -0.34987066 -0.01956016 -0.00817187 -0.00816387  0.26074676  0.25878868 -0.06857540 -0.14621876 -0.20875024	-0.01644386  0.19026326  0.37241570 -0.36712043 -0.00227797 -0.00101581 -0.01922705  0.25063121  0.25629698 -0.08896547 -0.16191246 -0.24054437	 0.10456389 -0.16471110  3.93258198	 0.02743404 -0.00460366  0.02109445	 0.02784701 -0.00412966  0.02127994	 0.00561022 -0.00501839 -0.99997167	0.35000000	0.00000000	0.00000000	0.33980218	-0.31937969	0.32367378	0.82100183	-0.59475780	0.20301604	-0.44067907	0.21542692	-0.20557889	-0.32989100	0.19513111	0.32905483	0.72960573	0.89271259	0.22832237	-0.30454141	0.61418819	0.14976555	0.21250993	2.45809746	-0.07792628	-0.45982465	0.45424280	0.58387464	
0.00851500	 -79.96191548  100.57379467 -666.85100287   43.70085398   11.36313959  -14.58246623	  95.97468747  -90.32270190 -352.96237980   22.34773639   35.47504203   -1.65126812	-26.90233500  85.03293443  28.25917585 -56.74957509  40.43738079  50.47689074 -10.84203534 -34.47704887 -30.97013608 -52.36562367  22.84679510 -17.32681972	-0.00578432  0.09143967 -0.20304960  0.78141677 -0.58367485  0.04137610  0.00053585 -0.03714728 -0.39790569  0.86080021 -0.46648294  0.07846803	-0.03446162  0.19311062  0.36087709 -0.35259837  0.02319868 -0.01658947 -0.03193061  0.23144837  0.21945309 -0.12550263 -0.15860042 -0.26760758	-0.02265849  0.19602682  0.37343233 -0.36720726  0.00185445 -0.00057217 -0.02055138  0.25560150  0.25633372 -0.10483472 -0.16030665 -0.26751185	 0.10350704 -0.16528800  3.93230398	 0.02668065 -0.00615724  0.02122383	 0.02692516 -0.00565388  0.02118255	 0.00556337 -0.00524906 -0.99997075	0.35000000	0.00000000	0.00000000	0.32812220	-0.31755999	0.33075026	0.80974096	-0.59405488	0.20491309	-0.44230351	0.21459329	-0.21517247	-0.32340515	0.19246025	0.32884651	0.72719842	0.89367938	0.23264217	-0.30066353	0.62039554	0.15376464	0.21433385	2.43971729	-0.05864759	-0.46189886	0.45885971	0.58523107	
0.00850000	 -78.35611309   99.56703431 -656.19006315   43.00602616   11.03813882  -13.40859650	  93.45351768  -90.17403399 -363.42432919   23.04072927   34.70225131   -1.52315498	-25.50359720  83.59163380  27.08684262 -55.85903436  41.17145535  49.19454068 -10.59958282 -34.33207321 -30.18532193 -53.30031829  22.88881405 -16.45080426	-0.00594122  0.09314912 -0.19984238  0.77825960 -0.58368320  0.04137474  0.00036338 -0.03489742 -0.39562751  0.85984934 -0.46778393  0.07597827	-0.00961873  0.21066523  0.36050831 -0.33330102 -0.00846746 -0.02136919 -0.04611971  0.25576748  0.27135125 -0.12277483 -0.13011746 -0.29122820	-0.01820217  0.20014550  0.37447522 -0.36781755 -0.00095555 -0.00101295 -0.02134700  0.26337330  0.26610335 -0.11541780 -0.15014663 -0.29398248	 0.10253012 -0.16561922  3.93198372	 0.02553953 -0.00752790  0.01915325	 0.02592630 -0.00708440  0.01983774	 0.00550401 -0.00547209 -0.99996988	0.35000000	0.00000000	0.00000000	0.31560919	-0.31618875	0.33742988	0.80209357	-0.59571052	0.20911595	-0.44498652	0.21468970	-0.22416712	-0.31697088	0.19121808	0.33072385	0.72324705	0.89364612	0.23965561	-0.29601207	0.62481749	0.15865740	0.21778457	2.41990924	-0.03896165	-0.46358237	0.46247017	0.58436614	
0.00845700	 -76.28871769   98.02962107 -644.68625840   42.25091558   11.01889738  -13.14808698	  90.58488756  -89.76254879 -373.13058754   23.69357855   33.72764065   -1.49972795	-25.48098001  81.69759536  25.64142329 -54.63027048  42.96778697  47.69295114 -10.76676048 -34.55277944 -29.53062465 -53.59075722  22.34667465 -15.41941503	-0.00609839  0.09487857 -0.19664535  0.77509756 -0.58367265  0.04136790  0.00022850 -0.03258869 -0.39332303  0.85883727 -0.46905942  0.07336906	-0.03157587  0.21026779  0.39180702 -0.40044003  0.02834472 -0.01164364 -0.00674883  0.31445520  0.28693623 -0.11503422 -0.16563374 -0.34020384	-0.01889325  0.20624718  0.37736670 -0.37325966  0.00328686 -0.00288829 -0.01449931  0.27509295  0.27347359 -0.12026505 -0.15054343 -0.31211401	 0.10154169 -0.16581196  3.93148121	 0.02463694 -0.00849244  0.01811998	 0.02494289 -0.00817357  0.01842759	 0.00543477 -0.00568602 -0.99996907	0.35000000	0.00000000	0.00000000	0.30126721	-0.31990010	0.34463501	0.79335290	-0.59617329	0.21108788	-0.45046705	0.21279439	-0.23539446	-0.30613875	0.18772754	0.33452129	0.71889782	0.89290375	0.24485633	-0.28817892	0.63125122	0.16344857	0.22141059	2.39853287	-0.01630323	-0.46411407	0.46526623	0.58650625	
0.00804000	 -73.85509602   96.32359312 -629.59076750   41.26405540   11.37232352  -12.20052822	  88.30269219  -90.36464043 -386.24466718   24.55580971   32.97623371   -1.80385244	-24.52811050  79.84617567  24.69634926 -52.31939839  43.97609290  46.27827871 -11.17783463 -34.88361406 -28.97968499 -54.80514622  22.29856391 -14.53314777	-0.00622830  0.09652451 -0.19364721  0.77213551 -0.58368646  0.04137750  0.00008175 -0.03040158 -0.39116384  0.85783704 -0.47023291  0.07083950	-0.01175363  0.19715955  0.34165240 -0.35949321  0.00795900  0.00625267 -0.03305315  0.24639625  0.24212101 -0.10808089 -0.13532895 -0.28759589	-0.01580908  0.20576497  0.36950298 -0.36808922 -0.00128481 -0.00025747 -0.01881620  0.27176460  0.26653047 -0.12219843 -0.14644052 -0.31482395	 0.10052762 -0.16581316  3.93081698	 0.02362880 -0.00908753  0.01736853	 0.02398061 -0.00889540  0.01761329	 0.00536324 -0.00587975 -0.99996833	0.35000000	0.00000000	0.00000000	0.29544654	-0.31797397	0.35144368	0.78115356	-0.59437114	0.21811247	-0.45542833	0.21432477	-0.24568008	-0.29197389	0.18359195	0.33656314	0.71623796	0.89602637	0.25382674	-0.28172722	0.63434768	0.16709122	0.22598751	2.37784195	-0.00291671	-0.46316618	0.46915242	0.58231151	
0.00800300	 -72.00194004   94.72532001 -621.73004931   40.73997032   11.85989827  -11.71375408	  84.88504854  -91.07195136 -391.09140453   24.86369759   31.22980439   -1.46528293	-24.07570218  77.92297339  24.27336513 -51.65107404  45.89680088  44.26653540 -10.75757566 -34.01976156 -27.83135959 -55.94679521  21.05329022 -15.12337916	-0.00636694  0.09817045 -0.19066228  0.76921291 -0.58367528  0.04138099 -0.00003506 -0.02816078 -0.38897634  0.85680819 -0.47137511  0.06821497	-0.02522764  0.16837803  0.35874429 -0.34536343  0.00131680  0.00153835  0.00004587  0.28151374  0.26940633 -0.09793812 -0.13781551 -0.31317770	-0.01844084  0.20305093  0.36931913 -0.36451417  0.00265032  0.00103245 -0.01303062  0.27978399  0.27008149 -0.12579576 -0.14174745 -0.32828524	 0.09980710 -0.16570967  3.92989075	 0.02281174 -0.01036633  0.01610977	 0.02307934 -0.00990938  0.01653918	 0.00528493 -0.00606582 -0.99996764	0.35000000	0.00000000	0.00000000	0.28666207	-0.31453133	0.35931754	0.77010077	-0.59008670	0.22475193	-0.45737010	0.21345764	-0.25540817	-0.27874348	0.18079716	0.33681723	0.71485466	0.89410383	0.25885803	-0.27200857	0.64225662	0.16929221	0.22944432	2.35921025	0.01607899	-0.46296626	0.47543395	0.58380824	
0.00848100	 -69.13938789   93.29750784 -610.40796902   39.99701766   12.80787258  -10.74517000	  81.72492547  -91.11880346 -399.69472799   25.44100298   29.70651255   -1.71953190	-23.25658572  76.28817368  23.15215924 -49.63760439  46.80316570  42.52151960 -11.16841163 -34.28764987 -27.65313890 -56.64888632  20.20897132 -14.35314690	-0.00648897  0.09996096 -0.18751480  0.76614020 -0.58367648  0.04138088 -0.00016719 -0.02575110 -0.38663086  0.85567061 -0.47256646  0.06523832	-0.00516455  0.23538750  0.37172896 -0.37845701  0.00036270 -0.00592465 -0.03117561  0.30257646  0.28545174 -0.12528839 -0.12533940 -0.37809747	-0.01464301  0.21200668  0.36970248 -0.36310638  0.00154575  0.00206173 -0.01457839  0.28509052  0.27658886 -0.13225310 -0.13931626 -0.35409526	 0.09898253 -0.16544171  3.92866007	 0.02219795 -0.01122450  0.01507855	 0.02239691 -0.01097453  0.01537900	 0.00519163 -0.00625757 -0.99996694	0.35000000	0.00000000	0.00000000	0.27403426	-0.31841123	0.36713144	0.75990933	-0.59060007	0.22777955	-0.45961827	0.21376538	-0.26661754	-0.26856962	0.17936271	0.33962074	0.70983458	0.89248133	0.26390064	-0.26358879	0.64588076	0.17140055	0.23078126	2.33726263	0.03790476	-0.46298340	0.47846994	0.58447075	
0.00800300	 -64.82982137   90.28264036 -594.50890638   38.94696794   14.33424626   -9.92287148	  78.60441129  -90.77383961 -415.60126352   26.50253173   28.39558602   -1.69032060	-22.61404263  73.44009471  22.08850591 -47.01802976  48.59898457  40.83999351 -11.18963447 -34.46602082 -27.18595622 -58.25158662  19.78425971 -12.76606999	-0.00660240  0.10162776 -0.18460528  0.76331627 -0.58368490  0.04137277 -0.00028267 -0.02345999 -0.38445532  0.85459988 -0.47368032  0.06234676	 0.00214206  0.19021329  0.36578668 -0.33874756  0.01133815 -0.00445448 -0.02328533  0.27810856  0.26804811 -0.10347491 -0.14721445 -0.37965691	-0.01247078  0.20789804  0.36152886 -0.35186498 -0.00055156 -0.00101615 -0.01607180  0.28347381  0.27008801 -0.13041667 -0.13684019 -0.36305924	 0.09791629 -0.16478112  3.92748869	 0.02205866 -0.01126101  0.01463488	 0.02212229 -0.01124771  0.01476748	 0.00510067 -0.00643514 -0.99996629	0.35000000	0.00000000	0.00000000	0.26562896	-0.31968597	0.37565151	0.74866784	-0.58819371	0.23334052	-0.46759844	0.21396565	-0.27916253	-0.25012207	0.17592376	0.34252402	0.70514554	0.89623958	0.27323481	-0.25547463	0.64824563	0.17400450	0.23522387	2.31411934	0.05226528	-0.46294492	0.48374122	0.58006084	
0.00846400	 -61.85259891   88.68501700 -587.48483315   38.47680823   15.81493385   -9.18530237	  74.70023099  -90.22483049 -421.98094494   26.92903532   26.27901305   -1.41912887	-21.95791832  71.70396137  21.85877577 -46.05650605  50.34890744  38.77068475 -10.87216017 -33.10929394 -26.21641780 -59.68132323  18.42701487 -12.74950063	-0.00674037  0.10342616 -0.18154713  0.76036474 -0.58368906  0.04138283 -0.00039801 -0.02098773 -0.38214713  0.85345303 -0.47486234  0.05921233	-0.01466563  0.26200235  0.40031888 -0.36665161  0.00146889  0.01737108 -0.02626164  0.31201539  0.27751859 -0.14303502 -0.15857801 -0.40110912	-0.01753229  0.21572137  0.36367954 -0.35031922 -0.00138989  0.00261035 -0.01571793  0.29343512  0.27187283 -0.13459046 -0.13934981 -0.37535028	 0.09701025 -0.16411493  3.92617868	 0.02137830 -0.01194345  0.01371865	 0.02161702 -0.01169546  0.01402092	 0.00500168 -0.00662057 -0.99996558	0.35000000	0.00000000	0.00000000	0.25483772	-0.32087615	0.38493666	0.73732388	-0.58513600	0.23911519	-0.46794671	0.21318099	-0.29133543	-0.23777959	0.17502767	0.34060916	0.70179087	0.89490217	0.28030497	-0.24673024	0.65104759	0.17306787	0.23902093	2.29263902	0.07418965	-0.46173397	0.48985332	0.58469260	
0.00800200	 -55.35238370   85.11233940 -566.71427522   37.10946625   18.40564446   -7.55977143	  71.16747694  -91.22786263 -442.13128366   28.25890060   25.02870058   -1.53243852	-20.56282517  68.60297704  20.29329772 -41.97622293  51.60674018  37.10190013 -11.05168598 -34.21339893 -25.69772176 -61.55108282  18.47355428 -11.15273838	-0.00683894  0.10510116 -0.17873765  0.75767101 -0.58368471  0.04137081 -0.00048407 -0.01864666 -0.37999672  0.85237950 -0.47596377  0.05616376	-0.00074386  0.22816540  0.34257491 -0.37046539 -0.01204673 -0.00970744 -0.01702303  0.33828892  0.24846906 -0.12765950 -0.15789153 -0.39766202	-0.01332620  0.21220807  0.35156809 -0.33810808 -0.00119931 -0.00103627 -0.01106425  0.29563938  0.26703079 -0.13488242 -0.14004300 -0.38310541	 0.09561363 -0.16284684  3.92492442	 0.02150870 -0.01136154  0.01270445	 0.02147463 -0.01157766  0.01302604	 0.00490718 -0.00679241 -0.99996489	0.35000000	0.00000000	0.00000000	0.24533603	-0.32600373	0.39287469	0.72664046	-0.58436531	0.24573041	-0.47530615	0.21530536	-0.30674446	-0.21853840	0.17163748	0.34431392	0.69459665	0.89949733	0.28774384	-0.23742136	0.65361476	0.17752188	0.24157353	2.26595545	0.09130278	-0.46154377	0.49327454	0.57905555	
0.00800800	 -51.08296756   82.71223824 -555.46200418   36.35950782   20.36402547   -6.75813924	  66.70567834  -91.33020460 -453.69888478   29.02403161   22.69425891   -1.59992992	-20.11125667  66.46219373  20.17913905 -40.53349811  52.72028536  34.81279534 -11.22361732 -33.20455003 -24.35523120 -63.73568161  17.06416784 -10.81527601	-0.00693921  0.10678076 -0.17598932  0.75503821 -0.58367892  0.04137158 -0.00059194 -0.01631579 -0.37786828  0.85131630 -0.47704958  0.05307096	 0.01801440  0.23806517  0.34730359 -0.36229273  0.00246543  0.00512239 -0.01515139  0.30159347  0.26985148 -0.13880260 -0.15473228 -0.38401979	-0.01168577  0.21288191  0.34300610 -0.33103040  0.00095581 -0.00067162 -0.01339638  0.29353699  0.26568420 -0.13498918 -0.13742069 -0.38851326	 0.09438863 -0.16155351  3.92367967	 0.02124854 -0.01157754  0.01285299	 0.02135761 -0.01148261  0.01277159	 0.00481523 -0.00696419 -0.99996416	0.35000000	0.00000000	0.00000000	0.23814625	-0.32391074	0.40220341	0.71472740	-0.57853824	0.25462836	-0.47736955	0.21631441	-0.31897223	-0.19906309	0.16782922	0.34031513	0.69100779	0.90164399	0.29766455	-0.22740084	0.65714967	0.17758051	0.24606915	2.24274611	0.10913052	-0.45965779	0.49974200	0.57631475	
0.00852000	 -45.75534451   79.45596523 -542.92908921   35.51993366   23.17311030   -5.56683134	  62.36782454  -91.20103987 -464.56726861   29.74808601   20.25924549   -1.36614611	-19.07264851  63.48780727  19.47560508 -37.72217944  53.41659182  32.72197869 -10.90843550 -32.53791642 -24.07653897 -65.46465521  15.70016134 -10.30740846	-0.00706843  0.10855996 -0.17311650  0.75234107 -0.58367419  0.04137183 -0.00067626 -0.01381844 -0.37562741  0.85019902 -0.47818662  0.04965787	-0.00996758  0.20844941  0.30262138 -0.29970602  0.01291085  0.00973665 -0.00498494  0.28367580  0.24037645 -0.13897447 -0.14842987 -0.39415880	-0.01618042  0.20977780  0.33511064 -0.31625541  0.00260605 -0.00075916 -0.00939661  0.29236995  0.26278813 -0.13207463 -0.13509782 -0.40424533	 0.09289786 -0.15982403  3.92224261	 0.02146764 -0.01136447  0.01252292	 0.02139985 -0.01144113  0.01261055	 0.00471671 -0.00714607 -0.99996334	0.35000000	0.00000000	0.00000000	0.23036832	-0.32259604	0.41100284	0.70061409	-0.57392770	0.26270053	-0.48226571	0.21851748	-0.33273548	-0.18084651	0.16406222	0.33797020	0.68572533	0.90623355	0.30697465	-0.21659189	0.65916288	0.17744008	0.24809869	2.21862626	0.12846123	-0.45956126	0.50733244	0.57183623	
0.00852200	 -39.94226990   76.55189077 -531.05748312   34.72702585   26.14161468   -4.05886794	  57.55479213  -90.25227953 -477.53719973   30.62048929   17.65967105   -1.49684441	-17.84268244  60.96335840  18.81204300 -35.31751318  54.48646402  30.28396857 -11.07096617 -31.52393031 -23.32131527 -67.67737933  14.35187142  -9.24005380	-0.00717461  0.11032210 -0.17034142  0.74973556 -0.58368678  0.04136638 -0.00078864 -0.01130449 -0.37344246  0.84909229 -0.47929795  0.04613507	-0.01827126  0.19131086  0.28894862 -0.28882470 -0.00360193 -0.00151446 -0.01610585  0.27311825  0.24156544 -0.11598851 -0.12591755 -0.39375450	-0.01399648  0.20770692  0.32124719 -0.30181647 -0.00124339 -0.00198905 -0.01294930  0.29292226  0.25381431 -0.12796429 -0.12886807 -0.41433141	 0.09124798 -0.15795043  3.92092310	 0.02126280 -0.01088672  0.01226217	 0.02134308 -0.01103767  0.01231401	 0.00462141 -0.00732843 -0.99996247	0.35000000	0.00000000	0.00000000	0.22241235	-0.32001364	0.42072639	0.68879884	-0.56822264	0.27256557	-0.48588294	0.21911314	-0.34576035	-0.16112527	0.16071743	0.33385625	0.68021238	0.91084188	0.31982443	-0.20531365	0.66022438	0.17590412	0.25320882	2.19133592	0.14582291	-0.45740750	0.51450384	0.56631619	
0.00800100	 -33.70239034   73.14666937 -517.83333180   33.84293770   29.31587203   -2.74858672	  51.86330451  -89.92672146 -491.80838562   31.57715320   14.49739626   -1.09001068	-16.81678342  58.02087379  18.34210723 -32.64423731  55.63730425  27.98077419 -10.53249789 -30.96474934 -22.13274364 -70.35798045  12.44341484  -8.25526953	-0.00727406  0.11197041 -0.16779447  0.74734280 -0.58368759  0.04137018 -0.00087277 -0.00892018 -0.37139060  0.84805563 -0.48033472  0.04269624	 0.01090904  0.18462636  0.28937841 -0.26808673  0.00509198 -0.01053695 -0.01116429  0.29312310  0.23119189 -0.09094969 -0.11268412 -0.41413417	-0.01018624  0.20591710  0.31345140 -0.29557946 -0.00069300 -0.00117641 -0.01110633  0.29782630  0.25474739 -0.12619638 -0.12651404 -0.42954563	 0.08972281 -0.15584688  3.91976864	 0.02121536 -0.01087849  0.01158278	 0.02123602 -0.01087493  0.01178646	 0.00453388 -0.00749872 -0.99996161	0.35000000	0.00000000	0.00000000	0.21105587	-0.32089430	0.43125767	0.67699242	-0.56245118	0.28201446	-0.49024683	0.22113961	-0.36251569	-0.14117840	0.15605818	0.32829410	0.67301518	0.91526532	0.33081913	-0.19393224	0.66425687	0.17545766	0.25709426	2.16287065	0.16732891	-0.45493534	0.52199972	0.56071359	
0.00846900	 -26.26625865   69.31782705 -500.40291481   32.68474804   33.12343880   -1.27700606	  46.40556704  -89.33759745 -509.95876735   32.79415710   11.51219877   -1.06293812	-15.82988889  55.03277314  17.49546294 -28.76500013  56.23414403  25.24633861 -10.60137413 -30.44014943 -21.66596659 -73.09133971  10.97149370  -6.72404882	-0.00739791  0.11369401 -0.16514569  0.74492450 -0.58367857  0.04136731 -0.00097250 -0.00639957 -0.36925760  0.84693995 -0.48140764  0.03895423	-0.01892310  0.17306916  0.28914215 -0.26766699 -0.00405047 -0.02150557 -0.01266957  0.29866282  0.23428618 -0.11492076 -0.10727283 -0.42387822	-0.01550755  0.20151222  0.30994267 -0.28060272  0.00093305 -0.00320986 -0.01301195  0.29878602  0.25134389 -0.12973704 -0.12317286 -0.44245423	 0.08777160 -0.15337937  3.91863469	 0.02084529 -0.01028245  0.01179439	 0.02098258 -0.01049782  0.01167295	 0.00444280 -0.00767815 -0.99996065	0.35000000	0.00000000	0.00000000	0.19812343	-0.32071474	0.44418278	0.66128820	-0.55713594	0.29195341	-0.49542475	0.22377184	-0.38039619	-0.11938896	0.14881818	0.31949764	0.66522074	0.92472702	0.34289584	-0.18349573	0.66243351	0.17537040	0.26089710	2.13140106	0.19060008	-0.45236292	0.53134948	0.55323046	
0.00802100	 -18.46799734   65.40792619 -484.46457861   31.62091017   37.17085427    0.84381075	  40.33654094  -88.40497794 -526.34929099   33.89601228    8.25839858   -0.74882101	-13.94735632  52.01248026  16.83884142 -25.27077122  57.11301559  22.25711307 -10.02835671 -29.39411974 -20.68386383 -75.64715755   9.19402049  -5.44308335	-0.00749986  0.11533048 -0.16276734  0.74273425 -0.58367567  0.04138431 -0.00104846 -0.00402939 -0.36729879  0.84591508 -0.48239743  0.03537025	-0.00931244  0.20406887  0.26540256 -0.25042925  0.02892651 -0.00139832 -0.02353308  0.27527469  0.21757485 -0.11782701 -0.11443357 -0.42881324	-0.01522159  0.20363031  0.29451249 -0.26827046  0.00330248  0.00157776 -0.01132360  0.29486330  0.24195974 -0.12639891 -0.12091012 -0.44702789	 0.08566105 -0.15068272  3.91760999	 0.01998488 -0.00946095  0.01038579	 0.02027991 -0.00973912  0.01083647	 0.00436323 -0.00784191 -0.99995973	0.35000000	0.00000000	0.00000000	0.18806918	-0.31568128	0.45701146	0.64668375	-0.55097365	0.30591369	-0.50019771	0.22601295	-0.39734036	-0.09574192	0.14289539	0.31083730	0.65668893	0.93313909	0.35890847	-0.17157999	0.66350067	0.17232656	0.26812533	2.09782481	0.21329856	-0.44714439	0.54159862	0.54383045	
0.00847300	 -10.04209981   59.99405114 -465.15293163   30.32389499   41.45627870    2.57410748	  33.19399104  -88.96539735 -545.27647965   35.14475852    4.18422872   -0.66198037	-12.72243421  47.78356826  16.47483832 -21.31443593  56.89095891  18.92777471  -9.96116385 -28.36332363 -19.17750789 -79.65195316   6.94726787  -4.82271186	-0.00758745  0.11703909 -0.16032192  0.74051872 -0.58367473  0.04136995 -0.00112354 -0.00150537 -0.36525660  0.84482980 -0.48340827  0.03147526	 0.00055087  0.23602539  0.30207561 -0.27192834  0.02933597 -0.02045180 -0.01369601  0.30324580  0.23042878 -0.12306988 -0.11905470 -0.47514706	-0.01027587  0.20311388  0.28654896 -0.25779622  0.00362605 -0.00258330 -0.01028255  0.29831487  0.23936016 -0.12726879 -0.11623106 -0.46363378	 0.08339013 -0.14743117  3.91650952	 0.01938243 -0.00913207  0.00952578	 0.01956341 -0.00922372  0.00973277	 0.00428401 -0.00800919 -0.99995875	0.35000000	0.00000000	0.00000000	0.17674810	-0.31035835	0.47265694	0.63597238	-0.54574794	0.32378197	-0.50272834	0.23231155	-0.41462976	-0.07040224	0.13646697	0.30007285	0.64482951	0.94438267	0.37399876	-0.15878350	0.66976953	0.17022154	0.27247316	2.05990601	0.24564570	-0.44183245	0.55279994	0.53254092	
0.00853800	   0.05634690   53.83263100 -440.79582887   28.69711445   46.56874014    4.43307837	  25.11873283  -88.38006037 -569.77511566   36.78455636   -0.56314534   -0.45266964	-11.49239867  43.46036816  15.75207184 -16.08426668  56.70981628  15.42417546  -9.73795306 -27.51152593 -18.27513535 -83.81878272   4.15913504  -2.88826956	-0.00770100  0.11870982 -0.15799889  0.73844667 -0.58368864  0.04138667 -0.00118755  0.00100850 -0.36323911  0.84373043 -0.48439076  0.02746275	-0.02620757  0.17924596  0.24360351 -0.22143898 -0.00964380 -0.00243830  0.00279600  0.27190370  0.23855391 -0.12082705 -0.10515641 -0.43743334	-0.01413888  0.19460806  0.26764675 -0.23852696 -0.00134757  0.00178481 -0.00855041  0.29287548  0.23603768 -0.12618864 -0.11403224 -0.46936005	 0.08085597 -0.14370529  3.91540193	 0.01862696 -0.00874287  0.00995823	 0.01887525 -0.00888379  0.00975558	 0.00420725 -0.00817109 -0.99995777	0.35000000	0.00000000	0.00000000	0.16469936	-0.30008662	0.49283656	0.62301040	-0.54220897	0.34642532	-0.50694531	0.24073264	-0.43229908	-0.04109073	0.12568319	0.28294066	0.62817216	0.96321118	0.39586666	-0.14899960	0.67692423	0.16330826	0.28298223	2.00505829	0.27783799	-0.43270996	0.56944168	0.50910425	
0.00845500	   9.60665429   48.20464822 -421.39475542   27.39067514   51.91450595    6.75694112	  16.20525332  -88.43659898 -587.63906455   37.97374644   -6.42172733    0.01003340	 -9.55341492  39.38366055  15.79911362 -11.62919555  56.42472124  10.65718004  -8.99349740 -25.56311989 -16.99375775 -88.76749733   0.35232945  -2.48071547	-0.00780890  0.12036740 -0.15577376  0.73651299 -0.58368393  0.04138390 -0.00125516  0.00353757 -0.36125443  0.84259937 -0.48531590  0.02327680	-0.03640830  0.17480602  0.27870620 -0.23268017  0.01197424  0.02090351  0.00196375  0.27286751  0.23499947 -0.14035623 -0.13935742 -0.50128159	-0.01553042  0.19296029  0.26063318 -0.22577707 -0.00042696  0.00142507 -0.00597601  0.29751852  0.23567158 -0.13306146 -0.11075272 -0.49833495	 0.07841528 -0.13962706  3.91418029	 0.01735931 -0.00907733  0.00926270	 0.01776152 -0.00897729  0.00944485	 0.00413103 -0.00832425 -0.99995682	0.35000000	0.00000000	0.00000000	0.12568189	-0.27304196	0.51305550	0.60318053	-0.53890133	0.38665411	-0.50666696	0.25442567	-0.45524967	-0.00718161	0.12288643	0.25508121	0.59349972	0.96418238	0.42653403	-0.12975229	0.70219797	0.14794686	0.30113563	1.89902973	0.33780992	-0.41763446	0.58942091	0.48083907	
0.00801600	  20.05262351   38.19354595 -375.74690154   24.40239062   55.19333084    7.06996518	   3.27499695  -90.12437074 -629.28925898   40.73069877  -14.55699935    0.89190644	 -7.47599516  32.05076694  14.34618841  -1.75522455  54.12209800   4.07542155  -8.08979287 -25.15965223 -14.72097270 -97.13207665  -5.08013141  -0.01262785	-0.00787359  0.12191695 -0.15381184  0.73489085 -0.58371368  0.04138434 -0.00131930  0.00595120 -0.35937712  0.84147174 -0.48615467  0.01910335	-0.01157781  0.20848502  0.23415431 -0.21842147 -0.03099683  0.01874042  0.01470902  0.32403101  0.24365295 -0.12858327 -0.13268034 -0.54176691	-0.00824098  0.19335629  0.24223786 -0.19943314 -0.00624268  0.00203876 -0.00486605  0.30273826  0.23527227 -0.14087103 -0.10661364 -0.52371039	 0.07650832 -0.13484604  3.91251151	 0.01637306 -0.01126175  0.01123476	 0.01673163 -0.01045963  0.01042366	 0.00404988 -0.00845947 -0.99995602	0.35000000	0.00000000	0.00000000	-0.12160626	-0.15431193	0.51078206	0.45614666	-0.49518609	0.53415567	-0.55469441	0.31064710	-0.55675721	0.14494744	0.13815813	0.17552507	0.48146540	0.81323528	0.52560371	-0.08422336	0.78358954	0.08226231	0.34867060	1.51358664	0.47927594	-0.36023751	0.58352828	0.42722294	
0.00851000	   8.63007517   -6.61699588 -235.39243331   15.00024228   35.76901527   -0.48199880	 -22.57206004 -110.96355800 -759.89408181   49.13280824  -31.94994905    8.54548016	  -2.03395948    9.30823886    7.68463855   40.47136486   44.33061415  -18.39546621    0.77801363  -27.68039513   -7.09848712 -126.71489474  -14.37013686    0.50785534	-0.00790810  0.12350802 -0.15204626  0.73387051 -0.58375790  0.04104655 -0.00143395  0.00850373 -0.35718614  0.84005245 -0.48700506  0.01408616	 0.01308502  0.20113477  0.17241302 -0.05606840  0.00761834 -0.06520458 -0.01889727  0.30067458  0.26538194 -0.20828284 -0.10502790 -0.60849225	-0.00355560  0.18701540  0.19763649 -0.09753424 -0.00428460 -0.05504040 -0.01484164  0.30220255  0.26374516 -0.17675330 -0.09990308 -0.60834698	 0.07881743 -0.12447864  3.90872939	 0.02311651 -0.02503376  0.01427754	 0.02113791 -0.02051189  0.01334103	 0.00389736 -0.00862775 -0.99995519	0.35000000	0.00000000	0.00000000	-0.58901161	0.02686818	0.55708635	0.16136344	-0.43500119	0.75108773	-0.61966842	0.41817489	-0.76045823	0.45644039	0.17712250	0.02992909	0.26322544	0.60641956	0.68846118	-0.00927710	0.89548248	-0.02306332	0.35444051	0.92899388	0.69619709	-0.22574188	0.59176171	0.41242027	
0.00846900	-27.39247392 -75.01490986 -82.52739973   4.88646496  14.62245556 -12.30008743	 -40.94288415 -132.59728384 -922.45105982   59.72241043  -48.80431915   17.50241229	   0.04541829  -12.98152462   -6.89533568  102.77783093   19.62151319  -54.00489199   10.78279547  -34.90163922   -6.84671993 -158.12671632  -24.40533194    5.98688293	-0.00793226  0.12518978 -0.15115493  0.73499203 -0.58377765  0.03846072 -0.00151983  0.01104236 -0.35441155  0.83821573 -0.48785335  0.00786852	-0.00004095  0.24690089  0.01194068  0.33380990 -0.00561564 -0.59530690 -0.01047739  0.31417125  0.39533535 -0.24176649 -0.11545493 -0.87202425	-0.00389722  0.20554712  0.07688013  0.20279010 -0.00265863 -0.40017060 -0.00916568  0.30023378  0.34433955 -0.22814538 -0.10250238 -0.76396684	 0.08847912 -0.10643957  3.90059070	 0.04017381 -0.06617285  0.01323867	 0.03470826 -0.05275669  0.01363830	 0.00351231 -0.00889645 -0.99995426	0.35000000	0.00000000	0.00000000	-0.86590230	0.06397961	0.68658644	-0.02482008	-0.44812539	0.81917024	-0.58811533	0.48252845	-0.90580404	0.64244348	0.19805594	-0.01823641	0.09877172	0.62708730	0.84984946	0.12005515	0.89287657	-0.07044619	0.30751494	0.66027915	0.85816425	-0.14761204	0.59591234	0.41478628	
0.00800900	-19.83337421 -79.61054148 -59.48955720   3.75912972  11.58954063 -11.53070446	  -47.79275420  -124.95733025 -1002.78554862    65.27008332   -60.38783547    19.82412880	  -1.16059486  -15.33327472  -22.27403750  112.47828379   -0.35869663  -58.93044347   13.14222798  -35.03912342  -23.88166250 -171.80843443  -31.24239269   18.36516222	-0.00793109  0.12699172 -0.15174631  0.73947916 -0.58398150  0.03163564 -0.00159859  0.01327974 -0.35127517  0.83616831 -0.48865494  0.00118299	-0.01459600  0.23916302 -0.19865373  0.83726125 -0.07081155 -1.22736615 -0.01556444  0.28810817  0.45534683 -0.24871011 -0.13692165 -0.86878501	-0.00159184  0.23023685 -0.10835318  0.63046108 -0.03642773 -0.94547117 -0.00830395  0.27817675  0.39823700 -0.25736067 -0.10172375 -0.83993515	 0.09425049 -0.08758039  3.89826840	 0.05197009 -0.08354614  0.00896322	 0.04819672 -0.07810650  0.01047656	 0.00289613 -0.00927143 -0.99995283	0.35000000	0.00000000	0.00000000	-0.98844683	0.08175066	0.73479593	-0.06576625	-0.49971676	0.79688209	-0.59817487	0.49726284	-0.94666684	0.61898595	0.20450895	0.01748321	-0.01242772	0.65939867	0.98457825	0.18788609	0.83615953	-0.10828704	0.27151325	0.54999286	0.93354630	-0.16131791	0.57275188	0.37218204	
0.00801300	 -6.64761868 -27.64017345   3.86200050   0.78542801   1.42657792  -0.97084112	  -51.42951370  -119.20577403 -1038.25589458    67.73720298   -62.68794720     9.99488106	  -1.20969098  -13.09367368  -26.88177674  103.73279163   -9.86257236  -39.54626739   13.42905892  -30.57353354  -30.00709537 -172.31185675  -30.90974432   23.34764838	-0.00792661  0.12882377 -0.15401432  0.74753915 -0.58455051  0.02096077 -0.00165007  0.01538093 -0.34803675  0.83401564 -0.48938097 -0.00570586	 0.01159926  0.23153788 -0.39450360  1.26367991 -0.07222700 -1.49626977 -0.02173724  0.25682933  0.41215031 -0.29777890 -0.07389067 -0.87152393	 0.00032868  0.22292533 -0.31168029  1.06759655 -0.07421274 -1.37129327 -0.00593648  0.26271768  0.40217779 -0.26750746 -0.08977810 -0.85826334	 0.09752513 -0.07095770  3.89595823	 0.04302439 -0.08430887  0.00470751	 0.04646413 -0.08423385  0.00594153	 0.00221681 -0.00966186 -0.99995087	0.35000000	0.00000000	0.00000000	-1.03075016	0.10332181	0.69574612	-0.06824902	-0.54543346	0.80386615	-0.61982423	0.53733867	-0.97113329	0.52011025	0.21317504	0.05943386	-0.07317948	0.64902526	1.06752753	0.17691129	0.80236256	-0.15215075	0.29494718	0.48549050	0.95440042	-0.21377507	0.53998142	0.33257216	
0.00852600	 -1.33633685 -11.63085228  10.14528487   0.23563554   0.26531911   0.10464928	  -50.50626224  -118.75785894 -1022.27382472    66.73446766   -59.86854165     8.98664936	  -0.77886479   -9.24040425  -29.09790767   86.11048687  -16.74525784  -21.29433388   13.96992141  -30.56843436  -30.07830174 -166.10723048  -28.48387939   22.32502308	-0.00792964  0.13042579 -0.15814671  0.75954633 -0.58557689  0.00804628 -0.00166857  0.01762123 -0.34469196  0.83183242 -0.49009260 -0.01311020	-0.00388335  0.17537337 -0.53248308  1.47623399 -0.13589156 -1.37579999 -0.00987964  0.25091905  0.33552344 -0.23044632 -0.07857497 -0.81405990	 0.00020496  0.18213473 -0.51179196  1.45711007 -0.13017650 -1.48872128 -0.00419173  0.26156513  0.38321426 -0.25420118 -0.08203188 -0.86468332	 0.09944676 -0.05552207  3.89296143	 0.02511657 -0.07651018  0.00265468	 0.03061694 -0.07901276  0.00321698	 0.00153159 -0.00994846 -0.99994934	0.35000000	0.00000000	0.00000000	-1.03804171	0.13586348	0.64683872	-0.09757137	-0.56290996	0.83018863	-0.61937600	0.57877630	-0.96558845	0.42165589	0.21436405	0.07558881	-0.10889070	0.61786371	1.09532392	0.14737675	0.79234517	-0.19117339	0.34056139	0.40819213	0.93287605	-0.25166205	0.49415439	0.28734952	
0.00846600	 2.07745648 -4.37660910  8.08331367  0.05291784  0.18325701  0.06779301	  -50.27839015  -123.95187153 -1004.22041562    65.57761683   -56.57159542     9.58186598	  -0.09580549   -1.65603347  -28.16241953   65.90004876  -18.85260808  -13.82835564   14.82839962  -35.92863429  -27.30039314 -160.33388513  -26.05151743   20.82118258	-0.00792699  0.13163810 -0.16374109  0.77428703 -0.58725125 -0.00400136 -0.00166428  0.01993115 -0.34151598  0.82975720 -0.49073104 -0.02070283	 0.00611042  0.10435219 -0.78048552  1.94861576 -0.25322408 -1.39135950  0.00827930  0.30305664  0.37092352 -0.25079935 -0.07453739 -0.94744747	 0.00132717  0.13577416 -0.68531678  1.78134495 -0.21231470 -1.38900582  0.00112757  0.27518519  0.37081488 -0.24324080 -0.07403148 -0.90036321	 0.10111549 -0.04157118  3.88973595	 0.00821401 -0.06683649  0.00171847	 0.01347440 -0.06989580  0.00198133	 0.00092395 -0.01008504 -0.99994872	0.35000000	0.00000000	0.00000000	-1.04099369	0.16426797	0.63044059	-0.14243592	-0.56261849	0.85577238	-0.59328371	0.60156775	-0.93617642	0.34339696	0.22341399	0.07207690	-0.12493502	0.58414930	1.09312642	0.12725243	0.79381740	-0.21743920	0.38995111	0.32466781	0.88168436	-0.26241878	0.44656211	0.24397878	
0.00801600	 4.72851640 -2.86288706  6.33809493  0.01700281  0.18581235  0.05286018	  -64.17887355   -62.00605507 -1096.53761010    42.18018951   -57.46392728    11.11645457	   0.52509204    7.02790317  -25.13136082   47.58095410  -17.27944963  -14.88614430   15.12156714  -43.57940197  -25.99302274 -155.28104091  -23.86794953   23.06159964	-0.00792241  0.13266740 -0.16996051  0.78983478 -0.58939319 -0.01392332 -0.00166948  0.02207565 -0.33878820  0.82815295 -0.49133645 -0.02690928	 0.02652320  0.14449908 -0.75503059  1.87223358 -0.26062297 -1.10906382  0.00833006  0.25133980  0.29861106 -0.15213362 -0.05665349 -0.55739064	 0.00335309  0.13417962 -0.78329618  1.95158036 -0.27403311 -1.21509587  0.00154122  0.26555856  0.33366030 -0.18749653 -0.07606356 -0.71407776	 0.10446181 -0.03438276  3.89312750	-0.03956726 -0.06560815  0.00018274	-0.02325810 -0.06594569  0.00068002	 0.00039868 -0.00996752 -0.99995024	0.35000000	0.00000000	0.00000000	-1.05317903	0.18030879	0.63926828	-0.20012358	-0.53661489	0.87728548	-0.57020098	0.60172576	-0.91133237	0.31748229	0.21585013	0.05088336	-0.13000889	0.54992402	1.09529614	0.12816101	0.77144432	-0.24813110	0.44807866	0.24865389	0.81981325	-0.23203254	0.39459923	0.22593072	
0.00847500	 6.90259257 -4.68775097  3.94928010  0.06106955  0.17428936  0.08210774	  -59.12033357   -65.10839530 -1083.50783400    30.25394383   -55.07127223    10.41810392	   2.51393453    4.69164808  -26.58057570   34.32651192  -16.46140663  -20.53553580   16.46789787  -56.45501840  -26.87681920 -150.74727720  -25.85051653    6.96526184	-0.00793015  0.13373062 -0.17727277  0.80735944 -0.59217875 -0.02351232 -0.00168194  0.02410434 -0.33632005  0.82720601 -0.49223704 -0.03080115	 0.01521991  0.10543004 -0.91128632  2.18427981 -0.38147089 -1.16683132 -0.02116280  0.26507782  0.26052687 -0.06657401 -0.13436761 -0.33645387	 0.00032150  0.11995982 -0.87520806  2.08677344 -0.33789710 -1.13184055 -0.00052211  0.23388683  0.28258193 -0.09876866 -0.11293378 -0.41638449	 0.10692177 -0.02665884  3.89735216	-0.05834474 -0.05876333 -0.00059926	-0.05354462 -0.06113461 -0.00037911	-0.00013218 -0.00952334 -0.99995464	0.35000000	0.00000000	0.00000000	-1.03618348	0.22616729	0.66717178	-0.29422760	-0.48253211	0.91130978	-0.53258115	0.60546446	-0.88206357	0.31527701	0.23519540	0.05386261	-0.13473450	0.52958626	1.03645265	0.15531862	0.77804583	-0.29204795	0.46916997	0.19204970	0.78099418	-0.22603534	0.36711890	0.21896115	
0.00800500	 7.34676177 -3.06458698  3.34407392  0.01404745  0.16604723  0.05696615	  -54.61415995   -73.04407528 -1071.74397344    15.47290625   -53.25293540    10.17884429	   1.59764894    7.98553646  -25.96808415   30.16695593  -15.35049467  -19.64315134   18.27659335  -66.32036400  -25.59073488 -154.20076293  -22.21870905  -15.55862512	-0.00793823  0.13452728 -0.18470664  0.82438022 -0.59520587 -0.03216633 -0.00169137  0.02565607 -0.33432362  0.82684218 -0.49330943 -0.03290835	-0.02352454  0.10397019 -1.00385159  2.24699086 -0.42968669 -1.11919184 -0.00615303  0.18552410  0.24156186 -0.03483105 -0.14062945 -0.21139174	-0.00229986  0.09572770 -0.94015491  2.13868330 -0.38678258 -1.07731266 -0.00341193  0.19131865  0.24459162 -0.04203202 -0.13634896 -0.25159728	 0.10882625 -0.01956286  3.90101706	-0.05865116 -0.04972573 -0.00088871	-0.05843346 -0.05281976 -0.00080674	-0.00056509 -0.00905178 -0.99995887	0.35000000	0.00000000	0.00000000	-1.00333416	0.28104857	0.66853857	-0.38173628	-0.42939436	0.95820332	-0.49649054	0.63295114	-0.89239842	0.29921758	0.24995044	0.05242154	-0.14219795	0.50222051	0.96482748	0.16225952	0.80593318	-0.30285215	0.48097801	0.15890594	0.74946958	-0.22441100	0.34076807	0.22930503	
0.00802300	 6.86273892 -0.61019852  2.94369368 -0.05386233  0.16349605  0.02217706	  -52.26242308   -75.28332707 -1052.89951393     1.25191288   -51.83855696    10.26729931	   0.91626264   12.94564456  -25.70388244   29.56060550  -12.20140725  -17.71932694   20.44508725  -74.83562374  -24.38907769 -154.04707485  -20.81598504  -32.88681644	-0.00792405  0.13506864 -0.19261777  0.84180952 -0.59847487 -0.04024477 -0.00168499  0.02701684 -0.33251160  0.82667974 -0.49445169 -0.03440078	 0.03061769  0.06522624 -1.04643373  2.28649710 -0.42391465 -0.98302206 -0.00086516  0.17247618  0.21577939 -0.00912998 -0.14814433 -0.18071982	 0.00203926  0.06640480 -0.99399098  2.17652726 -0.41021751 -0.99171896 -0.00006216  0.16774980  0.22271213 -0.01909893 -0.14256495 -0.18461753	 0.11046122 -0.01338060  3.90332118	-0.05986399 -0.04013828 -0.00093119	-0.05931524 -0.04334103 -0.00092631	-0.00092235 -0.00857901 -0.99996277	0.35000000	0.00000000	0.00000000	-0.97790933	0.31908134	0.66911197	-0.45233163	-0.38252762	0.98900676	-0.46726024	0.65778613	-0.90839946	0.27247351	0.26024014	0.04589300	-0.14681214	0.47173285	0.90064991	0.16046470	0.83554614	-0.31306371	0.49701190	0.13101391	0.71919405	-0.21803002	0.31237310	0.24125092	
0.00851600	 6.75793294  1.17858696  2.27065970 -0.11012786  0.14971219 -0.00179825	  -51.11643751   -77.70619047 -1038.45116510    -7.92000814   -50.16288717    10.40671761	   0.61648810   18.14304590  -24.47015015   26.62383606  -10.90075254  -17.77156922   21.44919030  -83.58565307  -22.85393077 -152.65626842  -19.50584695  -42.57099146	-0.00793793  0.13545781 -0.20151893  0.86064670 -0.60209843 -0.04808164 -0.00168586  0.02833235 -0.33072181  0.82661894 -0.49573904 -0.03573464	-0.00721649  0.02918006 -0.98430900  2.06847846 -0.38060422 -0.80683594 -0.01369950  0.12237429  0.18041268 -0.02002580 -0.12890848 -0.13915524	-0.00276908  0.04364049 -1.04608854  2.20271571 -0.42202389 -0.89895845  0.00006172  0.15056508  0.20651086 -0.00684173 -0.14981236 -0.15540761	 0.11228990 -0.00720696  3.90459860	-0.06041222 -0.03118682 -0.00089831	-0.06021280 -0.03395872 -0.00091697	-0.00122265 -0.00806744 -0.99996671	0.35000000	0.00000000	0.00000000	-0.96706176	0.34797373	0.67825180	-0.50777078	-0.33722809	1.00345039	-0.43749970	0.67807549	-0.91649455	0.25156263	0.27098167	0.02585251	-0.15500343	0.45231879	0.85464513	0.15324548	0.84951657	-0.32199228	0.51331377	0.10131498	0.68743175	-0.21210010	0.27992344	0.24427657	
0.00844500	 6.74038891  2.37774854  1.33114436 -0.15075601  0.12815280 -0.01683196	  -49.78161220   -78.40562226 -1027.28583350   -14.04963178   -47.98465299    10.27133771	   1.91030196   22.70505691  -22.64897855   22.56944753   -9.80953592  -18.53000616   22.40579130  -89.79660320  -21.62488561 -150.76818925  -17.81934781  -48.61452770	-0.00792347  0.13571415 -0.21083189  0.87964969 -0.60580379 -0.05521053 -0.00169175  0.02954174 -0.32901295  0.82659523 -0.49707152 -0.03693382	 0.01367603  0.03517219 -1.14326141  2.25364017 -0.44127686 -0.81395835  0.01533664  0.11801327  0.21440091  0.01965625 -0.16644846 -0.12566775	 0.00222796  0.02950005 -1.10992372  2.25246929 -0.43776026 -0.83384217 -0.00063363  0.14052349  0.20352190 -0.00124543 -0.16004781 -0.13942404	 0.11432720 -0.00143027  3.90503348	-0.05998401 -0.02391175 -0.00083204	-0.06009909 -0.02618375 -0.00087177	-0.00145420 -0.00755565 -0.99997040	0.35000000	0.00000000	0.00000000	-0.96000206	0.37252128	0.69259375	-0.54946727	-0.30073956	1.01478815	-0.40822819	0.69197226	-0.91503549	0.23191884	0.29287636	0.00635756	-0.16509752	0.43511763	0.82603449	0.14404535	0.85331631	-0.33745530	0.53080946	0.07294491	0.65681577	-0.20968214	0.24963671	0.24793653	
0.00802000	 6.76009500  3.71798549  0.13726107 -0.19015633  0.10003680 -0.03557002	  -46.70005917   -79.04691514 -1020.17450484   -17.82677674   -44.39064812     9.82867076	   2.44915387   25.79028738  -20.25324156   17.14966377   -8.76276885  -18.17160235   22.90090831  -94.57132077  -20.82102314 -148.46426344  -14.71522518  -52.13440567	-0.00793658  0.13590327 -0.21981964  0.89745271 -0.60927130 -0.06135567 -0.00169166  0.03056744 -0.32745952  0.82658956 -0.49834263 -0.03795641	-0.01498635  0.04217849 -1.05841166  2.11754207 -0.42668201 -0.66991156 -0.01041646  0.10303225  0.17340905  0.00816743 -0.16821456 -0.11482463	-0.00173789  0.02426850 -1.12731391  2.22597233 -0.43386889 -0.75853573 -0.00046612  0.12482853  0.19460818  0.00112600 -0.16089607 -0.12555162	0.11635267 0.00390334 3.90513813	-0.05806609 -0.01839128 -0.00082145	-0.05870500 -0.02021379 -0.00083224	-0.00162141 -0.00708333 -0.99997360	0.35000000	0.00000000	0.00000000	-0.96293038	0.39600381	0.69927704	-0.59060961	-0.26099163	1.01666367	-0.39052227	0.70614666	-0.92071766	0.22342283	0.30182874	-0.01786485	-0.17448021	0.42414981	0.80157655	0.12958887	0.84961528	-0.34456193	0.55326450	0.05054402	0.63060665	-0.20506851	0.22262301	0.25488138	
0.00848000	 6.90527961  3.91094408 -0.48507942 -0.19919865  0.09336400 -0.03648578	  -47.16077140   -76.83896631 -1015.27335133   -21.97838536   -42.88290251    10.04106850	   4.37186259   28.04152751  -20.48414740   15.42917816   -8.03224218  -19.45839375   23.37721404  -96.71445489  -19.28629164 -146.14287072  -13.59086761  -55.83538032	-0.00792835  0.13605616 -0.22955750  0.91610020 -0.61287675 -0.06740584 -0.00168097  0.03153404 -0.32584134  0.82656595 -0.49973828 -0.03889345	 0.00968502  0.05131765 -1.15507475  2.20345992 -0.41216065 -0.73382523  0.03460646  0.10954995  0.19499810 -0.02754655 -0.16086626 -0.09587879	 0.00107912  0.02180410 -1.15723014  2.20606207 -0.42500384 -0.71239140  0.00368049  0.11146580  0.19253716 -0.00358148 -0.16546210 -0.10806429	0.11861274 0.00905457 3.90491052	-0.05635368 -0.01366320 -0.00111456	-0.05685647 -0.01512901 -0.00101815	-0.00175583 -0.00659797 -0.99997669	0.35000000	0.00000000	0.00000000	-0.96294367	0.41963506	0.70940405	-0.62739366	-0.22350031	1.01833892	-0.36902413	0.71179891	-0.92673290	0.21991774	0.31081879	-0.03956642	-0.18178274	0.41417873	0.78791505	0.12548709	0.84398884	-0.35837168	0.57499760	0.02998922	0.61376363	-0.20369278	0.19996211	0.26500478	
0.00802100	 7.06000204  4.53748621 -1.17717572 -0.21535798  0.08042968 -0.04599576	  -46.67712338   -74.94859912 -1013.11137551   -25.76287923   -40.75767829    10.07899656	   5.54293428   29.24749506  -19.73931691   12.55730670   -7.70923763  -19.17315759   23.45528255  -99.13280630  -18.09244111 -143.68628177  -11.51211387  -59.31272733	-0.00792386  0.13618585 -0.23880561  0.93327851 -0.61617229 -0.07271028 -0.00168401  0.03234253 -0.32432124  0.82657671 -0.50111564 -0.03965105	 0.00607017  0.01534073 -1.22789549  2.20893338 -0.41849374 -0.66041695  0.01526227  0.07807714  0.17436050  0.00099619 -0.17797086 -0.07681092	 0.00112696  0.01701924 -1.15933136  2.14141387 -0.41053552 -0.65773699  0.00080230  0.09670804  0.18907423  0.00024738 -0.17367757 -0.09095114	0.12089958 0.01367154 3.90465745	-0.05418999 -0.01044887 -0.00189719	-0.05489815 -0.01149308 -0.00163105	-0.00185078 -0.00615618 -0.99997934	0.35000000	0.00000000	0.00000000	-0.96656913	0.44332263	0.71236563	-0.66872656	-0.18183617	1.01730371	-0.35555324	0.72218442	-0.93835962	0.22006777	0.31217441	-0.06547873	-0.18804832	0.40804639	0.77148092	0.11598066	0.83802521	-0.36518657	0.59753686	0.01323155	0.59754539	-0.20079446	0.17853948	0.27693102	
0.00852000	 7.13057760  4.52777696 -1.42037342 -0.21545702  0.08149421 -0.02941364	  -46.72416978   -72.09690207 -1013.67630086   -30.00276396   -38.70969326    10.45459369	   7.31418151   30.92910004  -20.78801532   12.31238464   -6.76626087  -20.13144350   24.08282773 -100.83470082  -16.94209742 -141.64302450   -9.27409038  -63.11469877	-0.00789266  0.13636749 -0.24868960  0.95107827 -0.61949611 -0.07802675 -0.00164975  0.03309422 -0.32270378  0.82657446 -0.50259918 -0.04036586	-0.01707566  0.01970762 -1.07940948  1.90475119 -0.34028254 -0.56892150  0.00742108  0.08219197  0.19170723  0.01171811 -0.18252774 -0.10173728	 0.00565174  0.02129847 -1.15822781  2.07328676 -0.38326174 -0.61811875  0.00541193  0.08552450  0.19041857  0.00019916 -0.17600681 -0.08218639	0.12321298 0.01828110 3.90444970	-0.05243966 -0.00741776 -0.00561241	-0.05294660 -0.00834575 -0.00442193	-0.00192557 -0.00570404 -0.99998188	0.35000000	0.00000000	0.00000000	-0.97018427	0.46401644	0.71601564	-0.70611936	-0.14280733	1.01550579	-0.34289938	0.72704095	-0.95323294	0.22079808	0.31405276	-0.08559711	-0.19407310	0.39993414	0.75815541	0.11607353	0.83090061	-0.36947769	0.62042397	-0.00022645	0.58873171	-0.19883861	0.15659621	0.29460961	
0.00847400	 7.45943998  4.49626284 -1.52680667 -0.21066573  0.08409189 -0.01557892	  -47.44162100   -67.87001958 -1016.28373197   -34.15619868   -36.68531332    10.20532250	   8.46431877   31.23397553  -22.06488998   12.04599069   -7.03257854  -20.30256665   23.80359375 -102.89165020  -15.25821053 -139.31343234   -6.93344763  -65.99134862	-0.00769886  0.13662796 -0.25866817  0.96839241 -0.62266166 -0.08312418 -0.00159318  0.03374463 -0.32110407  0.82658151 -0.50411495 -0.04094320	 0.03597438  0.03904877 -1.24917091  2.10556896 -0.40379252 -0.61258871 -0.01116949  0.06267001  0.16635407  0.03567012 -0.17799608 -0.05891559	 0.02754002  0.03315039 -1.18063103  2.03515865 -0.37096937 -0.60059543  0.00760016  0.07438755  0.18729701  0.00314552 -0.17832345 -0.06731817	0.12548566 0.02279798 3.90445462	-0.05010112 -0.00509908 -0.01006165	-0.05077464 -0.00580509 -0.00866163	-0.00197741 -0.00526921 -0.99998416	0.35000000	0.00000000	0.00000000	-0.97031224	0.47951034	0.71730334	-0.73241514	-0.10948879	1.02040184	-0.33017552	0.73312408	-0.95878619	0.22268879	0.32333121	-0.09620736	-0.20191638	0.39018223	0.75039577	0.11685007	0.82611585	-0.38118979	0.64251751	-0.01444343	0.57934320	-0.20054977	0.12957844	0.30876827	
0.00800400	 7.53726824  4.92801156 -1.99555060 -0.21671090  0.07945389 -0.02441111	  -47.36231609   -63.52462317 -1016.61149512   -38.11790180   -34.76229531    10.26527991	   8.21211699   30.86421776  -21.98666859   10.31858571   -6.31052877  -19.42849420   23.84853537 -103.81704545  -14.23536678 -137.99545634   -4.91795801  -68.96907443	-0.00738232  0.13692998 -0.26812724  0.98420726 -0.62544154 -0.08766772 -0.00148621  0.03423102 -0.31958113  0.82657351 -0.50558441 -0.04129065	 0.04162747  0.06248962 -1.23054764  2.02616810 -0.37450810 -0.57388129  0.04146070  0.03556145  0.17598540  0.00263714 -0.19191914 -0.00605597	 0.04345130  0.04051223 -1.19014835  1.97791598 -0.34791499 -0.56711692  0.01583262  0.05885270  0.18967219 -0.00069410 -0.18306501 -0.03985971	0.12771032 0.02681215 3.90461661	-0.04768582 -0.00370327 -0.01454534	-0.04845981 -0.00415310 -0.01304355	-0.00201138 -0.00487895 -0.99998608	0.35000000	0.00000000	0.00000000	-0.97133219	0.49605313	0.71809882	-0.76167101	-0.07377105	1.02436614	-0.32611001	0.74235040	-0.96763015	0.22882235	0.32411903	-0.10777471	-0.20543258	0.37797651	0.74283653	0.11438861	0.82267851	-0.39005578	0.66581255	-0.02502162	0.56712735	-0.19857217	0.10638151	0.32385886	
0.00853800	 7.75819385  4.78885745 -2.27224145 -0.20963174  0.07760206 -0.02068642	  -46.86638616   -60.75134569 -1016.20989053   -42.01527596   -32.67441593     9.94454696	   8.46598727   30.95616889  -23.08207371    9.87934112   -6.48125681  -19.87259686   23.37814940 -104.01854420  -13.66605189 -135.72756678   -2.77528764  -73.15444779	-0.00687402  0.13730961 -0.27822640  1.00046239 -0.62818304 -0.09216125 -0.00135637  0.03464748 -0.31794920  0.82657537 -0.50716052 -0.04152242	 0.07122630  0.03492545 -1.11585491  1.73777440 -0.30072592 -0.45091661  0.01623593  0.02844416  0.19798989 -0.00317823 -0.13953464 -0.04304046	 0.06273585  0.04551140 -1.17866369  1.88158152 -0.31808057 -0.51861568  0.01566389  0.04608405  0.19159467  0.00043014 -0.18214538 -0.02710359	0.12983863 0.03059155 3.90486346	-0.04554603 -0.00174337 -0.01891216	-0.04615533 -0.00236500 -0.01757457	-0.00203379 -0.00448414 -0.99998788	0.35000000	0.00000000	0.00000000	-0.97380936	0.51533663	0.71359098	-0.79889733	-0.03463421	1.02569783	-0.32524154	0.75078434	-0.97794777	0.23715913	0.31459886	-0.12063488	-0.20546399	0.36444646	0.73145252	0.12223478	0.82056719	-0.39024773	0.68718618	-0.03331525	0.56117576	-0.19229469	0.08075207	0.34251496	
0.00847800	 7.87460982  4.05330525 -2.13153004 -0.18840542  0.08865489 -0.00800366	  -47.37630638   -58.11215677 -1018.11521154   -45.71441239   -30.67724309     9.96883024	   8.60465154   30.83462524  -24.78954713   11.06333530   -5.90448866  -21.23816600   23.39130637 -105.02823663  -12.21858292 -133.85496494   -0.58783639  -76.59746629	-0.00619131  0.13778788 -0.28841046  1.01616063 -0.63067935 -0.09647619 -0.00116783  0.03498572 -0.31633000  0.82656826 -0.50876938 -0.04168864	 0.07215348  0.07392305 -1.23681289  1.88292242 -0.32038974 -0.50563196  0.04625296  0.03445460  0.19329701 -0.00206456 -0.20861806 -0.03783126	 0.08251326  0.05784104 -1.19781802  1.83555517 -0.28988253 -0.50469390  0.02330371  0.03843002  0.19216540 -0.00120276 -0.18859965 -0.02160497	0.13173637 0.03409350 3.90517249	-0.04328292  0.00019053 -0.02302908	-0.04394226 -0.00040138 -0.02174230	-0.00203901 -0.00410785 -0.99998948	0.35000000	0.00000000	0.00000000	-0.97358012	0.52782017	0.71600413	-0.82484901	-0.00246252	1.03044772	-0.31825921	0.75375831	-0.98484462	0.24435791	0.31851438	-0.12503338	-0.20742942	0.35051572	0.72406113	0.13386005	0.81834334	-0.39599296	0.70879060	-0.04132587	0.55717641	-0.19283897	0.05393568	0.36092833	
0.00851300	 8.01638747  4.22195278 -2.41454016 -0.18793607  0.08091168 -0.01788478	  -45.89616266   -54.98988775 -1018.49020239   -48.94490053   -27.50542009     9.53801126	   8.12058510   30.04339540  -24.68180583    9.97272079   -6.42701624  -20.57491910   22.73463871 -105.81096554  -11.21240670 -132.70848843    2.49318556  -78.65741003	-0.00533227  0.13834991 -0.29871107  1.03132339 -0.63291927 -0.10071144 -0.00096720  0.03524380 -0.31470794  0.82657913 -0.51037805 -0.04177627	 0.10450313  0.03758903 -1.14719479  1.69213289 -0.23166570 -0.45778086  0.00595549  0.03474613  0.19516163  0.03196837 -0.16082609  0.01893729	 0.10255643  0.06421112 -1.20612651  1.76497846 -0.25661433 -0.49008137  0.02256592  0.02914012  0.19167871  0.00292762 -0.18853841 -0.00783691	0.13355430 0.03743571 3.90560168	-0.04039716  0.00155059 -0.02602197	-0.04128293  0.00113971 -0.02510151	-0.00203016 -0.00375315 -0.99999090	0.35000000	0.00000000	0.00000000	-0.97622508	0.54000193	0.71282333	-0.85085303	0.03175003	1.03362417	-0.32134941	0.76489598	-0.99345577	0.25450557	0.31670904	-0.13305295	-0.21028273	0.33772466	0.72064483	0.13721478	0.81556994	-0.39626014	0.72969514	-0.04876785	0.55039281	-0.19218466	0.02513824	0.37778789	
0.00850800	 8.06521665  4.32856656 -2.39314568 -0.18751316  0.08110627 -0.02470995	  -45.04414401   -51.74127370 -1018.16510955   -52.10107731   -25.08424902     9.60730669	   7.78857188   29.91286337  -25.51459252   10.59289381   -6.57752211  -20.35040346   22.74690747 -105.72735286  -10.45824114 -131.73554406    4.73794343  -81.26936072	-0.00435521  0.13899619 -0.30910797  1.04592388 -0.63495817 -0.10475846 -0.00073402  0.03541080 -0.31308671  0.82656813 -0.51201083 -0.04184614	 0.11023723  0.07322793 -1.18565549  1.63032557 -0.20416081 -0.44425736  0.02239268  0.03404086  0.16140271 -0.01298469 -0.18592620 -0.02055592	 0.11690586  0.07640843 -1.21494720  1.69452892 -0.23144516 -0.46857997  0.02552579  0.01946689  0.18745055 -0.00194049 -0.19132726 -0.00838958	0.13516611 0.04039665 3.90598538	-0.03817246  0.00298603 -0.02879856	-0.03882852  0.00254297 -0.02793284	-0.00200974 -0.00342080 -0.99999213	0.35000000	0.00000000	0.00000000	-0.97535843	0.55254906	0.70863134	-0.87522006	0.06540751	1.03780317	-0.32181033	0.77310598	-1.00284863	0.26206571	0.31325924	-0.13853171	-0.21099924	0.32287019	0.71819699	0.14573342	0.81256062	-0.39973432	0.75021887	-0.05542924	0.54523462	-0.19116494	-0.00189782	0.39648333	
0.00847400	 7.98787665  4.07928612 -2.58210316 -0.17597704  0.08010484 -0.02640824	  -44.72701402   -48.34070626 -1017.21285214   -55.10825177   -23.12971592     9.36616922	   7.50753666   28.84264457  -25.77518483   10.27770256   -5.86664531  -20.42298733   22.31412171 -105.61019278   -9.55691007 -130.63777333    6.51570278  -83.17290413	-0.00326345  0.13970252 -0.31960173  1.05997674 -0.63676842 -0.10859039 -0.00047122  0.03551373 -0.31144515  0.82656761 -0.51363342 -0.04185893	 0.12466405  0.09364513 -1.17354421  1.55959732 -0.20643301 -0.40953889  0.02612257  0.00123280  0.17897315 -0.01303636 -0.17924719 -0.00021065	 0.12877973  0.08556445 -1.23442048  1.64120050 -0.20875625 -0.44643796  0.02941245  0.01122110  0.19257142 -0.00170535 -0.19054173 -0.00225687	0.13677754 0.04311713 3.90629328	-0.03585701  0.00398162 -0.03081010	-0.03657720  0.00368854 -0.03020409	-0.00197871 -0.00310712 -0.99999322	0.35000000	0.00000000	0.00000000	-0.97512203	0.56335783	0.70999104	-0.89725107	0.09759019	1.04383135	-0.32349992	0.78070897	-1.00709546	0.27288884	0.31187621	-0.14163572	-0.20898740	0.30740762	0.71756786	0.15284085	0.81027871	-0.40583074	0.77174580	-0.06239619	0.53681248	-0.18995175	-0.02671582	0.41416749	
0.00800900	 7.90889658  3.81183967 -2.89496939 -0.16434443  0.07546611 -0.02911094	  -43.30952707   -43.40034385 -1015.31575963   -57.92735778   -20.73708163     9.11922596	   7.15424849   28.09378111  -25.93778632    9.63990546   -5.37271920  -20.56476748   21.82930351 -104.88609576   -9.30312018 -129.62008509    8.70223305  -85.06237280	-0.00215389  0.14041499 -0.32957740  1.07267734 -0.63821306 -0.11202916 -0.00021186  0.03555214 -0.30990580  0.82656117 -0.51520170 -0.04187023	 0.14478181  0.05714684 -1.18712853  1.48088636 -0.15007942 -0.42301172  0.05949435  0.01108036  0.17520360 -0.00595164 -0.20284741 -0.00371588	 0.13872849  0.08773772 -1.24298504  1.56994966 -0.17666155 -0.42604810  0.03480292  0.00405924  0.18909470 -0.00332792 -0.19602875 -0.00178537	0.13811503 0.04512373 3.90653723	-0.03488214  0.00518772 -0.03189182	-0.03507756  0.00478342 -0.03153842	-0.00194118 -0.00282651 -0.99999412	0.35000000	0.00000000	0.00000000	-0.97513753	0.57572633	0.70771438	-0.92095006	0.13075502	1.04535997	-0.32926890	0.78763098	-1.01499569	0.28480566	0.30595702	-0.14616403	-0.20661370	0.29213637	0.71702850	0.16208282	0.80793840	-0.40485030	0.79181242	-0.06711414	0.53096980	-0.18852505	-0.05142791	0.43261456	
0.00846000	 7.79744735  3.58805973 -3.10407898 -0.15499143  0.07050280 -0.02880052	  -42.06074321   -38.93497523 -1012.31178115   -60.65722134   -18.16452828     8.68774263	   7.07775793   27.77876949  -26.01425787    9.46031525   -5.07247739  -20.79323345   21.15828797 -104.96596789   -8.55884325 -128.68169555   10.93730740  -86.73642123	-0.00093617  0.14126765 -0.34026556  1.08563003 -0.63945205 -0.11551235  0.00006390  0.03557860 -0.30823801  0.82656348 -0.51685991 -0.04187272	 0.16203584  0.08903841 -1.35600529  1.62297148 -0.14813096 -0.45369979  0.07457426  0.01842926  0.21194386 -0.02058177 -0.23128777 -0.00721036	 0.14632217  0.10123295 -1.27251989  1.52668794 -0.14255125 -0.41305281  0.03561636  0.00274974  0.19837946 -0.00321002 -0.19877015 -0.00158612	0.13944668 0.04647861 3.90656686	-0.03570905  0.00622048 -0.03209029	-0.03539991  0.00590078 -0.03202830	-0.00189156 -0.00252766 -0.99999502	0.35000000	0.00000000	0.00000000	-0.97431988	0.58175999	0.71249861	-0.94117540	0.16096480	1.05177784	-0.32663667	0.79351217	-1.01939642	0.29303694	0.30758381	-0.14951217	-0.20619582	0.27487874	0.71736366	0.16822127	0.80217844	-0.41032815	0.81072497	-0.07260936	0.52454317	-0.18805638	-0.07944426	0.45572317	
0.00803900	 7.65596196  3.21155053 -3.51105511 -0.13726026  0.05573761 -0.03294529	  -39.03570031   -34.03536112 -1009.94052302   -62.98097204   -14.82538331     8.55761764	   6.94800556   25.78938162  -25.19815047    8.40444615   -5.27420358  -20.56383370   20.90417703 -105.21243620   -8.67396011 -127.33315247   13.92703906  -87.79107213	 0.00024399  0.14214052 -0.35038230  1.09723251 -0.64033991 -0.11863514  0.00031966  0.03558088 -0.30668685  0.82657342 -0.51844409 -0.04186554	 0.14528264  0.10671663 -1.32148010  1.45827745 -0.09918864 -0.42143623  0.04794119 -0.00840626  0.18944853  0.00708605 -0.20384680  0.03301168	 0.14796246  0.10958791 -1.26891520  1.44111679 -0.10747424 -0.38999379  0.03362723  0.00037262  0.19444655  0.00122330 -0.19925757  0.00225644	0.14049848 0.04741651 3.90653689	-0.03717267  0.00739173 -0.03306003	-0.03667279  0.00699810 -0.03271443	-0.00183633 -0.00223653 -0.99999581	0.35000000	0.00000000	0.00000000	-0.97686815	0.58757144	0.71162206	-0.96563363	0.19458862	1.05239451	-0.33309931	0.80446845	-1.02703500	0.30653310	0.30340981	-0.15395638	-0.20466425	0.26285395	0.71463889	0.17323446	0.79374242	-0.40932864	0.82939100	-0.07495709	0.52040952	-0.18641822	-0.10531773	0.47889522	
0.00850000	 7.56811024  2.31306075 -3.48728771 -0.10716661  0.05880925 -0.02182728	  -38.50644030   -30.93571891 -1010.65911376   -64.48231170   -12.67458330     8.43049360	   7.22913879   24.30498171  -25.90397118    8.99477018   -4.66851392  -21.42803156   20.67763545 -104.98919940   -7.78529478 -126.44115186   15.75768846  -89.24982893	 0.00151706  0.14312048 -0.36119449  1.10895015 -0.64097934 -0.12181820  0.00060704  0.03557943 -0.30501836  0.82657706 -0.52012048 -0.04188197	 0.14262044  0.10277754 -1.22859271  1.27214238 -0.07689290 -0.37004626  0.03838278  0.00215848  0.18774393  0.00388803 -0.18481844 -0.00691355	 0.14942922  0.11659705 -1.27219600  1.36405650 -0.07075485 -0.37543027  0.03352872 -0.00075393  0.19570237  0.00210466 -0.19605318 -0.00168970	0.14152055 0.04822179 3.90650621	-0.03903436  0.00843927 -0.03427394	-0.03844923  0.00812097 -0.03389811	-0.00176804 -0.00191282 -0.99999661	0.35000000	0.00000000	0.00000000	-0.97593087	0.59078544	0.71382236	-0.98666090	0.22863016	1.05287111	-0.33446538	0.80973279	-1.03482282	0.32158533	0.30105612	-0.15712935	-0.20086320	0.25017375	0.71118051	0.18339822	0.78626066	-0.41114300	0.84803605	-0.07695732	0.51909196	-0.18649793	-0.13039088	0.50353634	
0.00846200	 7.82303625  1.75436784 -3.63196759 -0.08488583  0.05074954 -0.01949464	  -38.07522225   -28.25235837 -1009.85970731   -65.41475985   -10.85532921     8.26024152	   7.41109230   22.60953116  -26.02713180    8.44056961   -4.43002528  -21.50404260   20.39735942 -105.53108120   -7.24673575 -125.16835898   17.37749219  -90.02848625	 0.00283463  0.14413213 -0.37206842  1.12001466 -0.64127870 -0.12493131  0.00091273  0.03558891 -0.30335319  0.82656982 -0.52183018 -0.04187695	 0.15866732  0.12378302 -1.41832777  1.35485909 -0.00933174 -0.36526300  0.04793276  0.01214560  0.22897297  0.01485737 -0.20273463 -0.00473869	 0.15664521  0.12014638 -1.29496279  1.30170100 -0.03052500 -0.36915810  0.03744264  0.00148862  0.19854201  0.00024013 -0.19972143  0.00039700	0.14253979 0.04890462 3.90648052	-0.04101221  0.00929528 -0.03549404	-0.04038404  0.00902702 -0.03510813	-0.00169188 -0.00157272 -0.99999733	0.35000000	0.00000000	0.00000000	-0.97400767	0.58938271	0.71802604	-1.00387228	0.26091617	1.05240345	-0.33595335	0.81674302	-1.03873324	0.33441851	0.30365005	-0.15755472	-0.19937931	0.23549446	0.70847267	0.18921459	0.78001314	-0.41538337	0.86436653	-0.07940103	0.51543832	-0.18873525	-0.15809783	0.52685004	
0.00801500	 7.91090100  1.68066852 -3.83473016 -0.07658345  0.02999930 -0.03107235	  -35.99530868   -26.70431437 -1009.42485719   -65.57011108    -8.16075593     7.71370257	   6.93640048   21.14613986  -24.81969604    7.67201727   -4.47303913  -20.89351538   19.60880198 -106.32399464   -7.28030056 -124.38215888   19.96552308  -90.61813140	 0.00407968  0.14512756 -0.38232124  1.12983691 -0.64140734 -0.12778825  0.00120289  0.03558081 -0.30177961  0.82656758 -0.52346978 -0.04187052	 0.15977932  0.14828530 -1.33039967  1.27384722 -0.02711033 -0.38294276  0.06498439 -0.01086126  0.21583718  0.00895333 -0.22845614  0.03834193	 0.15651456  0.12672843 -1.28849276  1.22369378 -0.01486333 -0.35676445  0.03800330 -0.00098995  0.19623226 -0.00034454 -0.20605605  0.00285302	0.14352701 0.04941202 3.90651223	-0.04297064  0.00968767 -0.03577023	-0.04231715  0.00956237 -0.03569004	-0.00161526 -0.00123681 -0.99999793	0.35000000	0.00000000	0.00000000	-0.96980500	0.58770621	0.71626186	-1.01887727	0.29208407	1.05297136	-0.34080285	0.82739079	-1.04249179	0.34804317	0.30540454	-0.15833169	-0.19672252	0.22482559	0.70310831	0.19279847	0.77063417	-0.41862831	0.88111240	-0.07923962	0.51024330	-0.18980183	-0.18425801	0.54858720	
0.00853900	 8.01001737  1.25106116 -3.98661710 -0.05833262  0.02078738 -0.03166437	  -34.80655735   -27.89069363 -1009.41915452   -65.60242240    -6.07123065     7.48715670	   7.05243764   19.29563975  -24.73102266    7.10600737   -2.26563027  -20.86258310   19.41401526 -106.47295284   -7.19691931 -123.16672772   21.78631447  -91.76072347	 0.00538392  0.14613019 -0.39320177  1.13955826 -0.64145941 -0.13062199  0.00151515  0.03557470 -0.30008594  0.82658093 -0.52519207 -0.04191752	 0.13485292  0.07891253 -1.15780948  1.00378862 -0.00684135 -0.28731877  0.04136847 -0.02239404  0.19040022  0.01129308 -0.17640869 -0.00758134	 0.15275950  0.11491577 -1.26911943  1.12132518 -0.00560338 -0.32914204  0.03740679 -0.00367424  0.19645392  0.00234891 -0.20072723 -0.00623704	0.14450318 0.05033144 3.90665025	-0.04343769  0.01025435 -0.03628659	-0.04332672  0.01007693 -0.03612272	-0.00153013 -0.00086903 -0.99999845	0.35000000	0.00000000	0.00000000	-0.96463412	0.59024900	0.71282125	-1.03805983	0.32833105	1.05037844	-0.35037225	0.83598697	-1.04718411	0.36578202	0.30239716	-0.16026807	-0.18731029	0.21565925	0.69144958	0.19888523	0.76535833	-0.41805863	0.89985335	-0.08113249	0.50221229	-0.18943284	-0.20399725	0.56873119	
0.00800200	 8.14004961  1.06875478 -4.03137402 -0.05243207  0.02067931 -0.02913175	  -35.30392802   -29.36490381 -1009.07184837   -65.59053956    -5.16390957     7.09741121	   7.13560283   19.31226134  -25.20065863    6.72117352    0.69266450  -21.22845221   18.97351842 -107.11516571   -6.67816008 -122.07365963   22.49158247  -92.10013998	 0.00660091  0.14704552 -0.40343048  1.14807552 -0.64147377 -0.13312621  0.00180285  0.03557950 -0.29848141  0.82657273 -0.52684409 -0.04209905	 0.15887048  0.09631722 -1.15668751  0.96847746  0.00789664 -0.27030082  0.01514401 -0.00086427  0.19092094 -0.01230679 -0.19036584 -0.04213131	 0.15149825  0.11172166 -1.26486615  1.04462050 -0.00010797 -0.30705256  0.03425203 -0.00096383  0.19773044 -0.00028162 -0.20268049 -0.02578592	0.14547289 0.05131113 3.90676334	-0.04311198  0.01074301 -0.03585128	-0.04322225  0.01059041 -0.03601071	-0.00144572 -0.00052310 -0.99999882	0.35000000	0.00000000	0.00000000	-0.95640266	0.58537388	0.71391010	-1.04777002	0.36092663	1.04737008	-0.35286802	0.83669633	-1.04870403	0.37783301	0.30676201	-0.16131639	-0.17976306	0.20563839	0.68128943	0.20443386	0.76036859	-0.42313686	0.91711539	-0.08324271	0.49283230	-0.19158855	-0.22471967	0.58907354	
0.00848100	 8.00839771  0.93996052 -4.43026489 -0.04393793  0.00821129 -0.03325409	  -34.50056711   -26.01823449 -1007.17331994   -65.47378587    -3.57666227     7.07399440	   7.04029790   18.29041040  -24.10571204    5.33325670    3.45168662  -20.92549646   18.91351687 -108.04526258   -6.69958381 -121.80148429   23.91744469  -90.75207150	 0.00787701  0.14796572 -0.41426355  1.15634634 -0.64148038 -0.13566085  0.00211485  0.03558357 -0.29676192  0.82657619 -0.52862815 -0.04238354	 0.12512315  0.12445103 -1.19127422  0.86220786  0.00899140 -0.26732127  0.03585930  0.00888963  0.19779874 -0.00717909 -0.21208595 -0.06289831	 0.14844869  0.10834594 -1.26791733  0.95391932  0.00134514 -0.29353969  0.03739759  0.00020648  0.20113847  0.00061301 -0.20861063 -0.03649721	0.14666705 0.05208677 3.90687326	-0.04424786  0.01078675 -0.03579297	-0.04387934  0.01078315 -0.03580189	-0.00135387 -0.00015266 -0.99999907	0.35000000	0.00000000	0.00000000	-0.95108104	0.57885879	0.71634138	-1.05371153	0.39470211	1.04414439	-0.36047757	0.84232700	-1.04989183	0.39379343	0.31252411	-0.16044050	-0.17496841	0.19671415	0.67856109	0.20604077	0.75212103	-0.42708784	0.93288261	-0.08534324	0.47898877	-0.19358993	-0.24514115	0.60978281	
0.00847000	 7.65896850  0.91984632 -4.79026264 -0.03799056 -0.00931008 -0.04003188	  -32.36393501   -24.25840729 -1004.77780711   -65.32971715    -1.61016487     6.30668708	   6.76859946   17.10096592  -22.62150828    4.37466029    7.44342443  -20.38250451   17.87539127 -108.42318940   -7.50956923 -121.36657736   25.46915866  -90.12837982	 0.00910079  0.14881694 -0.42496078  1.16380230 -0.64149644 -0.13792407  0.00241797  0.03558770 -0.29502150  0.82657580 -0.53043260 -0.04269852	 0.14921629  0.12910923 -1.27888150  0.87763043 -0.01118103 -0.24897018  0.05175467  0.00899691  0.20972148  0.01421202 -0.24906663 -0.04386400	 0.14275214  0.10127114 -1.26354213  0.86662216 -0.00210369 -0.26232794  0.03561523  0.00212664  0.20516982  0.00186380 -0.21597314 -0.03823146	0.14789525 0.05263423 3.90695522	-0.04596282  0.01086004 -0.03460094	-0.04543201  0.01083559 -0.03499516	-0.00126192  0.00023068 -0.99999918	0.35000000	0.00000000	0.00000000	-0.94174463	0.57106709	0.72016299	-1.06245685	0.42889339	1.04441142	-0.36986700	0.84660983	-1.04979086	0.41081065	0.31687039	-0.15849456	-0.16640128	0.18686518	0.67158067	0.20658877	0.74430746	-0.43200549	0.94975966	-0.08697569	0.46136522	-0.19182205	-0.26388550	0.63320273	
0.00803000	 7.03376854  0.45167846 -5.31601404 -0.02179851 -0.02106360 -0.03658484	  -29.94433424   -24.14029267 -1002.48147098   -65.19763260     0.47674217     5.92808619	   6.71774365   15.71569228  -20.94396822    2.83644887   11.89235857  -20.75532565   17.46360259 -109.17748046   -8.32110854 -120.73279062   27.16900581  -90.12555003	 0.01022291  0.14953148 -0.43489300  1.16996967 -0.64144337 -0.13981289  0.00270503  0.03557761 -0.29336709  0.82656609 -0.53213447 -0.04306371	 0.12626017  0.07287125 -1.13171091  0.64805365 -0.00636541 -0.21442013  0.03522654 -0.02737102  0.16923786 -0.02669644 -0.19690063 -0.05575434	 0.13857457  0.08846278 -1.23177787  0.75262066  0.00809069 -0.23092927  0.03668551 -0.00242694  0.20443169 -0.00217835 -0.21324749 -0.04770772	0.14905771 0.05328708 3.90704962	-0.04692568  0.01100588 -0.03377604	-0.04662816  0.01095563 -0.03404164	-0.00117458  0.00060255 -0.99999913	0.35000000	0.00000000	0.00000000	-0.93361390	0.56557178	0.72008455	-1.07351196	0.46648139	1.03864312	-0.38385355	0.84946793	-1.05148232	0.43505922	0.31946531	-0.15523687	-0.15688573	0.17680885	0.65903991	0.21227047	0.73873425	-0.42979640	0.96557879	-0.08214736	0.44566017	-0.19027244	-0.28066480	0.65672797	
0.00846100	 6.29183092  0.19995183 -5.59096724 -0.01475401 -0.01639314 -0.02748758	  -30.02218660   -24.91284025 -1002.31967813   -65.19590023     1.02112683     5.18004963	   6.75938300   15.59310806  -20.35627025    2.22682447   15.47710396  -21.15781382   16.59444597 -109.73529243   -8.50355000 -119.69516358   27.28739458  -90.24154174	 0.01129987  0.15019399 -0.44524379  1.17559403 -0.64115806 -0.14162098  0.00298640  0.03558044 -0.29156570  0.82656386 -0.53397892 -0.04351463	 0.09655352  0.08426026 -1.27106147  0.64472444  0.08946270 -0.24277759  0.06775143 -0.00576746  0.24879649  0.00261913 -0.24613416 -0.04274082	 0.12451467  0.07800093 -1.22146956  0.64824519  0.04301284 -0.21353215  0.03692355 -0.00106788  0.21457833 -0.00129649 -0.22180082 -0.05522198	0.15047967 0.05394869 3.90714709	-0.04751781  0.01086176 -0.03141426	-0.04732595  0.01092297 -0.03219236	-0.00108164  0.00100382 -0.99999891	0.35000000	0.00000000	0.00000000	-0.92568171	0.55599058	0.72660702	-1.08576334	0.50731653	1.03114438	-0.38840452	0.84754068	-1.05650485	0.45557711	0.32193744	-0.15782785	-0.15010934	0.16676800	0.64735186	0.21478185	0.73035032	-0.43190742	0.97831017	-0.07566658	0.43384516	-0.19160610	-0.29824349	0.68422067	
0.00801500	 5.47900804  0.22368190 -5.89887077 -0.01132958 -0.02704664 -0.02039427	  -27.12323640   -24.57211650 -1002.13170034   -65.19799315     3.59541328     4.60581734	   7.62890558   14.72393513  -18.51122211    1.56016563   17.63392290  -20.60517238   16.07946572 -111.25609183   -9.51297508 -119.27709481   29.80284172  -89.80248892	 0.01228774  0.15071552 -0.45477001  1.17991953 -0.64052686 -0.14311400  0.00323451  0.03558285 -0.28987117  0.82656483 -0.53572357 -0.04403856	 0.13246169  0.05139001 -1.25502946  0.51030133  0.13276795 -0.17736581  0.06643132 -0.00039967  0.20921844  0.00153181 -0.20777275 -0.05331728	 0.12377544  0.06395705 -1.19218426  0.52781510  0.08806718 -0.18358071  0.03418713  0.00054290  0.21197048 -0.00172584 -0.21919097 -0.06470835	0.15181825 0.05486302 3.90736921	-0.04740684  0.01065921 -0.03039419	-0.04745379  0.01072571 -0.03071654	-0.00099592  0.00138358 -0.99999855	0.35000000	0.00000000	0.00000000	-0.91700149	0.54448539	0.72567630	-1.09890890	0.54687923	1.02259052	-0.40076858	0.85320616	-1.06307054	0.47918582	0.32320628	-0.15899286	-0.14666495	0.15806657	0.63471383	0.21416041	0.72165269	-0.42372316	0.98786652	-0.06681713	0.42029229	-0.19114201	-0.31981561	0.71107125	
0.00803900	 4.72766487  0.05660759 -5.91840892 -0.00690995 -0.03135965 -0.01720582	 -25.87882609  -25.24991470 -999.37252201  -65.01470812    4.96484190    3.80755356	   7.38125528   14.40678963  -17.22974849    1.99366866   19.43974368  -20.91452608   15.21226417 -112.55751944   -9.82512974 -119.34684184   30.57123739  -89.07662797	 0.01320349  0.15110390 -0.46401992  1.18329375 -0.63940609 -0.14438495  0.00346149  0.03553211 -0.28813554  0.82657922 -0.53750295 -0.04457983	 0.09701678  0.04877178 -1.04607900  0.32499887  0.16228121 -0.13833071  0.00017574 -0.00512528  0.16878619  0.02363726 -0.18948263 -0.06609996	 0.11211569  0.04647329 -1.14194804  0.40269636  0.14951796 -0.15433401  0.02775123 -0.00789338  0.21346988  0.00295038 -0.21876310 -0.06718192	0.15332524 0.05620542 3.90736263	-0.04549835  0.00989569 -0.02833091	-0.04615401  0.01015618 -0.02903386	-0.00091397  0.00175540 -0.99999804	0.35000000	0.00000000	0.00000000	-0.90849918	0.53309000	0.72795188	-1.11727464	0.59110779	1.00867403	-0.41181016	0.85427344	-1.07586884	0.50996423	0.31672257	-0.16839522	-0.14194614	0.15470186	0.62214315	0.21550396	0.70946163	-0.41549680	0.99715674	-0.05304195	0.40872189	-0.19140574	-0.33794719	0.73442233	
0.00845800	 4.52893542 -0.02473903 -5.86087433 -0.00548695 -0.03115041 -0.00454919	  -25.67647097   -27.03457831 -1000.85752616   -65.12301801     5.84479175     3.76041453	   8.62813958   15.05501521  -17.12715285    1.82688795   19.69130825  -21.29285961   15.50298786 -113.17426062  -10.30997929 -118.78200114   31.41094485  -89.60281062	 0.01414307  0.15138090 -0.47356234  1.18581473 -0.63763238 -0.14556548  0.00370400  0.03543970 -0.28624863  0.82656142 -0.53942650 -0.04511758	 0.11331449  0.02944975 -1.09122680  0.20130355  0.23873663 -0.13272252  0.00296204 -0.02143402  0.19642498 -0.01888608 -0.21926271 -0.06036203	 0.11029602  0.03170130 -1.12047222  0.27526135  0.22086106 -0.13885226  0.02649409 -0.01264641  0.22230105 -0.00378467 -0.22723174 -0.06370670	0.15496452 0.05796458 3.90749223	-0.04314130  0.00942334 -0.02823290	-0.04388030  0.00956748 -0.02823693	-0.00083263  0.00213136 -0.99999738	0.35000000	0.00000000	0.00000000	-0.89964771	0.52678978	0.72853500	-1.13740087	0.63445640	0.99579465	-0.41707319	0.85494220	-1.08565104	0.53417975	0.31191888	-0.17616338	-0.14065927	0.14517206	0.61130720	0.21774042	0.69668573	-0.40851063	1.00147235	-0.03833396	0.39993876	-0.19413166	-0.35799968	0.76088929	
0.00802400	 3.72807264  0.96662989 -5.42669499 -0.03694152 -0.04277104 -0.01607332	  -22.53043470   -29.54391819 -1001.00105541   -65.15289764     8.71288973     2.85879051	   8.58210258   14.82299918  -15.34753152    2.88877099   19.91221869  -20.48480365   14.52771950 -114.64682007  -11.11337735 -118.26837257   34.06765929  -89.90254080	 0.01503488  0.15149805 -0.48223701  1.18721268 -0.63538028 -0.14646458  0.00394077  0.03529438 -0.28445058  0.82657522 -0.54125092 -0.04566024	 0.11481507  0.02262665 -1.13359191  0.12958106  0.30943811 -0.07623544  0.02552096 -0.02551013  0.21909640  0.01227103 -0.24308758 -0.06427428	 0.10942916  0.01416329 -1.07802257  0.15730359  0.28978151 -0.10715152  0.02968331 -0.01826134  0.22332906  0.00098685 -0.22685921 -0.06681507	0.15651442 0.05964398 3.90752355	-0.04113707  0.00864093 -0.02789723	-0.04161513  0.00893104 -0.02802247	-0.00076073  0.00246598 -0.99999667	0.35000000	0.00000000	0.00000000	-0.88738829	0.51633549	0.72420520	-1.15699220	0.67441183	0.98689532	-0.42799059	0.86189449	-1.09746063	0.56174785	0.30443788	-0.18168166	-0.13766059	0.13754064	0.59707636	0.21671560	0.68563300	-0.39454153	1.00801682	-0.02099592	0.38851482	-0.19334513	-0.37988025	0.78463691	
0.00802100	 1.65901389  0.88568841 -2.33070720 -0.03694846 -0.03476382 -0.00789468	  -20.90549897   -30.91505230 -1006.42693853   -65.51010006    10.51836931     1.96585500	   8.79788636   15.26107728  -14.66968174    3.22097589   19.76285326  -20.97589344   13.61884882 -115.77327847  -11.45821847 -118.06098324   35.42348993  -90.16627526	 0.01591329  0.15154720 -0.49063944  1.18782670 -0.63260750 -0.14717485  0.00415638  0.03511048 -0.28259933  0.82657899 -0.54311727 -0.04620623	 0.08866617  0.00716817 -0.96077219  0.05207917  0.31786059 -0.07455613  0.02977495 -0.03742162  0.21662839  0.00097073 -0.21885249 -0.06920030	 0.10732359  0.00471367 -1.03888955  0.06853035  0.34945164 -0.08417613  0.02825292 -0.02385894  0.23097313  0.00200669 -0.23233903 -0.06791861	0.15839028 0.06092992 3.90667319	-0.04161772  0.00561380 -0.02657877	-0.04136908  0.00672438 -0.02702386	-0.00070327  0.00279561 -0.99999584	0.35000000	0.00000000	0.00000000	-0.87206727	0.50554353	0.72404701	-1.17237520	0.71208435	0.97899103	-0.43025303	0.86146039	-1.10398006	0.58660215	0.30109936	-0.18872032	-0.13388376	0.13026819	0.58360559	0.21954495	0.66992497	-0.38878104	1.01283097	-0.00240206	0.37905881	-0.19445272	-0.40114015	0.80625427	
0.00849500	 0.64246239  1.08598655 -0.97621431 -0.04446016 -0.03537529 -0.00614525	  -18.97687789   -32.83358474 -1011.58401795   -65.85791841    12.34363856     1.60634641	   9.23944261   14.50354004  -14.24071034    1.92388718   19.52206470  -20.98559734   13.51051406 -117.26575756  -12.66558957 -117.10879588   37.07469705  -90.58711255	 0.01683796  0.15157861 -0.49942118  1.18808488 -0.62910668 -0.14774963  0.00437103  0.03490437 -0.28059420  0.82657210 -0.54511340 -0.04678215	 0.12141076  0.01255137 -0.98695008  0.03092177  0.41997150 -0.05514908  0.01462127 -0.02534476  0.19602255  0.02194168 -0.21223093 -0.06365663	 0.10910617  0.00349433 -1.02404369  0.02561531  0.41719660 -0.06287774  0.02496313 -0.02540546  0.23411958  0.00114059 -0.23536234 -0.06821101	0.16048343 0.06233303 3.90550587	-0.04302651  0.00194742 -0.02620307	-0.04257441  0.00306510 -0.02630547	-0.00067306  0.00315533 -0.99999480	0.35000000	0.00000000	0.00000000	-0.85312283	0.49460316	0.72815782	-1.18572056	0.74745351	0.97418332	-0.42663664	0.86134434	-1.10348988	0.60605001	0.30707434	-0.19069511	-0.13246585	0.12020914	0.56738603	0.21902883	0.65027726	-0.39135084	1.01527083	0.01296834	0.36634699	-0.19755153	-0.42409667	0.82869750	
0.00848800	 0.82194777  1.54057933 -1.43769690 -0.06092152 -0.05521372 -0.01903949	  -17.29581039   -34.85902191 -1010.17931091   -65.77747188    13.81725692     1.29893725	   9.07418900   12.81070390  -12.99071124   -0.86204989   17.50414118  -21.04116413   13.37196764 -118.50189495  -13.74954336 -116.73421350   38.19162968  -90.50952089	 0.01772449  0.15158943 -0.50804308  1.18793634 -0.62510201 -0.14817483  0.00459316  0.03466832 -0.27849783  0.82656401 -0.54714198 -0.04731657	 0.09035100  0.01880213 -0.94184011 -0.02460385  0.49370537 -0.05090899  0.01391083 -0.03274834  0.23068128 -0.00532461 -0.21426987 -0.02771531	 0.10389156  0.00219514 -1.00618297 -0.02419682  0.47733994 -0.04720674  0.02424396 -0.02972273  0.24678594 -0.00205327 -0.23808449 -0.06099658	0.16261720 0.06385680 3.90458584	-0.04383548 -0.00080951 -0.02655560	-0.04359263  0.00004080 -0.02644300	-0.00067003  0.00352489 -0.99999356	0.35000000	0.00000000	0.00000000	-0.83612865	0.48449078	0.73435527	-1.19845462	0.78269345	0.96791416	-0.42260575	0.86616725	-1.09894252	0.62859112	0.31119922	-0.19408268	-0.13088147	0.11213625	0.55447739	0.21660158	0.62682480	-0.39542854	1.01443708	0.03081315	0.35559988	-0.20157921	-0.44562533	0.84772038	
0.00800000	 0.88025453  1.77508294 -1.79550764 -0.06827285 -0.06968119 -0.02531816	  -15.37524486   -36.36997768 -1010.80989920   -65.83755671    15.48452457     0.95180669	   9.24986919   11.04708600  -12.21577201   -2.53716398   16.47428159  -20.95204306   13.12169487 -118.73158264  -15.05290756 -115.25816548   39.70242298  -90.85953426	 0.01854995  0.15158814 -0.51593934  1.18735207 -0.62099674 -0.14840340  0.00480763  0.03442634 -0.27650343  0.82657667 -0.54908511 -0.04783358	 0.09362643  0.00236393 -0.89631357 -0.07966545  0.49668893 -0.02130150  0.02115691 -0.02612080  0.23427943  0.01055392 -0.22554718 -0.07965964	 0.10257835  0.00036678 -0.97897728 -0.07941888  0.51696630 -0.02620358  0.02405950 -0.03251616  0.24944042  0.00200969 -0.24031496 -0.06552470	0.16449907 0.06535228 3.90405801	-0.04441797 -0.00215791 -0.02757304	-0.04422675 -0.00172236 -0.02723503	-0.00068359  0.00387796 -0.99999225	0.35000000	0.00000000	0.00000000	-0.81574756	0.47447228	0.73333067	-1.20948327	0.81517041	0.96386379	-0.42224225	0.87109399	-1.09294045	0.64974648	0.31514278	-0.19233355	-0.12630916	0.10324849	0.53936541	0.21830955	0.60574555	-0.39938089	1.01636708	0.04852439	0.34577253	-0.20443919	-0.46562007	0.86686999	
0.00800000	 0.80034947  1.87069599 -2.35513872 -0.07375077 -0.08070872 -0.02974711	  -14.16715468   -37.33608892 -1007.19951628   -65.60933748    17.03149176     0.41942014	   9.06405890    8.99114609  -11.13647401   -4.73981911   16.70794626  -21.09370077   12.62188373 -119.21970701  -15.35072943 -114.80050334   40.88868588  -90.33149147	 0.01935583  0.15158264 -0.52360135  1.18624373 -0.61654895 -0.14852656  0.00503802  0.03415442 -0.27446113  0.82656524 -0.55105903 -0.04832055	 0.11414975 -0.00131306 -0.92211391 -0.16657630  0.60499161 -0.02576068  0.04221857 -0.06247736  0.26539281 -0.00247301 -0.23664315 -0.06623023	 0.09960861 -0.00117809 -0.94671606 -0.14778545  0.56091589 -0.01367051  0.02793983 -0.03746458  0.25450992 -0.00073412 -0.24500561 -0.06140465	0.16644722 0.06694774 3.90351507	-0.04435863 -0.00330310 -0.02823306	-0.04439833 -0.00291815 -0.02802408	-0.00070662  0.00423331 -0.99999079	0.35000000	0.00000000	0.00000000	-0.79794574	0.46143091	0.73460215	-1.21584499	0.84809881	0.95698816	-0.42369029	0.87319708	-1.08918500	0.67697746	0.31907028	-0.19098854	-0.12129387	0.09626579	0.52586800	0.21960923	0.58540374	-0.40233168	1.02002442	0.06870682	0.33607534	-0.20904317	-0.48374984	0.88592100	
0.00847500	 0.64464422  1.80808778 -2.78919431 -0.07317189 -0.09581472 -0.03193212	  -12.20537942   -38.26293057 -1005.15403697   -65.49067282    18.74945060    -0.28864099	   9.06404029    6.92753494   -9.87983317   -6.28616108   16.33256936  -20.82298830   11.92052255 -119.02192116  -16.47770116 -113.77318591   42.21419817  -90.27575648	 0.02016686  0.15158994 -0.53143239  1.18441281 -0.61148666 -0.14857731  0.00526985  0.03383384 -0.27225838  0.82657431 -0.55317552 -0.04881415	 0.08078184 -0.00181699 -0.93474542 -0.27377473  0.64625819 -0.01092727  0.01412259 -0.05440620  0.29714289  0.00434027 -0.23077819 -0.04421222	 0.09351562 -0.00025523 -0.91959489 -0.23301152  0.60717839 -0.00654715  0.02656048 -0.03995402  0.26236287  0.00159661 -0.24920229 -0.05676159	0.16846796 0.06869755 3.90304048	-0.04394400 -0.00383334 -0.02850720	-0.04408660 -0.00367212 -0.02843053	-0.00073846  0.00460851 -0.99998911	0.35000000	0.00000000	0.00000000	-0.78104764	0.44807380	0.73492628	-1.22513568	0.88212019	0.95124012	-0.42519903	0.87717241	-1.08596122	0.70241219	0.32201585	-0.18945399	-0.11721341	0.08928858	0.51272583	0.21950284	0.56266487	-0.40590930	1.02078938	0.09050773	0.32865092	-0.21350226	-0.50125861	0.91027796	
0.00853600	 0.07557682  1.80299230 -3.05309783 -0.07364667 -0.11463773 -0.03400211	   -9.51524128   -38.79493021 -1003.71881512   -65.41126634    20.81688525    -0.92868115	   9.16335769    3.92538001   -7.77516611   -6.80912816   16.56919970  -20.33282734   11.36602921 -118.95940351  -17.77860520 -113.47915971   43.85219622  -89.98290288	 0.02094079  0.15159566 -0.53886712  1.18185951 -0.60605754 -0.14859059  0.00552489  0.03345313 -0.27003420  0.82657114 -0.55532989 -0.04929865	 0.10629435 -0.00665852 -0.80147021 -0.30810431  0.61653668  0.01082330  0.04976844 -0.04301277  0.25052861  0.00137267 -0.23503578 -0.06610272	 0.09044570  0.00039655 -0.86244129 -0.31311837  0.64114693 -0.00076720  0.03006927 -0.04648781  0.26140634  0.00099578 -0.25151512 -0.05660917	0.17052572 0.07059680 3.90261874	-0.04326360 -0.00426770 -0.02924611	-0.04348809 -0.00412991 -0.02901203	-0.00077416  0.00497898 -0.99998731	0.35000000	0.00000000	0.00000000	-0.75912750	0.43152177	0.73023111	-1.22873533	0.91432142	0.94524378	-0.43437195	0.88328195	-1.08376527	0.73182100	0.32747456	-0.18335232	-0.11169021	0.08496698	0.49904725	0.22346219	0.54076087	-0.40870064	1.02331734	0.11712046	0.32179561	-0.21850100	-0.51675415	0.93168610	
0.00846000	-0.17417203  1.35478517 -3.49746154 -0.05765669 -0.12728753 -0.03104759	   -8.29922435   -39.08474113 -1001.21162284   -65.25629470    21.91569349    -1.70381127	   9.00007279    1.28733940   -6.53199489   -8.25055137   16.74420588  -19.89326125   10.48302465 -118.32799053  -18.72219001 -113.04771516   44.46849400  -89.73259509	 0.02164129  0.15157524 -0.54585041  1.17848803 -0.60026483 -0.14861420  0.00576116  0.03304213 -0.26777355  0.82657256 -0.55750637 -0.04972862	 0.08760695 -0.01719262 -0.86396449 -0.48312609  0.75149695 -0.03093195 -0.00065930 -0.02692533  0.31259490  0.01331943 -0.30229680 -0.03470074	 0.08253630 -0.00302520 -0.81983833 -0.41658142  0.69387139 -0.00443324  0.02632216 -0.04934604  0.26897374  0.00153152 -0.26017183 -0.05074177	0.17262878 0.07285237 3.90222933	-0.04107983 -0.00433589 -0.02887928	-0.04181819 -0.00432099 -0.02904013	-0.00081226  0.00533779 -0.99998542	0.35000000	0.00000000	0.00000000	-0.74134189	0.41500118	0.72899520	-1.23555648	0.95058608	0.93590039	-0.44042063	0.88569492	-1.08432209	0.76184279	0.32957843	-0.18302760	-0.10764919	0.08190846	0.48501864	0.22303361	0.51788300	-0.41140893	1.02246118	0.14398964	0.31817865	-0.22633199	-0.53051054	0.95716798	
0.00802100	-0.79756329  0.47940009 -3.54400448 -0.02608746 -0.14902975 -0.02081303	   -5.25577537   -38.09063355 -1003.50322170   -65.41692987    24.14161418    -2.10790983	   9.32203406   -1.59178513   -4.19044648   -7.71019759   16.21882510  -18.65498443   10.17841579 -117.89710140  -20.45042240 -113.20365980   46.52426997  -89.26749039	 0.02222691  0.15148890 -0.55196332  1.17456288 -0.59448601 -0.14859903  0.00598901  0.03256042 -0.26562531  0.82656183 -0.55956944 -0.05010767	 0.06761767 -0.03785266 -0.72483810 -0.51129952  0.72469545  0.01569352  0.01070749 -0.05412204  0.28435788 -0.00271527 -0.24904466 -0.04697741	 0.07269972 -0.01453163 -0.75572591 -0.50321427  0.72643969  0.00280834  0.02567123 -0.05905128  0.26915326 -0.00129856 -0.25862359 -0.04765699	0.17460398 0.07582729 3.90219187	-0.03674806 -0.00427075 -0.02961564	-0.03821643 -0.00428991 -0.02935749	-0.00084797  0.00564889 -0.99998369	0.35000000	0.00000000	0.00000000	-0.71856034	0.39901957	0.72141188	-1.24146783	0.98237091	0.92993814	-0.45422992	0.89566571	-1.08397567	0.79240072	0.33187792	-0.18107709	-0.10189532	0.08289621	0.47045055	0.22042620	0.49372464	-0.41159034	1.02265763	0.17159009	0.31100038	-0.23286134	-0.54096353	0.97492850	
0.00801300	-1.11291482 -0.02988118 -3.77093475 -0.00753410 -0.15878910 -0.01238161	   -4.62252132   -37.71623984 -1002.24893665   -65.34190891    24.92485324    -2.72445973	   9.48882716   -3.10124102   -3.20195869   -8.26664021   16.44533774  -17.92217886    9.46460846 -116.80712891  -21.09872779 -113.18832028   46.83721554  -88.99117029	 0.02274326  0.15130831 -0.55760369  1.16984194 -0.58840417 -0.14861461  0.00624189  0.03196913 -0.26345858  0.82656408 -0.56165815 -0.05041223	 0.04734431 -0.02174701 -0.62537852 -0.60404350  0.72225011 -0.00772987  0.04477860 -0.05912677  0.22014595 -0.00823843 -0.23891008 -0.05761670	 0.06137448 -0.02458932 -0.69247057 -0.59927015  0.76060503 -0.00270480  0.03095078 -0.07420040  0.26783026 -0.00157604 -0.25904148 -0.03998857	0.17668975 0.07919006 3.90219896	-0.03151757 -0.00422311 -0.02972221	-0.03325297 -0.00423316 -0.02970892	-0.00088326  0.00592082 -0.99998208	0.35000000	0.00000000	0.00000000	-0.69541794	0.38756245	0.71119589	-1.24227774	1.01725709	0.92126513	-0.46655855	0.89836770	-1.08471644	0.82439971	0.33094838	-0.18068171	-0.09579928	0.08252524	0.45877054	0.22219798	0.47309774	-0.41327631	1.02362311	0.20091245	0.30549151	-0.24236391	-0.54907751	0.99019831	
0.00850100	-1.45878625 -0.46385286 -4.04661428  0.00843490 -0.17307625 -0.00109240	   -4.17699519   -38.50065752 -1000.29136950   -65.22796841    25.30727439    -3.61971098	  10.08080906   -4.40912297   -1.72096790   -8.85663696   16.34289546  -16.21774977    8.49012286 -115.49805427  -22.12914012 -113.52386051   46.87256214  -89.32436323	 0.02325114  0.15094346 -0.56301073  1.16395362 -0.58160533 -0.14861097  0.00647771  0.03122926 -0.26111022  0.82656790 -0.56392469 -0.05068751	 0.03961678 -0.04082911 -0.54499167 -0.66368436  0.74129962 -0.01609998  0.01522628 -0.09480633  0.24593149  0.01082539 -0.22779011 -0.00785305	 0.05667721 -0.04619997 -0.61887357 -0.70482477  0.80032886 -0.00112985  0.02679714 -0.08952845  0.27386268 -0.00036588 -0.26190481 -0.03286013	0.17911431 0.08304167 3.90218104	-0.02540856 -0.00430822 -0.02896275	-0.02731719 -0.00427154 -0.02921958	-0.00092091  0.00616131 -0.99998059	0.35000000	0.00000000	0.00000000	-0.67096609	0.37940079	0.69814271	-1.24991798	1.05399919	0.91176397	-0.48241556	0.90384972	-1.08943582	0.85560071	0.32407475	-0.18540138	-0.08882076	0.08227776	0.44646755	0.21984953	0.45465165	-0.41110376	1.02195323	0.23306227	0.29709882	-0.25088233	-0.55541086	1.00477684	
0.00845500	-1.92173870 -0.58344648 -4.02415745  0.01339621 -0.18495559  0.00189247	   -3.26498341   -39.52905085 -1000.66437926   -65.26983573    26.14615429    -4.04927499	  10.31296277   -4.55879420   -0.46315883   -8.38196332   16.15522934  -14.73556805    8.15282502 -114.48018932  -23.43335572 -113.71066508   47.67747214  -89.76272345	 0.02370203  0.15042129 -0.56782005  1.15713479 -0.57447290 -0.14861018  0.00671981  0.03041873 -0.25872976  0.82656273 -0.56624120 -0.05106016	 0.05928925 -0.10573390 -0.57702613 -0.90170105  0.91389724 -0.01923746  0.02724147 -0.10211559  0.29730458 -0.02938421 -0.29535597 -0.05867262	 0.05147249 -0.06764474 -0.55758007 -0.82470410  0.85361257 -0.00070786  0.02728765 -0.09791264  0.28321924 -0.00192480 -0.27491867 -0.04578270	0.18161769 0.08703478 3.90219469	-0.01981752 -0.00419515 -0.02846198	-0.02156043 -0.00421801 -0.02862917	-0.00095854  0.00635152 -0.99997937	0.35000000	0.00000000	0.00000000	-0.64940476	0.36962640	0.68445373	-1.25884998	1.09014165	0.90113068	-0.49609631	0.90853781	-1.09959257	0.88257480	0.31603542	-0.19064787	-0.08479506	0.08058697	0.43462765	0.21678695	0.43645078	-0.40189961	1.01736963	0.26625475	0.29135206	-0.26006237	-0.56298673	1.02370238	
0.00802600	-2.69153743 -0.68664249 -3.84989649  0.01761483 -0.20634251  0.00537610	   -0.16985694   -38.51046508 -1000.70643555   -65.27514452    28.54189250    -5.28121745	  10.69372601   -4.74855533    1.79378498   -6.95190480   15.62017746  -12.89726564    6.83098343 -114.58432317  -24.95120806 -114.51542592   49.90562439  -88.54931736	 0.02408458  0.14980062 -0.57174614  1.14986895 -0.56748588 -0.14861830  0.00695107  0.02955633 -0.25644987  0.82655897 -0.56845656 -0.05145106	 0.04583358 -0.08457004 -0.44848263 -0.90769559  0.86020425 -0.02375918  0.01745572 -0.10911586  0.27858637 -0.00128317 -0.29669370 -0.05381147	 0.04613144 -0.07965060 -0.48190100 -0.91907011  0.87794563 -0.00299199  0.02831772 -0.10872617  0.28620398 -0.00198599 -0.27862454 -0.04850252	0.18401394 0.09104745 3.90221593	-0.01452379 -0.00433653 -0.02743453	-0.01629336 -0.00428256 -0.02778918	-0.00099401  0.00648754 -0.99997846	0.35000000	0.00000000	0.00000000	-0.62475908	0.35450122	0.66724342	-1.25701630	1.11881506	0.89514375	-0.51395082	0.91456521	-1.10482180	0.90977734	0.31238252	-0.19165474	-0.08084838	0.08443762	0.42658448	0.21271393	0.41507840	-0.39441085	1.01505709	0.29946682	0.28334209	-0.26895294	-0.57065785	1.03602684	
0.00846800	-3.37190739 -0.99081875 -3.85372818  0.02878931 -0.21807142  0.01572173	    1.35607047   -37.99219249 -1000.24106863   -65.25007460    29.84371918    -6.22581722	  11.16860143   -5.64663196    3.16640303   -6.33725587   16.34743412  -11.18907051    5.91540959 -113.72180510  -26.07540023 -115.70400214   50.71893355  -88.05124462	 0.02446740  0.14893887 -0.57524770  1.14127503 -0.55978832 -0.14861769  0.00716738  0.02851434 -0.25400212  0.82656833 -0.57082519 -0.05180639	 0.03980247 -0.12334308 -0.37960725 -1.09557344  0.95815695  0.00039974  0.01263237 -0.16158792  0.30206818  0.01549364 -0.28694458 -0.04143753	 0.04562964 -0.10631883 -0.40297587 -1.03827608  0.92036811 -0.00258789  0.02487074 -0.12892672  0.29393222  0.00023494 -0.28333554 -0.04093728	0.18665433 0.09558303 3.90221179	-0.00876807 -0.00458656 -0.02569348	-0.01060258 -0.00450096 -0.02625965	-0.00103340  0.00658505 -0.99997778	0.35000000	0.00000000	0.00000000	-0.60237658	0.34685063	0.65013433	-1.26571739	1.15361786	0.88558787	-0.53638840	0.91825390	-1.11649108	0.94502294	0.29842940	-0.19631875	-0.07497041	0.08705454	0.41968769	0.20957303	0.39746520	-0.38316432	1.01280975	0.33570486	0.27248234	-0.27813560	-0.57319021	1.04807723	
0.00801700	-4.10633927 -0.74557001 -3.74963909  0.02093803 -0.23509980  0.01563022	   3.40315572  -40.05004588 -998.08148485  -65.13290478   30.80140771   -7.05863685	  11.62401554   -4.46758547    4.86901884   -5.07386071   16.24597268   -9.49981753    5.13383721 -112.29964280  -27.96381413 -116.26144439   51.19671634  -88.94022417	 0.02479437  0.14799730 -0.57791564  1.13239145 -0.55222444 -0.14861534  0.00737669  0.02745909 -0.25167861  0.82656097 -0.57309743 -0.05214519	 0.04082274 -0.15567165 -0.29606894 -1.17102632  1.00092055 -0.01148464  0.04274859 -0.15211741  0.28857829 -0.01355470 -0.31288573 -0.06885356	 0.04297014 -0.12307728 -0.32238571 -1.12822167  0.95606171 -0.00109036  0.02710247 -0.13489723  0.29274398 -0.00226580 -0.28821135 -0.04580410	0.18915382 0.09961232 3.90199355	-0.00506823 -0.00446414 -0.02409483	-0.00628567 -0.00450032 -0.02463558	-0.00107100  0.00663842 -0.99997739	0.35000000	0.00000000	0.00000000	-0.57220149	0.33761051	0.63016576	-1.26629663	1.18460429	0.87953413	-0.55237520	0.91977501	-1.12457013	0.96610922	0.29080784	-0.20118552	-0.06843652	0.08626459	0.40985778	0.20880657	0.38028213	-0.37569574	1.00745511	0.37282848	0.26632124	-0.28580651	-0.57663894	1.06209147	
0.00803500	-4.58447019 -0.94387811 -3.57827740  0.02860464 -0.24947549  0.02098433	   4.06243209  -40.16375261 -998.49399899  -65.15805881   31.60050991   -8.01589204	  11.91277177   -5.24731106    6.28015765   -4.08817036   15.42730115   -7.56004093    4.22680995 -112.85836053  -28.79243100 -118.43890741   51.79407880  -88.12892532	 0.02510762  0.14692195 -0.57997163  1.12274011 -0.54442848 -0.14860232  0.00755042  0.02632123 -0.24930436  0.82656966 -0.57539646 -0.05251805	 0.03541515 -0.13967510 -0.20065816 -1.16278061  0.94264759  0.00405460  0.00678317 -0.14116113  0.27349893  0.01389150 -0.26459221 -0.01769015	 0.04018712 -0.13831449 -0.24391785 -1.20847695  0.97480564  0.00221211  0.02131714 -0.14442053  0.29304241  0.00075989 -0.28786270 -0.04568847	0.19188990 0.10402115 3.90175196	-0.00048340 -0.00488927 -0.02164310	-0.00202842 -0.00473304 -0.02247118	-0.00110940  0.00665999 -0.99997721	0.35000000	0.00000000	0.00000000	-0.54149717	0.32452032	0.61191231	-1.26145875	1.21361387	0.87540603	-0.56804359	0.92452180	-1.13026273	0.99266082	0.28423440	-0.20631540	-0.06325096	0.09444396	0.40208402	0.20331287	0.36202127	-0.36926273	0.99999034	0.40641302	0.25626794	-0.29612625	-0.57959449	1.06756389	
0.00850900	-5.19973607 -1.00558353 -3.49013625  0.03159653 -0.26120394  0.02592142	   4.35536268  -40.34200230 -997.08908144  -65.06608895   31.60867522   -8.36365696	  12.34057435   -5.25280866    7.52473138   -3.07394180   15.61108030   -6.03178173    4.07517013 -111.77852416  -30.28047343 -120.68790033   51.54201141  -87.83310342	 0.02542105  0.14562595 -0.58141952  1.11168408 -0.53591710 -0.14860565  0.00771425  0.02501090 -0.24672875  0.82657484 -0.57787393 -0.05290870	 0.04703350 -0.13578687 -0.13586893 -1.28044784  0.93881362  0.01468049  0.01724708 -0.18162585  0.27941334  0.00388213 -0.27767498 -0.05615855	 0.03701665 -0.15332999 -0.15632813 -1.30143551  0.99621857  0.00215467  0.01826034 -0.15624539  0.29889887  0.00300337 -0.28837103 -0.04485364	0.19499300 0.10887018 3.90133777	 0.00382571 -0.00533755 -0.01964677	 0.00248854 -0.00518903 -0.02026677	-0.00115408  0.00664428 -0.99997726	0.35000000	0.00000000	0.00000000	-0.51183110	0.31595880	0.59248805	-1.25936592	1.24296653	0.86917019	-0.58688211	0.92687976	-1.13972640	1.01893127	0.27320662	-0.21115440	-0.05650979	0.10009055	0.39843848	0.20182559	0.34331912	-0.36157921	0.99245703	0.44425961	0.24722138	-0.30543384	-0.57725728	1.07603574	
0.00848200	-4.66623500 -1.18071430 -2.83289836  0.03880402 -0.22896815  0.03856427	    2.07210955   -39.76970910 -1000.24533403   -65.25744400    30.74208835    -8.79361929	  12.79372947   -5.37064806    8.57002515   -1.56984703   15.49846244   -4.16111979    3.46785972 -110.60844445  -31.83464515 -122.79384208   51.28918648  -87.52296436	 0.02576801  0.14416842 -0.58216044  1.09984609 -0.52713914 -0.14860332  0.00786522  0.02362098 -0.24409904  0.82655780 -0.58042706 -0.05327793	 0.07111662 -0.17440984 -0.04190798 -1.33582210  0.97517646  0.01386240 -0.01823532 -0.14524325  0.31933113 -0.02706102 -0.27022415 -0.04303828	 0.04288398 -0.17433819 -0.07480201 -1.40106003  1.03344683  0.00193823  0.01385168 -0.16623834  0.30962633 -0.00362485 -0.29896278 -0.04142376	0.19757354 0.11350573 3.90102485	 0.00663553 -0.00261788 -0.01589858	 0.00589346 -0.00415574 -0.01744729	-0.00119582  0.00659715 -0.99997752	0.35000000	0.00000000	0.00000000	-0.48333329	0.30569890	0.57355040	-1.26161671	1.27091193	0.86174554	-0.60724568	0.92821586	-1.15176952	1.04614115	0.25769922	-0.21736374	-0.05178605	0.10324076	0.39558429	0.19856763	0.32595763	-0.35048828	0.98281598	0.48338795	0.23864505	-0.31423920	-0.57660854	1.08615804	
0.00800300	-3.34461520 -1.30472518 -1.53891412  0.04466396 -0.16273571  0.04908456	   -0.80405188   -39.08207765 -1009.67358068   -65.85842502    30.83734384    -8.56990063	  12.92087426   -5.05032378   11.06808541    0.85214132   15.02655476   -2.19366199    3.04784513 -109.96861696  -33.18417817 -123.77801764   52.88816598  -87.50501597	 0.02611098  0.14268323 -0.58245019  1.08815581 -0.51866988 -0.14860136  0.00796445  0.02224106 -0.24169013  0.82657062 -0.58283690 -0.05357899	 0.03929004 -0.16843278 -0.02684869 -1.38642606  0.98105245  0.00337359 -0.01189174 -0.17047094  0.26672413  0.01331935 -0.27034796 -0.01473823	 0.04450227 -0.18772442 -0.03261449 -1.46165321  1.05635515  0.00230650  0.00935778 -0.17267496  0.29922919  0.00115201 -0.29814139 -0.03465901	0.19754854 0.11714039 3.90166262	 0.00630794  0.00996236 -0.00798880	 0.00647430  0.00553851 -0.01056199	-0.00116862  0.00654398 -0.99997791	0.35000000	0.00000000	0.00000000	-0.44781995	0.29633284	0.55752933	-1.25941670	1.29428947	0.86733198	-0.61891508	0.93017125	-1.15509009	1.06789589	0.25522906	-0.22325659	-0.04891646	0.10569480	0.39427739	0.19142631	0.30640006	-0.34498081	0.97220886	0.51470494	0.22195277	-0.32156086	-0.57830477	1.09657526	
0.00847400	-4.09054243 -1.55286084 -1.45725218  0.05403999 -0.17760219  0.05608066	   -2.29531939   -41.06268691 -1011.30959184   -65.97742315    31.66048322    -7.76032087	  13.42112455   -6.05368373   16.85966898    1.49505178   15.06135553   -0.36617792    2.91779442 -110.19831157  -31.41800785 -125.12318447   53.92782238  -87.91692853	 0.02657043  0.14098795 -0.58247462  1.07530129 -0.50945593 -0.14861222  0.00802288  0.02071638 -0.23922893  0.82655162 -0.58540600 -0.05384861	 0.09673224 -0.22888275  0.01271891 -1.61864363  1.11812729  0.00736458  0.04441674 -0.18450951  0.30238370 -0.01103545 -0.28341119 -0.05792447	 0.05775186 -0.20302462  0.00465489 -1.52801491  1.09085053 -0.00018912  0.00834592 -0.18024002  0.29147355 -0.00339454 -0.30128690 -0.03270855	0.19809404 0.12167076 3.90231603	 0.00712823  0.01963187 -0.00314775	 0.00681466  0.01676535 -0.00445927	-0.00103704  0.00648776 -0.99997842	0.35000000	0.00000000	0.00000000	-0.41418925	0.28566268	0.54205078	-1.25439429	1.31939936	0.87313074	-0.62493581	0.93829554	-1.15954554	1.09786916	0.26039791	-0.23034331	-0.04525931	0.10544486	0.39659324	0.18112990	0.29546967	-0.33685014	0.96344042	0.55790973	0.20190066	-0.33141294	-0.57806170	1.10737717	
0.00851200	-5.25945070 -1.52385075 -1.34939103  0.05493129 -0.21519750  0.04798391	   -1.37760371   -41.76261639 -1013.67537141   -66.14188892    32.79060885    -7.61742517	  13.05892447   -5.82665366   21.71255180    3.11000335   13.83799772    1.55036198    2.02120335 -109.45633459  -31.66203648 -126.22268638   55.12931558  -87.94378185	 0.02708781  0.13915458 -0.58208108  1.06196237 -0.50004823 -0.14861541  0.00802983  0.01911239 -0.23677032  0.82649383 -0.58798455 -0.05406791	 0.03921858 -0.21743659  0.05918261 -1.53910235  1.09232264 -0.00018427  0.01449968 -0.17857861  0.30807891 -0.00134979 -0.29711292  0.00607010	 0.06070520 -0.21734570  0.05492684 -1.57847374  1.10806862 -0.00195569  0.00221391 -0.18989146  0.29228485 -0.00847387 -0.30236564 -0.02474266	0.19976460 0.12645899 3.90287870	 0.00752651  0.02407089 -0.00124347	 0.00740414  0.02276034 -0.00177024	-0.00084803  0.00642509 -0.99997900	0.35000000	0.00000000	0.00000000	-0.37905124	0.27639645	0.52541602	-1.24928856	1.34046733	0.88017017	-0.63019794	0.94645441	-1.16014051	1.12307346	0.26092699	-0.23882663	-0.03964560	0.10723923	0.39970082	0.16963759	0.27610809	-0.33206952	0.95427471	0.60152096	0.18304865	-0.33931437	-0.57502961	1.11435938	
0.00802600	-6.08557632 -1.59221653 -1.43218796  0.05831200 -0.24035560  0.05119095	   -1.37824359   -43.39441790 -1014.36923267   -66.20027333    33.11564374    -8.00231673	  13.43506677   -6.15324214   24.85719504    3.62292567   13.70190670    3.40289497    2.06427039 -108.95223165  -32.10011270 -126.90175098   55.35188833  -88.32960296	 0.02767227  0.13730201 -0.58120810  1.04898930 -0.49109544 -0.14861100  0.00803176  0.01756453 -0.23442329  0.82636591 -0.59038667 -0.05430775	 0.09556779 -0.22148905  0.12362931 -1.57200590  1.04438926  0.01052191 -0.02559675 -0.19914859  0.27890170 -0.02368425 -0.27035331 -0.02402486	 0.07422057 -0.23078573  0.11590321 -1.61579494  1.10952509 -0.00085543 -0.00193205 -0.19292784  0.29306245 -0.01676292 -0.29650996 -0.02902845	0.20213227 0.13117213 3.90334915	 0.00805510  0.02523341 -0.00056802	 0.00786649  0.02489263 -0.00076808	-0.00064923  0.00636281 -0.99997955	0.35000000	0.00000000	0.00000000	-0.33999518	0.26553601	0.50439084	-1.23541391	1.35894263	0.88541371	-0.63850069	0.95291489	-1.15591013	1.14355695	0.26474416	-0.23982769	-0.03117665	0.10795733	0.39779967	0.16278499	0.26272079	-0.32971317	0.94478828	0.64337635	0.16695827	-0.34885475	-0.57076156	1.11811996	
0.00848100	-6.64517639 -1.66333720 -1.25606615  0.06292174 -0.25249206  0.04369221	   -3.41461290   -42.77278128 -1017.49483464   -66.38211075    32.10936167    -7.51748081	  12.56275426   -6.36741969   26.43683834    4.66654188   13.22887429    5.41031567    1.81400507 -108.79841280  -32.43821705 -128.86878434   54.70008186  -87.41004980	 0.02831972  0.13519783 -0.57969304  1.03475533 -0.48147866 -0.14860922  0.00803787  0.01585806 -0.23181552  0.82612308 -0.59296268 -0.05454773	 0.09192101 -0.28573909  0.21525888 -1.76575695  1.19122769  0.00355635 -0.01667917 -0.22319465  0.33981272 -0.01034374 -0.30389514 -0.05047535	 0.07870035 -0.25091784  0.18940933 -1.68370010  1.13291845 -0.00006009 -0.00209015 -0.20126494  0.31057882 -0.02918672 -0.30204040 -0.02795479	0.20544637 0.13639465 3.90396863	 0.00851188  0.02438049 -0.00032535	 0.00835779  0.02469210 -0.00038987	-0.00043757  0.00629232 -0.99998011	0.35000000	0.00000000	0.00000000	-0.30958602	0.25216442	0.48600754	-1.22692549	1.37918758	0.88212425	-0.65018386	0.95819765	-1.16121709	1.17036057	0.25291690	-0.24459335	-0.02535617	0.11044412	0.39802128	0.15340135	0.24673423	-0.31988916	0.93350112	0.68788815	0.15436850	-0.35952380	-0.56547129	1.12071276	
0.00849700	-7.32586479 -1.45153740 -0.94351203  0.05753640 -0.26724798  0.03856117	   -2.84230043   -43.80774723 -1016.04519143   -66.29319944    32.63000188    -7.91924232	  12.54479771   -5.45518464   27.54067912    6.90849486   12.55583091    7.29393429    1.55242092 -108.03698635  -34.09983027 -128.74524131   55.22732010  -87.27848434	 0.02898369  0.13299908 -0.57756368  1.02011648 -0.47181340 -0.14861424  0.00805159  0.01408606 -0.22909567  0.82574570 -0.59552941 -0.05469547	 0.05989656 -0.23344357  0.25469457 -1.65932383  1.08146383 -0.00414733  0.00437855 -0.18980013  0.27430100 -0.04057974 -0.26364801  0.00764431	 0.07860913 -0.25860597  0.26005070 -1.72498756  1.13585557 -0.00113016  0.00114811 -0.20703126  0.31906885 -0.04701368 -0.30012858 -0.01542111	0.20896863 0.14150908 3.90431733	 0.00788340  0.02335532 -0.00028179	 0.00810310  0.02367801 -0.00029241	-0.00023503  0.00622204 -0.99998062	0.35000000	0.00000000	0.00000000	-0.27629265	0.23997000	0.46260080	-1.21369541	1.39190269	0.88482302	-0.65977728	0.96163356	-1.15796101	1.18839979	0.24531156	-0.24111912	-0.01733416	0.11042395	0.39499760	0.14758480	0.22737959	-0.31607378	0.92372584	0.72999805	0.14408128	-0.36822236	-0.55996382	1.12451482	
0.00851900	-7.85141597 -1.74579481 -0.70903822  0.06964202 -0.27711424  0.04209527	   -3.99180664   -45.71998225 -1016.84465342   -66.35166834    32.32924877    -7.93746750	  12.33232736   -6.59475052   28.51923321    8.34708873   12.18369343    9.39054471    1.09744626 -107.79947186  -34.77868430 -129.44292694   54.95861980  -87.64649558	 0.02965308  0.13066720 -0.57480524  1.00513400 -0.46214767 -0.14861526  0.00806092  0.01223216 -0.22622265  0.82527511 -0.59811193 -0.05480680	 0.05537911 -0.26323897  0.33688580 -1.66017246  1.03638116 -0.01362630  0.01517424 -0.23578844  0.30641572 -0.03108079 -0.29003822 -0.00136538	 0.07744044 -0.27317736  0.33231334 -1.75425503  1.12759264 -0.00184886  0.00224657 -0.21863813  0.33533908 -0.05602385 -0.30311229 -0.01154089	0.21293772 0.14698175 3.90454074	 0.00817821  0.02148329 -0.00032796	 0.00805043  0.02209770 -0.00031145	-0.00004434  0.00615442 -0.99998106	0.35000000	0.00000000	0.00000000	-0.24158756	0.22909401	0.43960878	-1.20217657	1.40500700	0.88867557	-0.66979820	0.96803987	-1.15388310	1.21045291	0.23584908	-0.23480275	-0.00810841	0.11282429	0.38975799	0.14149886	0.21196440	-0.31247631	0.91285336	0.77327877	0.13193969	-0.37918010	-0.55103087	1.12379038	
0.00844900	-8.29239184 -1.53703716 -0.58766050  0.06426272 -0.28095550  0.03852302	   -4.09288225   -47.55647329 -1015.69281928   -66.28936989    32.70211556    -8.11027934	  12.22202638   -5.71150991   28.63953688    9.39444293   12.63307571   11.18860795    0.97169729 -106.72254634  -36.13059616 -129.37938979   55.44368032  -87.96374869	 0.03032032  0.12822347 -0.57143498  0.98988336 -0.45247453 -0.14860696  0.00805213  0.01035003 -0.22321813  0.82466659 -0.60068295 -0.05495116	 0.05628446 -0.33392067  0.45985103 -1.89538300  1.19678529 -0.00727433 -0.00324053 -0.23006637  0.41177189 -0.09379008 -0.31458717 -0.04591154	 0.07693971 -0.29279649  0.41167086 -1.81075915  1.14576052  0.00106537 -0.00049148 -0.22452651  0.36065777 -0.07399072 -0.30572198 -0.01896864	0.21696385 0.15229758 3.90459477	 0.00735820  0.02021632 -0.00041304	 0.00765069  0.02060072 -0.00038669	 0.00013202  0.00608765 -0.99998146	0.35000000	0.00000000	0.00000000	-0.21698692	0.21999797	0.41576937	-1.19899333	1.41777492	0.88572848	-0.68120348	0.97088784	-1.15643144	1.22872210	0.21721132	-0.23111495	0.00041316	0.11026128	0.38355231	0.13407764	0.19419202	-0.29942119	0.90203696	0.81800294	0.12293814	-0.38815829	-0.54186726	1.13076377	
0.00828700	-8.87310459 -1.36140802 -0.08439886  0.06042934 -0.28631801  0.03433001	   -3.34961038   -48.23575369 -1013.98280417   -66.18130255    34.00153023    -8.44169308	  12.05341343   -5.01697084   28.51016071   12.45614422   12.07048921   13.03564832    0.98455297 -106.68209863  -37.25292876 -128.24034619   56.59748125  -87.22796369	 0.03093161  0.12585465 -0.56775998  0.97532622 -0.44336345 -0.14861714  0.00804824  0.00855360 -0.22029748  0.82401111 -0.60311167 -0.05510786	 0.03884061 -0.20819379  0.32507597 -1.20662852  0.75538586 -0.02220659 -0.01071229 -0.15035336  0.24212815 -0.04180282 -0.20688599 -0.01858979	 0.06842422 -0.27573689  0.43153803 -1.67940086  1.05125457 -0.00306854 -0.00237999 -0.20638364  0.33791780 -0.07656556 -0.28082042 -0.01879891	0.22062687 0.15725798 3.90424498	 0.00587722  0.01963696 -0.00048429	 0.00631992  0.01982339 -0.00046318	 0.00029112  0.00603496 -0.99998175	0.35000000	0.00000000	0.00000000	-0.16003090	0.19813840	0.39406598	-1.14922678	1.40620649	0.90954787	-0.67227364	0.96783340	-1.12152779	1.21894014	0.24108699	-0.20914295	0.01586882	0.12076723	0.37627798	0.12812963	0.17242445	-0.32094792	0.89187902	0.84189552	0.10707512	-0.39991111	-0.53283060	1.11875129	
0.00822700	-8.06816162 -2.37825642 -0.32890131  0.09770588 -0.27247611  0.04523595	  -11.70191812   -49.75843183 -1027.07567402   -67.00049257    30.58892072    -6.73922863	  11.18329168   -9.33532414   28.40231752    8.45444279   11.72805809   15.73292683    2.47209204 -108.64089489  -34.60864650 -133.17531466   54.74702320  -85.17557430	 0.03154717  0.12322154 -0.56329904  0.95972569 -0.43373990 -0.14860865  0.00806902  0.00655296 -0.21704206  0.82318860 -0.60570415 -0.05521466	 0.04470435 -0.30174119  0.54528349 -1.87043187  1.14285888 -0.00875309  0.01127322 -0.24774867  0.38734079 -0.10112510 -0.29954726 -0.01624453	 0.06952804 -0.31536406  0.53915412 -1.85356859  1.13871441  0.00061051  0.00189854 -0.23816353  0.38882821 -0.09975396 -0.30809371 -0.01113151	0.22587587 0.16389941 3.90502097	 0.00904502  0.01618393 -0.00057880	 0.00787986  0.01739818 -0.00054879	 0.00044487  0.00597438 -0.99998205	0.35000000	0.00000000	0.00000000	-0.16231380	0.19072545	0.37431380	-1.16477180	1.43491793	0.88211298	-0.69856209	0.98438317	-1.15020144	1.26919556	0.19170448	-0.21495798	0.01228804	0.12320334	0.38025111	0.11215167	0.16425401	-0.28368631	0.87541503	0.89605194	0.10077737	-0.41637334	-0.52215385	1.12060726	
0.00852500	-9.29655653 -1.04988772  0.77243186  0.05634733 -0.28654519  0.02069887	   -4.77727032   -48.66188434 -1012.05086252   -66.05834456    34.54717416    -7.90510160	  11.22495957   -3.11113127   26.50012636   17.12018622   10.27096532   16.11991052    0.84478440 -102.61166215  -39.86797133 -127.50232649   57.60293233  -86.74858141	 0.03211648  0.12047214 -0.55828305  0.94401364 -0.42418727 -0.14860596  0.00807161  0.00448658 -0.21361899  0.82221272 -0.60828810 -0.05530092	 0.06083758 -0.32402730  0.60433942 -1.72857545  1.05325945  0.01755818  0.00175310 -0.24368777  0.40076542 -0.11461989 -0.30130606 -0.01709532	 0.06602369 -0.32213295  0.59518940 -1.83504520  1.11374801  0.00208586  0.00294937 -0.24135704  0.40248291 -0.11427026 -0.30336499 -0.01001948	0.22955908 0.16838747 3.90422204	 0.00277623  0.01797426 -0.00063978	 0.00486779  0.01733097 -0.00061898	 0.00058748  0.00592067 -0.99998230	0.35000000	0.00000000	0.00000000	-0.13169669	0.18642309	0.34123445	-1.16308475	1.42569578	0.89362931	-0.70352185	0.97626674	-1.13687444	1.26737940	0.16925883	-0.19694325	0.02778875	0.11085723	0.37917632	0.11606627	0.13452354	-0.28083435	0.86848730	0.93591505	0.09786938	-0.41441965	-0.51231968	1.13248849	
0.00846500	-9.36666648 -1.55977288  0.34886077  0.07431684 -0.28494644  0.03225643	   -6.83665844   -52.20989789 -1012.35492307   -66.08978818    35.72647544    -8.03804796	  11.15044267   -6.28749830   27.88008654   14.35103402   12.05977111   18.63376842    1.54960028 -106.27699232  -37.66628978 -126.32415462   58.65114999  -86.17393613	 0.03257977  0.11771684 -0.55288865  0.92838315 -0.41473737 -0.14860826  0.00806700  0.00242067 -0.21014867  0.82118874 -0.61087710 -0.05537619	 0.03911737 -0.36221095  0.67864822 -1.97467864  1.20701433  0.00482319 -0.00649900 -0.29141341  0.44305474 -0.12463848 -0.31507898 -0.00066866	 0.05302764 -0.33106969  0.64939040 -1.85630954  1.12186036 -0.00036445  0.00059046 -0.24879570  0.41516614 -0.12099710 -0.30559112 -0.00629618	0.23376770 0.17411888 3.90329995	 0.00185035  0.01747049 -0.00070826	 0.00188750  0.01775175 -0.00068506	 0.00074033  0.00590634 -0.99998228	0.35000000	0.00000000	0.00000000	-0.11522859	0.17204225	0.32156345	-1.15525174	1.43451142	0.89233673	-0.70576471	0.98065883	-1.12948191	1.28684437	0.16102867	-0.18244427	0.03344020	0.11249827	0.36669064	0.09722694	0.12205812	-0.27244988	0.85858673	0.97889531	0.08225955	-0.43098834	-0.49907479	1.13518250	
0.00854100	-9.52680529 -1.26666060  0.81701780  0.06765096 -0.28819732  0.02838335	   -5.72549583   -52.30464554 -1009.36232993   -65.90330275    37.45796986    -8.26782205	  11.30256412   -4.67273229   26.49597614   17.33834594   10.39530860   19.90341906    1.59367788 -103.55130053  -38.99097238 -125.19138980   60.18039894  -86.21267259	 0.03300567  0.11488507 -0.54703605  0.91285363 -0.40538054 -0.14861741  0.00806627  0.00030982 -0.20657656  0.82009845 -0.61350999 -0.05542367	 0.04213692 -0.29765655  0.66929300 -1.66961548  1.00235646  0.00369163 -0.01777318 -0.23688193  0.40982007 -0.12636967 -0.31296834 -0.02140357	 0.04762799 -0.33248522  0.69229588 -1.81478150  1.09182857 -0.00193883 -0.00097500 -0.24725103  0.42019429 -0.12927505 -0.30923507 -0.00515298	0.23763033 0.17935673 3.90199322	-0.00160618  0.01831000 -0.00077449	-0.00048188  0.01802827 -0.00075516	 0.00089167  0.00590433 -0.99998217	0.35000000	0.00000000	0.00000000	-0.08450690	0.16173312	0.29576451	-1.14191210	1.42789018	0.90081847	-0.70383298	0.97879893	-1.11465633	1.28894389	0.14786786	-0.16499761	0.04270806	0.11215524	0.36759582	0.09102248	0.09631492	-0.27125695	0.84638935	1.01714349	0.07365333	-0.43917176	-0.48694941	1.13728523	
0.00800700	 -27.47338286   66.26335300 -373.56148602  -23.35177107  -60.03942113  -10.48530351	  23.59208384  -66.06529043 -898.92401689  -58.96524790   42.57719896  -12.94301566	  10.87532722   -6.51085436   26.30701933   16.19853364   10.68249102   21.96472698    2.43040648 -104.81316543  -37.89896896 -124.19646537   62.03018546  -85.21651721	 0.03334885  0.11210308 -0.54130720  0.89900201 -0.39623355 -0.14817398  0.00808482 -0.00177827 -0.20305912  0.81894257 -0.61593988 -0.05553580	 0.04300898 -0.31248361  0.65096607 -1.40796214  1.18280751  0.18722044  0.00602492 -0.25453144  0.44703953 -0.14809332 -0.27785141 -0.04146408	 0.04284115 -0.35169175  0.70733755 -1.65574446  1.17750224  0.09638090  0.00344809 -0.26478021  0.44783126 -0.15439231 -0.29749353 -0.02290223	0.24480719 0.18537923 3.91101408	 0.02531191  0.00472656 -0.00910391	 0.01199613  0.01160117 -0.00500420	 0.00100929  0.00585950 -0.99998232	0.35000000	0.00000000	0.00000000	-0.06475338	0.15393189	0.28997567	-1.14954901	1.41859400	0.90465212	-0.70242172	0.98027116	-1.09916294	1.30480373	0.13168792	-0.15916488	0.05492475	0.11035560	0.34339273	0.05727347	0.08347699	-0.26216170	0.84636950	1.05344486	0.04494349	-0.45247987	-0.46901104	1.11319315	
0.00846200	 -50.02277314   60.81521210 -339.08324098  -21.15974247  -54.02302927   -7.57330544	  23.14420500  -56.01515386 -893.15666279  -58.45237751   43.52923543  -11.33413330	   9.28097403   -1.91065657   16.67875397   16.25813041   -2.54530546   19.39415826    4.75332363  -95.83969879  -37.44515206 -126.84415671   64.52537405  -80.59388191	 0.03368814  0.10870127 -0.53575047  0.88798988 -0.38431611 -0.14538084  0.00822020 -0.00422667 -0.19865217  0.81688534 -0.61817316 -0.05618235	 0.04031398 -0.40392246  0.61525874 -1.13222308  1.46663676  0.44130410 -0.00146793 -0.28626083  0.56165196 -0.28180343 -0.21597162 -0.10474883	 0.03832382 -0.40365537  0.64193386 -1.23935970  1.43078059  0.36408292  0.01696696 -0.29149114  0.53546259 -0.26057050 -0.25429995 -0.07993705	0.25246220 0.19038639 3.92601901	 0.04109717 -0.01166081 -0.02041635	 0.03795416 -0.00750039 -0.01749820	 0.00096129  0.00554218 -0.99998418	0.35000000	0.00000000	0.00000000	-0.04372085	0.16377921	0.32180241	-1.19063807	1.38442433	0.91584933	-0.66886169	0.95843214	-1.06426167	1.31292415	0.06789701	-0.20160669	0.07676065	0.08473477	0.32824871	0.00815108	0.02562519	-0.24650452	0.84403127	1.06287837	0.01518124	-0.44022211	-0.47230211	1.05843067	
0.00801800	 -35.36654587   37.74448401 -272.08411850  -17.08503560  -43.37076048   -4.33142819	  12.46473293  -43.51074741 -874.72885967  -57.10340776   43.99796943   -5.40022117	   6.06273209    3.71469972    2.20114710    2.70620288  -25.35217912    8.42802586   11.23480187  -89.51392555  -33.76428503 -113.86998597   64.89857590  -70.89968884	 0.03384076  0.10550356 -0.53126084  0.88033583 -0.37260661 -0.14200923  0.00844816 -0.00659387 -0.19407668  0.81422571 -0.61994013 -0.05667932	-0.00287519 -0.38782046  0.54276488 -0.85760766  1.48299249  0.42952136  0.04788711 -0.32616197  0.60624360 -0.37506460 -0.19915539 -0.02667126	 0.01705277 -0.39284133  0.54996406 -0.92030148  1.44955747  0.41017756  0.03218670 -0.29855813  0.57527840 -0.34271896 -0.21320480 -0.05327951	0.25529768 0.19343016 3.93458084	 0.04000699 -0.00779853 -0.03564551	 0.04056819 -0.00945224 -0.03052234	 0.00087434  0.00521358 -0.99998603	0.35000000	0.00000000	0.00000000	-0.05029538	0.18924779	0.32493505	-1.17311645	1.32938576	0.90670234	-0.62592882	0.91871971	-0.96077955	1.29501545	0.04061875	-0.21101797	0.10204981	0.08097678	0.34482828	0.01279323	-0.05056471	-0.26275265	0.83251554	1.06032217	0.03586299	-0.45047992	-0.48359337	0.97635466	
0.00802900	 -13.72208997   22.09116042 -201.30276016  -12.65843090  -32.21178961   -2.95529254	  -5.77251067  -40.21336873 -883.01789780  -57.62781587   44.64375973   -0.98658894	   5.20888784    0.54626169   -7.28884448   -4.52611925  -32.68841752    9.22736180   14.40968634  -83.26431847  -22.96245587 -104.15920627   67.12718797  -65.02351588	 0.03391246  0.10253102 -0.52740569  0.87455753 -0.36174152 -0.13921348  0.00879707 -0.00897563 -0.18936077  0.81109387 -0.62147284 -0.05688334	 0.01799113 -0.32622693  0.44418906 -0.60263652  1.27031329  0.27780714  0.05686614 -0.27697348  0.58652747 -0.40746676 -0.20043933 -0.00569995	 0.00845374 -0.36097907  0.47093963 -0.68790924  1.32230779  0.33261088  0.04707471 -0.29309211  0.58421217 -0.39491235 -0.18858889 -0.02088049	0.25682756 0.19557180 3.93902413	 0.03243802  0.00140005 -0.04844037	 0.03510226 -0.00173274 -0.04439935	 0.00084729  0.00492259 -0.99998753	0.35000000	0.00000000	0.00000000	-0.04441411	0.19050139	0.29139692	-1.12496495	1.26934457	0.92308605	-0.61136776	0.90700847	-0.90313941	1.26965976	0.03693651	-0.18231422	0.13727108	0.09781507	0.36232993	0.00415320	-0.08969233	-0.29086161	0.85416734	1.06142700	0.06089536	-0.47249633	-0.47666737	0.92813164	
0.00845500	 105.79338635   77.96239455 -403.23674408  -27.58467388   23.59691883   -2.46972001	  -9.22942445  -39.27912594 -814.39458421  -53.22639911   45.57615366    1.17591539	  5.13081561  -2.12439205 -11.40208264 -12.03377441 -34.76274508  13.84112556  14.52215204 -78.90540338 -15.65758364 -95.76223394  71.71547735 -62.73434925	 0.03393797  0.09959144 -0.52381108  0.86993050 -0.35185426 -0.13670406  0.00923042 -0.01145578 -0.18426925  0.80740033 -0.62286792 -0.05697792	-0.00360946 -0.38471990  0.41548024 -0.45843224  0.98385488  0.36926839  0.05645009 -0.31939303  0.65666054 -0.46509511 -0.16383919  0.01367736	 0.00164818 -0.34816495  0.41832559 -0.51345752  1.10841049  0.30536655  0.05304705 -0.29467759  0.60297474 -0.44540250 -0.15990696 -0.00709164	0.25257461 0.19568544 3.94933635	 0.02997526  0.02426276 -0.04833990	 0.02716856  0.01284043 -0.05059170	 0.00092083  0.00469018 -0.99998858	0.35000000	0.00000000	0.00000000	-0.03034486	0.20069644	0.24611807	-1.08869529	1.21004581	0.94802123	-0.61639470	0.91172463	-0.85047454	1.23468316	0.03163495	-0.15214592	0.17887971	0.12235053	0.36662298	-0.00994186	-0.11160768	-0.31184644	0.87833673	1.05496120	0.06155872	-0.48298943	-0.46344414	0.88081878	
0.00803200	 173.85373628  101.54436189 -484.11912330  -33.95830219   63.63833280   -1.95788673	 -19.80886552  -38.94625076 -752.05777798  -49.14583563   39.58914336    3.30059702	  6.17128331  -1.81519522 -10.83503195 -15.00402423 -32.17818600  16.06838559  14.59461587 -74.34263182  -6.76738309 -87.52252403  79.28644395 -61.06490666	 0.03395229  0.09647839 -0.52105747  0.86741702 -0.34716285 -0.13314747  0.00950046 -0.01387346 -0.17963625  0.80310125 -0.62357637 -0.05702151	 0.00476451 -0.39780043  0.35952592 -0.21202716  0.33893593  0.53873308  0.02395112 -0.29466684  0.59199028 -0.60876627 -0.06181700 -0.01018982	 0.00092554 -0.39440759  0.33723522 -0.28418274  0.50330711  0.47134814  0.02965686 -0.30260681  0.57807560 -0.54939431 -0.07935463 -0.00401295	0.23468496 0.19259352 3.97341363	 0.04362402  0.06337133 -0.02505792	 0.04061027  0.05241046 -0.03228061	 0.00130054  0.00437719 -0.99998957	0.35000000	0.00000000	0.00000000	0.03295007	0.23728979	0.18885377	-1.02519333	1.11882818	1.02265084	-0.61940706	0.93943119	-0.73880965	1.18327928	0.03866854	-0.12861276	0.28036898	0.18811658	0.35898921	-0.01769770	-0.11323700	-0.35659802	0.92918503	0.99581814	-0.00634829	-0.46040753	-0.43294859	0.75754339	
0.00800300	 128.80692334   65.91587043 -363.75605824  -25.48598338   49.09056045   -1.88755978	 -39.61575266  -35.47018287 -776.77272350  -50.67033769   37.35198445    7.71441117	  9.54382445   1.93241040  -3.64930434 -19.55566610 -14.21037090  10.55442576  15.79490494 -69.69345427   8.62969201 -85.78166467  84.95257795 -58.97198993	 0.03397687  0.09314974 -0.51858307  0.86616870 -0.34630927 -0.12869068  0.00963597 -0.01631841 -0.17494703  0.79807969 -0.62381868 -0.05704373	 0.01421141 -0.37004313  0.27737047 -0.11699100 -0.03865286  0.51079443  0.02833086 -0.28434833  0.56582167 -0.63047466 -0.01805954 -0.00114396	 0.00463368 -0.41115040  0.31069543 -0.14485474  0.06608496  0.55277335  0.01593457 -0.30275119  0.59006725 -0.63804686 -0.02318024 -0.00402013	0.22672485 0.18959309 3.98402819	 0.04027069  0.06385969 -0.01133004	 0.04186541  0.06407690 -0.01528934	 0.00182293  0.00403440 -0.99999020	0.35000000	0.00000000	0.00000000	0.05690206	0.27408364	0.16754538	-0.95712465	1.05773890	1.07470489	-0.60421997	0.94423348	-0.69984299	1.15873992	0.06410642	-0.13999906	0.37910938	0.26126614	0.37668303	-0.00953740	-0.11482473	-0.37073019	0.99245822	0.96955734	-0.06220994	-0.44157714	-0.37983349	0.68995798	
0.00847400	  94.36089525   40.49907625 -278.91531930  -19.40481149   35.02575738    1.68470864	 -46.09053428  -34.21611137 -799.23666014  -52.11085389   37.84190544    6.21323255	 12.85697003   2.56373630  -5.91674583 -22.92017441  -4.35417565   7.73427957  16.10988580 -67.72121692   7.22409320 -83.00901780  85.48995209 -55.59759879	 0.03401226  0.08977088 -0.51587098  0.86548513 -0.34780967 -0.12416985  0.00968931 -0.01879665 -0.16963951  0.79202958 -0.62367930 -0.05703825	 0.01151725 -0.37528511  0.31180561 -0.03719641 -0.30042620  0.51269017  0.02671463 -0.28377952  0.63509286 -0.77086471  0.03433025  0.01768164	 0.00530858 -0.39174082  0.32060586 -0.07388738 -0.20709129  0.51872487  0.00716762 -0.28958515  0.62859108 -0.72407136  0.02194538  0.00062700	0.22195539 0.18669301 3.98938692	 0.02816221  0.06210442 -0.00596237	 0.03225720  0.06277530 -0.00744748	 0.00235812  0.00374213 -0.99999022	0.35000000	0.00000000	0.00000000	0.06175439	0.29901239	0.15504295	-0.90763021	1.01130700	1.07971513	-0.61057192	0.93128961	-0.68005806	1.11622488	0.07672273	-0.13788959	0.43579966	0.32924807	0.38769415	0.00602742	-0.14208749	-0.39210963	1.00764513	0.94987559	-0.07372477	-0.43319809	-0.33902302	0.65278995	
0.00800600	  73.57886947   30.76800427 -228.28023538  -15.76803865   28.67574545    3.80665640	 -49.45916163  -33.81358636 -808.02322489  -52.68415447   38.07952850    4.79793245	 14.12476457  -0.02561256  -4.69925585 -21.95513880   4.11321176  10.30116635  16.68271653 -66.38803267   6.35754184 -79.06024891  84.68533981 -52.51204908	 0.03411321  0.08686132 -0.51322134  0.86505580 -0.35037876 -0.12047015  0.00970315 -0.02097526 -0.16441085  0.78586707 -0.62327542 -0.05704762	-0.00304772 -0.36125211  0.34187451 -0.05764537 -0.37545710  0.46110933 -0.01176171 -0.29320715  0.68943676 -0.83173012  0.03967015 -0.01388238	 0.01182286 -0.35799375  0.33208729 -0.05298829 -0.33288742  0.45545140  0.00085974 -0.27258809  0.65608656 -0.77572520  0.05122252 -0.00071539	0.21954474 0.18449333 3.99044685	 0.01431937  0.05825733 -0.00380925	 0.01901776  0.05964803 -0.00446019	 0.00283991  0.00357464 -0.99998958	0.35000000	0.00000000	0.00000000	0.05854935	0.29686102	0.13943997	-0.87106937	0.98050731	1.07597876	-0.62273449	0.92731452	-0.68623179	1.08625293	0.08807239	-0.13228011	0.47444159	0.37407896	0.39692077	0.00184247	-0.16115767	-0.41310808	1.01772010	0.95016605	-0.07329337	-0.42877495	-0.31100658	0.64899141	
0.00852900	  57.92860816   25.22776878 -191.99299239  -13.12666093   23.39244551    4.31983500	 -49.94304997  -33.54434967 -814.31184066  -53.09784379   38.41808438    4.22415803	 14.06438838  -3.38979958  -3.37599095 -20.87910912   6.99060012  13.27951364  16.44363575 -65.19478369   3.35732423 -76.54774520  83.81510890 -49.50557023	 0.03425178  0.08399486 -0.51025810  0.86463038 -0.35367499 -0.11694242  0.00972753 -0.02311694 -0.15871540  0.77903059 -0.62268158 -0.05705553	 0.04913853 -0.30577803  0.32174065 -0.04873795 -0.36167093  0.35406476  0.01119180 -0.22069694  0.59967160 -0.76862186  0.06007316 -0.01240513	 0.01946670 -0.32891947  0.34804057 -0.05055084 -0.39003993  0.40750034  0.00376888 -0.24829002  0.66432680 -0.80106611  0.06904143 -0.00325938	0.21824203 0.18277004 3.98882298	-0.00062251  0.05373126 -0.00311402	 0.00405214  0.05519788 -0.00324655	 0.00331512  0.00351993 -0.99998831	0.35000000	0.00000000	0.00000000	0.05734597	0.28332815	0.12460291	-0.83962876	0.95989031	1.06464863	-0.63551348	0.92443496	-0.68914551	1.06569767	0.09354317	-0.12270153	0.50022268	0.40211102	0.40248141	-0.00175992	-0.18028778	-0.42829227	1.01271176	0.95601881	-0.06693165	-0.42300156	-0.29991695	0.65248597	
0.00847200	  48.41112234   21.64807498 -173.28489268  -11.75472029   20.40132706    4.22988257	 -49.43465385  -34.89264120 -817.70644814  -53.33120818   38.60672514    4.01457448	 13.10773404  -7.09441718  -1.63508069 -20.07676204   8.70499362  15.27054927  15.88611306 -65.58121490   0.43020621 -74.94659522  82.90287888 -46.66948235	 0.03438303  0.08129946 -0.50714994  0.86409120 -0.35719198 -0.11351895  0.00972859 -0.02512136 -0.15287817  0.77206542 -0.62200371 -0.05704319	 0.00788355 -0.29820091  0.36621786 -0.05459778 -0.41047401  0.39700721  0.01475770 -0.22298564  0.66554856 -0.76676706  0.05383437  0.02262670	 0.01707445 -0.31397245  0.37142200 -0.06516900 -0.41583402  0.40565602  0.00100977 -0.23560186  0.68780849 -0.81913851  0.07838404  0.00092087	0.21772314 0.18201216 3.98576713	-0.01238606  0.04925355 -0.00276197	-0.00874247  0.05069935 -0.00285669	 0.00375186  0.00357975 -0.99998655	0.35000000	0.00000000	0.00000000	0.05118662	0.26312369	0.12025525	-0.82499719	0.94765478	1.05116928	-0.64568168	0.92363667	-0.68822128	1.05810761	0.09104092	-0.11463029	0.52279478	0.42071635	0.39631385	-0.01008308	-0.20047182	-0.43971682	1.00512671	0.96313941	-0.06880952	-0.41361091	-0.29422939	0.65468127	
0.00802900	  43.16466521   18.93349957 -172.60300646  -11.67234334   19.19047065    4.09624398	 -45.56092409  -35.42773181 -814.13567586  -53.11982819   40.58949314    3.55974166	 13.02345052  -9.77247316  -0.82474403 -19.07791875  10.37762703  14.95502396  16.04735110 -65.03162384  -2.91610840 -72.05388062  83.81816554 -44.67993212	 0.03448860  0.07884972 -0.50411667  0.86343683 -0.36050056 -0.11024778  0.00973208 -0.02690460 -0.14736247  0.76547184 -0.62133077 -0.05704449	 0.00282982 -0.25253736  0.32175172 -0.09830140 -0.37284904  0.37303314 -0.01207112 -0.20067962  0.64468416 -0.76726057  0.09295893 -0.00359584	 0.01198839 -0.29976781  0.37608828 -0.08375003 -0.40929414  0.40771534 -0.00030180 -0.22020890  0.68376295 -0.81642447  0.08483204 -0.00002372	0.21691101 0.18195331 3.98250827	-0.02036743  0.04697660 -0.00347054	-0.01778911  0.04772594 -0.00322473	 0.00413527  0.00371437 -0.99998455	0.35000000	0.00000000	0.00000000	0.04562157	0.24605927	0.11850568	-0.81498581	0.94021952	1.03890717	-0.65003443	0.91593057	-0.68381697	1.05444241	0.09517194	-0.10311391	0.53876054	0.43234831	0.38568413	-0.01141128	-0.22267008	-0.44560894	0.99606395	0.96908748	-0.07017555	-0.40605885	-0.29185039	0.66305220	
0.00848000	  37.08943953   15.97289913 -170.81860020  -11.49381184   16.96039015    3.75631823	 -43.71358846  -36.66409890 -817.12929685  -53.32549458   41.90333739    3.06395993	 12.69143233 -13.05654648   1.03202280 -18.43506266   9.65851895  15.06715934  15.66348904 -65.35259199  -4.23010143 -72.02413607  84.56847274 -42.07455623	 0.03460525  0.07625753 -0.50075597  0.86261277 -0.36393359 -0.10666963  0.00975352 -0.02876134 -0.14149455  0.75852158 -0.62062882 -0.05705487	 0.00018630 -0.29882619  0.39946743 -0.10416504 -0.38708904  0.38883014  0.01360339 -0.21805619  0.67087736 -0.76226980  0.10277437 -0.02048385	 0.01122936 -0.30326389  0.39717625 -0.09927086 -0.40155347  0.42330196  0.00314724 -0.21907536  0.68937075 -0.81527484  0.08422234 -0.00241104	0.21660789 0.18281838 3.97905025	-0.02486800  0.04359325 -0.00419759	-0.02351866  0.04469972 -0.00397796	 0.00452005  0.00390970 -0.99998214	0.35000000	0.00000000	0.00000000	0.04307118	0.22806677	0.11531923	-0.80724347	0.93516636	1.02755558	-0.65515804	0.91591156	-0.67858058	1.06453037	0.09277543	-0.09501315	0.55199498	0.44127184	0.37711245	-0.01661176	-0.24097165	-0.44658053	0.98716199	0.97971708	-0.07740089	-0.39934832	-0.29274580	0.65951771	
0.00800400	  34.85949524   15.73679764 -181.59981391  -12.19503318   16.24857597    3.27006156	 -38.93777734  -36.89280273 -809.23086540  -52.82978360   44.37146522    2.36297696	 12.34156181 -13.42063120   1.31083995 -18.94612890  10.38031400  13.92433722  15.06154574 -64.24059796  -6.62298195 -69.37903720  86.08982205 -40.03437155	 0.03471640  0.07383157 -0.49752440  0.86168298 -0.36702963 -0.10316432  0.00976519 -0.03049126 -0.13596021  0.75201852 -0.61998813 -0.05704407	 0.02633180 -0.26742423  0.38371992 -0.11266232 -0.36176845  0.42688606  0.01609189 -0.22195501  0.65578996 -0.75779251  0.07301800 -0.00823978	 0.01547432 -0.30158903  0.40183520 -0.11823201 -0.38141949  0.43671044  0.00251872 -0.21591199  0.68629016 -0.80679391  0.07919566  0.00081797	0.21574558 0.18367487 3.97611631	-0.02769462  0.04243129 -0.00441993	-0.02678188  0.04279308 -0.00435455	 0.00486263  0.00412141 -0.99997968	0.35000000	0.00000000	0.00000000	0.03963152	0.21730211	0.11077451	-0.80133682	0.93048996	1.01698601	-0.65701920	0.90465683	-0.66885287	1.07016969	0.09244415	-0.08564071	0.56342494	0.44189250	0.36661899	-0.01722252	-0.26083174	-0.44834909	0.98108023	0.98784411	-0.08554444	-0.39212477	-0.29468906	0.66111428	
0.00849700	  30.65720928   14.29703303 -186.26371466  -12.46123655   14.53949075    2.60768555	 -34.93781506  -37.57341005 -807.16429970  -52.71195894   47.21524614    1.95084824	 11.82105132 -15.19632292   3.00650418 -18.88875426   9.32233675  13.50426057  14.89135113 -63.82708406  -7.62114234 -68.08227471  88.20924175 -37.84412885	 0.03479206  0.07121742 -0.49403013  0.86060047 -0.37019792 -0.09934283  0.00978837 -0.03232170 -0.13008260  0.74518250 -0.61930414 -0.05705149	 0.00916891 -0.30699000  0.39149411 -0.14126324 -0.37172262  0.43847135 -0.00697933 -0.19006803  0.70388194 -0.76965517  0.08595642 -0.02318841	 0.00887736 -0.30821285  0.40972850 -0.13128449 -0.36980184  0.45183967  0.00318944 -0.21544115  0.69271699 -0.80098650  0.07980580 -0.00217836	0.21492331 0.18507683 3.97317711	-0.02847260  0.04079175 -0.00482854	-0.02827440  0.04132741 -0.00470514	 0.00521618  0.00436166 -0.99997688	0.35000000	0.00000000	0.00000000	0.03623137	0.20624296	0.10627287	-0.79712093	0.92478210	1.00983965	-0.65674728	0.90289408	-0.65913111	1.08029723	0.09203783	-0.07979206	0.57487571	0.44633326	0.35644847	-0.02506237	-0.28159788	-0.44922692	0.97535825	0.99799246	-0.09482478	-0.38633698	-0.29517856	0.65740108	
0.00849300	  29.17836129   14.48171728 -198.26924101  -13.25043913   14.07554677    2.40552223	 -29.86898559  -37.60113571 -798.25087678  -52.14918312   50.28230608    1.25743129	 11.89604954 -15.37714839   3.55492244 -19.35167886   9.51025924  12.41674675  14.41668288 -62.49367857  -9.08118494 -65.32960969  90.23481846 -35.35665676	 0.03489184  0.06858504 -0.49049162  0.85942132 -0.37317558 -0.09545887  0.00980444 -0.03419328 -0.12424820  0.73839945 -0.61864990 -0.05704828	 0.00873698 -0.30276185  0.38690854 -0.13246000 -0.35583714  0.46041799  0.00321203 -0.22297842  0.70614717 -0.79446390  0.07627356  0.00544238	 0.01272170 -0.30934684  0.41256674 -0.13891996 -0.34822166  0.45683316  0.00146973 -0.22144527  0.68693924 -0.79654949  0.07746918  0.00021196	0.21353691 0.18658378 3.97054427	-0.02826752  0.04048427 -0.00587081	-0.02836281  0.04055533 -0.00554741	 0.00556055  0.00460353 -0.99997394	0.35000000	0.00000000	0.00000000	0.03311175	0.20036341	0.09868712	-0.79162329	0.91818905	1.00047910	-0.65888369	0.89266169	-0.64874297	1.08985198	0.09312062	-0.07094363	0.58517057	0.44631907	0.34986395	-0.02722930	-0.30211321	-0.45140079	0.97365463	1.00826728	-0.10488152	-0.38148975	-0.29565480	0.65331566	
0.00851800	  26.37281260   15.30880314 -209.12350569  -13.91448790   12.53705224    1.78311141	 -25.17798944  -36.94666644 -788.27012297  -51.51127405   53.18628588    0.81140262	 11.46710816 -15.98021340   4.97460517 -20.32434332   7.99359993  12.07286417  14.12189028 -60.58262444  -9.65198416 -62.71820438  92.01958179 -33.07995951	 0.03497666  0.06590448 -0.48692781  0.85816413 -0.37602357 -0.09152320  0.00984109 -0.03608050 -0.11845992  0.73171288 -0.61800869 -0.05705494	 0.01885983 -0.29055480  0.37670215 -0.12386961 -0.28268141  0.42103049 -0.01475218 -0.20210413  0.60759539 -0.70050429  0.05609310 -0.02213667	 0.01274532 -0.31299920  0.41396826 -0.14649204 -0.32763124  0.45886611  0.00331459 -0.22260403  0.67437499 -0.77814197  0.07384644 -0.00150613	0.21203712 0.18810107 3.96796876	-0.02756229  0.03987962 -0.00718996	-0.02781103  0.04007536 -0.00678584	 0.00590191  0.00484134 -0.99997086	0.35000000	0.00000000	0.00000000	0.03272391	0.19707893	0.08706603	-0.78349602	0.91323805	0.99264657	-0.65872359	0.88618779	-0.63802427	1.09892511	0.09411233	-0.06677382	0.59422052	0.44689894	0.34638003	-0.03138051	-0.32103258	-0.45386669	0.97072047	1.02051616	-0.11279136	-0.37782621	-0.29645172	0.64741504	
0.00849400	  23.98496105   16.27889060 -220.26418603  -14.60508346   11.11084360    1.22219118	 -21.26265707  -36.49451965 -778.92529816  -50.91041106   55.47642466    0.24108676	 11.06552400 -16.07113779   6.00776424 -21.34685047   6.64510573  11.51589642  13.60457537 -58.84812975 -10.19594995 -60.74457356  93.42201304 -30.43408597	 0.03506738  0.06317137 -0.48334918  0.85684056 -0.37878801 -0.08750348  0.00987904 -0.03799828 -0.11269440  0.72506435 -0.61739954 -0.05704976	 0.02209916 -0.34939276  0.40827893 -0.15692776 -0.33364924  0.45291362 -0.02120007 -0.25499997  0.65826099 -0.79827298  0.03813002  0.00286889	 0.01258179 -0.32230877  0.41761475 -0.15401752 -0.32299123  0.46932128  0.00229894 -0.22684074  0.67276016 -0.77768631  0.06836781  0.00041818	0.21050597 0.18950164 3.96553343	-0.02670585  0.03903691 -0.00803640	-0.02698748  0.03930632 -0.00779340	 0.00623691  0.00507225 -0.99996769	0.35000000	0.00000000	0.00000000	0.03165924	0.19490728	0.07649090	-0.77612424	0.90611482	0.98446584	-0.65916771	0.87930495	-0.62538534	1.10794723	0.09150431	-0.06394448	0.60641712	0.44882110	0.34302408	-0.03608047	-0.34061411	-0.45757216	0.96941525	1.03142715	-0.12351291	-0.37227097	-0.29553765	0.63628179	
0.00848800	  21.90475898   17.57237101 -235.75317305  -15.60040755   10.19095042    0.69377909	 -15.55080454  -35.82089883 -764.21503418  -49.96844657   58.53915999   -0.34901022	 10.83966346 -15.67766106   7.09303530 -22.26902628   6.17525071  10.42661151  13.28933649 -56.88375723 -11.32958202 -57.10014479  95.19091094 -27.97450116	 0.03514106  0.06041010 -0.47975601  0.85549713 -0.38148004 -0.08342808  0.00994595 -0.03994745 -0.10695490  0.71848716 -0.61678373 -0.05704746	-0.02587931 -0.34444811  0.40511697 -0.14495326 -0.29139565  0.44899501  0.01490851 -0.23830831  0.63836044 -0.73008764  0.08464549 -0.00959761	 0.00752314 -0.32744393  0.41975387 -0.15534730 -0.31501358  0.47828866  0.00819337 -0.23252403  0.67128300 -0.77139011  0.07164325  0.00080516	0.20852941 0.19074950 3.96315638	-0.02564133  0.03869421 -0.00946969	-0.02599860  0.03877929 -0.00899840	 0.00656634  0.00529518 -0.99996442	0.35000000	0.00000000	0.00000000	0.02795192	0.19497196	0.06586276	-0.76984608	0.89715606	0.97623098	-0.66117543	0.86983591	-0.61093694	1.11523354	0.09077876	-0.05845845	0.61981475	0.44935364	0.33893782	-0.03818139	-0.36084926	-0.46145192	0.97122079	1.04301488	-0.13330641	-0.36574098	-0.29286271	0.62611520	
0.00801400	  19.38413087   18.58636287 -250.44265272  -16.52298298    8.73062280    0.36175073	 -10.46198177  -34.55709452 -748.53452331  -48.95672521   61.21583028   -1.20793125	 10.69776639 -15.57410109   8.07813952 -23.47259320   5.00092328   9.46794034  12.48939105 -54.48353469 -11.70181405 -53.64835149  96.48105347 -25.14152753	 0.03524116  0.05779734 -0.47638638  0.85422349 -0.38400223 -0.07961724  0.00999684 -0.04180994 -0.10159954  0.71237766 -0.61623510 -0.05705036	 0.01963063 -0.34332833  0.43919992 -0.18472646 -0.30984273  0.47955303 -0.01252596 -0.23634881  0.65887165 -0.75366356  0.07364837  0.01508688	 0.01155307 -0.32807825  0.41978360 -0.15863874 -0.31508791  0.47445740  0.00667599 -0.23400322  0.66548562 -0.76147438  0.06928586  0.00149623	0.20637911 0.19166683 3.96078068	-0.02462148  0.03832281 -0.01077714	-0.02498233  0.03845093 -0.01034745	 0.00687396  0.00549668 -0.99996127	0.35000000	0.00000000	0.00000000	0.02597188	0.19305441	0.05320817	-0.75852865	0.88708574	0.96836519	-0.66218454	0.85907131	-0.59559584	1.12166440	0.09214059	-0.05329072	0.63137108	0.45165905	0.33874741	-0.03807504	-0.37976909	-0.46721616	0.97244465	1.05578375	-0.13973361	-0.36079580	-0.29164547	0.61560816	
0.00849300	  16.43667400   19.61172092 -262.36029253  -17.25779418    7.39921403   -0.43154409	  -5.32171870  -33.20580931 -735.33899753  -48.10377959   64.05470293   -1.59453362	  9.97332779 -15.93986249   9.36753883 -24.39023864   4.29629952   9.09347797  12.25524755 -52.09766591 -12.29696989 -50.75067157  98.05664170 -22.14379531	 0.03535527  0.05499023 -0.47283781  0.85292240 -0.38666489 -0.07555168  0.01007953 -0.04380211 -0.09595358  0.70596792 -0.61569150 -0.05705749	 0.00636152 -0.31921491  0.42757401 -0.14543841 -0.30509459  0.48967531  0.02250889 -0.24123068  0.66386877 -0.73332711  0.02990530 -0.00851189	 0.01391092 -0.33096537  0.41816167 -0.15179724 -0.31452559  0.47953672  0.01114838 -0.23481004  0.66355166 -0.75128634  0.06213942 -0.00192480	0.20391122 0.19245481 3.95810257	-0.02359313  0.03765494 -0.01194836	-0.02393696  0.03786882 -0.01158396	 0.00719627  0.00570216 -0.99995785	0.35000000	0.00000000	0.00000000	0.02489393	0.18960540	0.04147922	-0.74859786	0.87520874	0.96176881	-0.66604620	0.84934771	-0.58147633	1.12826812	0.09265091	-0.04743564	0.64274102	0.45334834	0.33807284	-0.03993225	-0.39825252	-0.47258636	0.97526890	1.06864941	-0.14875148	-0.35402423	-0.29000777	0.60397160	
0.00804700	  13.29599335   20.37026953 -278.28636812  -18.25600186    5.80226801   -1.22807257	   1.12706875  -31.55717043 -720.50154335  -47.14904767   67.49978111   -2.42098775	  9.28267603 -15.77780545  10.65580996 -26.02164133   3.50759611   7.84587508  11.49654574 -49.46584737 -13.17207791 -47.32997935 100.24816382 -18.86471418	 0.03544769  0.05233292 -0.46953614  0.85173797 -0.38916627 -0.07175081  0.01015293 -0.04571781 -0.09070629  0.70000619 -0.61517840 -0.05705435	 0.00126100 -0.32237194  0.37538127 -0.11622106 -0.26405615  0.45627792  0.01985008 -0.24568332  0.63390392 -0.70196030  0.05407862  0.00025396	 0.01006424 -0.32734317  0.40618459 -0.14287562 -0.30642737  0.46883910  0.01151928 -0.23766125  0.64644828 -0.73278790  0.06208264 -0.00061825	0.20124004 0.19284130 3.95565245	-0.02280762  0.03720991 -0.01237880	-0.02308372  0.03735271 -0.01224001	 0.00749493  0.00588834 -0.99995458	0.35000000	0.00000000	0.00000000	0.02246009	0.19042127	0.03029488	-0.73694807	0.86452836	0.95520115	-0.66756105	0.83471286	-0.56552559	1.13491142	0.09715459	-0.04323534	0.65204018	0.45704648	0.34001285	-0.03894114	-0.41966501	-0.47855663	0.97822881	1.08006251	-0.15617977	-0.34852195	-0.28808120	0.59373361	
0.00845000	   8.47103625   21.90057621 -293.69712770  -19.16273077    3.02265534   -1.73389615	   6.35479827  -28.69631027 -702.96615230  -45.99483441   69.41036383   -2.91619176	  9.04595348 -16.20619166  12.59124996 -28.28207214   1.64214407   7.48968948  11.14900615 -46.49340725 -13.61897288 -44.71204548 100.41150248 -15.75627013	 0.03557550  0.04951053 -0.46606646  0.85053498 -0.39186256 -0.06774790  0.01023980 -0.04775037 -0.08519458  0.69379574 -0.61467410 -0.05702658	 0.01688500 -0.34140274  0.41339630 -0.11844118 -0.30122468  0.47825306  0.02430227 -0.22876354  0.66666786 -0.70408472  0.05153732  0.00711481	 0.01516999 -0.33162840  0.40714433 -0.13914878 -0.31403354  0.47214615  0.01305230 -0.23891026  0.64913026 -0.72759844  0.05710678  0.00570478	0.19859940 0.19307293 3.95280563	-0.02202621  0.03552487 -0.01372707	-0.02230015  0.03608055 -0.01328152	 0.00780367  0.00607975 -0.99995107	0.35000000	0.00000000	0.00000000	0.02140935	0.18839191	0.01762288	-0.72662127	0.85334194	0.94733673	-0.67229956	0.82482123	-0.54749310	1.14191377	0.09642259	-0.04000182	0.66385823	0.45806697	0.34342310	-0.04013399	-0.43763235	-0.48854607	0.98045319	1.09611285	-0.16396527	-0.34005022	-0.28593481	0.57829696	
0.00801800	   5.23548028   22.72054300 -312.00230184  -20.32208014    1.66343261   -2.79955433	  13.67538529  -23.68452060 -682.76594668  -44.65211533   72.61474345   -3.57114880	  7.92214629 -15.99489903  13.51596084 -29.59069887   1.59920941   6.03219668  10.52038916 -43.22727180 -15.16809692 -40.22516593 101.96852589 -12.69257955	 0.03568184  0.04683223 -0.46282767  0.84945591 -0.39444267 -0.06397194  0.01031705 -0.04972346 -0.08005442  0.68803328 -0.61421731 -0.05688526	-0.00515596 -0.34434291  0.39243707 -0.11599710 -0.33402106  0.47005180  0.00611554 -0.27839059  0.61275411 -0.71817698  0.06715243  0.03816923	 0.01336981 -0.33270010  0.40245994 -0.13199196 -0.32135837  0.47045949  0.01014264 -0.24735033  0.63821947 -0.71380229  0.05527838  0.02369566	0.19555810 0.19284177 3.94996069	-0.02175692  0.03481589 -0.01421606	-0.02185277  0.03500634 -0.01407575	 0.00808327  0.00625545 -0.99994776	0.35000000	0.00000000	0.00000000	0.01911580	0.19086541	0.00552977	-0.72261310	0.84194773	0.94196653	-0.67855972	0.80851573	-0.52873403	1.15075588	0.09588317	-0.03402501	0.67662710	0.45991683	0.34467760	-0.03760829	-0.46041030	-0.49946287	0.98789704	1.10856175	-0.17380041	-0.32985663	-0.28189895	0.56552601	
0.00848500	   1.42569791   24.72835288 -335.05930041  -21.76437201   -0.07189063   -3.41249875	  21.22910398  -20.06214586 -654.54862628  -42.79777073   75.14348868   -3.92199283	  7.66704542 -16.17156911  15.37182152 -31.87263602   1.10841562   5.01750481  10.44754697 -39.68885064 -15.47472382 -36.23460309 102.33566737 -10.46683584	 0.03581687  0.04399668 -0.45946953  0.84841108 -0.39717884 -0.06002810  0.01042819 -0.05185384 -0.07469465  0.68206167 -0.61376108 -0.05650251	 0.03793035 -0.32953584  0.37700193 -0.14274916 -0.29811457  0.44368830  0.02993004 -0.22965944  0.59729623 -0.66970026  0.07535039  0.04900856	 0.01758287 -0.33417266  0.39164736 -0.12264475 -0.32018193  0.46258278  0.01380485 -0.25102807  0.62734342 -0.69844718  0.05501698  0.05028129	0.19195650 0.19234364 3.94648013	-0.02100025  0.03374092 -0.01617971	-0.02130065  0.03408673 -0.01549728	 0.00837389  0.00643876 -0.99994421	0.35000000	0.00000000	0.00000000	0.02074524	0.19333862	-0.00857137	-0.71653873	0.83302617	0.93805557	-0.68390250	0.79343897	-0.50972134	1.16135180	0.09773035	-0.02874058	0.68843919	0.45826107	0.34790727	-0.03529961	-0.47803897	-0.51300639	0.99473321	1.12627482	-0.18187189	-0.31950772	-0.27848840	0.55348593	
0.00849300	  -3.10483552   27.07804317 -356.95708463  -23.11189277   -2.37120970   -4.68037650	  29.19273407  -16.95590186 -626.52496985  -40.96923348   77.77747244   -4.70769957	  6.36938098 -15.97170210  16.77264942 -34.02947983   0.03450800   4.20076870   9.61204818 -36.05079329 -16.20714772 -32.00726381 102.76101744  -8.56587548	 0.03594408  0.04118918 -0.45619662  0.84749926 -0.39995390 -0.05611301  0.01054047 -0.05405282 -0.06944101  0.67625651 -0.61336507 -0.05583309	 0.03422820 -0.31445846  0.36873517 -0.10275611 -0.31518866  0.48400864 -0.00439424 -0.27610759  0.60116232 -0.70904697  0.03626976  0.09800602	 0.01676263 -0.32839337  0.37982254 -0.10468359 -0.32473557  0.46112977  0.01365990 -0.25929116  0.61464635 -0.68082085  0.04641136  0.08310838	0.18796485 0.19126357 3.94239995	-0.02016963  0.03259785 -0.01694606	-0.02047479  0.03294909 -0.01671264	 0.00865456  0.00661506 -0.99994067	0.35000000	0.00000000	0.00000000	0.02622015	0.19722633	-0.02508011	-0.71636736	0.82539445	0.93886423	-0.68800557	0.77742898	-0.48934555	1.17328393	0.09621218	-0.02339522	0.69805050	0.45545113	0.34951681	-0.03366181	-0.49869925	-0.53197676	1.00284362	1.14428020	-0.19046615	-0.30562097	-0.27789626	0.54234827	
0.00801700	  -6.46369144   28.82203425 -378.72739795  -24.47154109   -3.95490034   -5.40564061	  36.27343588  -14.19438063 -603.49178921  -39.48299074   80.59024156   -4.86161293	  5.83793095 -16.43875909  18.29740901 -36.72967093  -0.06080624   3.26891591   9.61892873 -31.88878942 -16.83271994 -27.56383836 103.68831897  -7.29163262	 0.03607551  0.03852991 -0.45319369  0.84676103 -0.40258953 -0.05244046  0.01065690 -0.05616317 -0.06458890  0.67097127 -0.61301252 -0.05498939	 0.01317903 -0.31136499  0.34662783 -0.09043616 -0.27466540  0.39724089  0.00209694 -0.22435941  0.56869143 -0.60084469  0.04415849  0.11846207	 0.01706340 -0.32915152  0.37159644 -0.09147760 -0.32445431  0.45751996  0.01371119 -0.26064054  0.60228230 -0.65341906  0.04285118  0.10844355	0.18385513 0.18993610 3.93842732	-0.01929963  0.03141126 -0.01874338	-0.01960711  0.03180309 -0.01809749	 0.00890940  0.00677401 -0.99993737	0.35000000	0.00000000	0.00000000	0.03405495	0.20523238	-0.04717689	-0.72441924	0.82475936	0.94402391	-0.69674844	0.76264620	-0.47184193	1.19125819	0.09373231	-0.01554312	0.70426327	0.44929224	0.35057375	-0.03193590	-0.51902199	-0.55160910	1.01344955	1.16619349	-0.19696464	-0.28851569	-0.27776244	0.53690308	
0.00849400	  -9.36938601   31.33357618 -401.84425715  -25.93173225   -5.20413228   -6.46533237	  42.72765207  -10.88036155 -579.41854976  -37.91681497   82.97756132   -5.33752557	  4.75456911 -15.97278070  19.50521120 -39.17153618   0.10019363   2.36095168   9.06249832 -28.28770542 -17.02312090 -23.56853198 104.28087151  -5.58859121	 0.03622195  0.03570667 -0.45013376  0.84612732 -0.40541300 -0.04848684  0.01080263 -0.05844337 -0.05959566  0.66555547 -0.61269529 -0.05390905	 0.00759668 -0.30953268  0.33656862 -0.06856592 -0.31235831  0.46173012  0.01479700 -0.23345693  0.56632734 -0.61562734  0.04015898  0.15378263	 0.01560692 -0.32976329  0.35640032 -0.07340488 -0.32952505  0.46415668  0.01585536 -0.26489494  0.58368885 -0.62988637  0.03727597  0.13149429	0.17911533 0.18779229 3.93407983	-0.01901839  0.02978697 -0.01975193	-0.01913437  0.03029567 -0.01944602	 0.00916810  0.00693825 -0.99993390	0.35000000	0.00000000	0.00000000	0.04673292	0.21649590	-0.07798617	-0.74718219	0.83622301	0.95975888	-0.70879900	0.74778527	-0.45778078	1.22454727	0.08470731	-0.00492008	0.70133668	0.43451247	0.35467914	-0.03304721	-0.54073024	-0.58050263	1.02883124	1.19113863	-0.20452808	-0.25943556	-0.28552252	0.53398097	
0.00846500	 -10.12555682   33.91669396 -430.66295102  -27.80834897   -5.18786259   -7.22485271	  44.52740433   -8.58256927 -562.31628652  -36.83637035   83.52895257   -4.34434951	  4.07383471 -15.40407896  21.38729199 -43.30023225   1.90665038   0.74508494   8.51945190 -24.70703715 -17.33853225 -19.32027633 104.83724713  -4.40276785	 0.03638715  0.03290808 -0.44715604  0.84562313 -0.40821809 -0.04450127  0.01092331 -0.06074667 -0.05475507  0.66040626 -0.61239814 -0.05265201	 0.04298538 -0.33390778  0.34127053 -0.07865339 -0.33394468  0.47856632  0.01414264 -0.31219373  0.58261582 -0.62580993  0.06818507  0.18006189	 0.02015901 -0.33015432  0.34902546 -0.05964553 -0.33159538  0.47004265  0.01233760 -0.27333014  0.56940706 -0.60579083  0.03706227  0.15495150	0.17442093 0.18492406 3.93049952	-0.01931275  0.02648937 -0.02101504	-0.01920861  0.02759935 -0.02061151	 0.00940663  0.00710236 -0.99993053	0.35000000	0.00000000	0.00000000	0.08327012	0.21892549	-0.11516807	-0.77077574	0.84789300	0.97001475	-0.72888428	0.72610497	-0.43244898	1.26628125	0.07825737	0.01078099	0.69432670	0.42259341	0.34702951	-0.04374610	-0.58080035	-0.61286163	1.04016709	1.26834238	-0.22338255	-0.21613832	-0.28451845	0.55124134	
0.00805100	  -9.49770728   39.55001078 -464.52241915  -30.00199601   -4.44159768   -9.16331145	  39.16098669   -0.79504591 -540.62778607  -35.39465766   80.80406486   -2.68733623	  1.97256777 -14.31289735  23.75140848 -48.74046189   4.37691689   0.26426563   8.49040012 -18.97682190 -18.37901642 -10.57330168 103.67590714  -1.36371967	 0.03652800  0.03030376 -0.44439034  0.84518248 -0.41079358 -0.04065028  0.01097624 -0.06290041 -0.05044513  0.65600935 -0.61208500 -0.05127930	 0.00905117 -0.26713232  0.30108316 -0.06831537 -0.26851046  0.45393794 -0.00186848 -0.22793606  0.46799478 -0.45060663  0.04572289  0.16000871	 0.01740309 -0.31813160  0.34023599 -0.05667987 -0.31635326  0.47922134  0.00498320 -0.26558246  0.52599693 -0.53222974  0.04234717  0.17439776	0.17046057 0.18073499 3.92778321	-0.02243346  0.01977190 -0.02109564	-0.02140349  0.02202831 -0.02104308	 0.00959048  0.00727060 -0.99992758	0.35000000	0.00000000	0.00000000	0.20886347	0.11684611	-0.15512267	-0.59979028	0.71695507	0.85553563	-0.77683163	0.66165924	-0.26419818	1.24206269	0.12364261	-0.00525155	0.70310545	0.49541447	0.23938228	-0.13753590	-0.69360638	-0.62863290	0.92486262	1.57923675	-0.30432871	-0.10905385	-0.15302406	0.63867623	
0.00847300	 -22.18150495   70.22519563 -559.67922907  -35.63618867  -13.47965081  -19.37782155	  22.34044652   41.69902286 -398.26304877  -25.79373031   60.35904187    5.07669859	 -8.62495702  -8.08184436  32.22792518 -66.70147642  -1.73159685   5.74405837   7.18562439   3.54525059 -25.98560602  26.44960198  82.09282815  19.07106376	 0.03666243  0.02754849 -0.44130544  0.84464663 -0.41348201 -0.03589408  0.01100212 -0.06519204 -0.04652533  0.65262814 -0.61158483 -0.04897970	 0.00326256 -0.32426510  0.41638212 -0.05464260 -0.31949754  0.63483853 -0.00258574 -0.25718583  0.39000821 -0.26488666  0.07765078  0.37072172	 0.01469384 -0.32514547  0.37024224 -0.06674433 -0.31455590  0.59029781  0.00242820 -0.26908941  0.43769095 -0.35130248  0.06429845  0.30268264	0.16845470 0.17013442 3.91910993	-0.03947935  0.00040650 -0.01685505	-0.03403473  0.00670439 -0.01822453	 0.00967671  0.00753370 -0.99992480	0.35000000	0.00000000	0.00000000	0.20221165	-0.04391340	-0.29806525	-0.23726095	0.41845778	0.60222465	-0.99289489	0.57241553	0.11015505	1.25542104	0.20878236	-0.11057358	0.70104039	0.44401082	0.11763653	-0.34548032	-0.82435554	-0.74976748	0.64726973	1.94393730	-0.39249316	0.14658630	0.14396051	0.70556867	
0.00848300	 -40.94912763  111.38445595 -753.08784542  -47.39470162  -33.23075458  -28.21474922	  11.26695110  100.73144608 -126.58657315   -7.63332690   20.38536661   14.59900905	-20.85231578   5.54965425  32.57899752 -98.86115360 -16.49487260   3.11839810   5.21390265  45.87069917 -48.18158869  82.87132382  30.05678147  47.23598951	 0.03673662  0.02490991 -0.43804148  0.84400990 -0.41623740 -0.02944519  0.01101779 -0.06745825 -0.04408525  0.65209113 -0.61088469 -0.04480716	-0.02374770 -0.28040280  0.42735663 -0.07129032 -0.33649541  0.90775452  0.01124240 -0.25353952  0.19862023  0.14915149  0.06659542  0.63430294	 0.00479059 -0.30633352  0.39041497 -0.07477560 -0.32871841  0.80429195  0.00343549 -0.26408518  0.24797951  0.01467957  0.08348360  0.54310787	0.16693444 0.14787666 3.90289152	-0.07960103 -0.01978901 -0.01068668	-0.06651192 -0.01168352 -0.01237066	 0.00960451  0.00803653 -0.99992158	0.35000000	0.00000000	0.00000000	0.15781827	-0.12411043	-0.40483916	-0.02715725	0.27640516	0.34381995	-1.11898601	0.39087498	0.40709245	1.23969030	0.24071386	-0.12489428	0.74560899	0.25798225	0.17885913	-0.40982723	-0.93797910	-1.01786566	0.55745655	2.17731357	-0.43545765	0.31250852	0.27157640	0.65755409	
0.00800200	 -51.74687785  106.01482211 -872.04446078  -54.74265090  -51.30997840  -25.92717933	 16.25344879 100.35608919 -83.86415642  -5.42120488  14.59370945  12.88454044	 -20.03694074   -3.09720144   25.06331709 -126.79293597  -26.42889570   -9.96334779   10.68998336   54.91083884  -58.99005665   96.25450259  -10.41594840   49.37339628	 0.03678656  0.02264233 -0.43476991  0.84339252 -0.41893035 -0.02173009  0.01101600 -0.06936356 -0.04365684  0.65528617 -0.61054377 -0.03833754	 0.03046340 -0.28380343  0.41793491 -0.08499185 -0.33672537  1.06948059 -0.00567147 -0.23344733 -0.09469113  0.62602476 -0.00521211  0.98802673	 0.00681115 -0.28085557  0.41432930 -0.08144014 -0.33716625  0.98689945  0.00059679 -0.23565035  0.01642884  0.47240136  0.02397261  0.86063861	0.16663037 0.12422528 3.89264410	-0.10980783 -0.03816575 -0.00793957	-0.10001197 -0.03223806 -0.00874237	 0.00936224  0.00880844 -0.99991738	0.35000000	0.00000000	0.00000000	0.16817531	-0.14607006	-0.37964475	0.00502618	0.29619977	0.20415939	-1.10877013	0.26820633	0.54402208	1.24671090	0.27716959	-0.09439724	0.77791733	0.16406268	0.18216890	-0.37807137	-1.00495994	-1.20392597	0.49533087	2.27606320	-0.45373198	0.35535625	0.28828233	0.63831943	
0.00853600	  -60.49351445    -6.39956816 -1114.89121236   -22.61733372   -63.61735376   -23.76826722	 21.68247471  76.79004958 -53.85535313  -3.99435632  10.44492639   8.74789647	 -20.88628127  -15.64722502   18.60586805 -133.98266798  -29.20248878  -20.12510739   14.76538608   49.50967264  -60.72482006   89.12948769  -20.11525570   36.59963959	 0.03679488  0.02042636 -0.43122288  0.84283202 -0.42179688 -0.01367612  0.01117390 -0.07123777 -0.04530525  0.66291515 -0.61130562 -0.02922324	 0.00948496 -0.20289353  0.35944170 -0.02857581 -0.31119194  0.69766247  0.01661121 -0.22062778 -0.27066031  1.02663292 -0.13513564  1.04791793	 0.00155126 -0.25416410  0.41063252 -0.05498996 -0.33320354  0.86225555  0.02606901 -0.22598327 -0.23146089  0.96379021 -0.11284318  1.07983572	0.16594227 0.11092938 3.89689661	-0.06212433 -0.05357151 -0.00606386	-0.08134902 -0.04868376 -0.00668495	 0.00896944  0.00960808 -0.99991361	0.35000000	0.00000000	0.00000000	0.21474740	-0.15341644	-0.35803655	-0.00959668	0.31531364	0.13607275	-1.10029650	0.21744263	0.58078051	1.26775646	0.34194422	-0.03638109	0.77850187	0.17744762	0.12780327	-0.32610247	-1.02186668	-1.24523807	0.41932270	2.36066532	-0.45433706	0.32147872	0.28456637	0.67185402	
0.00847100	  -61.46350030    -3.34608935 -1105.57418032   -12.48684376   -65.82954273   -19.92333088	12.45671736 26.71433516  3.18400020 -0.90737223  1.07906359  0.30103037	 -20.48808746   -9.06805897   12.84960059 -130.31002775  -31.48910764   -3.96219191   16.82739113   53.03804064  -62.90867406   68.63702974  -18.71170467   25.78990567	 0.03679904  0.01825395 -0.42784324  0.84269119 -0.42470442 -0.00890499  0.01209205 -0.07297668 -0.04902387  0.67425351 -0.61303827 -0.01920938	-0.01376237 -0.24539149  0.42007886 -0.00205290 -0.35653498  0.40837315  0.16816060 -0.18767088 -0.56406409  1.56085371 -0.22798058  1.22065342	-0.00100989 -0.25533474  0.39400209 -0.00860715 -0.34388510  0.51586478  0.12691376 -0.19152601 -0.47574531  1.39422052 -0.21390746  1.18189531	0.16366464 0.10343364 3.90169934	 0.00443692 -0.05671735 -0.00466576	-0.01419632 -0.05602344 -0.00507061	 0.00849237  0.00981022 -0.99991582	0.35000000	0.00000000	0.00000000	0.29613137	-0.15447256	-0.41477752	0.02763182	0.31024128	0.09503639	-1.14579594	0.20368207	0.54037297	1.19724584	0.36610362	-0.00500323	0.74328583	0.19483019	0.11703835	-0.32575062	-0.99626148	-1.22723317	0.34780744	2.44916058	-0.46447381	0.26816887	0.25936985	0.71274257	
0.00803400	  -58.11351105    15.15911316 -1080.01740590     3.72500995   -64.06917776   -17.66455056	14.17786593 15.12414136  5.04396221 -0.49892685  0.56097885 -0.08990494	 -20.92330588   12.56018823   10.46271076 -133.06645659  -30.37079224   23.03544882   12.49376761   54.10042572  -61.98866011   52.77164303  -20.71562353   16.32972437	 0.03681473  0.01625693 -0.42490862  0.84289952 -0.42745205 -0.00614815  0.01376460 -0.07390775 -0.05423834  0.68744017 -0.61523670 -0.01022598	 0.00134902 -0.23553039  0.31321566  0.01819205 -0.31287791  0.26192787  0.20903364 -0.09303294 -0.65912990  1.63643629 -0.26085069  0.95198324	 0.00208554 -0.24702598  0.35939402  0.02680890 -0.33953279  0.32881914  0.21347720 -0.10284765 -0.67053844  1.66752340 -0.28146630  1.08620550	0.16079478 0.09610509 3.90519457	 0.02707800 -0.05261817 -0.00385314	 0.01826226 -0.05412140 -0.00410494	 0.00805229  0.00968063 -0.99992072	0.35000000	0.00000000	0.00000000	0.35289493	-0.16053942	-0.49306548	0.08333799	0.30911532	0.05574401	-1.15918601	0.19842675	0.47919375	1.05361545	0.35303292	-0.02522942	0.70092446	0.15543702	0.09011524	-0.36673689	-0.93954635	-1.20318151	0.29124025	2.51278830	-0.48698819	0.24332672	0.21473412	0.76753879	
0.00848000	  -58.51127883    32.04248310 -1070.29545122    13.88748370   -67.15432763   -15.86096904	14.66162712  8.85864910  4.53849068 -0.29443253  0.48561517 -0.12018620	 -21.22414479   30.07590914    8.62227137 -141.50925800  -33.63538545   38.29090175    7.33958243   42.62678230  -57.18088308   43.55544023  -20.39537376   14.76022977	 0.03680787  0.01416916 -0.42195366  0.84321175 -0.43031465 -0.00399914  0.01590079 -0.07424064 -0.06141571  0.70349058 -0.61825114 -0.00214650	-0.00475131 -0.24042588  0.33371995  0.03001181 -0.35066530  0.21744278  0.24709850  0.01364415 -0.93965638  2.00539424 -0.37447078  0.86958354	-0.00121890 -0.24646090  0.34389760  0.03389994 -0.33529074  0.24671726  0.24956016 -0.02846295 -0.86884133  1.91534699 -0.36494680  0.91821977	0.15867427 0.09067682 3.90821805	 0.04538456 -0.04774382 -0.00331976	 0.04039444 -0.04921788 -0.00347818	 0.00762754  0.00935621 -0.99992714	0.35000000	0.00000000	0.00000000	0.38170615	-0.16688427	-0.55561048	0.13537197	0.31946814	-0.00907286	-1.15838742	0.18892121	0.43825531	0.95072544	0.33787498	-0.05755872	0.65168387	0.14636099	0.05813972	-0.38379678	-0.88210142	-1.14084601	0.23317267	2.57295609	-0.50982630	0.21894906	0.16844524	0.78611720	
0.00800300	  -57.96284779    45.37899753 -1066.76188313    19.83619481   -70.63859363   -12.81833578	13.84991624  6.51787175  3.47867766 -0.21071652  0.42565451 -0.16069219	 -20.23579264   47.74768388    3.24706351 -146.39407372  -38.14292845   46.56054038    2.54444175   35.17233467  -48.73822071   33.19636542  -15.71512038   16.06887659	 0.03682336  0.01230118 -0.41921051  0.84345696 -0.43291935 -0.00227805  0.01786677 -0.07405062 -0.06939508  0.71998104 -0.62158090  0.00410691	 0.01093265 -0.23035443  0.33893752  0.01165044 -0.34762741  0.19012151  0.24972692  0.05440031 -1.05887252  2.16423831 -0.45169010  0.70692176	 0.00299503 -0.22747134  0.33831035  0.02792941 -0.32525552  0.21004847  0.23992358  0.03239562 -1.00941841  2.07048204 -0.42042762  0.75996349	0.15805496 0.08363503 3.91116538	 0.03535023 -0.04486862 -0.00283009	 0.03893185 -0.04579798 -0.00298400	 0.00725840  0.00902478 -0.99993293	0.35000000	0.00000000	0.00000000	0.39695141	-0.17761227	-0.60329080	0.19532630	0.31765223	-0.05763387	-1.13369703	0.17280695	0.40924305	0.86799628	0.30930817	-0.09436662	0.61572701	0.13827896	0.04114391	-0.38720185	-0.85551417	-1.07201099	0.19753458	2.61945820	-0.51529729	0.20913899	0.12324763	0.80504465	
0.00848400	  -55.51084577    52.80245192 -1045.53621754    21.44133054   -72.14444162   -12.05571839	12.02878610  4.53710448  2.40230147 -0.13628663  0.36328059 -0.16916406	 -20.45348931   53.29422677   -1.63759596 -153.38431442  -40.47476846   49.09254950    0.68074410   23.94199979  -42.15413097   30.32432170  -11.70267536   17.88769080	 0.03681592  0.01052597 -0.41629410  0.84361040 -0.43561301 -0.00060667  0.01956618 -0.07333850 -0.07893126  0.73843602 -0.62535421  0.00963934	 0.02211820 -0.21960587  0.36862534  0.00030406 -0.30110497  0.20950550  0.19157226  0.11810704 -1.18095405  2.29886385 -0.49057740  0.60466416	 0.00087435 -0.20626632  0.34268137  0.01572153 -0.31575150  0.19492729  0.19068275  0.08828341 -1.13711320  2.18888608 -0.44898490  0.63516880	0.15825381 0.07663618 3.91294517	 0.02997625 -0.04211181  0.00008110	 0.03120549 -0.04294235 -0.00086361	 0.00688970  0.00875510 -0.99993794	0.35000000	0.00000000	0.00000000	0.39153066	-0.19675352	-0.62122411	0.24556622	0.31373686	-0.10646209	-1.10828829	0.15645152	0.40581691	0.81336182	0.30128765	-0.10787109	0.58822423	0.14266561	0.00249870	-0.38434091	-0.83594471	-1.01573277	0.17081113	2.65925932	-0.51367098	0.19272721	0.09098533	0.81606203	
0.00801600	  -53.40372282    59.05200416 -1025.31315962    22.70101706   -72.35573265   -11.88661862	10.56568436  3.29901229  1.12833502 -0.08916303  0.30414270 -0.15826422	 -20.48155735   59.45243239   -6.03595903 -155.39018321  -42.08748963   51.47253656    0.86939131   17.00437367  -35.70084587   25.73285607   -8.38041361   19.30098420	 0.03676481  0.00895566 -0.41356295  0.84366932 -0.43810093  0.00082790  0.02067882 -0.07242303 -0.08871415  0.75644972 -0.62891921  0.01415103	-0.03701510 -0.19306016  0.30931357  0.01503949 -0.32082190  0.16598894  0.11496617  0.12490169 -1.24172366  2.29446716 -0.45197964  0.50843930	-0.00821957 -0.19571869  0.33746427  0.00763788 -0.30857306  0.17796505  0.12971593  0.11760986 -1.22732305  2.25074313 -0.44360009  0.55261308	0.15915465 0.07018623 3.91277484	 0.03114708 -0.04024781  0.00479802	 0.03059368 -0.04084399  0.00322808	 0.00656131  0.00851304 -0.99994224	0.35000000	0.00000000	0.00000000	0.39008164	-0.21291460	-0.62687075	0.28905186	0.29910371	-0.14261691	-1.08481479	0.14536893	0.40238726	0.76064473	0.28892529	-0.12424781	0.57183266	0.15652524	-0.02748706	-0.38999191	-0.82353145	-0.96457380	0.15592502	2.69828105	-0.51882291	0.17856246	0.07394689	0.82080787	
0.00845800	  -51.44289981    64.39072404 -1016.33131377    24.53836233   -72.17967042   -11.34526922	 9.49412641  2.14908023  0.68186464 -0.04674031  0.26086101 -0.13109907	 -19.80054445   65.79945970   -9.16876590 -157.49956149  -42.86391065   54.24740303    2.12563962   12.32731831  -31.07820069   24.22636585   -7.19690466   19.91526881	 0.03670485  0.00737372 -0.41065415  0.84368867 -0.44070669  0.00226665  0.02134575 -0.07132761 -0.09980038  0.77599124 -0.63259218  0.01844157	 0.02221378 -0.20691192  0.33183830 -0.03123802 -0.32065096  0.17689278  0.02725590  0.17587129 -1.42958344  2.39631954 -0.46448947  0.53079118	-0.00718676 -0.18938187  0.34289370  0.00040983 -0.30968477  0.17045714  0.06758709  0.13422008 -1.32903925  2.32465192 -0.43506301  0.50344288	0.16068963 0.06349832 3.91170417	 0.03394493 -0.03921829  0.00833538	 0.03297866 -0.03952363  0.00736031	 0.00622482  0.00823620 -0.99994671	0.35000000	0.00000000	0.00000000	0.39919797	-0.22014378	-0.63146168	0.32858586	0.28640616	-0.17548767	-1.06932724	0.13243872	0.40130419	0.70584702	0.28024277	-0.13557515	0.55974531	0.17088637	-0.04550190	-0.39568827	-0.80811018	-0.92175210	0.14818548	2.74549413	-0.53101408	0.16455284	0.06276661	0.82050157	
0.00853400	  -46.57013849    70.05242815 -1014.16710697    25.88142187   -70.46036940   -11.62067602	 8.45224892  0.23863122  0.39036604  0.01520895  0.21437039 -0.05695281	 -19.99002917   72.54478979  -13.18593160 -158.41860652  -42.03132212   56.41231120    3.69177450    8.93171561  -25.60887007   22.24698164   -6.49974182   18.81161851	 0.03661040  0.00585982 -0.40773563  0.84371278 -0.44329544  0.00360876  0.02164109 -0.07011234 -0.11141005  0.79579445 -0.63606743  0.02220660	 0.00283898 -0.15967714  0.31936081  0.02063849 -0.30142010  0.15337291  0.01273872  0.15711510 -1.28164750  2.14587823 -0.37390283  0.38186305	-0.00937523 -0.17804944  0.34276528  0.00332180 -0.30425485  0.15853805  0.03059312  0.14868875 -1.37009315  2.32274555 -0.40600671  0.43157896	0.16248152 0.05679160 3.91045882	 0.03530429 -0.03834298  0.00916676	 0.03484596 -0.03860726  0.00910450	 0.00589612  0.00794069 -0.99995109	0.35000000	0.00000000	0.00000000	0.39653227	-0.22972305	-0.62787008	0.36870268	0.25862634	-0.20419140	-1.04551005	0.11629627	0.40453374	0.64824307	0.27139956	-0.14585108	0.55245483	0.17703749	-0.07705536	-0.40490907	-0.78858107	-0.88290352	0.14203425	2.78662181	-0.53535753	0.15147389	0.05780688	0.82460248	
0.00848800	  -43.47376834    73.38307413 -1015.45195326    28.25232092   -69.01365212   -11.82655511	 7.70831740 -0.57778735  0.47671603  0.05138237  0.18931707 -0.02260800	 -20.16646113   77.84162855  -15.84969426 -159.04004240  -41.15601003   59.49824679    4.38890023    4.82584935  -23.26531073   22.68109618   -5.94064449   20.04304472	 0.03651462  0.00445381 -0.40484772  0.84370157 -0.44588158  0.00485407  0.02174435 -0.06878724 -0.12347890  0.81573036 -0.63932708  0.02546417	-0.02119200 -0.16771962  0.34013959  0.00185787 -0.34016415  0.13059683 -0.00306278  0.19616696 -1.43752440  2.35527481 -0.40711445  0.37603362	-0.01223332 -0.16419633  0.34054216 -0.00169581 -0.30680103  0.14557009  0.00979995  0.16120168 -1.42644540  2.34842563 -0.38293723  0.37888206	0.16418705 0.05055429 3.90929246	 0.03646698 -0.03679064  0.00776492	 0.03606200 -0.03727206  0.00827818	 0.00557754  0.00763521 -0.99995530	0.35000000	0.00000000	0.00000000	0.39704660	-0.24096726	-0.62623841	0.41040191	0.22884557	-0.23313849	-1.03450370	0.10170366	0.40496868	0.59458715	0.26701540	-0.14582479	0.54106832	0.18504521	-0.09375246	-0.41192123	-0.76699150	-0.84752089	0.13833228	2.82368946	-0.54331928	0.13701761	0.04950609	0.82363516	
0.00802700	  -40.24770511    75.83856431 -1017.18068208    30.98464200   -67.13756122   -11.91060871	 7.17364715 -1.63041276  0.23414754  0.08887277  0.15392640  0.00391909	 -20.41430371   83.14428902  -17.97946990 -159.13657546  -39.83359078   62.76514548    4.05248502    1.71129516  -19.64939141   20.59619568   -6.02159349   20.08553857	 0.03645237  0.00319291 -0.40212590  0.84371303 -0.44828306  0.00598227  0.02179868 -0.06746927 -0.13517795  0.83450138 -0.64216408  0.02823297	-0.02650128 -0.14878610  0.33330329  0.01503398 -0.29087057  0.14938743  0.00015136  0.19995731 -1.49909804  2.35264012 -0.32057702  0.32674506	-0.01007417 -0.15445180  0.33883973  0.00118708 -0.29967628  0.14020366  0.00626502  0.16803449 -1.45996035  2.33756053 -0.34956332  0.34041287	0.16600256 0.04473227 3.90840497	 0.03622622 -0.03575461  0.00681087	 0.03629679 -0.03607672  0.00713229	 0.00528839  0.00734368 -0.99995905	0.35000000	0.00000000	0.00000000	0.39991370	-0.25229526	-0.62138706	0.45498705	0.19574553	-0.25469398	-1.02053058	0.08948492	0.40862137	0.54730660	0.25647780	-0.14540485	0.53504705	0.18603462	-0.11041544	-0.41973120	-0.73743212	-0.81269836	0.13677798	2.85814309	-0.55339372	0.12513313	0.04215729	0.82040787	
0.00845100	  -38.44859198    77.90644195 -1020.05381763    33.09465708   -65.91040189   -12.30389066	 6.80561359 -2.71634700  0.30850864  0.12641673  0.13095385  0.02478641	 -21.03847343   87.65788722  -19.67407527 -159.85500950  -38.98818684   65.02426291    3.02149707   -1.44060576  -17.94476907   20.57466350   -6.48136597   20.01251811	 0.03639435  0.00195438 -0.39923948  0.84372013 -0.45086270  0.00710160  0.02180942 -0.06602478 -0.14786936  0.85435780 -0.64499577  0.03087656	-0.01323917 -0.16178262  0.39302679  0.00615580 -0.33339913  0.10526343  0.00334936  0.19473743 -1.58115168  2.49384176 -0.38166368  0.34760152	-0.00686742 -0.14392833  0.34552314  0.00247404 -0.30698829  0.13031241  0.00095729  0.17351054 -1.51018779  2.35768601 -0.33413476  0.31036122	0.16797243 0.03897506 3.90775492	 0.03507274 -0.03458856  0.00686555	 0.03541615 -0.03494308  0.00684836	 0.00499019  0.00704051 -0.99996276	0.35000000	0.00000000	0.00000000	0.40756160	-0.26051599	-0.61721188	0.49621335	0.16707635	-0.27478462	-1.00936115	0.07563607	0.41394192	0.50488997	0.24957585	-0.13888621	0.52635229	0.18694389	-0.12008945	-0.41800484	-0.70730591	-0.78001642	0.13342352	2.89428782	-0.56333286	0.11168289	0.03197473	0.81675816	
0.00801600	  -34.65488785    79.76608451 -1021.57503978    34.85803064   -62.85927584   -12.50332672	 6.39957061 -4.09074601 -0.02632436  0.17000809  0.10230302  0.04804173	 -21.48023808   91.59649181  -21.32500920 -159.76812285  -36.18268919   67.07645935    2.32792017   -4.41927984  -15.53536749   18.59003405   -6.18048075   19.26072153	 0.03633008  0.00088655 -0.39653633  0.84370290 -0.45327239  0.00808845  0.02181938 -0.06464016 -0.16001562  0.87286699 -0.64745202  0.03304194	 0.02044992 -0.13308027  0.36517599 -0.00291393 -0.34480465  0.12237477  0.00140340  0.19154895 -1.64075186  2.46966049 -0.30601487  0.29831570	-0.00674365 -0.13224379  0.34051742 -0.00197199 -0.30305255  0.11975997  0.00038834  0.17384609 -1.52435984  2.31714788 -0.30512880  0.26753833	0.16982326 0.03310973 3.90737716	 0.03338246 -0.03325957  0.00850341	 0.03395442 -0.03370456  0.00790821	 0.00471937  0.00676640 -0.99996597	0.35000000	0.00000000	0.00000000	0.40642378	-0.27193177	-0.60586727	0.53741777	0.13088992	-0.29222524	-0.99252641	0.06359677	0.41901654	0.46463722	0.24271563	-0.13254645	0.52204531	0.18506071	-0.14067492	-0.42136568	-0.67594391	-0.74737430	0.13137913	2.92332220	-0.57271445	0.09844790	0.02794292	0.81604880	
0.00802900	  -33.69665369    80.66601153 -1022.43431561    36.95598617   -61.23662572   -12.63627386	 6.16678977 -4.73074709 -0.06734399  0.19582049  0.08906458  0.05574922	 -21.75524685   94.65326023  -21.72384246 -159.46060890  -35.04927912   69.33627927    1.44318787   -7.37809825  -15.06748920   18.70586856   -6.16067541   19.99348629	 0.03624359 -0.00008734 -0.39384070  0.84370643 -0.45567705  0.00900589  0.02182398 -0.06327989 -0.17229950  0.89115830 -0.64973515  0.03490737	-0.02302459 -0.12586233  0.32986703  0.00545923 -0.29050131  0.11760775  0.01055931  0.13761912 -1.38722258  2.06573897 -0.25935952  0.19965078	-0.00989047 -0.12057349  0.33604738 -0.00106261 -0.29970956  0.11212462  0.00044899  0.16553315 -1.52568593  2.26559247 -0.28218447  0.22938331	0.17167972 0.02749019 3.90710168	 0.03177272 -0.03194659  0.01072943	 0.03228355 -0.03236474  0.00999822	 0.00445953  0.00650605 -0.99996889	0.35000000	0.00000000	0.00000000	0.40214652	-0.28629443	-0.59356183	0.57584190	0.09135926	-0.31041279	-0.97877228	0.05527810	0.42450863	0.42543328	0.23982018	-0.12497399	0.51660258	0.18726060	-0.15550813	-0.42661840	-0.64944577	-0.72083288	0.12947273	2.94677806	-0.58108366	0.08204556	0.02570853	0.80795479	
0.00801000	  -33.42823537    80.90478925 -1023.89438680    39.04004023   -59.68624989   -12.58263685	 6.06432188 -5.02994081 -0.10905632  0.20938250  0.08364821  0.05773231	 -21.82325721   97.32728267  -21.80668827 -159.45113474  -33.60262245   71.46034348    0.40917406   -9.22983339  -15.31721704   18.65783457   -5.80420406   20.64829576	 0.03614446 -0.00096392 -0.39115147  0.84370835 -0.45808016  0.00983189  0.02183372 -0.06195581 -0.18470936  0.90917067 -0.65179885  0.03658389	-0.00064014 -0.10890818  0.30957287 -0.00598471 -0.25116823  0.09231737 -0.00005034  0.15928503 -1.40598607  2.04835259 -0.21137773  0.20260827	-0.01110220 -0.10787460  0.33503046 -0.00119555 -0.29706811  0.10002202  0.00203804  0.16187275 -1.53901037  2.22686692 -0.25248325  0.20791033	0.17348885 0.02203239 3.90696792	 0.02986861 -0.03046370  0.01294278	 0.03048858 -0.03094170  0.01221608	 0.00421085  0.00625945 -0.99997154	0.35000000	0.00000000	0.00000000	0.40049735	-0.29885271	-0.58064133	0.61746460	0.05330678	-0.32476673	-0.96727663	0.04607300	0.43138832	0.38787043	0.23904225	-0.11402569	0.51115799	0.18831073	-0.16412130	-0.42942789	-0.62350190	-0.69572073	0.12946729	2.97006440	-0.58932459	0.06572824	0.02222372	0.80153221	
0.00849000	  -33.07947324    80.58698263 -1023.59868072    41.46002931   -57.86598741   -12.70780775	 6.06812630 -5.75316256 -0.25929044  0.23456184  0.07038233  0.06688038	 -22.17400479   99.68602729  -21.74304950 -159.10698164  -31.97806835   73.88628000   -0.73752425  -11.57750589  -14.92105262   17.98916248   -6.46645118   20.66298890	 0.03600669 -0.00179665 -0.38832344  0.84371138 -0.46065105  0.01065566  0.02182507 -0.06065898 -0.19800980  0.92801341 -0.65379463  0.03825182	-0.03875208 -0.08682479  0.29462965  0.00393995 -0.30368329  0.10125417  0.00168978  0.14332508 -1.52448278  2.16227947 -0.21106929  0.16377001	-0.01864348 -0.09567369  0.33095134 -0.00063696 -0.30267133  0.09598855 -0.00129706  0.15151004 -1.55934322  2.20294684 -0.22920203  0.19360294	0.17549517 0.01653995 3.90684664	 0.02812069 -0.02918056  0.01597255	 0.02864803 -0.02956112  0.01501658	 0.00395871  0.00601318 -0.99997408	0.35000000	0.00000000	0.00000000	0.40515289	-0.31197566	-0.56499785	0.65622121	0.01936631	-0.33735520	-0.95269924	0.03890083	0.43679696	0.35172224	0.23793671	-0.10614058	0.50510013	0.19267531	-0.17274675	-0.43380180	-0.59510267	-0.67232209	0.12794104	2.99547219	-0.60262722	0.04882491	0.01970878	0.79544419	
0.00800700	  -32.07319680    80.34736637 -1022.50742332    43.41366393   -55.36470140   -12.19110728	 6.09854969 -6.54159327 -0.66014394  0.25938319  0.05595218  0.07509578	 -21.67876124  101.83014321  -21.49655974 -158.77128637  -29.57467175   75.87218416   -1.32885829  -13.44247210  -14.49789115   16.28336827   -6.60238341   20.30217335	 0.03586947 -0.00249765 -0.38563378  0.84370656 -0.46306488  0.01133650  0.02182895 -0.05957790 -0.21061599  0.94538888 -0.65550071  0.03972062	-0.01004641 -0.09543627  0.34134559 -0.00122856 -0.30193206  0.08269337  0.00013846  0.13387254 -1.46560294  1.98585134 -0.20871850  0.15552597	-0.01913618 -0.08676964  0.33475979 -0.00133616 -0.30237012  0.08322218 -0.00084506  0.13321123 -1.56419178  2.15053956 -0.20905498  0.17946099	0.17744619 0.01163783 3.90676035	 0.02643193 -0.02821637  0.01837323	 0.02699016 -0.02852386  0.01759604	 0.00373031  0.00579478 -0.99997625	0.35000000	0.00000000	0.00000000	0.40851671	-0.32392016	-0.54804707	0.69447553	-0.01649152	-0.35064062	-0.93993807	0.03212114	0.44209784	0.31840396	0.23843741	-0.09584413	0.50115579	0.19704235	-0.18322808	-0.43746886	-0.56671870	-0.64713150	0.12686346	3.02176023	-0.61553866	0.03043625	0.02148039	0.78842413	
0.00848700	  -31.18083338    79.32542135 -1022.24363967    45.55806632   -52.86777994   -12.28532637	 6.02978366 -6.99322797 -0.83105924  0.27355154  0.05141208  0.08112682	 -22.07672060  103.34453321  -21.36992296 -157.90684694  -27.32387750   77.83716172   -2.21437708  -14.42356420  -15.02144872   16.11472179   -6.10641540   20.23965082	 0.03571010 -0.00315219 -0.38280931  0.84370776 -0.46562240  0.01201032  0.02184215 -0.05858816 -0.22409017  0.96342465 -0.65711920  0.04114790	-0.01602432 -0.08269081  0.33546377 -0.01316145 -0.29314747  0.10281506  0.03038465  0.09269706 -1.64327829  2.10588458 -0.19536045  0.19121954	-0.01781412 -0.07663076  0.33240280 -0.00108878 -0.29954729  0.07859571  0.00354646  0.11213513 -1.58620902  2.11030419 -0.18760377  0.16706574	0.17933588 0.00655234 3.90674207	 0.02446198 -0.02672639  0.02181632	 0.02507314 -0.02718724  0.02072006	 0.00349799  0.00557833 -0.99997832	0.35000000	0.00000000	0.00000000	0.41494608	-0.33485043	-0.53231019	0.73320091	-0.05327050	-0.36169255	-0.93046272	0.02329113	0.44968891	0.28772488	0.24009010	-0.08095021	0.49765909	0.20172444	-0.18982568	-0.44114083	-0.53928518	-0.62348801	0.12765869	3.05040264	-0.62883747	0.01167540	0.02182949	0.78185123	
0.00849900	  -30.82267760    77.42967748 -1020.42554193    47.54547666   -50.87882097   -12.20529853	 5.99739831 -7.37793861 -1.25961766  0.28476683  0.03701316  0.08695286	 -22.20178503  104.28124690  -21.06688783 -157.61145991  -25.61614725   79.40684432   -3.27885601  -15.09877998  -14.43223606   14.51900008   -6.22371127   20.04863504	 0.03550065 -0.00370272 -0.37997402  0.84371677 -0.46820621  0.01259874  0.02183167 -0.05777528 -0.23757279  0.98097540 -0.65851227  0.04237395	-0.00737127 -0.03248096  0.34033264 -0.00554308 -0.32357968  0.08717551 -0.02191191  0.09131980 -1.56280065  1.97062634 -0.18254117  0.09832961	-0.02211276 -0.06025363  0.33263683  0.00146812 -0.30352932  0.07034115 -0.00043432  0.09101174 -1.58089333  2.04435575 -0.16235749  0.13944714	0.18138046 0.00157584 3.90669572	 0.02238228 -0.02570938  0.02620878	 0.02301444 -0.02600523  0.02482329	 0.00327687  0.00537914 -0.99998016	0.35000000	0.00000000	0.00000000	0.41494718	-0.35114843	-0.50929612	0.77218574	-0.09365707	-0.37378356	-0.91264862	0.01631222	0.45780045	0.25506246	0.24530375	-0.07143095	0.49417740	0.20812517	-0.20206019	-0.44953689	-0.51549762	-0.60338330	0.12590869	3.07560062	-0.63636297	-0.00952755	0.02472961	0.77806568	
0.00851600	  -30.31278921    74.24424016 -1018.25233131    50.37199812   -48.11218279   -11.78449659	 6.12424858 -7.05417492 -1.64298823  0.27915719  0.03682773  0.07963596	 -21.86697319  104.23396802  -20.36878168 -156.33208680  -22.91589877   82.01274461   -3.75049894  -16.16804290  -15.76426680   13.61055534   -5.64098201   21.35096925	 0.03525348 -0.00419942 -0.37715327  0.84370621 -0.47077878  0.01310462  0.02184377 -0.05716434 -0.25108572  0.99799735 -0.65967066  0.04354310	-0.02208509 -0.06779197  0.31926238 -0.00477493 -0.29053917  0.03676800  0.00167537  0.08326394 -1.50236630  1.89128195 -0.11964677  0.11835659	-0.02828226 -0.05806911  0.33011459 -0.00112861 -0.30192852  0.05708145  0.00300009  0.06816192 -1.57403129  1.97512489 -0.13212142  0.13551874	 0.18316017 -0.00272698  3.90662180	 0.02167598 -0.02390092  0.03032802	 0.02185641 -0.02446386  0.02905004	 0.00306739  0.00519208 -0.99998182	0.35000000	0.00000000	0.00000000	0.41310593	-0.36735997	-0.48688149	0.80821908	-0.13416512	-0.38417464	-0.90604651	0.01026725	0.46221304	0.22593313	0.24778605	-0.05740401	0.48979980	0.21760571	-0.20986278	-0.46019310	-0.49356151	-0.58493912	0.12944590	3.09739566	-0.65007997	-0.03174431	0.03117063	0.76668406	
0.00849200	  -30.65271385    70.82495128 -1018.34668551    52.81230395   -45.75765289   -11.46030177	 6.38548944 -7.12372679 -1.86540227  0.27921284  0.03345036  0.08047515	 -21.66872046  105.62865353  -19.07909187 -155.67890388  -20.61056954   83.33338094   -4.85456136  -15.80113548  -16.37199872   12.66368643   -6.29432218   21.07419154	 0.03498540 -0.00459151 -0.37435086  0.84371630 -0.47334615  0.01352568  0.02183269 -0.05681557 -0.26463718  1.01441454 -0.66058712  0.04475733	-0.00080823 -0.03719108  0.31086680  0.00658649 -0.29153119  0.02144068 -0.01580629  0.00514908 -1.51159327  1.80707206 -0.08962425  0.13222109	-0.02973527 -0.04492684  0.32892584  0.00226683 -0.30227757  0.04417391 -0.00074595  0.03569765 -1.58574932  1.91089756 -0.10395147  0.14096718	 0.18500120 -0.00699129  3.90659020	 0.02021211 -0.02260392  0.03428825	 0.02068201 -0.02297861  0.03305783	 0.00287195  0.00501295 -0.99998331	0.35000000	0.00000000	0.00000000	0.42011929	-0.37726524	-0.46226442	0.84350061	-0.17010809	-0.39249766	-0.89427137	0.00278548	0.47135645	0.19604206	0.25349364	-0.04630259	0.49022835	0.22641811	-0.21160945	-0.46667641	-0.47049075	-0.56818676	0.13233814	3.12513232	-0.66381198	-0.05196916	0.03918425	0.75851840	
0.00848100	  -30.18144207    66.59937152 -1020.10834324    55.62364146   -43.36841032   -11.09497104	 6.40079809 -6.08497986 -2.13247126  0.23676635  0.02733358  0.07359041	 -21.55141425  105.03938913  -18.66180401 -154.91661310  -18.31801271   85.74018669   -5.27019318  -15.20449024  -16.45285074   11.62663430   -6.05541632   20.75260222	 0.03466443 -0.00489538 -0.37155003  0.84372010 -0.47592795  0.01380258  0.02183668 -0.05664350 -0.27815463  1.03022678 -0.66128402  0.04594110	-0.02979237 -0.03824711  0.30997401  0.02891234 -0.30830912  0.01465567  0.00631504  0.00829137 -1.56796511  1.78926457 -0.08072023  0.12586049	-0.03718004 -0.03278650  0.32931868  0.00323798 -0.30502123  0.03063214 -0.00008230  0.01830004 -1.59197372  1.85023847 -0.07758332  0.13809893	 0.18686003 -0.01188259  3.90680756	 0.01596045 -0.02155907  0.03947141	 0.01754502 -0.02186508  0.03777587	 0.00268629  0.00485593 -0.99998460	0.35000000	0.00000000	0.00000000	0.42392516	-0.39156953	-0.43952098	0.87988323	-0.20685928	-0.39657786	-0.88023204	-0.00417776	0.47821385	0.16683847	0.25988343	-0.03394394	0.48768085	0.23394026	-0.21779013	-0.47743949	-0.44969180	-0.55442041	0.13469620	3.14974785	-0.67224061	-0.07410191	0.04383543	0.75691414	
0.00802700	  -29.26361845    60.97009906 -1019.43806361    57.84915625   -40.51608147   -10.32642284	 6.47850973 -4.73528708 -2.63408523  0.18516960  0.01921724  0.06126981	 -20.85004315  104.24975991  -17.91931317 -154.32328963  -15.48711249   87.53552032   -5.86143574  -15.87379098  -16.64861486    9.85888125   -5.90502498   20.87784269	 0.03432089 -0.00505949 -0.36892437  0.84370638 -0.47835421  0.01394517  0.02184519 -0.05658530 -0.29084900  1.04446171 -0.66172436  0.04697902	-0.06194343 -0.01305006  0.30081458 -0.00163850 -0.29382669 -0.01178088 -0.00159783 -0.00451156 -1.49193749  1.64513181 -0.02534573  0.11656684	-0.04427438 -0.01850387  0.32410651 -0.00108884 -0.30207843  0.01493406  0.00270711  0.00790868 -1.56894084  1.74993067 -0.04969987  0.12877501	 0.18859924 -0.01709819  3.90720778	 0.00967683 -0.02067776  0.04485605	 0.01159550 -0.02097668  0.04303861	 0.00251909  0.00475488 -0.99998552	0.35000000	0.00000000	0.00000000	0.41701907	-0.41078484	-0.41066769	0.91575557	-0.24563959	-0.40100673	-0.86079168	-0.01058666	0.48395014	0.13840249	0.26922029	-0.02394503	0.48499221	0.23821969	-0.23047316	-0.49023712	-0.43201786	-0.54411119	0.13566862	3.16368532	-0.67688286	-0.09522947	0.05099462	0.75597972	
0.00848700	  -29.88447563    53.22000414 -1015.44697878    59.87774694   -38.21976797    -9.74064394	 6.84485228 -2.79868942 -2.94690930  0.11592098  0.01735432  0.04169802	 -20.40509656  102.79909062  -16.32418980 -153.72812301  -13.54692999   89.30417871   -6.56166370  -17.56785870  -17.99964494    9.41249767   -5.09297908   21.69620860	 0.03392299 -0.00512835 -0.36612390  0.84371866 -0.48092672  0.01413758  0.02184387 -0.05655499 -0.30428297  1.05888524 -0.66195379  0.04803668	-0.04077406 -0.01449131  0.33240870  0.00253331 -0.30644802  0.03883750  0.02099708  0.00520993 -1.42570563  1.54444712 -0.01030269  0.14245953	-0.04636239 -0.00707039  0.32911963  0.00331434 -0.30390576  0.02602670  0.00262323  0.00369043 -1.56809575  1.67412686 -0.02182701  0.12721238	 0.19040640 -0.02214212  3.90739725	 0.00524566 -0.01981277  0.05084694	 0.00645327 -0.02008611  0.04893746	 0.00234914  0.00469361 -0.99998623	0.35000000	0.00000000	0.00000000	0.41209152	-0.43114474	-0.38165173	0.94936591	-0.28083751	-0.40105698	-0.84461862	-0.01523725	0.49188095	0.11332867	0.28126055	-0.00998509	0.47901642	0.24196196	-0.23841080	-0.50352794	-0.41547012	-0.53420299	0.13713548	3.17690706	-0.68515062	-0.11563919	0.05275957	0.75229740	
0.00849500	  -28.27707019    44.91774186 -1012.47231633    61.76140638   -34.80578429    -9.40114660	 7.25916441 -1.98058978 -3.49142986  0.08465116  0.00377334  0.03628993	 -20.15930456  102.34082150  -15.14085886 -153.22564811  -10.24913876   89.64518821   -7.37474006  -19.44309068  -18.18302892    7.40115432   -4.61274337   21.80887580	 0.03344782 -0.00515068 -0.36333639  0.84370772 -0.48349543  0.01444521  0.02184569 -0.05656054 -0.31765894  1.07253379 -0.66205951  0.04910667	-0.06911547  0.01095309  0.31123120  0.01802958 -0.28847878  0.07373882  0.02003028 -0.00051230 -1.47438507  1.49447707 -0.02574537  0.14623251	-0.05767662  0.00002713  0.32858839  0.00118456 -0.30071590  0.04181231  0.00251703 -0.00202039 -1.56481684  1.58451729 -0.01190484  0.12836277	 0.19215291 -0.02642000  3.90753772	 0.00416015 -0.01883913  0.05771292	 0.00431778 -0.01914228  0.05556845	 0.00218723  0.00465538 -0.99998677	0.35000000	0.00000000	0.00000000	0.40688485	-0.44952479	-0.34822491	0.97806489	-0.31057414	-0.40158272	-0.82366472	-0.02243943	0.49562335	0.09421625	0.29120985	-0.00252241	0.47378314	0.24904965	-0.24997121	-0.51585793	-0.39814338	-0.52000916	0.13494371	3.18822646	-0.69566369	-0.13514803	0.05951010	0.75222784	
0.00800900	  -28.41312031    40.28598968 -1011.72428456    63.27877595   -32.63328751    -8.15368544	 7.54650817 -2.33318219 -3.91449102  0.09641314 -0.00323180  0.03377095	 -18.61497293  102.35023856  -13.82785586 -151.84727865   -8.27227320   89.72273040   -8.07403391  -21.43519235  -18.45115943    5.77799200   -1.91932789   21.84465879	 0.03297337 -0.00516193 -0.36069078  0.84363990 -0.48593412  0.01476064  0.02184107 -0.05660173 -0.33016128  1.08463048 -0.66207983  0.05013609	-0.07870754  0.01709820  0.32643790 -0.03582183 -0.29154325  0.05470145 -0.00373553  0.01118657 -1.46645934  1.37101425  0.00948200  0.12825753	-0.06038358  0.00030613  0.33129965 -0.01063484 -0.30401951  0.04040781  0.00110725 -0.00717088 -1.55305431  1.49087657 -0.00123135  0.13068779	 0.19394523 -0.02923463  3.90774944	 0.00656859 -0.01852513  0.06142714	 0.00567576 -0.01861329  0.06024630	 0.00204043  0.00461262 -0.99998728	0.35000000	0.00000000	0.00000000	0.40007418	-0.46281031	-0.32084841	1.00537086	-0.34064966	-0.39939052	-0.80331117	-0.02551953	0.49800259	0.07618100	0.30194280	0.00636218	0.46775913	0.26034704	-0.26039428	-0.52477187	-0.38332167	-0.49902943	0.13474868	3.19974470	-0.70456022	-0.15644968	0.06622683	0.74692398	
0.00850000	  -27.43417937    37.53956407 -1009.81858000    64.61291835   -29.89669867    -7.64355559	 7.62188043 -2.73756516 -4.34163764  0.10860485 -0.01304845  0.03089992	 -18.30127105  103.24793577  -13.48173029 -150.13609064   -5.56452949   90.31705558   -8.86838645  -22.69166768  -18.24758866    4.21870919    0.39554860   21.64855731	 0.03243437 -0.00517728 -0.35783572  0.84355202 -0.48849871  0.01501463  0.02180084 -0.05677822 -0.34331500  1.09659977 -0.66211122  0.05125362	-0.06955319 -0.00467230  0.33815042 -0.00497527 -0.26014738  0.02886857 -0.01312516 -0.02099017 -1.45292597  1.29744866  0.00067007  0.12970969	-0.06412758 -0.00189021  0.33572100 -0.01068379 -0.29889214  0.02813709 -0.00572591 -0.02389784 -1.53614557  1.38192722 -0.00292720  0.13199974	 0.19587394 -0.03155217  3.90799062	 0.01090537 -0.01824479  0.06569547	 0.00950691 -0.01832908  0.06434492	 0.00188669  0.00453709 -0.99998793	0.35000000	0.00000000	0.00000000	0.39606008	-0.47384641	-0.29457122	1.02812433	-0.36892238	-0.39759687	-0.78520554	-0.03142810	0.49816322	0.05855864	0.30840954	0.01150608	0.46254563	0.27414012	-0.27125275	-0.53740400	-0.36826664	-0.47680828	0.13483174	3.21306944	-0.71564215	-0.17930807	0.07844401	0.74068737	
0.00848800	  -27.40085477    37.54869580 -1008.65496838    65.36745395   -27.82085987    -6.79075689	 7.71319788 -2.80289428 -4.58315728  0.10839437 -0.01600087  0.02985714	 -17.35294930  104.36255717  -13.06956163 -148.76784992   -3.51665481   91.37193406   -9.07383359  -22.31433547  -18.64547352    3.28686543    4.52178625   21.40349352	 0.03186066 -0.00516706 -0.35495091  0.84338159 -0.49106035  0.01516558  0.02171742 -0.05709535 -0.35629156  1.10761643 -0.66210957  0.05236134	-0.07237631  0.01460261  0.31034629 -0.04008088 -0.24957985  0.03405623 -0.01256296 -0.06036586 -1.44261836  1.18800504  0.00912952  0.11851933	-0.06735311  0.00200652  0.33881977 -0.02203009 -0.29668252  0.01888147 -0.01070208 -0.04111886 -1.52011666  1.27531129 -0.00026215  0.12998497	 0.19778543 -0.03361160  3.90825689	 0.01483438 -0.01781091  0.06866420	 0.01362668 -0.01794606  0.06779682	 0.00173603  0.00442517 -0.99998870	0.35000000	0.00000000	0.00000000	0.39331111	-0.47933540	-0.27330485	1.04967570	-0.40073067	-0.39367136	-0.76942074	-0.03614283	0.49697703	0.03668037	0.31493649	0.01842440	0.45862663	0.28961718	-0.27764904	-0.55115461	-0.35654569	-0.45137519	0.13767165	3.22694254	-0.72341841	-0.20317747	0.09002769	0.73559135	
0.00850800	  -26.57438435    39.52427398 -1003.45864195    65.91786286   -25.49741617    -5.93950174	 7.63142850 -2.79966339 -4.96422288  0.10746733 -0.02628557  0.02529028	 -16.59141785  104.66650963  -13.34509612 -146.47350162   -1.67990183   92.88108289   -9.67983338  -22.15294909  -18.15616806    1.95688847    8.24168111   21.41697708	 0.03125318 -0.00517976 -0.35203048  0.84317816 -0.49362337  0.01527830  0.02153731 -0.05753628 -0.36907798  1.11760837 -0.66211067  0.05343795	-0.07356091 -0.02828637  0.34163936 -0.03501339 -0.29397642  0.01014578 -0.02521930 -0.04924844 -1.37219890  1.03514205 -0.00357427  0.12692987	-0.07283293 -0.00281256  0.34231643 -0.02650248 -0.29723254  0.01549399 -0.02392364 -0.05448662 -1.49053862  1.14842135  0.00027088  0.12726757	 0.19964771 -0.03585583  3.90823845	 0.01670938 -0.01713717  0.07119707	 0.01613092 -0.01734201  0.07041810	 0.00159020  0.00428892 -0.99998954	0.35000000	0.00000000	0.00000000	0.38769048	-0.48623261	-0.25089362	1.06729376	-0.43161368	-0.38764900	-0.75053895	-0.03954889	0.49367076	0.01694712	0.31493369	0.02074277	0.45592213	0.30631211	-0.28770986	-0.56979907	-0.34827316	-0.42851493	0.14093278	3.23663020	-0.73126137	-0.22566877	0.10423562	0.72830099	
0.00846600	  -25.04488725    38.67319046 -1004.11774360    66.00493116   -22.61132767    -4.83718892	 6.96113683 -2.80444185 -5.05725308  0.10519478 -0.02080473  0.02538226	 -15.32332559  105.30279708  -13.22760434 -145.32127172    1.19108947   92.62820256   -9.49935981  -21.82121217  -18.09919356    2.14605188   12.85241649   21.22807869	 0.03064739 -0.00517656 -0.34910605  0.84295770 -0.49616728  0.01544288  0.02129438 -0.05807350 -0.38166577  1.12656830 -0.66202968  0.05443872	-0.10326930 -0.02168246  0.37666801 -0.02475271 -0.33848904  0.05462525 -0.03401002 -0.07732023 -1.57768606  1.08358258  0.02051335  0.12814280	-0.07392548 -0.00070225  0.34738448 -0.02788601 -0.30179884  0.02214261 -0.03299183 -0.06484698 -1.48929456  1.04303803  0.01462905  0.11668919	 0.20137327 -0.03775836  3.90827882	 0.01901422 -0.01630830  0.07136294	 0.01828086 -0.01656331  0.07135428	 0.00145081  0.00413586 -0.99999039	0.35000000	0.00000000	0.00000000	0.38241711	-0.48430058	-0.22908670	1.08555639	-0.45997724	-0.38168561	-0.73462516	-0.04701841	0.49487567	-0.00275731	0.32131398	0.02958838	0.45629168	0.32107857	-0.29208475	-0.58098871	-0.33860928	-0.40160039	0.14723752	3.24933028	-0.73954046	-0.24640353	0.11612044	0.72305906	
0.00801900	  -21.73970862    39.32322670 -1001.38198764    65.72951043   -19.12992196    -3.96628704	 5.90214306 -2.62677746 -5.50869630  0.09990806 -0.03071088  0.02011272	 -14.54969658  105.61969972  -14.05305073 -143.40657878    4.12145254   92.66909599   -9.83481672  -21.66097182  -16.00423730    1.09968816   16.41853420   21.61458004	 0.03007131 -0.00516579 -0.34632460  0.84272563 -0.49854565  0.01561231  0.02102037 -0.05869649 -0.39327875  1.13399508 -0.66169416  0.05535827	-0.11094135  0.00052141  0.34692523 -0.03388064 -0.33036610  0.02206852 -0.02378803 -0.05653676 -1.44914582  0.86682416  0.08020359  0.13257277	-0.07525488  0.00206056  0.34730659 -0.02841489 -0.29914339  0.02453952 -0.03458569 -0.07678890 -1.44787037  0.91196372  0.04975737  0.11529772	 0.20297344 -0.03957452  3.90821179	 0.02074648 -0.01582341  0.07164102	 0.02018073 -0.01598020  0.07154425	 0.00132485  0.00397532 -0.99999122	0.35000000	0.00000000	0.00000000	0.36946225	-0.48852053	-0.20211455	1.10553563	-0.49403024	-0.37657970	-0.71537161	-0.05280522	0.49738264	-0.02115488	0.32045421	0.03489707	0.46215820	0.33601564	-0.30110604	-0.59711182	-0.32740206	-0.37675908	0.15730745	3.25593376	-0.74443191	-0.26543200	0.13019928	0.71430260	
0.00852000	 -20.54796720   40.16884619 -999.24149095   65.51584622  -16.57895913   -3.15170519	 5.30286636 -2.31065993 -5.55188876  0.08979198 -0.02540523  0.01077086	 -13.75725630  105.53250551  -13.94452759 -141.56090939    5.98500844   92.81637371  -10.29350209  -21.23687583  -16.10492243    1.47561092   18.63950300   21.98762998	 0.02946371 -0.00517331 -0.34336598  0.84244922 -0.50104735  0.01585272  0.02062689 -0.05945412 -0.40538788  1.14079210 -0.66086741  0.05633980	-0.07564092 -0.00618803  0.30898647 -0.04094918 -0.25408210  0.04000487 -0.03544025 -0.07938253 -1.31225731  0.68314686  0.13317225  0.09682001	-0.07355180  0.00033359  0.34528930 -0.03387491 -0.29236785  0.03249870 -0.04703022 -0.08882445 -1.41107937  0.77259430  0.10776354  0.11498055	 0.20457414 -0.04155604  3.90793178	 0.02192934 -0.01523997  0.07122757	 0.02157100 -0.01541936  0.07137683	 0.00119531  0.00379259 -0.99999209	0.35000000	0.00000000	0.00000000	0.35465252	-0.48851088	-0.17224073	1.12214482	-0.52674598	-0.37170312	-0.69732445	-0.05605085	0.50180912	-0.04465858	0.31851572	0.04059327	0.47054303	0.34969312	-0.30722335	-0.61470950	-0.31775379	-0.35805124	0.16756888	3.26119947	-0.74823982	-0.28352728	0.14719169	0.69963413	
0.00846300	 -19.39057761   38.21528489 -997.30620513   65.32203023  -14.44976932   -2.68533634	 4.76458772 -1.90582088 -5.42570807  0.07557620 -0.03097497  0.00841409	 -13.33611904  105.78580499  -14.05057588 -140.26327699    7.58296824   92.02709973  -10.19128434  -20.26060635  -15.12581575    2.33063217   18.98894307   22.19147876	 0.02887732 -0.00516993 -0.34039730  0.84220669 -0.50356632  0.01615290  0.02015797 -0.06030999 -0.41720443  1.14647295 -0.65947145  0.05740865	-0.04049295  0.00997894  0.36729484 -0.03429880 -0.30758946  0.01978140 -0.05117950 -0.13008939 -1.43075948  0.61043920  0.20984386  0.13171047	-0.06831831  0.00211506  0.35145260 -0.02897956 -0.29693889  0.03651285 -0.05737243 -0.10330808 -1.39486539  0.64868077  0.17688896  0.12766651	 0.20629890 -0.04335632  3.90739566	 0.02380809 -0.01524519  0.07043421	 0.02320907 -0.01522919  0.07069513	 0.00106831  0.00359742 -0.99999296	0.35000000	0.00000000	0.00000000	0.34424666	-0.48499879	-0.14142391	1.14163494	-0.55639881	-0.36779514	-0.68025631	-0.06253753	0.51325840	-0.06688743	0.31707892	0.04898388	0.48312920	0.36199370	-0.30526930	-0.62685055	-0.30318668	-0.34259957	0.18009096	3.27244949	-0.75245929	-0.29974437	0.16204885	0.68212283	
0.00852900	 -15.57942699   37.03872534 -997.36106911   65.21186325  -10.75604863   -2.29823935	 4.13658862 -1.63780092 -5.35729982  0.06237800 -0.04608764  0.01077311	 -13.05635783  105.75476050  -15.14196206 -139.06899044   10.92490963   91.83936393  -10.11346890  -18.54878658  -13.45124630    2.81867944   19.03797841   21.76828167	 0.02827021 -0.00517355 -0.33741548  0.84194993 -0.50610658  0.01652243  0.01963098 -0.06123640 -0.42870823  1.15106206 -0.65749801  0.05850852	-0.08032808 -0.00844918  0.33269081 -0.02581439 -0.30112850  0.03976623 -0.04101470 -0.11510959 -1.24567025  0.45011286  0.27221894  0.09901718	-0.07058005  0.00035317  0.34983748 -0.03113471 -0.29867946  0.04464806 -0.06263495 -0.11177220 -1.34050093  0.51679836  0.24325050  0.12698826	 0.20788122 -0.04527174  3.90688895	 0.02558088 -0.01505993  0.07062198	 0.02503814 -0.01512237  0.07055603	 0.00094149  0.00338634 -0.99999382	0.35000000	0.00000000	0.00000000	0.32795298	-0.48265198	-0.11004105	1.15693736	-0.58792210	-0.36228245	-0.66113734	-0.07015880	0.51817626	-0.09119002	0.31047153	0.05315483	0.49700725	0.37442303	-0.31278336	-0.64174265	-0.28713551	-0.32956943	0.19532076	3.27716303	-0.75330353	-0.31613633	0.18148220	0.66850048	
0.00848800	 -13.60390149   35.72617753 -994.61858985   64.93549813   -7.68420629   -1.41662869	 3.81603678 -1.17186589 -5.19021585  0.04675518 -0.04922304  0.00703666	 -12.02621127  105.96809626  -15.13864560 -136.89568743   13.33264723   91.15787923   -9.96314869  -17.61763012  -13.29796224    3.67282756   18.92137268   22.12712330	 0.02768021 -0.00517153 -0.33443961  0.84173271 -0.50864914  0.01690929  0.01904592 -0.06220183 -0.43991008  1.15452778 -0.65496853  0.05964519	-0.03523710  0.01425390  0.36491286 -0.04573253 -0.31610606  0.02148596 -0.05030873 -0.13937990 -1.33246924  0.36259991  0.32043017  0.12367843	-0.06738280  0.00094332  0.35173201 -0.02690628 -0.30068426  0.04485065 -0.06817782 -0.11763181 -1.31561227  0.39098951  0.30771526  0.13244792	 0.20929330 -0.04703365  3.90610747	 0.02750181 -0.01465725  0.06926577	 0.02690030 -0.01478677  0.06972631	 0.00081713  0.00315981 -0.99999467	0.35000000	0.00000000	0.00000000	0.31523433	-0.47839031	-0.07973842	1.17329419	-0.61651593	-0.35745138	-0.64648992	-0.07673124	0.52279800	-0.11593805	0.30849752	0.06111709	0.50979269	0.38770747	-0.30984575	-0.65238196	-0.27220261	-0.31685373	0.20769975	3.28413725	-0.75511509	-0.33111450	0.19921774	0.65214568	
0.00800100	 -10.50578866   36.14871500 -994.42649722   64.81965244   -4.44749307   -0.93619678	 3.15865653 -1.01899785 -5.09458457  0.03921340 -0.06306341  0.00905964	 -11.68884148  106.47230983  -15.89338529 -135.81351462   16.19388235   91.04294622   -9.85740414  -16.41262710  -11.28011731    4.14581307   19.19070978   21.84596485	 0.02712500 -0.00516015 -0.33163903  0.84155820 -0.51107156  0.01731338  0.01845882 -0.06312518 -0.45011741  1.15678953 -0.65204844  0.06075069	-0.05776606  0.01074366  0.37784650 -0.02940858 -0.32485268  0.07158784 -0.06846945 -0.11409162 -1.32960958  0.22094482  0.41627476  0.13670208	-0.06858323  0.00157657  0.35239780 -0.02175423 -0.30279108  0.05121174 -0.07367777 -0.11684380 -1.27420905  0.26527631  0.37572176  0.13804466	 0.21065898 -0.04907550  3.90532200	 0.02787955 -0.01471651  0.06837387	 0.02780084 -0.01468307  0.06865369	 0.00070161  0.00293671 -0.99999544	0.35000000	0.00000000	0.00000000	0.30007792	-0.47355726	-0.05059168	1.18738592	-0.64321864	-0.34872013	-0.62682486	-0.08304641	0.52727681	-0.14179063	0.30255330	0.06452145	0.52424538	0.39891696	-0.31238356	-0.66653705	-0.25651318	-0.30476397	0.22433893	3.28660297	-0.75536031	-0.34471935	0.21480210	0.63893211	
0.00851900	  -7.53766033   35.90568936 -994.91297345   64.74567365   -1.25398197   -0.00221854	 2.35250859 -1.10268411 -4.39778892  0.03944917 -0.07054181  0.01427395	 -10.68959011  106.88563704  -16.59389379 -134.66472125   18.61413847   90.49174070   -9.49852246  -16.21363991  -10.22610571    5.14933745   18.93225454   21.52632967	 0.02655065 -0.00509529 -0.32868417  0.84139825 -0.51366423  0.01768737  0.01783407 -0.06411111 -0.46061397  1.15817129 -0.64841444  0.06187696	-0.06415664  0.02501545  0.32276586  0.00799990 -0.28152973  0.01313790 -0.06732354 -0.09576290 -1.14609200  0.12161595  0.42575999  0.08839095	-0.06665412  0.00904546  0.34419599 -0.01678130 -0.30170909  0.04174172 -0.07368440 -0.11550432 -1.22103886  0.14197469  0.43703249  0.12898153	 0.21202944 -0.05138897  3.90436466	 0.02762956 -0.01493611  0.06611466	 0.02766459 -0.01479647  0.06684696	 0.00057774  0.00270068 -0.99999619	0.35000000	0.00000000	0.00000000	0.28296363	-0.46958628	-0.02178851	1.20223963	-0.67033654	-0.34161586	-0.60723287	-0.08947238	0.52921814	-0.17065009	0.30286935	0.06943765	0.53552169	0.41062126	-0.31517294	-0.67611295	-0.23914009	-0.29453680	0.23687564	3.28471041	-0.75041151	-0.35994902	0.23102953	0.62538218	
0.00850300	   -6.61795858    36.79604240 -1000.60810841    65.07106319     0.40594896     0.28718242	 0.07707557 -0.58701066 -1.28336710  0.02237946 -0.06269989  0.00839406	 -10.51509337  106.72759366  -17.13126977 -133.85756603   19.75499663   91.33364284   -9.27787831  -16.03895593   -9.07609415    5.22857802   18.77877720   22.15190622	 0.02600137 -0.00500464 -0.32570764  0.84129869 -0.51631354  0.01803175  0.01722219 -0.06507402 -0.47078343  1.15874135 -0.64426256  0.06299940	-0.06242113  0.00977797  0.32687769 -0.00351972 -0.29259182  0.02842674 -0.08971182 -0.08461052 -1.11421817  0.05459791  0.49941514  0.12466354	-0.06419818  0.00993118  0.34757540 -0.00834633 -0.30931016  0.04008942 -0.07381827 -0.11177182 -1.18486362  0.05906320  0.49524352  0.13190265	 0.21389685 -0.05357862  3.90231840	 0.02880619 -0.01821918  0.06362549	 0.02833894 -0.01705973  0.06440940	 0.00043971  0.00246161 -0.99999687	0.35000000	0.00000000	0.00000000	0.27394906	-0.46571919	0.00148139	1.21755123	-0.69120008	-0.33057758	-0.59416318	-0.09219510	0.52897507	-0.19656178	0.29899997	0.07382278	0.54300606	0.42572874	-0.30908567	-0.68654585	-0.21964607	-0.28379515	0.25099507	3.28401232	-0.74894798	-0.37525514	0.24066257	0.60701656	
0.00849100	   -3.69200492    36.72554700 -1007.94669850    65.46837111     2.62160910     0.63162073	-0.64811748 -0.72361452 -0.38668499  0.02211363 -0.07192257  0.01676449	 -10.27584450  107.79317999  -18.93210369 -133.92653790   22.02211945   91.19285583   -8.89237256  -15.34739339   -8.31186949    3.93814706   17.62133078   21.40266240	 0.02546784 -0.00486194 -0.32269587  0.84125029 -0.51902767  0.01834524  0.01668191 -0.06602927 -0.48075982  1.15891386 -0.63964826  0.06408107	-0.06345922  0.03762140  0.35027660 -0.00490116 -0.33098003  0.03101494 -0.06063900 -0.10115444 -1.12173543  0.00483836  0.52746135  0.11329488	-0.06325182  0.01818393  0.35428032 -0.00459821 -0.32016716  0.03598544 -0.06189258 -0.11000751 -1.16631472  0.01328506  0.54684827  0.12334134	 0.21577152 -0.05598985  3.90060093	 0.02978255 -0.02114099  0.06122158	 0.02950148 -0.02026653  0.06197725	 0.00027215  0.00221164 -0.99999752	0.35000000	0.00000000	0.00000000	0.27295849	-0.45649901	0.02307104	1.23375714	-0.70598525	-0.32153502	-0.58535606	-0.10036575	0.52674681	-0.22491181	0.29457590	0.08042686	0.54930216	0.43897462	-0.30046588	-0.68531948	-0.19306821	-0.26865143	0.26043972	3.28590131	-0.74495035	-0.39026430	0.24732304	0.59394944	
0.00848900	   -0.86919055    38.77199751 -1009.28683580    65.48760578     5.03717979     1.10436014	-0.63644463 -0.74793303 -0.90141460  0.02289703 -0.09338202  0.01813902	  -9.96594544  108.09247231  -20.55133091 -133.05255541   24.24844399   92.00095880   -9.14389453  -15.31255305   -7.00475970    1.27140513   16.37365709   21.43654072	 0.02495659 -0.00469201 -0.31967441  0.84123331 -0.52175910  0.01859710  0.01619069 -0.06696372 -0.49050017  1.15870260 -0.63465744  0.06508506	-0.07116638  0.02928514  0.36345273  0.00153874 -0.32135974  0.04626424 -0.04078626 -0.11126813 -1.18503136 -0.05497727  0.60345450  0.11321195	-0.06166684  0.02152475  0.35666263 -0.00233018 -0.32192651  0.03150457 -0.05452858 -0.10802504 -1.14238035 -0.03489441  0.58989514  0.11558730	 0.21747584 -0.05865593  3.89949866	 0.02979748 -0.02240197  0.05974330	 0.02980676 -0.02202019  0.06020227	 0.00008719  0.00195789 -0.99999808	0.35000000	0.00000000	0.00000000	0.27250403	-0.45289364	0.04501119	1.24981248	-0.71900189	-0.31368023	-0.57700670	-0.10675966	0.51988846	-0.25024274	0.28714111	0.08321507	0.55342126	0.45508310	-0.29393411	-0.68869036	-0.16835639	-0.25464368	0.26841149	3.28643799	-0.74256682	-0.40546721	0.25482064	0.58079726	
0.00800000	   -0.03052373    39.82469363 -1009.36767883    65.45313337     6.41870375     1.52336954	-0.60243579 -0.87606289 -1.36605982  0.02518685 -0.10865826  0.02386720	  -9.62315271  108.55344486  -21.25903666 -132.97841582   25.40040234   92.06332302   -8.93423396  -14.91587853   -5.94775888   -0.79043495   15.50856856   21.06591490	 0.02448509 -0.00448948 -0.31681685  0.84122520 -0.52436352  0.01884947  0.01577992 -0.06778451 -0.49939116  1.15804120 -0.62965629  0.06590644	-0.06262714 -0.00538610  0.35228960 -0.01735389 -0.32277195  0.02914146 -0.03068092 -0.09635861 -1.09025953 -0.09601814  0.66744864  0.08568943	-0.05975619  0.02320168  0.35636648 -0.00285907 -0.32541199  0.03221613 -0.04860388 -0.09981531 -1.10412896 -0.08950077  0.62952386  0.09922072	 0.21918473 -0.06143601  3.89878483	 0.02866228 -0.02317609  0.05814852	 0.02905575 -0.02291198  0.05869444	-0.00009452  0.00172378 -0.99999851	0.35000000	0.00000000	0.00000000	0.26838505	-0.44681737	0.06626470	1.26394546	-0.73181987	-0.30301329	-0.56369501	-0.11225925	0.51452535	-0.27567917	0.28184962	0.08322828	0.55659240	0.46858913	-0.28896630	-0.68902105	-0.14648080	-0.24374086	0.27692604	3.28396988	-0.73696887	-0.42013532	0.26194710	0.56702960	
0.00848400	    0.23458433    39.83916276 -1007.77967129    65.31084970     7.59920115     1.72281799	-0.51205977 -0.96751308 -1.75666524  0.02863748 -0.12073247  0.02856195	  -9.55773008  108.52473736  -21.83798349 -132.83675131   26.44557823   91.56815922   -8.78763903  -15.25687349   -5.30966152   -2.43169668   14.45598923   21.12364855	 0.02401473 -0.00420342 -0.31374208  0.84121504 -0.52715980  0.01911666  0.01540167 -0.06861548 -0.50852255  1.15673038 -0.62412819  0.06663489	-0.02984840  0.03332613  0.36292724 -0.00771538 -0.32035452  0.04568189 -0.03928830 -0.06245988 -1.08054393 -0.22690209  0.66641713  0.10274892	-0.05326047  0.03419791  0.36177775 -0.00346413 -0.32973228  0.03132000 -0.04432594 -0.09381729 -1.07004467 -0.16765162  0.65626400  0.08382810	 0.22108932 -0.06447975  3.89816813	 0.02731022 -0.02353851  0.05649974	 0.02774067 -0.02341802  0.05702775	-0.00029248  0.00148625 -0.99999885	0.35000000	0.00000000	0.00000000	0.26206237	-0.44587693	0.08977611	1.27940047	-0.74727571	-0.29570121	-0.54996145	-0.11857181	0.51042390	-0.29920846	0.28127596	0.08702251	0.55975789	0.48022085	-0.28481081	-0.69042373	-0.12547243	-0.23464993	0.28244156	3.28038073	-0.72746617	-0.43497795	0.26921016	0.55512923	
0.00800400	    1.30072188    40.55135274 -1005.57634081    65.13149625     8.95653464     1.78945835	-0.89667786 -0.96566213 -2.23387942  0.02935552 -0.13106237  0.03094224	  -9.64719402  107.65403986  -22.98018741 -132.06273842   27.68707743   91.79286039   -8.64631446  -15.52070665   -4.10168273   -3.83902206   15.54673693   21.32248583	 0.02354801 -0.00390292 -0.31082930  0.84122060 -0.52981673  0.01935852  0.01515236 -0.06936623 -0.51675633  1.15490676 -0.61869541  0.06719021	-0.08616534  0.01966679  0.38530965 -0.00328712 -0.32212201  0.05784842 -0.01348561 -0.11322265 -1.05656116 -0.27859714  0.67701735  0.06858885	-0.05852556  0.03607759  0.36703809 -0.00123621 -0.33190074  0.03314482 -0.02971270 -0.09425396 -1.02752633 -0.24078250  0.68332366  0.06800545	 0.22289253 -0.06731375  3.89764837	 0.02649994 -0.02331465  0.05574023	 0.02676989 -0.02338538  0.05599411	-0.00047942  0.00127157 -0.99999908	0.35000000	0.00000000	0.00000000	0.25526592	-0.44427297	0.10945878	1.29038084	-0.76377606	-0.28471765	-0.54114163	-0.12298711	0.50426626	-0.31768486	0.27791056	0.09066673	0.56311750	0.49621198	-0.28388846	-0.69563597	-0.10599431	-0.22095266	0.29189113	3.27480912	-0.71919733	-0.45210117	0.27618355	0.54199713	
0.00803700	    1.98872898    39.57591440 -1004.79642945    65.03751916    10.22353147     2.61324325	-1.11388601 -0.62370425 -2.54536791  0.01695872 -0.14030509  0.02271196	  -8.72252281  107.12985134  -23.79869716 -131.92218497   28.82924062   91.07512271   -9.01400819  -14.33295700   -3.38389436   -4.84418235   15.61773777   21.35514468	 0.02312126 -0.00354624 -0.30791830  0.84122454 -0.53250812  0.01961507  0.01495163 -0.07005700 -0.52458586  1.15243026 -0.61298870  0.06764247	-0.05266453  0.01023188  0.32810673 -0.00123158 -0.31013839  0.05410939 -0.02478078 -0.09123502 -0.89522221 -0.29480173  0.67846578  0.02023775	-0.05418522  0.04244590  0.36188194  0.00105091 -0.33379124  0.03388987 -0.02407967 -0.08741059 -0.96681776 -0.31792067  0.71157847  0.05304207	 0.22469369 -0.07030011  3.89726417	 0.02510321 -0.02260600  0.05410143	 0.02558012 -0.02283374  0.05466746	-0.00066255  0.00106539 -0.99999921	0.35000000	0.00000000	0.00000000	0.24515626	-0.44121107	0.13254759	1.30238163	-0.78029692	-0.27085802	-0.52721888	-0.12987337	0.49940193	-0.33782497	0.27808753	0.09212846	0.56755900	0.50894159	-0.28153419	-0.69763958	-0.08974508	-0.21568638	0.30290937	3.26416802	-0.70669180	-0.46683618	0.28666353	0.52968961	
0.00850300	    1.30251136    39.10840088 -1001.75881492    64.82242848    10.81461027     2.60284717	-1.31831901 -0.46626919 -2.84408410  0.01245120 -0.14578157  0.02156724	  -8.91377156  105.87977505  -24.04707588 -131.75575846   29.32409298   90.75048840   -8.81124058  -14.39502695   -2.75403940   -5.67910762   15.85668540   21.61210397	 0.02267245 -0.00310313 -0.30481501  0.84122751 -0.53537964  0.01984954  0.01484276 -0.07071576 -0.53243601  1.14902367 -0.60666189  0.06803857	-0.03803892  0.03304427  0.34961509  0.00827924 -0.30666341  0.04517651  0.01168314 -0.04869739 -0.83302310 -0.43163713  0.72122183  0.01964288	-0.05015668  0.05085142  0.36251041  0.00124408 -0.33551646  0.02940971 -0.00961082 -0.07571357 -0.90603977 -0.41197312  0.74350677  0.04257788	 0.22679100 -0.07337653  3.89673718	 0.02433860 -0.02198982  0.05254545	 0.02457386 -0.02216373  0.05302000	-0.00085130  0.00085611 -0.99999927	0.35000000	0.00000000	0.00000000	0.23200557	-0.44243497	0.15555945	1.31634164	-0.79943472	-0.25613087	-0.51403159	-0.13416445	0.49606204	-0.35625762	0.28002399	0.09720834	0.57129627	0.51842761	-0.27988252	-0.70161003	-0.06969529	-0.21058580	0.31271711	3.25053740	-0.69042611	-0.48174548	0.29428169	0.51549101	
0.00847600	   1.08690647   39.74422399 -999.73122858   64.67754756   11.39626067    2.73153298	-1.58085409 -0.39842735 -3.05865133  0.00995221 -0.15426007  0.01432651	  -8.96535121  105.11309385  -24.95021068 -131.45672819   29.88713765   90.89030576   -9.16139333  -14.31324825   -1.91522553   -6.20887564   15.81379147   21.62209481	 0.02222139 -0.00261644 -0.30168637  0.84122055 -0.53828140  0.02007942  0.01479197 -0.07134385 -0.53979641  1.14480313 -0.60001007  0.06838048	-0.03561093  0.04159164  0.34392910 -0.00699294 -0.30827757 -0.00041463  0.00067206 -0.07351392 -0.78232516 -0.51396109  0.76233105  0.05072015	-0.05201325  0.05668119  0.36601632 -0.00009585 -0.33977150  0.02660547 -0.00313428 -0.07179554 -0.85149528 -0.51140207  0.78608566  0.03937256	 0.22901221 -0.07650947  3.89616201	 0.02390660 -0.02116826  0.05234447	 0.02404733 -0.02141198  0.05237262	-0.00103419  0.00065165 -0.99999925	0.35000000	0.00000000	0.00000000	0.22010690	-0.44108707	0.17952076	1.32562268	-0.81603158	-0.24109210	-0.50090593	-0.13797784	0.49326676	-0.37642285	0.27900195	0.09971598	0.57859713	0.52964354	-0.27954772	-0.71052724	-0.05106083	-0.20643590	0.32477739	3.23606730	-0.67557502	-0.49680975	0.30304152	0.49950072	
0.00801300	   2.18177093   39.61366031 -999.56320291   64.62793596   12.68421636    3.53055989	-2.08135513 -0.35200836 -3.08106706  0.00493893 -0.16843265  0.00872957	  -8.13279866  104.45023537  -26.18221860 -131.52437368   31.12797689   90.68117833   -8.88819572  -13.38038486   -0.47089183   -5.76287102   15.56265034   21.13189057	 0.02180058 -0.00212158 -0.29873932  0.84122456 -0.54104596  0.02035109  0.01476409 -0.07187320 -0.54621035  1.14008779 -0.59349268  0.06858938	-0.06649857  0.05080985  0.32474503  0.02326986 -0.34844019  0.05306379  0.00112943 -0.03209304 -0.72038322 -0.57092979  0.80101336  0.02554345	-0.05354828  0.06184362  0.36465234  0.00093215 -0.34436441  0.03456368 -0.00291503 -0.06186388 -0.78791173 -0.59697736  0.81638095  0.02243239	 0.23119063 -0.07957310  3.89566203	 0.02329397 -0.02038050  0.05203014	 0.02350685 -0.02062744  0.05214259	-0.00119987  0.00046330 -0.99999917	0.35000000	0.00000000	0.00000000	0.20690066	-0.43780267	0.20148563	1.33117700	-0.82923663	-0.22405772	-0.48505497	-0.14376476	0.48691458	-0.39703280	0.28060624	0.09854518	0.58519381	0.54150158	-0.28159139	-0.71827888	-0.03390668	-0.20497990	0.33795989	3.21872091	-0.65888262	-0.51143217	0.31396425	0.48739836	
0.00849900	   2.82349610   38.81841554 -997.51260945   64.45641817   13.73737146    4.20133530	-2.54817234 -0.11999133 -3.28424775 -0.00080307 -0.17893986  0.00142337	  -7.53420912  103.79180884  -27.17595884 -131.34920511   31.97762176   89.87686491   -8.32205637  -13.40346339    0.68128663   -6.07114183   16.05034903   21.44191089	 0.02137213 -0.00154730 -0.29557018  0.84122509 -0.54399108  0.02062041  0.01474705 -0.07238430 -0.55247639  1.13422935 -0.58628276  0.06868697	-0.03748448  0.05793374  0.36625325  0.00572726 -0.31068496  0.00199080 -0.01756043 -0.08001969 -0.66966853 -0.69293893  0.81317870  0.00976786	-0.04858697  0.06815726  0.37169853  0.00070019 -0.34370064  0.02949627 -0.00381783 -0.05875731 -0.72287308 -0.70173959  0.85095616  0.00809888	 0.23359267 -0.08278319  3.89507711	 0.02300116 -0.01944679  0.05132127	 0.02308667 -0.01973273  0.05155627	-0.00136881  0.00026744 -0.99999903	0.35000000	0.00000000	0.00000000	0.19068198	-0.43489063	0.22585133	1.33693540	-0.84398156	-0.20985444	-0.47164726	-0.14921308	0.48135561	-0.41474256	0.28322783	0.10026119	0.59276021	0.55437589	-0.28130937	-0.72711146	-0.01835614	-0.19996873	0.35037491	3.20119905	-0.64039648	-0.52659428	0.32556620	0.47180369	
0.00848900	   3.78345465   38.09046346 -997.13257763   64.40039576   14.69486899    4.37119806	-3.27826967  0.45693803 -3.24758773 -0.01988030 -0.18965030 -0.00824033	  -7.52506647  102.63788748  -28.69103261 -131.20242456   32.76591870   89.57429504   -7.74706837  -11.92936295    1.96346873   -5.06121055   16.65538949   21.58148584	 0.02092170 -0.00092068 -0.29240140  0.84121389 -0.54697470  0.02086995  0.01476184 -0.07279853 -0.55812573  1.12755501 -0.57875712  0.06873650	-0.07145292  0.09816345  0.39741619 -0.01376541 -0.34444487  0.03381527  0.01890170 -0.03594627 -0.62715490 -0.83230919  0.92932362 -0.00349339	-0.05331901  0.07740129  0.37415478 -0.00270852 -0.34968467  0.02730945  0.00202592 -0.04701136 -0.65199632 -0.79848692  0.89158556  0.00489138	 0.23603395 -0.08621633  3.89448380	 0.02246750 -0.01822591  0.05131928	 0.02264994 -0.01859688  0.05132024	-0.00152857  0.00007472 -0.99999883	0.35000000	0.00000000	0.00000000	0.17305520	-0.43220496	0.24889570	1.34070420	-0.86036420	-0.19107936	-0.45690587	-0.15580353	0.47715616	-0.43315813	0.28475860	0.10245433	0.60262138	0.56609559	-0.28050596	-0.73756665	-0.00476588	-0.20140199	0.36763367	3.18018007	-0.61752898	-0.54090834	0.33549041	0.45907342	
0.00852000	   5.34655513   38.07448334 -995.28886160   64.23581263   16.17902446    5.35896055	-3.85825161  0.65963939 -3.30054003 -0.02643848 -0.20571397 -0.01432939	  -6.43392594  101.53564930  -30.05710579 -130.84586030   33.98854047   89.39933288   -7.25493916  -11.61509374    3.45973201   -4.55253223   16.42280822   21.21593830	 0.02049982 -0.00024023 -0.28921852  0.84122831 -0.54997638  0.02108838  0.01474956 -0.07313005 -0.56315184  1.12001005 -0.57090086  0.06874815	-0.03243455  0.10653294  0.38512520 -0.00381532 -0.35216110  0.04731931 -0.00473198 -0.02548304 -0.49500283 -0.90355156  0.89785260 -0.00889616	-0.04829459  0.08390057  0.37522902  0.00147003 -0.35104640  0.02665703 -0.00096212 -0.03568428 -0.57203290 -0.89741614  0.92222686  0.00052397	 0.23848119 -0.08951754  3.89380425	 0.02240200 -0.01678821  0.05024779	 0.02242607 -0.01722215  0.05060970	-0.00167702 -0.00011510 -0.99999859	0.35000000	0.00000000	0.00000000	0.15644859	-0.42973369	0.27274787	1.34040499	-0.87275064	-0.17144813	-0.44136798	-0.16043812	0.46872205	-0.45250282	0.28775108	0.10193424	0.61141789	0.57855922	-0.28243348	-0.74921471	0.01047760	-0.20367907	0.38267496	3.15526819	-0.59678578	-0.55450684	0.34871149	0.44527566	
0.00847700	   5.87888868   37.78749237 -994.30905484   64.13760338   17.16254269    5.57823721	-4.52249282  0.86030252 -3.30279369 -0.03366013 -0.21457762 -0.01826533	  -6.42586131  101.09779072  -31.03991005 -131.03259596   34.77536532   88.89074242   -6.25153390  -10.99453941    4.65178788   -3.78658637   17.15362434   20.91862234	 0.02006474  0.00048699 -0.28604168  0.84122092 -0.55300654  0.02124029  0.01475410 -0.07338145 -0.56755283  1.11167481 -0.56269898  0.06876478	-0.05176210  0.08928976  0.35102042  0.00753824 -0.35490206 -0.01134932  0.00263572 -0.02826504 -0.46770103 -0.96806555  0.93266480  0.00609075	-0.05073927  0.08832611  0.37351446  0.00004009 -0.35630725  0.01589966  0.00103054 -0.02830936 -0.50308112 -0.99175041  0.96798866  0.00263609	 0.24105930 -0.09299274  3.89303597	 0.02213812 -0.01555688  0.04957749	 0.02223736 -0.01592217  0.04978880	-0.00181405 -0.00030382 -0.99999831	0.35000000	0.00000000	0.00000000	0.14132600	-0.41993085	0.29545090	1.33835447	-0.88327754	-0.14872324	-0.42714128	-0.16521430	0.46313310	-0.47035643	0.29066753	0.10170592	0.62220860	0.59153432	-0.27911052	-0.75905299	0.02548103	-0.20477980	0.40147859	3.12939835	-0.57656431	-0.56743890	0.35983711	0.42829859	
0.00800700	   7.42893210   38.16991405 -992.59121044   63.98446774   18.50602828    6.41898917	-5.15100232  0.94608980 -3.15394378 -0.03671835 -0.23599606 -0.02090701	  -5.56091378  100.43288565  -32.41859655 -131.98633364   35.83181342   88.75243890   -5.40467194   -9.54880336    6.58780643   -2.31180067   15.84866501   20.12017876	 0.01966815  0.00123149 -0.28300940  0.84122909 -0.55587680  0.02135758  0.01474122 -0.07349955 -0.57105461  1.10308549 -0.55467993  0.06876797	-0.06457474  0.10991265  0.38350423  0.02750315 -0.33875077  0.02557989 -0.01166064  0.01075594 -0.39045701 -1.07330172  1.01199764 -0.00441894	-0.05061860  0.09487301  0.37834689  0.00319146 -0.35971605  0.01354239 -0.00334211 -0.01292511 -0.42603211 -1.08141370  1.00600061  0.00213540	 0.24365581 -0.09635398  3.89216764	 0.02169868 -0.01484500  0.04841753	 0.02172638 -0.01507445  0.04880459	-0.00193545 -0.00047734 -0.99999801	0.35000000	0.00000000	0.00000000	0.12509476	-0.41177508	0.31816676	1.33407986	-0.88977474	-0.12700988	-0.40958872	-0.17148361	0.45672196	-0.49120209	0.29425687	0.09766994	0.63380980	0.60204440	-0.27820253	-0.77128029	0.04028561	-0.21382856	0.41980985	3.10353661	-0.55323362	-0.58014697	0.37305743	0.41496214	
0.00801700	   9.16802290   39.02731925 -989.68887893   63.75085111   19.93697320    7.19555942	-5.81823850  0.34921501 -3.11312199 -0.01636734 -0.24972781 -0.01289537	  -4.93137818   99.98583817  -33.91576242 -132.40729633   36.93578508   88.31023967   -4.13886347   -9.29374596    7.83686301   -1.14437550   16.03493348   19.54973364	 0.01928690  0.00200981 -0.27996718  0.84122922 -0.55877294  0.02140722  0.01475467 -0.07355904 -0.57397224  1.09382775 -0.54643636  0.06875478	-0.05824335  0.06546706  0.37222525  0.01903693 -0.36425878  0.00860543  0.00319614 -0.03144565 -0.34409897 -1.15889101  1.00306774 -0.02904515	-0.04850014  0.09566292  0.37631935  0.00205863 -0.35902967  0.00613691  0.00081424 -0.00806725 -0.35120989 -1.15686286  1.02608600 -0.00213559	 0.24619786 -0.09915558  3.89103400	 0.02355956 -0.01373686  0.04712328	 0.02288981 -0.01410112  0.04755319	-0.00204989 -0.00065695 -0.99999768	0.35000000	0.00000000	0.00000000	0.11344041	-0.39857331	0.33570245	1.32483649	-0.89396375	-0.10516495	-0.39925331	-0.17675376	0.44481170	-0.50673711	0.29727823	0.09481917	0.64235365	0.61853266	-0.27493104	-0.77938116	0.05700354	-0.21463549	0.43638960	3.07597923	-0.53339595	-0.59415883	0.38682476	0.39719424	
0.00845600	   9.36389551   40.79077644 -986.90013951   63.56026202   20.36105275    7.75643278	-6.41638185 -0.09607650 -3.12448492 -0.00121013 -0.26394573 -0.00665352	  -4.57918912  100.12716317  -35.00486186 -133.37044787   36.97114491   87.92129195   -3.50816582   -7.11801860    9.33956889   -0.34067028   15.90336375   18.93229026	 0.01889706  0.00287749 -0.27670079  0.84121775 -0.56188472  0.02144534  0.01474458 -0.07358376 -0.57638690  1.08326850 -0.53740266  0.06876187	-0.05137344  0.12363340  0.41784788 -0.00578490 -0.38983330  0.01353418 -0.01846181  0.00387922 -0.28326543 -1.36781638  1.15268694  0.00830841	-0.04550477  0.10152916  0.38714399 -0.00108105 -0.36898404  0.00563890 -0.00203191 -0.00322283 -0.27470098 -1.26410695  1.07651004  0.00042103	 0.24912462 -0.10184163  3.88956141	 0.02650396 -0.01295366  0.04581097	 0.02555906 -0.01317934  0.04623184	-0.00216311 -0.00086926 -0.99999728	0.35000000	0.00000000	0.00000000	0.09883270	-0.38349849	0.35742125	1.31815588	-0.90293866	-0.08301103	-0.38415211	-0.18122643	0.44162554	-0.52714711	0.29782715	0.09324841	0.65921688	0.62953931	-0.26930520	-0.79442453	0.07129778	-0.22079062	0.45703661	3.05166435	-0.50988191	-0.60651916	0.40030393	0.37736896	
0.00801800	  12.72172500   41.59997782 -986.81673866   63.49237490   22.39362184    8.66543486	-7.40431100 -0.19220159 -2.91342641  0.00145828 -0.28717830 -0.00571399	  -3.77802115   99.68970561  -37.63668169 -133.31792659   38.78354707   87.62746871   -2.46593068   -5.52446431   11.46741050    1.95731588   15.63593705   18.16631381	 0.01853414  0.00370195 -0.27361681  0.84121052 -0.56484750  0.02143581  0.01475350 -0.07359447 -0.57800086  1.07272894 -0.52868322  0.06875562	-0.02801815  0.12134166  0.37926685 -0.01878848 -0.38670742 -0.00244439  0.02065961  0.00042174 -0.19975116 -1.38150240  1.14634897 -0.00086162	-0.04340470  0.10391368  0.38533440 -0.00232976 -0.37150418 -0.00123846  0.00113233 -0.00214878 -0.19404177 -1.32783978  1.09472090 -0.00204436	 0.25175160 -0.10420131  3.88813133	 0.02993730 -0.01160328  0.04475558	 0.02878790 -0.01205113  0.04511236	-0.00226162 -0.00109481 -0.99999684	0.35000000	0.00000000	0.00000000	0.08869578	-0.36739513	0.37179896	1.30520451	-0.90732086	-0.06131298	-0.37668642	-0.18821907	0.42733890	-0.54249084	0.29792562	0.09015162	0.67227978	0.64845836	-0.26413625	-0.80393171	0.08902943	-0.22301367	0.47766146	3.02452683	-0.48755139	-0.62047029	0.41697031	0.36020669	
0.00800300	  13.16912923   42.98906101 -986.55746673   63.45634768   23.12894263    9.36493554	-7.88141293 -0.35283552 -2.92494706  0.00673666 -0.29769032 -0.00473543	  -3.22431740   99.99959040  -38.74566224 -133.70505792   39.22774315   87.48587036   -1.66704806   -2.84463227   12.97279257    2.37734193   15.76814027   17.53708376	 0.01817535  0.00452615 -0.27049293  0.84122120 -0.56784321  0.02144598  0.01474487 -0.07359422 -0.57896136  1.06159209 -0.51974715  0.06877147	-0.04311202  0.11266813  0.39277766  0.01804020 -0.37315869  0.01016875 -0.00786050 -0.02239998 -0.06440945 -1.46378681  1.16332033  0.01553378	-0.04323746  0.10433202  0.39006528  0.00030630 -0.37520308 -0.00048107 -0.00212320 -0.00119074 -0.10870751 -1.40068426  1.12066824  0.00249535	 0.25447775 -0.10647778  3.88667903	 0.03336832 -0.01029521  0.04333988	 0.03222319 -0.01080350  0.04387038	-0.00234977 -0.00134806 -0.99999633	0.35000000	0.00000000	0.00000000	0.08154318	-0.34623238	0.38784882	1.29066837	-0.91140473	-0.03586588	-0.36762843	-0.19178930	0.41392690	-0.55889738	0.29508266	0.08240570	0.68769288	0.66711640	-0.25208303	-0.81633586	0.10318200	-0.22652388	0.49883217	2.99743319	-0.46735364	-0.63193268	0.43446434	0.33920148	
0.00852100	   9.26922582   43.75910133 -997.40369969   64.16629855   22.82076384    9.63986538	-6.11454098 -0.07207369 -1.61062395 -0.00340120 -0.21666558 -0.01627528	  -2.64041192  100.29783177  -40.21738201 -134.20456138   40.22700816   86.72157967   -0.63552793   -0.40373817   14.02655825    4.10184760   15.42640302   16.35673353	 0.01782692  0.00539935 -0.26722138  0.84122332 -0.57104461  0.02144605  0.01474397 -0.07360001 -0.57941006  1.04923611 -0.51004417  0.06876595	-0.02382961  0.11507981  0.35902340 -0.00371305 -0.34825932 -0.01402600 -0.00779918 -0.00871179 -0.02819301 -1.38567491  1.08549831  0.00055464	-0.03815877  0.10299797  0.37908673  0.00137320 -0.37317524 -0.00182726 -0.00143620 -0.00130337 -0.04440279 -1.44408338  1.13137408  0.00034347	 0.25507547 -0.10838303  3.88612245	0.03795537 0.00098319 0.03696283	 0.03647265 -0.00308002  0.03922385	-0.00239578 -0.00165058 -0.99999577	0.35000000	0.00000000	0.00000000	0.08325951	-0.31700376	0.39915296	1.27472425	-0.90981460	-0.01049076	-0.36375123	-0.19887227	0.39829749	-0.57220912	0.29421076	0.07813974	0.69972759	0.68635142	-0.23531434	-0.81831956	0.12397057	-0.22688243	0.51790720	2.96856618	-0.45024163	-0.64296412	0.45154464	0.31620064	
0.00846700	    4.28827498    45.61677244 -1003.92884686    64.60760411    22.56639441     9.35003800	-5.76582565 -0.14142872 -0.96819474 -0.00144853 -0.18987949 -0.01711137	  -3.09916086  101.42909551  -38.61022925 -134.26281884   40.98559543   86.46784842   -0.13885407    2.73041847   18.15218047    5.30557386   15.06615718   15.42652042	 0.01755028  0.00626139 -0.26405173  0.84121559 -0.57425702  0.02145563  0.01475355 -0.07358972 -0.57954461  1.03649950 -0.50009833  0.06875647	-0.03569662  0.10117151  0.39695858  0.00792912 -0.37625391  0.00811764  0.01599984 -0.00528579  0.00759565 -1.61708767  1.24148706  0.00036726	-0.03050901  0.10257638  0.37227194 -0.00083330 -0.37839937  0.00085886  0.00215339  0.00049054 -0.00874274 -1.50747925  1.17636801 -0.00193167	 0.25492762 -0.11008852  3.88609304	0.04274787 0.01439680 0.02848855	0.04125585 0.01035411 0.03111796	-0.00232545 -0.00199427 -0.99999531	0.35000000	0.00000000	0.00000000	0.08737931	-0.28785327	0.41001114	1.27098441	-0.91099626	0.01853837	-0.35619479	-0.20172524	0.39120650	-0.58283120	0.29527843	0.07530939	0.71971887	0.69656062	-0.20974018	-0.82593083	0.15412331	-0.22643396	0.54465836	2.95176029	-0.43711874	-0.64898264	0.46420941	0.29010007	
0.00801100	    5.60045831    47.71310063 -1003.85685575    64.53454373    25.03549271     9.45385858	-7.00803522 -0.04954284 -0.85611804 -0.00501755 -0.23423890 -0.01487236	  -3.43004893  102.39668775  -38.21315563 -134.18900654   43.39954805   86.31855226   -0.05956055    5.52840710   23.96589760    7.49378252   13.22523956   14.56491859	 0.01734373  0.00708325 -0.26114315  0.84122330 -0.57728356  0.02145783  0.01475796 -0.07358980 -0.57935881  1.02424934 -0.49062127  0.06876171	-0.02154054  0.11449753  0.39097732 -0.00823837 -0.37452227 -0.00472714  0.00872182 -0.00207497  0.01720446 -1.53902904  1.17160447  0.00996430	-0.02407958  0.10230016  0.36709070  0.00093949 -0.37606838  0.00245819  0.00290840  0.00012477  0.02960193 -1.53548063  1.18462856 -0.00022046	 0.25588347 -0.11231571  3.88570281	0.04534822 0.02094230 0.02327972	0.04452010 0.01885655 0.02497919	-0.00218007 -0.00234787 -0.99999487	0.35000000	0.00000000	0.00000000	0.09565125	-0.26224825	0.41512540	1.26420248	-0.90460485	0.04641165	-0.35069913	-0.20726481	0.37546432	-0.58670861	0.29486817	0.06734942	0.73964930	0.71143621	-0.18287608	-0.83119994	0.18812421	-0.22628522	0.57289827	2.93656683	-0.42461714	-0.65408534	0.47888696	0.26865950	
0.00852300	    6.14745166    49.41319873 -1006.13508602    64.64548695    26.37735052     9.66408482	-7.87985186  0.70820154 -0.95359868 -0.03138111 -0.26333822 -0.02714503	  -3.41409396  103.23709440  -38.56830765 -134.94861010   44.41796011   85.77142322    0.42359303    8.57621998   27.18156498    7.88662957   13.00519417   13.33850636	 0.01717035  0.00801013 -0.25808279  0.84121167 -0.58053478  0.02144853  0.01473937 -0.07349762 -0.57867212  1.01093297 -0.48047941  0.06875892	-0.01271741  0.10368719  0.33714370  0.01165383 -0.33690192 -0.00392545 -0.00460492  0.00567972  0.10312446 -1.44169171  1.08366447 -0.01702295	-0.01807852  0.11102440  0.35856603 -0.00046197 -0.37898449 -0.00165002 -0.00273150  0.01345213  0.08990146 -1.55903451  1.18268130 -0.00154314	 0.25767004 -0.11575846  3.88536640	0.04426335 0.02448273 0.01878646	0.04471625 0.02347061 0.02017106	-0.00198463 -0.00273076 -0.99999430	0.35000000	0.00000000	0.00000000	0.10302468	-0.23479591	0.42084911	1.25584221	-0.89885324	0.07922913	-0.33990580	-0.21258736	0.35704964	-0.59468091	0.29761437	0.05971164	0.75525725	0.72501993	-0.15595181	-0.83220220	0.21463001	-0.22854477	0.59646833	2.90944982	-0.40554419	-0.65736526	0.49102831	0.25097907	
0.00847900	    5.52339777    50.22571271 -1009.71438627    64.86767502    26.83001581     9.56783421	-8.55439347  0.96133589 -0.90986343 -0.04076342 -0.28713156 -0.03018948	  -3.73774513  103.05774856  -38.86014815 -136.27308881   44.99279469   85.65458059    1.14491172    9.30948341   29.73502234    8.83362229   12.09135313   12.41679870	 0.01702623  0.00900161 -0.25497077  0.84117364 -0.58379715  0.02145905  0.01475075 -0.07328075 -0.57744437  0.99731300 -0.47032608  0.06876042	 0.00204765  0.12364348  0.34496627  0.01799295 -0.38495636  0.00118874  0.00333886  0.03506803  0.15482650 -1.51318730  1.09125768  0.01204153	-0.01323346  0.11947889  0.36524955 -0.00439255 -0.38490967  0.00173622  0.00168515  0.03024711  0.15402073 -1.60754402  1.19049329 -0.00029669	 0.26028030 -0.11973823  3.88521231	0.04208426 0.02518495 0.01547029	0.04276773 0.02505606 0.01648658	-0.00177197 -0.00309714 -0.99999363	0.35000000	0.00000000	0.00000000	0.10377003	-0.21371965	0.42800069	1.24752510	-0.89498311	0.10691436	-0.32973981	-0.21577510	0.34336931	-0.60334927	0.30000660	0.05907323	0.77296996	0.73154032	-0.13429101	-0.83694422	0.24484929	-0.23262316	0.61752576	2.87979770	-0.38306656	-0.66007745	0.49929991	0.22904208	
0.00846800	    6.10363700    51.50326818 -1014.48903665    65.15380434    27.77984056     9.69981494	-9.32262085  1.17761817 -0.66432741 -0.04907942 -0.30943126 -0.03285387	  -3.82339819  103.35498047  -40.46867648 -137.55202267   46.17869040   84.95383155    1.06785222   10.10628432   31.70446755   10.70454892   11.24768592   11.43389188	 0.01690961  0.01008475 -0.25176971  0.84106855 -0.58708425  0.02145610  0.01473915 -0.07292404 -0.57558551  0.98341516 -0.46018444  0.06876496	-0.00898293  0.10464413  0.35535988  0.00015594 -0.40944137  0.01321563 -0.02898559  0.05020632  0.27563437 -1.68759784  1.21828754  0.01335429	-0.01090356  0.12875313  0.37794641 -0.01251094 -0.39170313  0.00105504 -0.00277069  0.04727853  0.23161678 -1.64958949  1.20012313  0.00095174	 0.26336492 -0.12421878  3.88535722	0.03912737 0.02469292 0.01327056	0.04008236 0.02488091 0.01394639	-0.00155993 -0.00344190 -0.99999286	0.35000000	0.00000000	0.00000000	0.09842780	-0.19365703	0.43654141	1.23354912	-0.89060968	0.13168570	-0.31841201	-0.22219077	0.32795233	-0.61296195	0.30108827	0.05828794	0.79201937	0.73812830	-0.11746090	-0.84241992	0.26919782	-0.23738959	0.63968092	2.84599280	-0.35632434	-0.66279137	0.50855720	0.21095936	
0.00801600	    7.26206727    52.39908981 -1019.03612292    65.40289577    29.37002833    10.05601939	-10.00585431   1.33241704  -0.28391661  -0.05546870  -0.32561499  -0.03564978	  -3.61577673  103.17331147  -41.87733945 -138.29512396   47.98785067   84.36342454    1.74648611   10.57418829   32.72516467   13.04467678   10.43851349   10.51350141	 0.01680592  0.01121390 -0.24866171  0.84089739 -0.59017555  0.02144726  0.01474876 -0.07244446 -0.57329036  0.97013887 -0.45076769  0.06876761	 0.01050643  0.15619172  0.38483807 -0.02667273 -0.37340142 -0.02384039  0.00259254  0.06879566  0.29258182 -1.69084526  1.17884531  0.02332569	-0.01079346  0.14504211  0.38938700 -0.02331950 -0.38789631 -0.00222916  0.00175352  0.06325910  0.29495399 -1.66667605  1.17830561  0.00220706	 0.26641849 -0.12872515  3.88575345	0.03631582 0.02407353 0.01164384	0.03725473 0.02429607 0.01220047	-0.00136526 -0.00374281 -0.99999206	0.35000000	0.00000000	0.00000000	0.09779269	-0.17678313	0.44007313	1.21742094	-0.88425118	0.15264471	-0.31363514	-0.22999004	0.30531836	-0.61913449	0.30693388	0.06116131	0.80678546	0.74576122	-0.09760600	-0.84526139	0.29343140	-0.24043542	0.65620416	2.81396127	-0.32791981	-0.66614103	0.51728129	0.19932726	
0.00802300	    6.93422626    53.24814906 -1018.97266662    65.38595006    29.90755888    10.23553271	-10.46463903   1.32212607  -0.36804021  -0.05612662  -0.33437054  -0.03645603	  -3.59807790  102.70276284  -42.75355852 -138.38994306   48.35389057   84.47618079    1.46817073   10.59471810   33.58205912   13.32020684   11.13231989    9.85478304	 0.01671999  0.01240642 -0.24546902  0.84063825 -0.59327415  0.02145164  0.01474526 -0.07180461 -0.57043628  0.95672516 -0.44144088  0.06876740	 0.01000259  0.16282318  0.36283949 -0.03125592 -0.35634173  0.00121282  0.00155128  0.07274599  0.34801185 -1.56179416  1.08130204  0.00135358	-0.00913549  0.15221648  0.39777583 -0.03398126 -0.38447503 -0.00057209  0.00031085  0.08073431  0.36305216 -1.66946349  1.15729098  0.00166936	 0.26969519 -0.13338283  3.88613332	0.03368726 0.02324669 0.01016452	0.03455473 0.02353465 0.01065707	-0.00117637 -0.00402194 -0.99999122	0.35000000	0.00000000	0.00000000	0.09949014	-0.16054177	0.44186705	1.19960499	-0.87633115	0.17655259	-0.30857840	-0.23223603	0.27969658	-0.62094814	0.30884305	0.06144605	0.81832546	0.75508833	-0.07774389	-0.85124069	0.31474209	-0.23938990	0.66998613	2.77909446	-0.30162713	-0.66839767	0.52253890	0.18549733	
0.00851400	    5.20966332    54.67251642 -1021.93105068    65.58008720    29.90147606    10.21939916	-10.69136012   1.33072893  -0.14024738  -0.05746684  -0.33988958  -0.03696363	  -3.80848619  102.85409951  -43.18753350 -139.58409181   48.73586869   83.54598129    1.71412943   10.67038989   33.67535104   14.45195749   10.31938619    8.86987879	 0.01664415  0.01376556 -0.24194343  0.84028811 -0.59658439  0.02146435  0.01474101 -0.07096641 -0.56681433  0.94235952 -0.43166158  0.06876055	 0.00384392  0.12590151  0.41723997 -0.01740902 -0.35199280  0.01709824 -0.00299298  0.08113752  0.42706603 -1.54765948  1.02446787 -0.00710566	-0.00695322  0.15949164  0.41573698 -0.04252727 -0.38447569  0.00355221 -0.00156672  0.10056879  0.43494546 -1.67468796  1.13492958 -0.00109995	 0.27353593 -0.13856503  3.88666278	0.03089845 0.02200585 0.00867531	0.03176779 0.02241688 0.00915065	-0.00098436 -0.00429569 -0.99999029	0.35000000	0.00000000	0.00000000	0.09729224	-0.14394183	0.44589734	1.17821741	-0.86631626	0.19637978	-0.30183250	-0.23730424	0.25757378	-0.62392408	0.31167027	0.06443517	0.83175683	0.75797564	-0.05709802	-0.85345823	0.33706814	-0.24218336	0.68177909	2.74375176	-0.27237603	-0.66893035	0.52762729	0.17155537	
0.00850200	    4.49506841    56.06125206 -1024.67206371    65.72715943    30.95828040    10.06946476	-10.98313781   1.21342028   0.14696067  -0.05503641  -0.33924471  -0.03471074	  -4.22188601  102.74414396  -43.92779835 -139.74988097   50.27503189   82.60446757    1.76026412   10.25895715   33.15759164   15.91364355   10.43679082    8.14493245	 0.01656588  0.01523356 -0.23831083  0.83980393 -0.59990735  0.02145449  0.01474372 -0.06995672 -0.56263400  0.92791907 -0.42201536  0.06876569	-0.00839660  0.16399204  0.38247841 -0.03252356 -0.38728516 -0.00090831  0.00440724  0.13034227  0.46628809 -1.57376810  1.05108122 -0.00993748	-0.00952685  0.17253840  0.42639519 -0.05661466 -0.38767504  0.00080117 -0.00041170  0.12093735  0.49676397 -1.68219890  1.12166057  0.00047177	 0.27741187 -0.14389782  3.88732560	0.02873323 0.02132470 0.00788045	0.02940174 0.02154923 0.00813780	-0.00080083 -0.00454827 -0.99998934	0.35000000	0.00000000	0.00000000	0.09200265	-0.13071246	0.45134398	1.15615201	-0.85966223	0.21517052	-0.29672405	-0.24303880	0.23577000	-0.62575614	0.31737724	0.07435474	0.84685761	0.75795764	-0.03813641	-0.85769957	0.35766417	-0.24453706	0.69381273	2.70579410	-0.24220009	-0.66814733	0.53148609	0.16218066	
0.00846300	  31.92965780   60.12056399 -905.18962094   57.89758052   34.94470429   11.14949973	  11.53324850  -65.00145285 -371.67093279   26.11089445  -58.94343956   14.91355751	  -4.08304589  102.35173893  -44.30687590 -139.58139598   51.78229219   82.53480130    1.59662086    9.19598609   33.53187233   16.87035697    9.87010894    7.51806839	 0.01651581  0.01686215 -0.23440854  0.83900101 -0.60311124  0.02146145  0.01474761 -0.06868805 -0.55793743  0.91444196 -0.41179669  0.06875426	 0.00471915  0.20813709  0.53700043 -0.14483713 -0.36438080  0.00343637  0.03095596  0.17392541  0.60598164 -1.42752346  1.43726661  0.00042066	-0.00630977  0.20060799  0.47613785 -0.11168588 -0.37065844  0.00178841  0.00233212  0.16332313  0.55754384 -1.50836572  1.26967128 -0.00155678	 0.28472681 -0.14928532  3.89950139	0.00029737 0.00921070 0.00797853	0.01259455 0.01471343 0.00731383	-0.00065235 -0.00471229 -0.99998868	0.35000000	0.00000000	0.00000000	0.07642543	-0.12774506	0.46491352	1.14517474	-0.84217089	0.23947982	-0.30080193	-0.23789173	0.21780966	-0.63327968	0.30941933	0.08823191	0.86431170	0.73870838	-0.01117024	-0.84834647	0.38005748	-0.24569067	0.72922051	2.67677760	-0.19518706	-0.65584171	0.50985479	0.16698630	
0.00803900	  30.92994279   56.93540965 -914.66294770   58.34683879   38.55344559    9.97947254	 -25.41238568  -54.06144604 -317.29552331   22.74341200  -49.75307552    9.01171751	  -6.11613902   96.17080998  -42.92513257 -139.09113413   57.10614145   80.59870541    1.46226771    4.93822312   25.35552989   19.35929264   -7.24943331    7.13438756	 0.01639863  0.01871551 -0.23012197  0.83742648 -0.60577856  0.02146052  0.01473655 -0.06700103 -0.55363547  0.90529652 -0.40012639  0.06876181	-0.02203835  0.22495968  0.56118988 -0.24467876 -0.26847484 -0.00442902  0.01385815  0.20675739  0.51348318 -0.91866074  1.40739683 -0.01117371	-0.01678021  0.23048658  0.54279456 -0.21104123 -0.32175714  0.00122474 -0.00025412  0.21107172  0.52754825 -1.08638364  1.45795145 -0.00054164	 0.29105090 -0.15394040  3.91393292	-0.01469572 -0.00382983  0.01734447	-0.01049949  0.00003579  0.01417221	-0.00064061 -0.00463534 -0.99998905	0.35000000	0.00000000	0.00000000	0.07518232	-0.13980813	0.50556880	1.11842036	-0.78729981	0.22634138	-0.34462267	-0.23889226	0.19443361	-0.63584280	0.29676294	0.11107484	0.86833113	0.72782522	0.02535436	-0.80154705	0.42223823	-0.27211645	0.74214143	2.67832780	-0.15050344	-0.64648283	0.49258706	0.18247576	
0.00846700	  16.18555126   56.52386754 -934.25466909   59.46844824   42.54253309    7.07000064	 -21.15548745  -39.87231066 -224.65631775   16.21975377  -35.25313049    5.74986716	  -8.92377636   95.20218062  -33.93675654 -128.91380382   62.99195033   80.43315774    1.91274873    1.38717762   11.83371896    8.26083944  -27.39796641    7.07627668	 0.01620201  0.02079741 -0.22506332  0.83495560 -0.60822770  0.02146303  0.01473104 -0.06499982 -0.54948506  0.89829196 -0.38759152  0.06875366	-0.06656749  0.28996430  0.67021892 -0.33878853 -0.26767066  0.01196362 -0.00047843  0.23326630  0.51824490 -0.75875169  1.48755449 -0.00909109	-0.02707707  0.24751299  0.60512290 -0.30389534 -0.28022691  0.00170634 -0.00172211  0.23584158  0.48369992 -0.78822978  1.45425771 -0.00285475	 0.29526024 -0.15825598  3.92458007	-0.01918110 -0.00693938  0.02656322	-0.01809480 -0.00637256  0.02386108	-0.00069522 -0.00448473 -0.99998970	0.35000000	0.00000000	0.00000000	0.10017253	-0.17800635	0.55011708	1.08123493	-0.73769790	0.20119625	-0.39092964	-0.23042995	0.12507325	-0.63850689	0.28215444	0.11684552	0.85357237	0.72079259	0.07072520	-0.76168293	0.45460668	-0.29210705	0.70814252	2.68864465	-0.12917793	-0.63270116	0.49841368	0.21144898	
0.00802000	   0.36667907   57.90195633 -947.07962544   60.13809687   47.58780932    4.13282207	  -3.92323307  -33.62395691 -158.55227727   11.47624050  -25.03106933    5.38915698	 -11.47135198   95.17922568  -21.85107885 -116.92160374   69.94488573   80.28449976    1.06421408   -3.84667636   -1.25278062   -0.25118039  -32.97780642    6.47254752	 0.01597573  0.02275944 -0.22002396  0.83204458 -0.61023953  0.02144751  0.01474746 -0.06307806 -0.54592652  0.89339854 -0.37693624  0.06875561	-0.01963803  0.21400810  0.60308922 -0.36839671 -0.20261185 -0.01046635  0.00478705  0.21487160  0.40585965 -0.51062122  1.14569507 -0.02726227	-0.02779700  0.24273415  0.63118704 -0.36812919 -0.24434335 -0.00254524  0.00260424  0.23678046  0.43945312 -0.58710309  1.29605364 -0.00259885	 0.29745887 -0.16083185  3.93099697	-0.01427637 -0.00317872  0.02954513	-0.01610935 -0.00456574  0.02872114	-0.00073877 -0.00434734 -0.99999028	0.35000000	0.00000000	0.00000000	0.13243525	-0.20855348	0.56109869	1.03165329	-0.69785380	0.19333458	-0.43725768	-0.21518895	0.04402465	-0.61703163	0.28319061	0.13174342	0.82865560	0.71922719	0.09506002	-0.72523808	0.47670788	-0.28320420	0.67650974	2.68881536	-0.12599087	-0.62516248	0.50647521	0.24239282	
0.00801200	 -12.99376623   61.93718179 -952.24832079   60.39493844   50.59226391    2.12262531	   9.20564095  -30.73737749 -124.10046355    8.95279767  -19.59398633    5.57783327	 -13.41049824   97.74701238  -11.46129195 -108.04206085   73.90766770   79.56589139   -0.36936889   -6.28105086   -8.15901505   -9.37841438  -33.50314915    4.80284952	 0.01573209  0.02468186 -0.21480437  0.82870067 -0.61202057  0.02144923  0.01473893 -0.06117520 -0.54256199  0.88963286 -0.36783791  0.06875840	-0.04215343  0.19616132  0.61052551 -0.37029249 -0.16330463 -0.01147421 -0.01144010  0.21148485  0.39550575 -0.37965963  0.92825592 -0.00792553	-0.03062414  0.23614922  0.64981710 -0.41774864 -0.21413681 -0.00227968 -0.00008312  0.23314187  0.41607910 -0.45286283  1.09690422 -0.00157893	 0.29943348 -0.16302601  3.93519418	-0.00724415  0.00089237  0.02839753	-0.00957703 -0.00042214  0.02889848	-0.00074725 -0.00426252 -0.99999064	0.35000000	0.00000000	0.00000000	0.16648677	-0.22570078	0.55723917	0.99131733	-0.65764946	0.20138952	-0.46287474	-0.20071420	-0.02938359	-0.58873254	0.28370297	0.13367364	0.80499512	0.71796846	0.11478355	-0.69322175	0.49578193	-0.26606941	0.65104383	2.68195748	-0.11793667	-0.62022436	0.51207507	0.26978919	
0.00848500	 -21.64967895   65.59221999 -950.09506325   60.20272832   52.81385331    1.18124752	  16.93412942  -31.50411289 -108.03724153    7.73650780  -16.94025389    6.06952794	 -14.27899118   99.10937428   -5.38967879 -101.55791247   76.43683666   78.44016427   -1.39423905   -9.35835773  -12.23099637  -16.01661365  -31.41703498    2.57207128	 0.01551287  0.02667283 -0.20907296  0.82473518 -0.61375228  0.02146230  0.01474228 -0.05919578 -0.53908274  0.88645985 -0.35990100  0.06876343	-0.02551339  0.23119118  0.70506279 -0.47134438 -0.20457514 -0.00552467  0.02715847  0.22702346  0.40265848 -0.33566561  0.81833892 -0.01075567	-0.02551373  0.23104454  0.67665082 -0.47164492 -0.19982868  0.00173072  0.00195124  0.23086001  0.41041451 -0.36056704  0.89840149 -0.00035224	 0.30147098 -0.16472709  3.93826707	0.00187014 0.00462889 0.02362584	-0.00101729  0.00346056  0.02519624	-0.00072363 -0.00424086 -0.99999075	0.35000000	0.00000000	0.00000000	0.19488606	-0.23777239	0.54520494	0.95745850	-0.62342465	0.21289957	-0.48425835	-0.18883023	-0.08891459	-0.55761999	0.28297186	0.14360216	0.78336495	0.71647382	0.12555772	-0.65992016	0.52007115	-0.24192989	0.62948585	2.66941690	-0.10125594	-0.61906034	0.51294601	0.28780407	
0.00848700	 -23.82269234   69.60084048 -942.19814836   59.59481352   56.49953929    0.35688862	  18.98133790  -34.31822714 -106.65558625    7.56664613  -16.51000830    6.56190431	-15.73547775 100.79988813  -2.34117365 -95.06450525  80.03231174  77.28147900  -3.20676712 -11.73052269 -13.65050617 -21.86528502 -27.81975371   0.22238186	 0.01531503  0.02859628 -0.20320267  0.82043433 -0.61530622  0.02146089  0.01474291 -0.05727823 -0.53560880  0.88383876 -0.35359189  0.06875775	-0.04112327  0.19798600  0.65976260 -0.50492323 -0.17191857  0.02405231  0.02591373  0.22789377  0.40369422 -0.25897727  0.60259034 -0.02413939	-0.02473769  0.22499734  0.69278889 -0.51243273 -0.18262198  0.00142660  0.00273414  0.22622257  0.41055629 -0.30089655  0.71407135 -0.00127822	 0.30324406 -0.16637840  3.94064541	0.01051321 0.00797884 0.01972498	0.00783476 0.00694714 0.02094232	-0.00066972 -0.00429602 -0.99999055	0.35000000	0.00000000	0.00000000	0.22078159	-0.24609621	0.53089648	0.93065053	-0.59408736	0.22825097	-0.50084943	-0.18242100	-0.14179131	-0.52364242	0.27768934	0.15320012	0.76675147	0.71608961	0.13331370	-0.63100392	0.54666537	-0.21237341	0.61372793	2.65375066	-0.08591928	-0.61769646	0.51428282	0.30402854	
0.00800200	 -18.81069198   72.99282012 -844.44511618   53.34439971   55.22243162   -0.13545016	 150.12090108  -73.79157624 -416.18994651   26.25222072   49.33680730    0.63182820	-16.09926197 102.20432949   0.14214239 -90.36149001  82.64153570  76.13452351  -4.41487396 -13.34493262 -13.99522679 -26.46590614 -23.56158534  -2.29014061	 0.01518965  0.03042122 -0.19757699  0.81601087 -0.61653345  0.02144758  0.01473117 -0.05545606 -0.53234168  0.88188229 -0.34942536  0.06876526	-0.01511701  0.22777784  0.64722261 -0.55472670 -0.13293405 -0.01725574 -0.01276511  0.23521930  0.38513200 -0.16793845  0.29223018 -0.00198752	-0.01503979  0.23215735  0.69816543 -0.56459871 -0.14337179 -0.00206235 -0.00191038  0.23248338  0.40288914 -0.22481417  0.45599414  0.00095673	 0.29503105 -0.16833928  3.95677204	-0.00593208  0.02655800  0.01409727	0.00226146 0.01832000 0.01644002	-0.00055532 -0.00434935 -0.99999039	0.35000000	0.00000000	0.00000000	0.25891757	-0.25480852	0.50755119	0.90575433	-0.55609602	0.24733861	-0.51026446	-0.18386960	-0.20544533	-0.48257753	0.27609873	0.15170231	0.73695850	0.71211296	0.14736032	-0.59060979	0.56334043	-0.18506978	0.59627366	2.62965345	-0.06631218	-0.60973215	0.50550073	0.33487532	
0.00850900	 -32.33344404   71.13578695 -834.43544152   52.81703855   49.99820317   -4.37311130	 141.81172503  -68.64028278 -362.63369983   22.50682391   50.37314933    2.17675015	-17.67743999  97.51593494   8.25208506 -88.64645204  86.28642654  73.14997059  -5.26557596 -16.72620749 -11.73704689 -25.29624379 -16.47354390  -6.09244289	 0.01509854  0.03257525 -0.19156232  0.81040937 -0.61718789  0.02146253  0.01473081 -0.05327243 -0.52911748  0.88081194 -0.34868888  0.06877320	-0.02312407  0.22290438  0.69882184 -0.68330711 -0.04602695  0.02381877 -0.00231808  0.26095855  0.34183377 -0.07818901 -0.08666351  0.00544115	-0.01050969  0.25067269  0.70730574 -0.67139587 -0.06689215  0.00298117 -0.00113112  0.25634532  0.37634501 -0.11198177  0.02879132  0.00255342	 0.28342082 -0.16969210  3.97583625	-0.01829990  0.04185269  0.00621919	-0.01527468  0.03803864  0.00833637	-0.00024686 -0.00422976 -0.99999102	0.35000000	0.00000000	0.00000000	0.30624020	-0.27111956	0.46478125	0.87107766	-0.50810456	0.25796166	-0.51738209	-0.18165272	-0.28676063	-0.40619034	0.29791355	0.14300655	0.69364148	0.72602624	0.14649490	-0.53878152	0.58437026	-0.15122610	0.57306844	2.62660861	-0.03847560	-0.60542876	0.49837187	0.39018637	
0.00846900	 -48.49793690   69.33311278 -804.40092507   51.15964754   40.01997753   -6.13845324	 112.97402381  -65.79341565 -303.46244923   18.61999499   41.27981759    1.75603301	-18.01284604  93.60609317  13.95956286 -82.38250893  83.13423783  69.47522098  -6.62315326 -20.60212851  -8.37381133 -30.03606182  -0.77297071  -9.45201287	 0.01508170  0.03480533 -0.18534424  0.80405665 -0.61745653  0.02146111  0.01473623 -0.05103390 -0.52584127  0.88030160 -0.35049832  0.06875906	 0.01132991  0.25271709  0.77028513 -0.82377871 -0.01978462  0.02957337  0.01194485  0.28304386  0.40604340 -0.03961012 -0.31641954 -0.02438791	-0.00159353  0.26102300  0.73867266 -0.76208838 -0.02847746  0.00292534 -0.00017188  0.26518659  0.38943050 -0.05751135 -0.24240038 -0.00161758	 0.27814857 -0.17049056  3.98450664	-0.02050160  0.04075675  0.00308201	-0.02007966  0.04154256  0.00395854	 0.00011199 -0.00405990 -0.99999175	0.35000000	0.00000000	0.00000000	0.34065628	-0.28173941	0.43310973	0.85234541	-0.49610201	0.28365642	-0.50867349	-0.16164333	-0.33182812	-0.33319089	0.31346050	0.14656818	0.66080159	0.74009293	0.13911964	-0.50266659	0.59680861	-0.10115863	0.55727047	2.63200521	-0.01334768	-0.60265869	0.48214516	0.42154762	
0.00851100	 -54.39950388   66.52861385 -796.35419773   50.69116680   37.67691971   -6.27111734	  93.44532070  -63.53598511 -263.15079158   16.02593780   34.42726124    1.41173645	-19.12944828  89.23496079  13.73681051 -78.60463664  82.30334634  65.88024968  -8.92757174 -22.97711790  -8.67609989 -31.30952650   7.04734075 -12.88143218	 0.01507713  0.03698753 -0.17882751  0.79716366 -0.61748007  0.02146040  0.01473614 -0.04880709 -0.52235368  0.87989449 -0.35357123  0.06875463	 0.02912767  0.23588380  0.73758908 -0.79043647  0.00420254  0.02560956  0.01741957  0.27575017  0.41456764 -0.06311793 -0.38448512 -0.02678846	 0.00310284  0.25296742  0.77036261 -0.81790561 -0.00032275  0.00123639  0.00038030  0.26246159  0.41471094 -0.04874822 -0.37455516 -0.00305008	 0.27549216 -0.17013739  3.98795597	-0.01403122  0.03536363  0.00183352	-0.01635262  0.03715511  0.00219546	 0.00043535 -0.00390927 -0.99999226	0.35000000	0.00000000	0.00000000	0.35805789	-0.28508791	0.42301866	0.83580846	-0.49446234	0.29817858	-0.50565302	-0.15259263	-0.34438902	-0.28021193	0.31397203	0.16756015	0.64465338	0.73838013	0.12095197	-0.47154820	0.61691523	-0.07104497	0.54546148	2.63315153	0.00749746	-0.60295653	0.47586444	0.43224141	
0.00851200	 -56.44063109   66.44632477 -792.04346862   50.40422034   38.00737398   -6.12148641	  83.07161918  -61.14722384 -244.18617016   14.80052178   31.10035837    1.36967054	-19.67787298  88.12667966  13.06467267 -74.70661479  82.67373633  63.15722477 -10.60416779 -22.61910552  -9.18443800 -31.99046440  12.15065338 -15.82653376	 0.01506495  0.03909526 -0.17209936  0.78982863 -0.61726697  0.02145487  0.01473067 -0.04668980 -0.51865442  0.87940289 -0.35722442  0.06877090	-0.00092103  0.24912306  0.73602378 -0.85014878  0.05932674  0.00710295 -0.01519320  0.22537391  0.44644897 -0.04639806 -0.39108201  0.01164522	-0.00086614  0.24470911  0.79104355 -0.86705500  0.02919926  0.00035164 -0.00163501  0.24648371  0.43899908 -0.05955032 -0.43007278  0.00266289	 0.27367896 -0.16942420  3.98900088	-0.00514352  0.02942304  0.00114580	-0.00797468  0.03136237  0.00136113	 0.00070985 -0.00382920 -0.99999242	0.35000000	0.00000000	0.00000000	0.36815959	-0.28133857	0.41783959	0.82015413	-0.50100440	0.31009725	-0.50647175	-0.14505258	-0.35376793	-0.24400857	0.30394223	0.18608481	0.63976818	0.73195380	0.11255850	-0.45003986	0.63440597	-0.04355800	0.54272562	2.63623142	0.02181032	-0.60323334	0.47757936	0.43713263	
0.00800500	 -56.05426156   66.85176988 -782.82713899   49.78503187   39.01449893   -5.59291838	  77.54476670  -61.80877074 -238.19704351   14.39640833   29.30656957    1.25185080	-19.63386175  87.24532747  11.90643610 -70.02293114  82.77610087  61.42763430 -12.04017334 -21.59295225  -9.55994240 -32.21543260  14.59583572 -18.76581499	 0.01507093  0.04098926 -0.16559451  0.78268944 -0.61692652  0.02145622  0.01473482 -0.04475203 -0.51498952  0.87876442 -0.36083249  0.06869939	 0.00630543  0.23306257  0.79546292 -0.88486214  0.03973434 -0.01310443  0.01995062  0.21862850  0.47484624 -0.09647396 -0.40980920  0.01954716	 0.00095090  0.23534189  0.80805742 -0.88903896  0.04463350 -0.00054899  0.00153510  0.23856996  0.45957201 -0.08176460 -0.44419337 -0.00879780	 0.27219099 -0.16886261  3.98853737	0.00271326 0.02430124 0.00085153	0.00012785 0.02601661 0.00094436	 0.00092328 -0.00382186 -0.99999227	0.35000000	0.00000000	0.00000000	0.37371600	-0.27897519	0.41323364	0.81046975	-0.51393706	0.32211381	-0.50823981	-0.13799718	-0.35895890	-0.22128907	0.29049847	0.20744252	0.63964027	0.71782124	0.10848774	-0.43166500	0.65562153	-0.02202191	0.54053438	2.63911986	0.03685731	-0.60398430	0.47919717	0.43754554	
0.00800100	 -54.04242400   67.83485340 -778.24399425   49.42180701   41.35104994   -4.15719126	  74.17749604  -63.40028499 -234.26283631   14.11866242   28.06828920   -0.32267991	-20.10937232  86.92028689  10.78559174 -66.63125138  84.62140167  59.95917112 -13.76421563 -21.21799332  -9.86673586 -32.64830258  16.03103989 -20.33482724	 0.01505786  0.04278514 -0.15900968  0.77536491 -0.61643989  0.02145464  0.01470918 -0.04282687 -0.51118582  0.87792891 -0.36443503  0.06838974	-0.00870817  0.19810152  0.76276691 -0.86197816  0.04537586  0.00937388  0.01166359  0.22403124  0.46170450 -0.12472697 -0.40976292 -0.03309847	-0.00297125  0.22130409  0.81761565 -0.91161097  0.05981552  0.00004941 -0.00120928  0.24096817  0.47812698 -0.10866461 -0.44491149 -0.04120296	 0.27052915 -0.16851885  3.98741636	0.01015589 0.02054480 0.00261260	0.00769449 0.02178698 0.00198010	 0.00110110 -0.00387531 -0.99999188	0.35000000	0.00000000	0.00000000	0.36894804	-0.27735639	0.41123158	0.79936790	-0.52529532	0.32873377	-0.51220900	-0.13392141	-0.36976171	-0.20435929	0.27351680	0.22254941	0.63929248	0.70538086	0.10434904	-0.41727549	0.67623669	0.00090139	0.54013801	2.63434553	0.05099710	-0.60464072	0.48259750	0.43841085	
0.00846600	 -51.94399906   70.24772233 -773.80943669   49.06682755   43.90440502   -2.97175954	  71.91056301  -63.91503113 -232.77144736   14.01929020   27.25309221   -1.18872872	-19.50579402  87.91238284  10.03690593 -63.16260269  86.34454912  58.47577238 -14.49504912 -21.16467321 -10.07617534 -32.73152015  16.70196198 -20.79545969	 0.01503143  0.04464685 -0.15194790  0.76748517 -0.61577114  0.02145100  0.01464963 -0.04078503 -0.50700751  0.87681588 -0.36811754  0.06766245	-0.00684979  0.25043653  0.88243903 -1.00049455  0.08132917  0.00757660  0.01533439  0.28667060  0.53261982 -0.19198103 -0.44294198 -0.13910869	-0.00435961  0.22037837  0.83496691 -0.93380956  0.08097057 -0.00059275 -0.00478367  0.24523197  0.49847992 -0.13937764 -0.43191461 -0.09497081	 0.26858502 -0.16859006  3.98575769	0.01643995 0.01766593 0.00608038	0.01452566 0.01855019 0.00495977	 0.00126192 -0.00399123 -0.99999124	0.35000000	0.00000000	0.00000000	0.35492417	-0.27955291	0.41017222	0.78927451	-0.53952408	0.32772475	-0.51685125	-0.13108459	-0.38332051	-0.19748420	0.25812888	0.23456258	0.63824201	0.69344002	0.10374259	-0.40561354	0.69429082	0.02473700	0.53998828	2.62973928	0.07013837	-0.60577404	0.48626775	0.44148958	
0.00852400	 -47.97234563   71.83597401 -762.16403431   48.22469154   47.07163920   -1.93566826	  70.76937498  -63.91960321 -241.64717217   14.61588846   26.87781150   -2.01134451	-19.08829893  87.90181804   8.95157756 -58.17778292  88.18707776  57.62185353 -15.51999541 -21.53569627 -10.57643638 -33.06900258  17.41648923 -19.70248541	 0.01495721  0.04645441 -0.14488519  0.75954751 -0.61501631  0.02144689  0.01453431 -0.03870677 -0.50272850  0.87548418 -0.37160752  0.06655807	-0.01316284  0.20405923  0.77084164 -0.86977274  0.09599637 -0.01840336 -0.04639330  0.23322457  0.45937061 -0.14851072 -0.36566470 -0.16249329	-0.01013341  0.21168653  0.82841946 -0.93096915  0.09074338 -0.00311596 -0.01571612  0.24514217  0.50330529 -0.16024353 -0.40464027 -0.13846118	 0.26592465 -0.16905938  3.98386571	0.02067344 0.01671426 0.01199975	0.01942284 0.01695990 0.01008854	 0.00140616 -0.00415151 -0.99999039	0.35000000	0.00000000	0.00000000	0.34235010	-0.28080639	0.41260058	0.77509540	-0.55236202	0.33079386	-0.52277124	-0.12745503	-0.39679235	-0.18915221	0.24120420	0.24382678	0.63712132	0.68937355	0.10895554	-0.39888823	0.70538163	0.04235510	0.54387552	2.61756968	0.08035666	-0.60551947	0.49090087	0.43915862	
0.00847400	 -45.27301072   73.67331889 -761.10473904   48.05807355   50.45856923   -0.64991849	  67.70047427  -63.09314953 -243.23350623   14.77797306   25.10060609   -1.95988737	-18.00266011  88.43893600   9.43592351 -56.03378952  91.05685097  56.19998294 -15.17487484 -20.71422225 -10.22469879 -33.51435262  16.05105530 -19.55062413	 0.01483836  0.04822415 -0.13787745  0.75159403 -0.61416815  0.02146269  0.01439481 -0.03658011 -0.49837072  0.87392967 -0.37488166  0.06513608	-0.01764559  0.20481080  0.81706265 -0.94905360  0.10859180  0.02022873 -0.03948417  0.27786797  0.53714025 -0.21695960 -0.39380729 -0.20677296	-0.01646302  0.20864993  0.82713971 -0.94103919  0.10288304  0.00264792 -0.01971137  0.25451805  0.51663964 -0.18802957 -0.38332771 -0.17598948	 0.26334399 -0.16985619  3.98194800	0.02294398 0.01529526 0.01670258	0.02228659 0.01577763 0.01528849	 0.00154196 -0.00433883 -0.99998940	0.35000000	0.00000000	0.00000000	0.32567757	-0.27969286	0.41778037	0.75982225	-0.56138450	0.33061364	-0.52394152	-0.12614852	-0.41170245	-0.18552759	0.22695138	0.24668923	0.63791591	0.68247926	0.11568604	-0.39159912	0.71819556	0.05428082	0.54895079	2.60565257	0.09438635	-0.60323429	0.49952677	0.44202277	
0.00804700	 -40.91157987   75.17093040 -750.08698309   47.24780676   53.86517233    0.71113847	  66.55895033  -63.76965056 -252.11197026   15.38663265   24.51048689   -2.14382872	-17.07739842  88.42535663   8.76410409 -51.37530282  93.06233454  54.74328417 -15.49895617 -21.58878648 -10.50658305 -33.69356063  15.82085583 -18.72098978	 0.01469431  0.04989583 -0.13129257  0.74412940 -0.61331918  0.02145692  0.01423428 -0.03453789 -0.49420452  0.87230132 -0.37776619  0.06353226	-0.00995332  0.18101758  0.77909178 -0.87514973  0.08746667  0.00026579 -0.03141223  0.23701127  0.50844808 -0.21757397 -0.32118827 -0.18362421	-0.01869997  0.20567468  0.81604275 -0.92404084  0.10457309  0.00009837 -0.01994814  0.25486471  0.51910897 -0.20485510 -0.35482410 -0.20186554	 0.26037486 -0.17073547  3.97995937	0.02377116 0.01501731 0.02080684	0.02352763 0.01508927 0.01945513	 0.00166183 -0.00452678 -0.99998837	0.35000000	0.00000000	0.00000000	0.31262532	-0.27977797	0.42348322	0.74248600	-0.57192659	0.33465120	-0.52658522	-0.12328222	-0.42448258	-0.17929924	0.21351545	0.25384936	0.63728398	0.67922199	0.12407896	-0.38297462	0.72654456	0.06496405	0.55501610	2.58866882	0.10402040	-0.60016096	0.50434989	0.43861696	
0.00846500	 -37.65669856   76.05724593 -747.65478218   46.97686051   57.60361475    1.72966007	  64.36710352  -64.22625973 -256.28657213   15.70662346   22.86713713   -2.25802308	-16.42792330  88.00481796   9.36048560 -48.96515447  96.35845685  53.22176737 -15.59334498 -21.18002951 -10.05665184 -34.74405099  14.06238824 -18.85893215	 0.01450666  0.05168069 -0.12437045  0.73620689 -0.61234893  0.02145722  0.01401706 -0.03230665 -0.48976293  0.87042770 -0.38064571  0.06154353	-0.02196883  0.21619068  0.79313847 -0.89812045  0.09774824  0.00365975 -0.04576400  0.26385176  0.50400923 -0.23598351 -0.30828557 -0.23664255	-0.02152648  0.21022338  0.81566383 -0.93043384  0.11458874  0.00012794 -0.02591489  0.26391993  0.52580478 -0.22503050 -0.33527310 -0.24002862	 0.25724858 -0.17185732  3.97797503	0.02397584 0.01423632 0.02515607	0.02393394 0.01450739 0.02380057	 0.00178558 -0.00473048 -0.99998722	0.35000000	0.00000000	0.00000000	0.29635310	-0.28094009	0.43122363	0.72501040	-0.57835698	0.33408773	-0.52636981	-0.12064826	-0.44292670	-0.17490634	0.20239741	0.25551796	0.63687795	0.67499119	0.12885682	-0.37618932	0.73619819	0.07415757	0.55883378	2.57367611	0.12119889	-0.59697092	0.51351202	0.44590780	
0.00850800	 -32.32887292   76.57920031 -732.48629363   45.87565292   61.61286958    3.11939140	  63.33663473  -64.57908330 -269.68275206   16.63125549   21.93504802   -2.06876638	-15.34372969  87.11151814   9.05068822 -43.27053937  98.67819929  51.92429376 -15.41878373 -21.99727380 -10.54290439 -35.49670397  13.18755913 -17.39713407	 0.01427068  0.05347500 -0.11751465  0.72834583 -0.61134735  0.02146027  0.01378262 -0.03000902 -0.48530516  0.86843455 -0.38336136  0.05931751	-0.03823931  0.18387525  0.77249592 -0.85537318  0.12820098  0.01058542 -0.02113081  0.25758083  0.48875640 -0.23540578 -0.29243027 -0.25664831	-0.02846493  0.20961077  0.80395009 -0.91769739  0.11883286  0.00154927 -0.02791772  0.26836108  0.52424281 -0.23532338 -0.31614090 -0.26548187	 0.25341380 -0.17291083  3.97581545	0.02318533 0.01456884 0.02850291	0.02347158 0.01444021 0.02747606	 0.00190628 -0.00493182 -0.99998602	0.35000000	0.00000000	0.00000000	0.28176716	-0.28600875	0.43910941	0.70435119	-0.58687025	0.33487651	-0.52864593	-0.11648477	-0.46330339	-0.16773877	0.18986556	0.25838017	0.63394439	0.67703301	0.13773669	-0.37027833	0.73860085	0.08175873	0.56337178	2.55359197	0.13361378	-0.59250003	0.52121854	0.44605571	
0.00849900	 -28.02427339   77.07422754 -723.90736193   45.19900898   65.53347678    4.51239700	  61.02143371  -65.45824692 -278.59243223   17.27089298   20.13720163   -1.98239270	-14.23988001  86.33443117   9.76256673 -39.80811349 101.72320032  49.93543613 -15.28980421 -22.12957931 -10.07522498 -36.86606866  11.41007021 -17.09548685	 0.01402433  0.05530397 -0.11076221  0.72054090 -0.61030994  0.02145677  0.01351053 -0.02763896 -0.48086731  0.86635494 -0.38595989  0.05691715	-0.03613401  0.19791606  0.74034376 -0.89656610  0.14546723 -0.00989360 -0.03677945  0.28165589  0.50330425 -0.24238896 -0.28347414 -0.27511573	-0.03006820  0.21629003  0.79212701 -0.91674387  0.12437308  0.00022998 -0.03330995  0.27962297  0.52257046 -0.24499286 -0.30478776 -0.28585642	 0.24945593 -0.17395865  3.97362895	0.02175196 0.01438288 0.03067237	0.02222549 0.01445444 0.03000919	 0.00202837 -0.00512334 -0.99998482	0.35000000	0.00000000	0.00000000	0.26733133	-0.28952435	0.44812638	0.68574631	-0.59122568	0.33561635	-0.52564299	-0.11349454	-0.48416418	-0.16012177	0.18197496	0.25867561	0.63110858	0.67590034	0.14528716	-0.36185199	0.74345016	0.08700221	0.56744981	2.53309131	0.14982404	-0.58648491	0.53005451	0.45206490	
0.00801800	 -22.31383322   76.78309274 -705.26102977   43.87843255   69.18871528    5.75546672	  59.05011417  -67.67346046 -294.98997101   18.39354040   18.52810843   -1.63450547	-13.33735460  84.72725344   9.74991520 -34.23771752 103.72537583  48.54973936 -15.04245412 -23.66087437  -9.81889460 -38.73031171  10.14834720 -16.12718536	 0.01378565  0.05703579 -0.10449006  0.71329690 -0.60933415  0.02146220  0.01326588 -0.02536082 -0.47670331  0.86433388 -0.38830132  0.05451467	-0.00732936  0.20605085  0.74376193 -0.85573473  0.11630735  0.00635154  0.00040809  0.27145345  0.50597989 -0.25907385 -0.26620238 -0.30646680	-0.02828002  0.21663122  0.77761241 -0.90081702  0.12163551  0.00266994 -0.02841814  0.28483026  0.51729246 -0.25244008 -0.29026238 -0.30104019	 0.24527509 -0.17463921  3.97135301	0.02047084 0.01445963 0.03221900	0.02091808 0.01442592 0.03170507	 0.00214224 -0.00529258 -0.99998370	0.35000000	0.00000000	0.00000000	0.25611010	-0.29680187	0.45590794	0.66829854	-0.59784400	0.33923191	-0.52611101	-0.10767449	-0.50455582	-0.14917552	0.17168383	0.26278368	0.62649018	0.67619997	0.15311098	-0.35351095	0.74951792	0.09293319	0.57066852	2.50981474	0.16300039	-0.57980895	0.53517675	0.44924131	
0.00846600	 -17.10207173   76.77124088 -692.40216476   42.92065912   73.11580706    6.77852886	  55.79665751  -69.62469841 -306.82025435   19.23843173   15.95709473   -1.78731330	-12.89200856  83.56129456  10.14769817 -30.28001709 106.50372756  46.29736495 -15.42462411 -24.17679012  -9.37521126 -40.85872874   8.04154030 -15.92854473	 0.01349924  0.05889812 -0.09794836  0.70573786 -0.60828201  0.02146456  0.01296106 -0.02290281 -0.47231782  0.86217838 -0.39075737  0.05182458	-0.03554398  0.20880574  0.77157072 -0.90335701  0.13968768  0.02212018 -0.02065045  0.29090274  0.52052175 -0.26172849 -0.29992629 -0.32590665	-0.03268202  0.21884833  0.77179032 -0.89245270  0.12538829  0.00195707 -0.03526429  0.29322531  0.51878283 -0.25540735 -0.29022327 -0.32164133	 0.24066582 -0.17542169  3.96881609	0.01886462 0.01422922 0.03550609	0.01939848 0.01431264 0.03443732	 0.00226278 -0.00546030 -0.99998253	0.35000000	0.00000000	0.00000000	0.24303609	-0.30243704	0.46573928	0.64636844	-0.59922725	0.34051651	-0.52328873	-0.10427078	-0.52932262	-0.13722682	0.16164899	0.25973055	0.62147492	0.67833251	0.15785740	-0.34366018	0.75298887	0.09842571	0.57255507	2.48586202	0.18084580	-0.57340127	0.54402286	0.45376119	
0.00803900	 -10.98150244   76.29052273 -674.08466696   41.60514109   77.23028010    8.28150391	  53.95367167  -71.24105280 -322.30074088   20.30196007   14.40621832   -1.28339712	-11.53806227  81.92342496  10.19371611 -24.39686409 109.00929022  44.25667566 -14.75292628 -25.26644111  -9.89630083 -42.62170595   7.28579713 -14.91812661	 0.01320320  0.06069458 -0.09191147  0.69873571 -0.60730731  0.02146566  0.01266777 -0.02052982 -0.46823610  0.86011527 -0.39300727  0.04916107	-0.04826281  0.21446724  0.69854842 -0.78779476  0.08831246 -0.00372411 -0.03451981  0.29389766  0.46901075 -0.24237434 -0.25667917 -0.32962743	-0.03674950  0.22306032  0.74747245 -0.86725703  0.11884826  0.00158879 -0.03665910  0.29738446  0.50609626 -0.25655125 -0.27960885 -0.33329523	 0.23563237 -0.17581896  3.96619560	0.01721160 0.01503355 0.03678949	0.01778303 0.01475080 0.03638402	 0.00237785 -0.00560509 -0.99998146	0.35000000	0.00000000	0.00000000	0.23273557	-0.30799296	0.47581819	0.62604976	-0.60461009	0.34691587	-0.52196687	-0.10014538	-0.55081201	-0.12535608	0.15649022	0.26269788	0.61530876	0.68079770	0.16651566	-0.33406875	0.75301933	0.10033888	0.57665563	2.45754886	0.19310793	-0.56573236	0.55103606	0.45299456	
0.00849500	  -4.65599327   75.22664021 -656.18890738   40.31968952   81.08139732    9.57727112	  49.59503980  -73.97534683 -339.63650622   21.52004775   11.21197236   -1.06424666	-10.67017595  79.79182363  10.80483210 -20.15522314 111.37989736  42.25103223 -14.68049470 -26.28782707  -8.60765446 -45.85384089   4.91422363 -14.45214874	 0.01288202  0.06260328 -0.08566396  0.69150056 -0.60626423  0.02146675  0.01234021 -0.01798833 -0.46397472  0.85795952 -0.39536449  0.04622622	-0.06187422  0.21637171  0.70286399 -0.83950809  0.11346150  0.02294736 -0.04416268  0.29948007  0.48734384 -0.24818974 -0.29018322 -0.36366434	-0.03921555  0.22406575  0.72754514 -0.84506758  0.12055373  0.00247113 -0.03833452  0.29850700  0.49775182 -0.25147664 -0.27651866 -0.34727009	 0.23024533 -0.17594370  3.96330514	0.01577370 0.01487190 0.03839150	0.01623070 0.01496659 0.03785722	 0.00250401 -0.00574555 -0.99998036	0.35000000	0.00000000	0.00000000	0.22408813	-0.31338277	0.48634997	0.60741204	-0.60394341	0.35287642	-0.51909280	-0.09458906	-0.57540882	-0.10887908	0.14895384	0.25969222	0.60772061	0.68465394	0.17405809	-0.32476476	0.75916374	0.10336731	0.57878554	2.43023801	0.20781344	-0.55880153	0.55973470	0.45134073	
0.00800000	   1.20524499   74.09740995 -636.19395347   38.91880114   84.29701596   10.77323098	  45.98644980  -75.87916484 -355.58374554   22.64280943    8.36432556   -0.72978412	 -9.73782219  77.83611107  10.86494768 -15.05933178 112.74051476  39.74173564 -14.30261692 -26.75262141  -8.73924584 -48.39590397   3.11736438 -13.83955730	 0.01258326  0.06442555 -0.07993488  0.68488572 -0.60531699  0.02146411  0.01202540 -0.01553864 -0.46002459  0.85593267 -0.39755160  0.04334013	-0.03520251  0.23286710  0.64491484 -0.76215521  0.11548027  0.01620111 -0.03626504  0.30724984  0.44215662 -0.20937698 -0.25809381 -0.35703831	-0.03604315  0.22711246  0.70795596 -0.81797594  0.11692223  0.00230870 -0.04009251  0.30625432  0.48817267 -0.24830040 -0.27291957 -0.36149429	 0.22485164 -0.17584744  3.96023372	0.01407236 0.01489650 0.03954390	0.01466724 0.01488421 0.03915260	 0.00262108 -0.00586572 -0.99997936	0.35000000	0.00000000	0.00000000	0.21462768	-0.31888643	0.49660876	0.58950078	-0.60647362	0.36087054	-0.51596051	-0.09031763	-0.59713483	-0.09446099	0.14283396	0.25927266	0.59853882	0.68709081	0.18316787	-0.31165516	0.76154971	0.10378011	0.58011293	2.39919591	0.22634631	-0.55009288	0.56593347	0.44869018	
0.00800000	   8.10162808   72.34167809 -613.17544817   37.31816351   87.50461703   11.78114717	  41.44827086  -78.68813757 -376.74782228   24.11911834    5.14494150   -0.38999372	 -9.15960698  75.27250743  10.87035689 -10.31425989 114.12974024  37.33921415 -14.11731771 -28.27596867  -7.90639008 -51.57420847   1.11994482 -12.82620798	 0.01223993  0.06624614 -0.07436949  0.67846489 -0.60439804  0.02146742  0.01170212 -0.01306677 -0.45615607  0.85393171 -0.39970634  0.04033541	-0.06281579  0.22704954  0.68484703 -0.78732789  0.13142676  0.00171377 -0.05085649  0.31517154  0.44958223 -0.22050892 -0.26190830 -0.36986438	-0.04400165  0.22620001  0.68905695 -0.79557300  0.11433856  0.00237810 -0.04107978  0.30904662  0.47805399 -0.24680394 -0.26892778 -0.37451254	 0.21921492 -0.17535993  3.95695527	0.01282268 0.01465374 0.04164489	0.01326060 0.01474214 0.04091507	 0.00273748 -0.00597384 -0.99997841	0.35000000	0.00000000	0.00000000	0.20266971	-0.32506281	0.50941211	0.57039839	-0.60658932	0.36876652	-0.51344538	-0.08441133	-0.62093234	-0.07644758	0.13476390	0.25427073	0.58797973	0.69443834	0.18932840	-0.30209100	0.76497650	0.10526545	0.58202118	2.36460066	0.24612921	-0.54216081	0.57360995	0.44282815	
0.00848100	  12.14374006   71.73572753 -595.08365322   36.10938601   89.50260959   12.22510890	  36.09313332  -80.52049236 -393.48312521   25.32810440    1.32261143    0.12309610	 -7.53881455  73.13660550  10.45943056  -5.21548215 114.95638418  34.56099844 -13.51784802 -28.80460817  -7.48066853 -54.33172253  -1.44996928 -12.13357851	 0.01191776  0.06819480 -0.06868178  0.67196107 -0.60347903  0.02145808  0.01134345 -0.01040630 -0.45213697  0.85187215 -0.40196874  0.03702397	-0.02531932  0.23959217  0.64185741 -0.80179177  0.12803456 -0.01225168 -0.02403632  0.32247852  0.47273006 -0.25141930 -0.27476753 -0.37648462	-0.03772942  0.22742173  0.66190595 -0.76161352  0.10935768 -0.00047836 -0.04099543  0.31525303  0.46932342 -0.24179143 -0.26651465 -0.38997939	 0.21326511 -0.17444564  3.95316251	0.01159586 0.01362609 0.04343338	0.01199143 0.01399822 0.04287170	 0.00285597 -0.00607834 -0.99997745	0.35000000	0.00000000	0.00000000	0.19191042	-0.32893816	0.52162176	0.55570036	-0.60967731	0.38042071	-0.51012021	-0.08068057	-0.64090759	-0.06151322	0.12977047	0.25063157	0.57417828	0.69929987	0.19916177	-0.28962418	0.77082747	0.10176980	0.58383065	2.32556319	0.26970342	-0.53245574	0.58220351	0.43430489	
0.00801500	  10.19645353   70.09647205 -585.58676142   35.54492502   89.01008398   11.47683430	  31.62695782  -82.03591153 -411.91708602   26.64675550   -2.10416503    0.43768636	 -7.15353147  70.20087600  10.02617765  -0.49718122 115.28513896  31.98088288 -13.27463382 -30.23438120  -6.62094358 -57.85066608  -3.73329497 -10.79433829	 0.01168727  0.07003241 -0.06356593  0.66623285 -0.60265558  0.02146499  0.01097694 -0.00790260 -0.44840917  0.84999784 -0.40409232  0.03380490	-0.00994030  0.22839332  0.55369904 -0.64338037  0.06767321 -0.00226389 -0.06315639  0.28824446  0.42680657 -0.21674214 -0.26030312 -0.36007674	-0.02601257  0.22802366  0.62683487 -0.70477837  0.10077527  0.00060991 -0.04626237  0.31274945  0.46260559 -0.23241024 -0.26560724 -0.39911932	 0.20841252 -0.17283634  3.94996396	0.01243484 0.01003605 0.04615435	0.01214510 0.01127973 0.04523529	 0.00294898 -0.00617481 -0.99997659	0.35000000	0.00000000	0.00000000	0.18253215	-0.33213195	0.53764695	0.54537284	-0.61589408	0.39904064	-0.50901240	-0.07434972	-0.65437907	-0.04348703	0.12644324	0.24436805	0.55610579	0.70934802	0.21015894	-0.28234172	0.78052479	0.09448849	0.58730000	2.27446222	0.29322812	-0.52007300	0.59186351	0.41703168	
0.00800000	   7.80485418   67.44181006 -575.42162217   34.92341815   87.65500189   10.88264509	  27.17791160  -83.35142882 -428.77868215   27.86991936   -6.16096285    1.22717029	 -6.80165316  67.42796755   9.23379689   3.08566660 114.40311813  28.77574980 -12.35948362 -30.45026135  -6.55420145 -62.22255948  -6.58952664 -10.04158196	 0.01156784  0.07181210 -0.05874354  0.66103300 -0.60180181  0.02146188  0.01060456 -0.00542318 -0.44474935  0.84818661 -0.40619145  0.03054409	-0.00786174  0.18870620  0.60510132 -0.60124918  0.07500271  0.00162922 -0.05825564  0.33239598  0.45608717 -0.24925531 -0.27147463 -0.40692987	-0.01081724  0.21828533  0.59294764 -0.63470547  0.10368768  0.00031107 -0.04692449  0.30981560  0.45543008 -0.22676085 -0.26392606 -0.40453614	 0.20430348 -0.17063460  3.94711680	0.01429307 0.00493125 0.04892744	0.01369218 0.00666105 0.04789164	 0.00300603 -0.00628309 -0.99997574	0.35000000	0.00000000	0.00000000	0.15818056	-0.32215276	0.55051333	0.53419167	-0.62583727	0.42960635	-0.52219367	-0.06493293	-0.65933728	-0.01949008	0.12704131	0.22808427	0.52620900	0.71208787	0.22993286	-0.27273113	0.80199510	0.08183148	0.58391356	2.18525338	0.33668220	-0.49975827	0.60802615	0.38875210	
0.00847400	   6.21690373   64.04982053 -558.09171960   33.85332823   85.15048251   10.23344079	  20.03465881  -85.66686534 -448.27087403   29.30281697  -11.90731293    1.98551079	 -6.74537689  64.40524435   7.32024796   6.93085710 111.63632476  24.06641012 -11.72282805 -30.58309579  -5.62347000 -67.33582731 -10.76843850  -9.59227981	 0.01151191  0.07367325 -0.05402188  0.65620313 -0.60084222  0.02145020  0.01017501 -0.00281764 -0.44083295  0.84629453 -0.40840398  0.02694510	 0.02566662  0.22306657  0.51950906 -0.52990596  0.13390591 -0.03675592 -0.05155560  0.33501107  0.51028956 -0.21244945 -0.30500858 -0.47304569	-0.00240093  0.21604850  0.54828754 -0.55451843  0.11551551 -0.00343305 -0.05089264  0.30835130  0.46454740 -0.22298518 -0.26508422 -0.43023517	 0.20091699 -0.16805434  3.94405491	 0.01649043 -0.00206231  0.05489057	0.01581639 0.00019961 0.05292037	 0.00301474 -0.00641585 -0.99997487	0.35000000	0.00000000	0.00000000	-0.04691040	-0.23694204	0.53012896	0.43609113	-0.61442190	0.54529053	-0.59278059	-0.02116995	-0.70425820	0.09714598	0.15010096	0.15650655	0.42091674	0.59420538	0.28466982	-0.25937274	0.87110531	0.02396598	0.56913871	1.86590374	0.46553576	-0.43038175	0.62601101	0.35428300	
0.00848600	  -3.53571971   41.85617191 -488.51738899   29.63297422   75.26934659    6.18902074	   5.13934292  -99.38233715 -518.89702185   34.21011889  -26.41816266    7.20639842	 -1.81690603  49.97044122  -0.04094332  31.87924640 102.66485882   6.49439676  -6.06779279 -32.64955211  -1.95516901 -86.81532979 -21.43312638 -10.07479551	 0.01147281  0.07548179 -0.04997248  0.65267199 -0.59983214  0.02128167  0.00968265 -0.00023034 -0.43681484  0.84432016 -0.41060231  0.02299453	-0.00629021  0.20948047  0.45976547 -0.31513454  0.10341046 -0.05490325 -0.06685462  0.32395358  0.49864954 -0.24339241 -0.28341109 -0.50915413	-0.00526615  0.21149100  0.46169394 -0.37928815  0.12283773 -0.03021547 -0.05867610  0.30654511  0.48363286 -0.23634916 -0.26303860 -0.48360644	 0.19917953 -0.16233960  3.94006720	 0.02513182 -0.01418468  0.06180714	 0.02238089 -0.01018898  0.05957787	 0.00294281 -0.00659382 -0.99997393	0.35000000	0.00000000	0.00000000	-0.53110069	-0.05166816	0.52206761	0.19230191	-0.57969385	0.75885516	-0.72891963	0.07638699	-0.82954729	0.39457431	0.20767406	-0.01208904	0.19076259	0.35652986	0.39191073	-0.24141583	0.98798811	-0.10377808	0.49555874	1.27384055	0.69939637	-0.26051661	0.68832016	0.34297320	
0.00804200	 -23.21811102  -26.91326118 -223.51648578   13.32787670   35.97243135   -5.67126206	 -13.07833536 -148.67470795 -736.85105503   48.66126382  -47.43827863   22.68565843	   5.87199568   17.48465395  -14.12136585   96.42487380   61.88439274  -30.77568913   10.89921470  -47.80947208    5.92888152 -130.55856076  -32.75090012  -11.25525396	 0.01158188  0.07719465 -0.04750946  0.65183484 -0.59857314  0.01988748  0.00921628  0.00219239 -0.43273512  0.84216718 -0.41264051  0.01815138	 0.05618733  0.19584054  0.18292717  0.10417702  0.18202102 -0.26789504 -0.05133148  0.26465268  0.50729860 -0.26906174 -0.22486993 -0.65088356	 0.01941869  0.21491311  0.27267462 -0.04075767  0.16715032 -0.21985797 -0.05560638  0.30073823  0.51642135 -0.27496764 -0.25238964 -0.63680180	 0.19970349 -0.14721545  3.93084664	 0.04827735 -0.03493288  0.05643066	 0.04063270 -0.02683591  0.05864277	 0.00275098 -0.00688896 -0.99997249	0.35000000	0.00000000	0.00000000	-0.83153528	0.01551499	0.65214407	-0.02787813	-0.57373655	0.87245566	-0.69334030	0.18871811	-0.97209144	0.63615495	0.24762630	-0.13944712	-0.03296591	0.38503772	0.51865453	-0.15892260	1.01202142	-0.15768059	0.35715327	0.94044214	0.89592624	-0.14804915	0.72137237	0.33039984	
0.00800000	-12.13489865 -42.74670455 -42.32719671   2.86352576   8.94436581  -6.35023013	 -22.78221644 -169.88022463 -918.14587147   60.94145241  -61.66141977   30.09798525	   0.04288266    7.36184829  -26.49480239  118.79201791    5.54086033  -47.08013338   17.58233292  -55.32199502    2.16361528 -157.50307554  -39.00847846   -1.10495752	 0.01176406  0.07903344 -0.04675066  0.65464963 -0.59741299  0.01561644  0.00882628  0.00461724 -0.42822827  0.83966168 -0.41460788  0.01163491	 0.03083172  0.23073387 -0.00889160  0.54977716  0.09299653 -0.66497575 -0.04007099  0.29934088  0.51648544 -0.32690982 -0.19624598 -0.83335554	 0.02117104  0.23013988  0.06332954  0.42485921  0.12648987 -0.59342416 -0.04673055  0.30180489  0.56530793 -0.31733882 -0.24152388 -0.83565160	 0.20285130 -0.12811924  3.91957377	 0.06250910 -0.06291405  0.04141204	 0.05802712 -0.05403191  0.04632926	 0.00234503 -0.00734212 -0.99997030	0.35000000	0.00000000	0.00000000	-0.96711791	0.03029334	0.71813291	-0.09196317	-0.61457819	0.87775993	-0.61125118	0.26813817	-1.00804949	0.66719157	0.24203557	-0.19605041	-0.18987401	0.45400310	0.66519177	-0.09355415	0.96172047	-0.16317391	0.24599873	0.80021173	1.01697314	-0.12586334	0.67195368	0.25033304	
0.00800300	 -1.08608408 -22.65518983  -2.38343054   0.80800287   2.65852314  -2.13599461	 -31.38909429 -158.62366079 -987.13308864   66.00942633  -69.34965321   29.15961321	   1.64551571    9.16931999  -36.48215446  105.96514449  -21.19404477  -39.20392463   19.36508165  -54.47847700   -7.24656282 -160.07729048  -43.37239552   12.37982343	 0.01183517  0.08089934 -0.04783522  0.66153231 -0.59710149  0.00814321  0.00860484  0.00702492 -0.42348032  0.83702950 -0.41649597  0.00406578	-0.00234563  0.19806063 -0.22987348  0.98655614  0.00564993 -1.02634421 -0.01090447  0.26036077  0.55349508 -0.28877324 -0.19434960 -0.88612753	 0.00783603  0.23081979 -0.16689503  0.91792961  0.02417915 -0.96912962 -0.02487959  0.29574574  0.58754961 -0.32256935 -0.23201933 -0.94106834	 0.20310186 -0.10928508  3.91247340	 0.06344825 -0.07256018  0.02085585	 0.06336174 -0.06958594  0.02709574	 0.00179043 -0.00785329 -0.99996756	0.35000000	0.00000000	0.00000000	-1.03882039	0.05968029	0.70528096	-0.09695545	-0.66215980	0.85463858	-0.59152490	0.30321983	-1.00316083	0.57097340	0.23961130	-0.19061708	-0.27426046	0.47751960	0.78090388	-0.07747771	0.90468401	-0.19894674	0.23231204	0.70217198	1.04940248	-0.16479784	0.62826324	0.16184147	
0.00848300	 4.38891274 -4.63688165  9.88324387  0.02314828  0.44921945 -0.08701201	  -33.30882288  -150.20046166 -1005.83385832    67.42201758   -68.83794356    23.99871468	   4.31489040   14.87691045  -38.97653477   88.15333071  -29.47772580  -24.39480430   18.02381473  -51.89381635   -9.36867142 -158.34844607  -41.31851506   18.01551370	 0.01187917  0.08288369 -0.05094736  0.67275338 -0.59795198 -0.00161836  0.00850612  0.00958813 -0.41856664  0.83434599 -0.41840815 -0.00418058	 0.03191770  0.24772626 -0.44178707  1.42986128 -0.19001160 -1.13317887 -0.00566961  0.29599705  0.55611650 -0.30838060 -0.19939773 -0.92857048	 0.00624776  0.23531070 -0.39955344  1.38080376 -0.12716113 -1.14993039 -0.01119578  0.30233429  0.57407245 -0.31156889 -0.22113290 -0.96548696	 0.20193663 -0.09304522  3.90721247	 0.04350991 -0.07279005  0.00977128	 0.04983550 -0.07280823  0.01280298	 0.00116782 -0.00831105 -0.99996478	0.35000000	0.00000000	0.00000000	-1.06190860	0.09231909	0.66342360	-0.10129680	-0.70122117	0.87890494	-0.56623679	0.33706939	-0.99571246	0.45608822	0.24437577	-0.17849293	-0.30957747	0.46675092	0.85123086	-0.09063653	0.86896074	-0.24608672	0.27660477	0.60401875	1.02726245	-0.19651239	0.58262503	0.10733843	
0.00851800	 6.96240683  1.87418469  8.28850892 -0.14214722  0.26940075 -0.01978366	 -31.89655247 -150.43277692 -999.52138829   67.02654513  -66.58222745   21.52125404	   6.19450712   16.66832232  -36.70810080   67.58886915  -29.28712544  -15.57553831   17.78012169  -55.57773864  -11.00753383 -154.96918607  -40.24480882   18.63034374	 0.01187973  0.08483569 -0.05580823  0.68717337 -0.60013903 -0.01122307  0.00847020  0.01215317 -0.41386668  0.83190367 -0.42025027 -0.01232573	-0.03004679  0.22686415 -0.58849669  1.69762747 -0.28390544 -0.97299111  0.02356391  0.26759127  0.52171150 -0.27263021 -0.18265951 -0.85780159	-0.00200136  0.22711659 -0.59372548  1.73089860 -0.27922073 -1.09620712 -0.00270039  0.29967054  0.54648727 -0.28277409 -0.21221190 -0.94752990	 0.20038908 -0.07791504  3.90284099	 0.02823398 -0.06844530  0.00500205	 0.03273814 -0.06990979  0.00632596	 0.00056541 -0.00860755 -0.99996279	0.35000000	0.00000000	0.00000000	-1.07664585	0.12750524	0.65024102	-0.15087061	-0.70939893	0.90813047	-0.53924429	0.37023556	-0.97834146	0.37525386	0.24695608	-0.17119193	-0.32015485	0.45317698	0.87224472	-0.10528231	0.85191613	-0.29052383	0.32883546	0.50154096	0.96981740	-0.20441949	0.54715466	0.06425501	
0.00845300	 8.39413768  2.11234995  6.98106612 -0.13442335  0.26073946 -0.00762489	  -40.98937668   -84.12506770 -1093.09360103    41.26443895   -69.36762528    18.90147281	   8.17067737   21.25089598  -32.64019671   53.01143828  -25.20523354  -16.57116805   17.89991887  -57.85375905  -13.02189477 -155.37736726  -39.47263536   17.20043150	 0.01189846  0.08694860 -0.06205963  0.70390189 -0.60356506 -0.01974412  0.00843420  0.01462342 -0.40956919  0.82999572 -0.42209295 -0.01886367	 0.00752988  0.27494923 -0.83636094  2.17215307 -0.46316515 -1.00850705 -0.01127839  0.30756032  0.49212288 -0.19331467 -0.21493133 -0.62818469	 0.00221941  0.25779671 -0.76112381  2.01884959 -0.42375094 -0.99339542 -0.00493322  0.29105544  0.49974667 -0.21328106 -0.21779242 -0.71182139	 0.20023173 -0.07041998  3.90624276	-0.02722955 -0.06998064  0.00177935	-0.01070276 -0.06981235  0.00268689	-0.00002536 -0.00859924 -0.99996303	0.35000000	0.00000000	0.00000000	-1.07678032	0.15620585	0.67353803	-0.21056910	-0.70052087	0.95588690	-0.49656701	0.37766033	-0.96055466	0.33673951	0.25442839	-0.17355344	-0.31607884	0.42642140	0.90194178	-0.09235731	0.81139082	-0.35177496	0.38305950	0.40314004	0.90630007	-0.17164332	0.50818717	0.06306618	
0.00802300	 9.40078866 -0.21071762  4.88717486 -0.06048324  0.23727255  0.04272358	  -33.29234633   -85.97471167 -1076.70204642    27.39847939   -66.96206328    14.75933222	  10.02058918   11.92152232  -30.28582483   38.83399345  -21.04062697  -19.68869390   19.39157671  -71.53965378  -17.51350996 -153.98430425  -41.82761854   -2.01886787	 0.01196300  0.08911183 -0.06889910  0.72100443 -0.60763265 -0.02703859  0.00842494  0.01666981 -0.40596512  0.82895605 -0.42400834 -0.02253273	 0.01384742  0.29385726 -0.95249067  2.29275645 -0.58609110 -0.92961753 -0.02471658  0.21546957  0.44187388 -0.09475161 -0.26179825 -0.38119929	 0.00974697  0.26684699 -0.87053349  2.15702612 -0.51944025 -0.90996036 -0.00414122  0.24517786  0.44152417 -0.11775159 -0.24479569 -0.43249182	 0.19887621 -0.06106114  3.90931045	-0.03115203 -0.06404203  0.00036690	-0.03109680 -0.06615340  0.00080309	-0.00056344 -0.00833559 -0.99996510	0.35000000	0.00000000	0.00000000	-1.06550694	0.21011408	0.70790297	-0.32784185	-0.65442598	0.99372005	-0.46558061	0.40546283	-0.94794989	0.33313248	0.27282929	-0.14137822	-0.31812477	0.41281614	0.84514993	-0.06701895	0.82419997	-0.39597899	0.39635858	0.33785832	0.86101985	-0.16623774	0.49158955	0.06552372	
0.00847000	 8.32632035  0.46443005  5.10348940 -0.08300870  0.22236982  0.01654135	  -27.22984242   -86.17925574 -1062.07092361    12.15775688   -66.55344846    13.94875112	   8.14197790   15.44047153  -28.68747611   42.13116848  -18.93782862  -19.63008212   20.68419532  -74.02042603  -19.28679132 -162.79825151  -39.72335967  -22.87240937	 0.01209917  0.09119520 -0.07706745  0.74024005 -0.61262954 -0.03435368  0.00842483  0.01842074 -0.40258085  0.82841842 -0.42622123 -0.02496181	 0.03870398  0.24580546 -1.08287457  2.46742598 -0.65654314 -0.88193017 -0.00358640  0.19066222  0.38990490 -0.03559333 -0.28764645 -0.25410850	 0.01767821  0.24547506 -0.99086312  2.31159494 -0.60641707 -0.86303799 -0.00173312  0.20270132  0.39558344 -0.05832689 -0.26480909 -0.27650072	 0.19679541 -0.05269688  3.91150352	-0.02963099 -0.05386950 -0.00028826	-0.03013543 -0.05715714 -0.00010521	-0.00106372 -0.00807810 -0.99996681	0.35000000	0.00000000	0.00000000	-1.02770185	0.27196440	0.72722131	-0.42220682	-0.62244147	1.05106533	-0.42897001	0.44023702	-0.97212404	0.31044319	0.27744663	-0.13265190	-0.31777120	0.38753372	0.81751561	-0.05040165	0.83910501	-0.41153684	0.40504155	0.28247973	0.82308388	-0.15555178	0.47484827	0.07868697	
0.00802100	 7.60226255  2.15148990  4.25878869 -0.12579649  0.20008552 -0.02033167	  -24.90861417   -85.39591608 -1047.54325092    -0.66398460   -66.30751022    13.70814177	   6.87162044   17.21988392  -25.54732405   37.57803443  -15.24194737  -17.54251453   22.52927531  -80.87384486  -19.64808051 -164.03567994  -39.04368281  -38.09762511	 0.01221047  0.09303403 -0.08557166  0.75925831 -0.61779950 -0.04069701  0.00842642  0.01985486 -0.39968418  0.82821890 -0.42838049 -0.02671810	-0.00884325  0.25774629 -1.14236441  2.52333717 -0.70375999 -0.78981827 -0.02206292  0.17616718  0.37616577 -0.01767087 -0.26495999 -0.20494787	 0.01258478  0.22864226 -1.07890717  2.39921316 -0.65350755 -0.78168489 -0.00068571  0.17724741  0.35974939 -0.02212800 -0.27023316 -0.21487886	 0.19497803 -0.04543937  3.91262401	-0.02627463 -0.04406033 -0.00101058	-0.02709499 -0.04735408 -0.00077317	-0.00145308 -0.00785757 -0.99996807	0.35000000	0.00000000	0.00000000	-1.01240277	0.31876609	0.74129689	-0.49898067	-0.58315372	1.08237803	-0.40328076	0.47540820	-0.98847407	0.28111428	0.28810948	-0.12965205	-0.31938708	0.36146080	0.77605659	-0.05489264	0.86140078	-0.42586574	0.42190024	0.23894541	0.78737092	-0.15047383	0.45227769	0.09068443	
0.00800500	 7.04256191  2.97301862  3.56252968 -0.15312325  0.17922775 -0.03066432	  -23.92568670   -82.70021611 -1034.55734831    -8.44772708   -65.45319271    13.97249116	   6.66190281   21.14294553  -23.41557911   35.17466871  -13.03115746  -18.10462859   23.29789013  -84.06305361  -19.54553581 -165.54515451  -38.07059446  -45.59109980	 0.01232885  0.09475396 -0.09475223  0.77898451 -0.62326405 -0.04638678  0.00843734  0.02117142 -0.39697341  0.82811242 -0.43056800 -0.02830575	 0.03351877  0.20890854 -1.16544937  2.43810950 -0.64359050 -0.65812267  0.01967949  0.14992343  0.32409151 -0.03895816 -0.25760771 -0.17661461	 0.01481715  0.21444561 -1.15915484  2.47992750 -0.68317096 -0.70229499  0.00202344  0.16468665  0.33570672 -0.01394853 -0.27309224 -0.19711098	 0.19338653 -0.03908205  3.91284739	-0.02775911 -0.03495435 -0.00363318	-0.02713694 -0.03797694 -0.00275200	-0.00176636 -0.00764352 -0.99996923	0.35000000	0.00000000	0.00000000	-1.00328410	0.35345861	0.75921708	-0.54883099	-0.55413377	1.10056531	-0.38050991	0.49707517	-0.99819720	0.25891542	0.29566526	-0.13733879	-0.32079268	0.33984053	0.76139450	-0.05528911	0.86800259	-0.43689790	0.44162652	0.19826768	0.75693136	-0.14097263	0.42590606	0.09717190	
0.00801000	 6.87414429  3.08900041  2.44102403 -0.15914312  0.15229122 -0.02880884	  -24.05255805   -81.62858038 -1025.20674337   -12.57701282   -64.46365184    13.97048938	   6.73835988   22.98830843  -20.41116572   29.52765696  -11.18580291  -19.21351549   23.57764761  -87.70430875  -18.78965960 -164.10149950  -37.26319018  -49.05542088	 0.01242704  0.09645477 -0.10449729  0.79919451 -0.62891769 -0.05153810  0.00848386  0.02239941 -0.39439394  0.82808543 -0.43274695 -0.02977480	-0.00015427  0.19803237 -1.29339578  2.64920733 -0.76646909 -0.64546977  0.01327552  0.12327368  0.32154522  0.01256904 -0.29330649 -0.18367861	 0.01290932  0.21090916 -1.22328295  2.52960007 -0.70831495 -0.63735170  0.00705162  0.15016626  0.31832660 -0.00380464 -0.27318486 -0.18183085	 0.19240746 -0.03281091  3.91247307	-0.02928988 -0.02797535 -0.00783018	-0.02876212 -0.03025795 -0.00643536	-0.00201491 -0.00741491 -0.99997048	0.35000000	0.00000000	0.00000000	-1.00437915	0.38210306	0.77685589	-0.58602405	-0.52297765	1.11034238	-0.36208102	0.51419365	-0.99647474	0.24857199	0.30837166	-0.14651245	-0.32344496	0.32225558	0.75268936	-0.05729206	0.86907518	-0.45296755	0.46693048	0.16281888	0.72772962	-0.13377212	0.39956900	0.10016970	
0.00852600	 6.76614152  2.92130300  1.28149293 -0.15491823  0.13281613 -0.01684753	  -24.96424059   -77.88632359 -1017.30827223   -16.56274453   -63.61003722    13.50438450	   7.43514850   24.35237122  -18.79454073   24.78931172   -8.87662476  -20.33988079   23.39234097  -88.67156219  -18.22214255 -162.97531492  -36.47898200  -52.26520431	 0.01259283  0.09827133 -0.11529920  0.82093142 -0.63494375 -0.05666648  0.00855876  0.02364657 -0.39173597  0.82806920 -0.43509055 -0.03122563	 0.03638168  0.17765055 -1.19747310  2.33788786 -0.65831906 -0.56030822  0.00116280  0.11388523  0.26777065 -0.01125903 -0.27356115 -0.14479354	 0.02081561  0.21080666 -1.26691283  2.53413652 -0.70200683 -0.59503902  0.01003898  0.14201251  0.30721923 -0.00191496 -0.27445961 -0.16670214	 0.19185990 -0.02666971  3.91163388	-0.03170928 -0.02209188 -0.01341336	-0.03091640 -0.02388409 -0.01169201	-0.00222485 -0.00715592 -0.99997192	0.35000000	0.00000000	0.00000000	-1.00633430	0.40911046	0.79087228	-0.61825466	-0.48872790	1.11344147	-0.34997314	0.52507037	-1.00129473	0.24451360	0.31659967	-0.15700418	-0.32597655	0.30311266	0.74947363	-0.05277207	0.86924887	-0.46465996	0.49333346	0.13266854	0.70861727	-0.12656546	0.37299877	0.11252938	
0.00800200	 6.88146862  2.89338737  0.60812193 -0.15192636  0.11813438 -0.01320936	  -25.73176334   -75.54093180 -1015.02651330   -19.63101863   -62.32967338    13.11278561	   7.70150091   24.62187052  -17.80463523   21.76701216   -8.42511043  -20.63752697   23.21098910  -90.51544547  -17.28923116 -161.29668355  -35.01847118  -54.77619779	 0.01280529  0.10004151 -0.12577277  0.84141674 -0.64058361 -0.06128277  0.00869178  0.02474674 -0.38931557  0.82806894 -0.43728737 -0.03247530	 0.01471405  0.21311055 -1.21569234  2.34286122 -0.65503455 -0.54687373  0.01943739  0.12793335  0.26255353  0.03129796 -0.26951305 -0.14399135	 0.02755570  0.21989765 -1.30079971  2.53526611 -0.69850988 -0.57200035  0.01762657  0.13596542  0.29753668  0.00215226 -0.27392183 -0.15458463	 0.19170299 -0.02103976  3.91075808	-0.03321516 -0.01799358 -0.01904604	-0.03271256 -0.01931170 -0.01720405	-0.00238251 -0.00689583 -0.99997339	0.35000000	0.00000000	0.00000000	-1.00683868	0.42767319	0.80059719	-0.64065963	-0.45804250	1.11754322	-0.33704415	0.53661799	-1.00295401	0.24343848	0.33016858	-0.16332203	-0.33108467	0.28683269	0.74625057	-0.05036183	0.86782867	-0.47906804	0.51808590	0.10757935	0.69565552	-0.12397039	0.34406650	0.12467527	
0.00845100	 7.05727130  3.01359595 -0.08787909 -0.14974239  0.10910698 -0.01496386	  -27.40150619   -72.92667104 -1014.52207669   -22.16900137   -61.43955514    12.52831198	   7.72928611   24.05963695  -17.53002465   18.83440705   -7.55966214  -20.23149662   22.74053615  -91.46842122  -16.21837175 -160.09551531  -33.91794652  -56.65034997	 0.01312623  0.10192296 -0.13717179  0.86307675 -0.64646700 -0.06595524  0.00886891  0.02583368 -0.38678097  0.82806802 -0.43963230 -0.03366395	 0.04414575  0.22398602 -1.48013726  2.71164746 -0.76758011 -0.56577706  0.03150670  0.15103130  0.31740850  0.03403726 -0.30104089 -0.17999529	 0.03877756  0.22364970 -1.35567285  2.55989842 -0.69654562 -0.54932813  0.02279742  0.12778113  0.29662765  0.00372825 -0.27621468 -0.14095590	 0.19190403 -0.01518636  3.90994701	-0.03380235 -0.01493255 -0.02414995	-0.03360724 -0.01586091 -0.02257317	-0.00251974 -0.00661104 -0.99997497	0.35000000	0.00000000	0.00000000	-1.00408375	0.44463679	0.81293291	-0.65915698	-0.42745405	1.12626338	-0.32466656	0.54844755	-0.99983895	0.24462649	0.34576720	-0.16817498	-0.33467311	0.26849109	0.74774474	-0.05000211	0.86756033	-0.49844113	0.54394847	0.07809320	0.67674792	-0.12214153	0.31482893	0.13392241	
0.00801000	 7.18181341  3.38914279 -1.20579645 -0.15622170  0.08776909 -0.02444845	  -27.28299571   -70.38643849 -1012.30376850   -24.55578223   -59.79599394    12.07541537	   7.41033807   24.10972643  -16.29054710   13.98915562   -6.74223527  -19.77002068   22.42601428  -91.98739648  -16.05862525 -158.27778608  -32.14203885  -58.61600035	 0.01349468  0.10373640 -0.14804093  0.88319816 -0.65185185 -0.07009797  0.00907255  0.02676551 -0.38441275  0.82805614 -0.44187800 -0.03464131	 0.02345916  0.26174234 -1.44611612  2.68130858 -0.69427724 -0.56527933  0.00378170  0.13595089  0.32745177 -0.01161632 -0.32385883 -0.12619168	 0.04494872  0.22894922 -1.36437727  2.51621338 -0.67201338 -0.51422150  0.02423613  0.11554798  0.29571119 -0.00029826 -0.28225422 -0.12247051	 0.19234645 -0.00994235  3.90936148	-0.03403622 -0.01258868 -0.02872542	-0.03394475 -0.01334901 -0.02721229	-0.00262756 -0.00634016 -0.99997645	0.35000000	0.00000000	0.00000000	-1.00790000	0.46359500	0.81782132	-0.68479192	-0.39109173	1.12454045	-0.32184595	0.56084824	-1.00383401	0.24998343	0.35030970	-0.17763284	-0.33629328	0.25106114	0.74561661	-0.04867592	0.86508727	-0.50685668	0.56997788	0.05814747	0.66245294	-0.11744875	0.28645182	0.14882651	
0.00800700	 7.44274981  3.00368321 -1.64817828 -0.14334995  0.08760299 -0.01509421	  -28.07222522   -66.90783052 -1012.35822124   -27.67216005   -58.07935784    11.79914637	   7.89464269   23.97537434  -17.56872091   13.08592382   -6.36148940  -20.52490430   22.35150607  -92.11192012  -15.04580926 -156.00553840  -30.05149519  -61.32097298	 0.01395155  0.10554660 -0.15901749  0.90289738 -0.65705259 -0.07396617  0.00932918  0.02762981 -0.38207505  0.82805790 -0.44410215 -0.03552086	 0.05752523  0.21362672 -1.42915119  2.53718654 -0.65111073 -0.49708447  0.06009187  0.11413656  0.32267075 -0.00956300 -0.28521368 -0.12716814	 0.05757003  0.22621809 -1.37641794  2.46206460 -0.64648134 -0.48148849  0.03352701  0.10654573  0.29301037 -0.00045078 -0.27959554 -0.11126311	 0.19271264 -0.00508600  3.90892672	-0.03458129 -0.01015206 -0.03349961	-0.03437664 -0.01094926 -0.03191761	-0.00271634 -0.00606653 -0.99997791	0.35000000	0.00000000	0.00000000	-1.00811911	0.48126805	0.81893283	-0.70915467	-0.35668826	1.12453198	-0.31885788	0.56964457	-1.00674856	0.26013875	0.35076150	-0.18295732	-0.33496326	0.23382547	0.74221110	-0.03794977	0.86641270	-0.51018465	0.59487683	0.03908844	0.65336806	-0.11277395	0.25768360	0.16257000	
0.00847800	 7.64641809  2.74404516 -2.04670831 -0.13620868  0.08940861 -0.01062200	  -29.76433639   -64.91646729 -1013.10667138   -30.31306713   -56.66693355    10.92352202	   7.56524821   24.16126788  -18.47242004   11.92359748   -5.62441691  -21.17449820   21.34706808  -93.48277950  -13.43389099 -154.31755346  -28.44721618  -63.48936892	 0.01451372  0.10752674 -0.17078451  0.92334391 -0.66234025 -0.07791332  0.00962789  0.02846654 -0.37962724  0.82806638 -0.44648049 -0.03634691	 0.07661525  0.25051861 -1.47190249  2.48183778 -0.62308580 -0.45979795  0.05484319  0.10211346  0.30272212  0.03782759 -0.30097764 -0.08395063	 0.06916361  0.23576442 -1.39978901  2.41904302 -0.62000992 -0.46518440  0.03861951  0.09729704  0.29093914  0.00265204 -0.28380132 -0.09683609	 0.19326604 -0.00034800  3.90860009	-0.03466962 -0.00846228 -0.03567724	-0.03463417 -0.00896287 -0.03504455	-0.00279270 -0.00577287 -0.99997944	0.35000000	0.00000000	0.00000000	-1.00882232	0.49287665	0.82437760	-0.72776991	-0.32136500	1.12646091	-0.31226856	0.57653195	-1.00963700	0.27031335	0.35624444	-0.18699026	-0.33515877	0.21690735	0.74160939	-0.02682389	0.86829048	-0.51782674	0.61977679	0.02042499	0.64334506	-0.11080438	0.22460447	0.17871872	
0.00800000	 7.70000744  2.69121180 -2.57434523 -0.13100525  0.08122140 -0.01517619	  -29.56209506   -61.98207051 -1013.47664646   -33.10421228   -54.70730515    10.57829961	   7.30407994   23.30235553  -18.46646903   10.14716158   -5.13800836  -20.95089778   21.14673127  -93.96675539  -13.06579351 -153.17951757  -26.28925431  -65.82948166	 0.01508975  0.10940206 -0.18193771  0.94207007 -0.66705892 -0.08154864  0.00990478  0.02919852 -0.37731785  0.82805393 -0.44870685 -0.03703760	 0.06425887  0.24139462 -1.47093427  2.42854825 -0.60829530 -0.50391866  0.01709748  0.11930838  0.31226347 -0.00114226 -0.28670906 -0.07018293	 0.07347562  0.23647741 -1.40669904  2.35162207 -0.58780439 -0.45655725  0.03526847  0.09092600  0.29193633 -0.00019921 -0.28033789 -0.08438557	0.19380833 0.00395068 3.90850795	-0.03410885 -0.00700782 -0.03724898	-0.03429138 -0.00748293 -0.03672495	-0.00285249 -0.00549850 -0.99998081	0.35000000	0.00000000	0.00000000	-1.01158178	0.50608212	0.82725680	-0.75032336	-0.28468159	1.12506926	-0.31300849	0.58789432	-1.01594722	0.27871239	0.35971087	-0.19282642	-0.33347017	0.20414089	0.73825055	-0.02092360	0.86625445	-0.52148330	0.64133924	0.00528744	0.63623512	-0.11024998	0.19691314	0.19830768	
0.00853700	 7.69221817  2.80325797 -2.72821339 -0.13145279  0.08361950 -0.01644532	  -30.35824244   -59.54513627 -1013.84292334   -35.32959300   -53.24505978    10.55845027	   7.38764768   23.17057550  -19.56039080   10.39156687   -4.42922390  -20.63319695   21.29853639  -94.43838263  -12.32292546 -151.83963042  -24.69582076  -67.47303563	 0.01575010  0.11141483 -0.19385240  0.96137288 -0.67175437 -0.08521312  0.01023076  0.02988315 -0.37489653  0.82805744 -0.45108649 -0.03769420	 0.06835269  0.21756202 -1.30497684  2.09454243 -0.48836004 -0.37322813  0.03729462  0.09085118  0.24732979 -0.01137387 -0.27569030 -0.05316056	 0.07737966  0.23651660 -1.39596362  2.24901972 -0.54199176 -0.42414253  0.03857848  0.08049984  0.28245519 -0.00050214 -0.27990583 -0.07317076	0.19431903 0.00835427 3.90849252	-0.03344685 -0.00541325 -0.03905142	-0.03363951 -0.00589345 -0.03849590	-0.00290306 -0.00521260 -0.99998220	0.35000000	0.00000000	0.00000000	-1.01436305	0.51627767	0.82448345	-0.77565765	-0.24319951	1.11808097	-0.32030335	0.59866029	-1.03038967	0.29189268	0.35078159	-0.20060444	-0.33074063	0.19107784	0.73702079	-0.00976175	0.86697167	-0.51898009	0.66589159	-0.00877702	0.62994111	-0.10594823	0.16660967	0.21682788	
0.00845600	 7.90758341  2.15889900 -2.76138629 -0.11337416  0.09406187 -0.00434698	  -32.40388298   -55.92955365 -1014.37432185   -38.29497311   -52.05400304    10.06845068	   7.52820375   23.02983475  -21.35454674   10.89998789   -4.01300655  -21.79871428   20.78305002  -94.75088787  -10.71285500 -151.02717829  -23.19046260  -69.74088979	 0.01648518  0.11342605 -0.20588250  0.98008639 -0.67608215 -0.08878772  0.01055944  0.03049232 -0.37246652  0.82804895 -0.45345696 -0.03827374	 0.13142355  0.23015407 -1.55930975  2.33397156 -0.56263946 -0.45269979  0.01783313  0.08020684  0.31386676 -0.00156062 -0.29719310 -0.07263777	 0.08992388  0.23708493 -1.43192194  2.21023781 -0.50876103 -0.42371963  0.03785237  0.07156606  0.28832077 -0.00152276 -0.28134196 -0.06557600	0.19486017 0.01230897 3.90847418	-0.03309830 -0.00423626 -0.03922702	-0.03317133 -0.00458633 -0.03920197	-0.00294178 -0.00493124 -0.99998351	0.35000000	0.00000000	0.00000000	-1.01243591	0.52698964	0.83083045	-0.79443425	-0.20847796	1.12093902	-0.31541446	0.60361731	-1.03304195	0.30352232	0.35558844	-0.20291096	-0.32823342	0.17576121	0.73872572	0.00378904	0.86700821	-0.52561796	0.68682355	-0.02470813	0.62245089	-0.10789695	0.13577677	0.23561698	
0.00802500	 7.80001924  2.59306234 -3.31397099 -0.12231269  0.08003403 -0.01893598	  -31.08411240   -52.14222912 -1013.13154388   -41.13712064   -49.55864629     9.97612230	   6.90872569   22.58111060  -20.65795137    8.85154460   -3.59562725  -20.80579931   20.80816562  -95.45445681  -10.79481414 -149.58770913  -20.66357951  -71.55329615	 0.01718557  0.11534523 -0.21729439  0.99715261 -0.67976901 -0.09209234  0.01088172  0.03098686 -0.37020163  0.82806121 -0.45569705 -0.03872167	 0.06623848  0.24825961 -1.51475430  2.22122150 -0.45648841 -0.44610745  0.07232746  0.03144679  0.27623530  0.01261159 -0.27900194 -0.05232151	 0.08750649  0.23862270 -1.43194026  2.12710271 -0.45482725 -0.41045558  0.04146320  0.05895503  0.28246907  0.00181827 -0.27968363 -0.05480679	0.19534314 0.01586931 3.90855567	-0.03241364 -0.00307975 -0.03956279	-0.03261760 -0.00345626 -0.03944381	-0.00296924 -0.00467029 -0.99998469	0.35000000	0.00000000	0.00000000	-1.01590145	0.53929496	0.82957572	-0.81972468	-0.16808441	1.11615717	-0.32273909	0.61669052	-1.04436409	0.31469235	0.35247645	-0.20818961	-0.32676488	0.16160992	0.73681521	0.00957092	0.86465561	-0.52385736	0.70892984	-0.03423065	0.61438990	-0.10755240	0.10629973	0.25732186	
0.00847600	 8.06724064  2.34723024 -3.37783827 -0.11276075  0.08277444 -0.01047340	  -32.14114050   -49.14060921 -1012.02864868   -43.90551718   -47.94265891     9.46205493	   7.53682538   22.48172677  -22.24698853    9.31129858   -4.16777569  -21.17340982   20.30679886  -95.06167841   -9.61424218 -148.61686629  -18.99051605  -74.06328040	 0.01798793  0.11739488 -0.22950590  1.01463366 -0.68332786 -0.09546261  0.01121316  0.03144720 -0.36779581  0.82806454 -0.45807270 -0.03904940	 0.11840848  0.24860902 -1.49755580  2.06047534 -0.40464844 -0.43295534  0.02529652  0.04667028  0.29239370  0.01996142 -0.30884419 -0.00996026	 0.09704368  0.24469316 -1.45597239  2.06431007 -0.41512627 -0.40122173  0.03985125  0.05120910  0.28262664  0.00251081 -0.28249973 -0.03660070	0.19579193 0.01916587 3.90855867	-0.03239010 -0.00183050 -0.03920338	-0.03235727 -0.00221218 -0.03933377	-0.00298820 -0.00439646 -0.99998587	0.35000000	0.00000000	0.00000000	-1.01309383	0.55039436	0.83085191	-0.84159917	-0.13141325	1.11857605	-0.32094225	0.62464219	-1.04981351	0.32566816	0.35089055	-0.21145189	-0.32382125	0.14615242	0.73953122	0.02229764	0.86258799	-0.52898717	0.72860980	-0.04602218	0.60942030	-0.10797878	0.07461269	0.28005418	
0.00800100	 7.94702188  2.18152396 -3.69917135 -0.10397088  0.07620806 -0.01786325	  -31.02360065   -46.70094752 -1012.02562538   -46.57410271   -45.32266402     9.31729436	   6.96545784   20.88373101  -21.98464247    8.33080072   -3.50904711  -20.83129463   20.24256713  -95.48657990   -9.25244058 -147.48075968  -16.31433535  -76.49158168	 0.01874947  0.11931352 -0.24108333  1.03050423 -0.68630021 -0.09849210  0.01151397  0.03181618 -0.36552762  0.82806515 -0.46031756 -0.03928719	 0.08104879  0.24992502 -1.55355023  2.02947308 -0.35336627 -0.37856194  0.01240421  0.03946511  0.30812492  0.02426178 -0.31718303 -0.00885379	 0.09499803  0.24230379 -1.46377215  1.98855198 -0.36708314 -0.37939603  0.03588060  0.04466715  0.28576330  0.00396340 -0.28576260 -0.02807237	0.19616447 0.02230730 3.90865711	-0.03124053 -0.00077499 -0.03888243	-0.03161952 -0.00111808 -0.03898596	-0.00299692 -0.00414270 -0.99998693	0.35000000	0.00000000	0.00000000	-1.01439166	0.56058043	0.83395892	-0.87064707	-0.09293161	1.11783218	-0.32486442	0.63775009	-1.05919719	0.33799687	0.34811628	-0.21624783	-0.31825686	0.13495299	0.73372859	0.02704237	0.85882509	-0.52816272	0.74929243	-0.05542214	0.60224932	-0.10790481	0.04740430	0.30443382	
0.00800200	 7.98028450  1.71944890 -3.72337225 -0.09031131  0.07582657 -0.01069215	  -29.53263134   -43.78908328 -1011.86243103   -48.82666615   -42.15069700     9.24394399	   7.34487326   20.79961014  -22.87775441    8.79937105   -3.61691791  -21.60554895   20.27192532  -95.27860951   -8.75839018 -146.20231676  -13.13527031  -78.10527444	 0.01953867  0.12121185 -0.25274379  1.04577700 -0.68891766 -0.10142269  0.01182603  0.03213755 -0.36327167  0.82806164 -0.46254410 -0.03948733	 0.10854262  0.21985734 -1.52185661  1.95201978 -0.31424346 -0.37551200  0.01087568  0.07056247  0.32031024  0.01669790 -0.31233663 -0.00611869	 0.09885971  0.23789737 -1.47428756  1.91667200 -0.32474863 -0.36990450  0.03638801  0.04129370  0.28600880  0.00213465 -0.28442243 -0.02216907	0.19622654 0.02527006 3.90877388	-0.03049382  0.00081409 -0.03945675	-0.03071137  0.00028087 -0.03925385	-0.00299535 -0.00389732 -0.99998792	0.35000000	0.00000000	0.00000000	-1.01440167	0.56913626	0.83447552	-0.89368188	-0.05964175	1.11562538	-0.32930148	0.64698225	-1.06568110	0.34940863	0.34627578	-0.21898490	-0.31275004	0.12372606	0.73309195	0.03743780	0.85322362	-0.52357411	0.76909322	-0.06429020	0.59919143	-0.10856789	0.01843130	0.32599142	
0.00853900	 7.93292438  1.70968530 -3.82630130 -0.08794320  0.07546822 -0.01386365	  -28.75877257   -41.87325629 -1011.77017997   -50.79285854   -39.13010657     8.82672700	   7.03887192   20.25028527  -23.29143286    8.61924685   -3.17518861  -21.31908464   19.77289322  -95.88889289   -7.56939481 -144.97847944  -10.37018638  -79.00197655	 0.02039635  0.12321324 -0.26523513  1.06135142 -0.69126490 -0.10446675  0.01217043  0.03238599 -0.36089752  0.82806129 -0.46489046 -0.03960195	 0.10902110  0.22628064 -1.35838963  1.67783651 -0.22175064 -0.32105587  0.03006021  0.01896341  0.25907578  0.01314642 -0.25676324  0.01475865	 0.10086138  0.23352334 -1.46329479  1.81109354 -0.26592004 -0.35440490  0.03896229  0.02714688  0.27811216  0.00160047 -0.27552040 -0.01019080	0.19622753 0.02832652 3.90888790	-0.02923685  0.00201966 -0.03907822	-0.02963485  0.00166216 -0.03921497	-0.00298141 -0.00364446 -0.99998891	0.35000000	0.00000000	0.00000000	-1.01654422	0.57712746	0.82966179	-0.91826487	-0.01934341	1.10784626	-0.34076634	0.65856057	-1.07953238	0.36895484	0.33602369	-0.22391474	-0.30632865	0.11359729	0.73151010	0.04690365	0.85058063	-0.51546913	0.79240918	-0.07074566	0.59437484	-0.10851427	-0.01270052	0.34625876	
0.00848300	 8.18350316  1.44753506 -3.76020121 -0.07974947  0.08145618 -0.00767360	  -30.12036584   -39.34354269 -1009.92123414   -53.05446213   -37.80263398     8.54290936	   7.28535923   20.45962465  -24.80181950    9.17588702   -3.73452598  -21.81147060   19.51080076  -95.15432787   -6.38541429 -143.60714671   -9.14021907  -81.65620589	 0.02126051  0.12519436 -0.27783945  1.07625654 -0.69320783 -0.10745303  0.01250286  0.03258996 -0.35853897  0.82805620 -0.46723091 -0.03968340	 0.11133629  0.23247880 -1.48640299  1.72033438 -0.23905426 -0.34457508  0.04599220  0.01010129  0.28329605  0.01540624 -0.25661201  0.00926555	 0.10251672  0.23416660 -1.48477749  1.74291218 -0.22243252 -0.35009278  0.04041075  0.02030739  0.27672699  0.00029850 -0.27367295 -0.00784224	0.19623089 0.03083638 3.90877270	-0.02910176  0.00306656 -0.03772411	-0.02909442  0.00275146 -0.03816080	-0.00295825 -0.00339843 -0.99998985	0.35000000	0.00000000	0.00000000	-1.01100981	0.58844274	0.82869184	-0.93937767	0.01870422	1.10736609	-0.33838260	0.66587287	-1.08542895	0.37944776	0.33292878	-0.22780183	-0.29861051	0.10014192	0.73107177	0.06003328	0.84737599	-0.51860428	0.81006056	-0.07851106	0.59169042	-0.11119214	-0.04212274	0.36931404	
0.00801800	 8.02765822  1.52759592 -4.06815553 -0.07771463  0.07322150 -0.01399202	  -29.47352956   -37.20557240 -1009.51793848   -55.11858970   -35.67344726     8.28936831	   7.09041683   19.26338530  -24.20405556    7.95731648   -3.19590077  -21.10808471   19.27575168  -95.59718537   -6.04686219 -142.64519235   -7.02453831  -83.03983474	 0.02208478  0.12702535 -0.28982670  1.08968893 -0.69463210 -0.11019923  0.01278939  0.03275553 -0.35630181  0.82806241 -0.46946362 -0.03973471	 0.13127506  0.25029912 -1.52679421  1.68464428 -0.15958114 -0.32235596  0.03564978  0.02222593  0.28374940 -0.00255345 -0.28962142 -0.02307573	 0.10565548  0.22911180 -1.49661244  1.66156731 -0.17174418 -0.33886390  0.03623651  0.01994579  0.27918117  0.00268225 -0.27950278 -0.00669882	0.19634287 0.03323967 3.90870350	-0.02813830  0.00357981 -0.03640937	-0.02846013  0.00342419 -0.03684353	-0.00293030 -0.00317015 -0.99999068	0.35000000	0.00000000	0.00000000	-1.00925875	0.59376401	0.82949960	-0.96205533	0.05627795	1.10294414	-0.34447742	0.67836773	-1.09541726	0.39049673	0.33120340	-0.23179799	-0.29187948	0.09011690	0.72842467	0.06425796	0.84432018	-0.51554292	0.82730728	-0.08431238	0.58549595	-0.11355684	-0.07039066	0.39406192	
0.00801000	 7.78392649  1.48473519 -3.99900277 -0.07530603  0.06652055 -0.01960221	  -26.61158116   -35.46449620 -1010.49893587   -56.84956987   -32.13701047     8.21755874	   6.77694879   19.00378358  -24.04528098    8.52449881   -3.19550339  -21.06885600   19.23237064  -95.61937976   -6.14327561 -142.30220199   -3.51855819  -83.37404680	 0.02289295  0.12882070 -0.30187888  1.10252202 -0.69566286 -0.11281569  0.01308004  0.03285369 -0.35407927  0.82805392 -0.47168017 -0.03975137	 0.11190552  0.20381077 -1.36145160  1.43360245 -0.07242259 -0.27325685  0.02692666  0.02206196  0.28244863  0.01988679 -0.28444139  0.01327576	 0.10283658  0.22425297 -1.49655684  1.58251849 -0.12058537 -0.32107430  0.03592009  0.01224236  0.27865298  0.00091857 -0.27723267 -0.00102328	0.19619714 0.03557116 3.90874761	-0.02731129  0.00453032 -0.03564265	-0.02756757  0.00421136 -0.03588919	-0.00289700 -0.00294961 -0.99999145	0.35000000	0.00000000	0.00000000	-1.00721180	0.59904981	0.82961613	-0.98478204	0.09068775	1.09838760	-0.35305494	0.68976521	-1.10596597	0.40561113	0.32564169	-0.23652127	-0.28494072	0.08255876	0.72859037	0.07008191	0.83428645	-0.50858676	0.84579867	-0.09000421	0.57888174	-0.11380417	-0.09860958	0.41578305	
0.00848400	 7.88278100  1.18072081 -4.12262667 -0.06471542  0.06552334 -0.01574814	  -26.25372832   -32.80217942 -1009.71503993   -58.95132672   -29.77846915     8.03828756	   7.01353984   18.54524136  -24.62074381    7.98609531   -3.38611203  -21.38278213   19.08435655  -95.20719337   -5.29742149 -140.72168845   -1.41992498  -84.61180294	 0.02372167  0.13065921 -0.31479045  1.11546958 -0.69635995 -0.11546705  0.01339014  0.03291859 -0.35173059  0.82802886 -0.47401216 -0.03977389	 0.09738430  0.19441946 -1.56896450  1.51403870 -0.07790810 -0.30811404  0.06169557  0.02238014  0.26706851 -0.01373803 -0.29006280 -0.02789213	 0.09657861  0.21544045 -1.51997332  1.51065278 -0.07374617 -0.30741479  0.03812060  0.00725033  0.27618899 -0.00273713 -0.27497169 -0.00372175	0.19597581 0.03782914 3.90877852	-0.02680023  0.00553081 -0.03505158	-0.02693953  0.00522568 -0.03523624	-0.00285306 -0.00272092 -0.99999223	0.35000000	0.00000000	0.00000000	-1.00310695	0.60864216	0.83021480	-1.00624681	0.12862800	1.09485793	-0.35367969	0.69959807	-1.11085999	0.41808230	0.32247043	-0.24123996	-0.27551866	0.07291283	0.72765368	0.07744523	0.82728994	-0.50686461	0.86324626	-0.09754041	0.57249629	-0.11669833	-0.12564196	0.43647441	
0.00801400	 8.17267441  1.22692500 -4.31628494 -0.06221493  0.04444589 -0.02079655	  -25.23590015   -30.24701880 -1009.88815728   -60.57830609   -27.57946985     7.50336834	   7.18073983   18.30296648  -23.65009239    6.73161017   -2.83176549  -21.08350462   18.47963201  -95.18675518   -5.09282050 -139.76784742    0.58225022  -85.15290630	 0.02451568  0.13236128 -0.32698708  1.12697560 -0.69665390 -0.11785985  0.01365421  0.03294140 -0.34950027  0.82798899 -0.47622249 -0.03977436	 0.11346125  0.21289364 -1.46243944  1.32880474 -0.03568654 -0.30648074  0.02526072  0.00129424  0.25703028 -0.01741719 -0.26482074 -0.02101504	 0.09787137  0.21213032 -1.51713526  1.42041683 -0.03491092 -0.29708879  0.03242522  0.00244276  0.27654865 -0.00562561 -0.27496807 -0.00228556	0.19594037 0.03963048 3.90889071	-0.02704610  0.00587925 -0.03431252	-0.02688472  0.00577859 -0.03456406	-0.00280627 -0.00250723 -0.99999292	0.35000000	0.00000000	0.00000000	-0.99938446	0.61359471	0.82822591	-1.02467120	0.16498081	1.08846641	-0.36108387	0.70985377	-1.11861241	0.43090653	0.31993961	-0.24503601	-0.26631403	0.06429213	0.72777921	0.08381780	0.82023764	-0.50391471	0.88036722	-0.09934674	0.56566268	-0.11831789	-0.15214902	0.45956039	
0.00845500	 8.45535561  1.07067828 -4.30106516 -0.05352434  0.03282623 -0.02792646	  -24.33101726   -27.18778424 -1009.94049804   -62.09302413   -25.37492493     7.60489789	   6.97176093   17.45526195  -23.71720340    6.61331884   -1.65522000  -20.92162529   18.67341142  -94.89398289   -5.12189168 -138.65111977    2.64958516  -85.86630034	 0.02533113  0.13410828 -0.33998784  1.13844713 -0.69678729 -0.12020512  0.01394807  0.03295150 -0.34711464  0.82793242 -0.47855179 -0.03977434	 0.08846234  0.20211080 -1.66887097  1.38492359 -0.02466620 -0.26207063  0.01672654 -0.01800294  0.31165294  0.02964379 -0.28991804  0.01268059	 0.09585139  0.20608400 -1.54153346  1.34258191 -0.01670522 -0.27389345  0.03275576 -0.00052641  0.28266028 -0.00561863 -0.27511084 -0.00049492	0.19582949 0.04119649 3.90909677	-0.02850810  0.00654405 -0.03421913	-0.02801465  0.00633600 -0.03423996	-0.00275275 -0.00227214 -0.99999363	0.35000000	0.00000000	0.00000000	-0.99241602	0.61876255	0.83033615	-1.04288399	0.20010383	1.09014380	-0.36443684	0.72012162	-1.11934400	0.44255099	0.31854132	-0.24505019	-0.25458574	0.05404413	0.72715223	0.08950733	0.81232798	-0.50635946	0.89724612	-0.10714415	0.55295575	-0.11763855	-0.17637394	0.48178244	
0.00803200	 8.38668323  0.64459464 -4.66452132 -0.03830538  0.01434289 -0.03305570	  -22.52841912   -24.18138978 -1007.69306391   -63.39925473   -22.97975400     7.08187036	   6.49340647   16.24010551  -22.44887413    5.15848001    1.33904866  -21.21316293   17.95781650  -94.98248386   -5.57027342 -137.45819405    4.74696988  -86.56163716	 0.02606450  0.13570059 -0.35220750  1.14853228 -0.69683409 -0.12226342  0.01422701  0.03295592 -0.34486959  0.82784274 -0.48075409 -0.03977363	 0.11651409  0.17239577 -1.53977414  1.25858871 -0.01457998 -0.25672929  0.04710854 -0.02936098  0.29378722 -0.01916819 -0.26371386 -0.00814657	 0.09099668  0.19515178 -1.52114844  1.24360852 -0.00612299 -0.25370433  0.03381308 -0.00284556  0.28090578 -0.01045024 -0.27272941 -0.00045806	0.19574192 0.04234475 3.90927470	-0.03034797  0.00721395 -0.03354473	-0.02973081  0.00700078 -0.03378224	-0.00269692 -0.00203718 -0.99999429	0.35000000	0.00000000	0.00000000	-0.98576576	0.62155628	0.82894194	-1.05742359	0.23561472	1.08549559	-0.37696886	0.72805983	-1.12161875	0.45819268	0.31799093	-0.24243301	-0.23843314	0.04688081	0.72038722	0.09896972	0.80722880	-0.50291353	0.91666669	-0.10838662	0.54293507	-0.11647438	-0.19730499	0.50347978	
0.00848100	 8.44610275  0.35131992 -4.83311759 -0.02830527  0.01041182 -0.03295750	  -22.64498742   -22.68244802 -1005.28000901   -64.15695117   -21.45313155     6.69177555	   6.36185908   15.76044750  -22.67700923    4.52292871    4.67641521  -21.47051552   17.51701201  -95.13809347   -5.35637851 -136.12375885    6.03289754  -87.06358850	 0.02677237  0.13734575 -0.36514130  1.15838103 -0.69684383 -0.12432382  0.01452003  0.03296538 -0.34249047  0.82773957 -0.48310113 -0.03977126	 0.09300075  0.18940816 -1.52741569  1.11851086  0.01246930 -0.25241819  0.02866628 -0.00287214  0.29213240 -0.01384837 -0.28175532  0.02945419	 0.08395890  0.19212573 -1.52565302  1.14725646 -0.00031292 -0.24316679  0.03583066  0.00072974  0.28106130 -0.01333126 -0.27718855  0.00294902	0.19566384 0.04330359 3.90934115	-0.03251927  0.00805235 -0.03184484	-0.03183255  0.00779560 -0.03239750	-0.00263131 -0.00177029 -0.99999497	0.35000000	0.00000000	0.00000000	-0.97641385	0.61948770	0.82994539	-1.06508744	0.27141812	1.08349180	-0.38273984	0.73138052	-1.12142825	0.47047147	0.32177657	-0.23886573	-0.22399573	0.03883957	0.71426487	0.10786173	0.80155289	-0.50634015	0.93458730	-0.11269626	0.53330922	-0.11737896	-0.21922639	0.52792537	
0.00800900	 8.07281181  0.07755948 -5.09929522 -0.01381841 -0.00687402 -0.03925316	  -20.92129486   -20.06386721 -1005.33789327   -64.76336337   -19.35121688     6.09160343	   6.00686209   13.72233310  -20.84027134    3.57137225    8.72783162  -20.89832652   16.78209968  -95.85653472   -5.95531129 -135.85736275    8.11391813  -87.04696596	 0.02733981  0.13880000 -0.37725309  1.16683479 -0.69686119 -0.12610111  0.01475658  0.03296487 -0.34023436  0.82763433 -0.48530926 -0.03978105	 0.08159522  0.15971177 -1.41992970  0.93458708  0.01141974 -0.18286742  0.02835104 -0.01603977  0.24984090 -0.02090020 -0.26876613  0.01044859	 0.07017816  0.18074498 -1.50682820  1.03887729 -0.00189926 -0.21768078  0.02890593 -0.00045795  0.27937419 -0.01474490 -0.27605605 -0.00085361	0.19573858 0.04405740 3.90952872	-0.03469645  0.00843948 -0.02964479	-0.03397260  0.00832394 -0.03038649	-0.00256459 -0.00150158 -0.99999558	0.35000000	0.00000000	0.00000000	-0.96641058	0.61632937	0.83040726	-1.07526028	0.30933699	1.08169436	-0.39492309	0.74003583	-1.12357569	0.48808229	0.32467362	-0.23666814	-0.20789485	0.03603519	0.70388645	0.11082356	0.79428744	-0.50649494	0.95176977	-0.11514330	0.51774985	-0.11597722	-0.23649216	0.55158001	
0.00801900	 7.24159864 -0.47808353 -5.50981591  0.00242338 -0.00596681 -0.02777389	  -20.45577651   -19.04471220 -1002.35258771   -64.64840122   -18.25573956     5.91280417	   6.30820217   12.96876371  -20.01764859    2.68821920   13.81657805  -21.54550496   16.67829779  -95.91146755   -6.70256813 -134.96307111    8.83565363  -87.21104431	 0.02781235  0.14014885 -0.38922696  1.17442490 -0.69677758 -0.12772448  0.01500102  0.03296705 -0.33796024  0.82751661 -0.48750731 -0.03978507	 0.05505225  0.13551964 -1.40327446  0.83702026  0.02894216 -0.19138083  0.03301788  0.00209669  0.25950143  0.00390083 -0.24939226 -0.01254894	 0.05778980  0.16484259 -1.48137049  0.92526130  0.01502197 -0.19846198  0.03008317  0.00013913  0.28088845 -0.01383986 -0.27293816 -0.00188416	0.19590131 0.04479940 3.90960144	-0.03690150  0.00888570 -0.02804221	-0.03617447  0.00873528 -0.02855139	-0.00249498 -0.00121523 -0.99999615	0.35000000	0.00000000	0.00000000	-0.95629627	0.61187530	0.83272952	-1.08398461	0.34958932	1.07374120	-0.40953204	0.74078310	-1.12672198	0.50703537	0.32714492	-0.23413983	-0.19147487	0.03011627	0.69303721	0.11994756	0.78894389	-0.50472796	0.96810287	-0.11310197	0.50544780	-0.11477180	-0.25155768	0.57672244	
0.00848100	 6.49823168 -0.69863011 -5.83088690  0.01024905 -0.00160459 -0.01916378	  -20.21492771   -18.43408979 -1001.07877682   -64.60620644   -16.98701469     5.21878681	   6.46750438   12.32826209  -19.52029938    1.98604089   17.14663772  -21.44388729   15.83982175  -97.04260683   -6.85300258 -134.51769093    9.98178897  -87.19430304	 0.02819742  0.14148094 -0.40178854  1.18150395 -0.69634493 -0.12932733  0.01522840  0.03296829 -0.33553214  0.82735689 -0.48983771 -0.03976972	 0.03421085  0.16581682 -1.48740873  0.81210926  0.08681707 -0.17052747 -0.00180667  0.00415613  0.28697781 -0.01699808 -0.28616447  0.02254519	 0.04372071  0.15385695 -1.47218444  0.81382111  0.06297969 -0.18267532  0.02513466  0.00165612  0.28562998 -0.01996684 -0.27407193  0.00278784	0.19617980 0.04544550 3.90964915	-0.03930502  0.00928295 -0.02530712	-0.03855183  0.00916570 -0.02619121	-0.00241733 -0.00089136 -0.99999668	0.35000000	0.00000000	0.00000000	-0.94713652	0.60238993	0.83907163	-1.09471405	0.39267728	1.06549120	-0.41661137	0.74244553	-1.13282943	0.52628696	0.32904449	-0.23576432	-0.18068857	0.02471330	0.68068862	0.12192666	0.77944118	-0.50323141	0.98065984	-0.11041711	0.49405175	-0.11575893	-0.27275029	0.60597360	
0.00853500	 5.63941995 -1.02338004 -6.10909149  0.02344619 -0.01472119 -0.01091504	 -17.98581173  -17.15514328 -998.36105096  -64.49767160  -14.78213185    4.93606798	   7.13020160   11.14649576  -17.41618146    1.57307309   18.88695069  -21.30219990   15.67415256  -98.33150601   -8.00752296 -133.57037845   11.83293428  -87.54230785	 0.02847764  0.14267199 -0.41414992  1.18749738 -0.69541043 -0.13078857  0.01545891  0.03295352 -0.33308508  0.82720066 -0.49218493 -0.03977911	-0.00413251  0.09744215 -1.28493638  0.59198315  0.12162404 -0.12940014  0.02532407 -0.01113715  0.25970987 -0.02166433 -0.24418847 -0.00524766	 0.02871016  0.13372505 -1.42803017  0.67688686  0.12025247 -0.16496327  0.02703977 -0.00237932  0.28449915 -0.01903664 -0.27298622  0.00014216	0.19656811 0.04619544 3.90956283	-0.04170468  0.00941198 -0.02439059	-0.04096528  0.00937491 -0.02464993	-0.00233759 -0.00054697 -0.99999712	0.35000000	0.00000000	0.00000000	-0.93835014	0.59610856	0.83798748	-1.11201012	0.43960157	1.05145502	-0.43178824	0.75122607	-1.14316893	0.55015093	0.32696158	-0.23816589	-0.17078367	0.02074613	0.66646230	0.12703946	0.76863515	-0.49293000	0.99088907	-0.09919618	0.48523301	-0.11574063	-0.29286051	0.63365358	
0.00847500	 5.13637381 -1.12658028 -6.13011498  0.02666843 -0.01325029  0.00173740	 -17.21995440  -17.50376144 -996.32574382  -64.41922198  -12.98737442    3.98886997	   7.88607068   11.37509620  -17.20629913    1.76296537   20.50960761  -21.40748838   14.59348203  -99.71824718   -8.12507254 -132.47475234   13.26782253  -88.28587973	 0.02870200  0.14374793 -0.42626241  1.19235905 -0.69384342 -0.13206905  0.01565933  0.03295787 -0.33064449  0.82703006 -0.49451139 -0.03977140	-0.00600544  0.15272669 -1.44082562  0.49237861  0.21981799 -0.15239361  0.03817802  0.01097068  0.29709958 -0.02285215 -0.27816114  0.01848585	 0.02272426  0.12423996 -1.41531085  0.54826815  0.19678002 -0.14597855  0.02549525 -0.00037605  0.28726630 -0.02131583 -0.27300257  0.00181255	0.19698577 0.04682018 3.90929203	-0.04414025  0.00954188 -0.02268563	-0.04338051  0.00950121 -0.02324281	-0.00225695 -0.00018201 -0.99999744	0.35000000	0.00000000	0.00000000	-0.92728132	0.58459878	0.84018230	-1.12574613	0.48554662	1.04096699	-0.43521664	0.75221181	-1.15182900	0.57176018	0.32567903	-0.24072880	-0.16347529	0.01272048	0.65065312	0.13097036	0.75856334	-0.48619145	0.99869084	-0.08881588	0.47762775	-0.11667645	-0.31823900	0.66693115	
0.00851600	 4.35063046 -1.56247867 -6.13761118  0.04355352 -0.03215198  0.00782567	 -14.45639098  -17.43431426 -995.51760839  -64.44396128  -10.58325306    3.32833964	   8.24941824    9.79245242  -14.54931438    2.10395002   20.73803727  -21.31271514   13.95148974 -102.04754448   -9.26746409 -132.07465863   15.22818916  -88.60054052	 0.02888997  0.14464876 -0.43808278  1.19611320 -0.69159851 -0.13320189  0.01585162  0.03295947 -0.32817454  0.82685873 -0.49684656 -0.03980918	 0.02375078  0.06879898 -1.27145980  0.32290328  0.28258303 -0.11028005  0.02860513  0.00230416  0.26558077 -0.02755106 -0.26505058 -0.01674723	 0.02111637  0.10174920 -1.37631384  0.41453193  0.27462121 -0.12900999  0.02287161  0.00015547  0.28877549 -0.02252797 -0.27353849 -0.00588936	0.19761046 0.04765523 3.90895942	-0.04582376  0.00896101 -0.02174677	-0.04532008  0.00915080 -0.02203264	-0.00217812  0.00020079 -0.99999761	0.35000000	0.00000000	0.00000000	-0.91599500	0.57109725	0.84122485	-1.14399552	0.53198266	1.02583122	-0.44657898	0.76225495	-1.16308451	0.59774762	0.32511398	-0.24384105	-0.15678988	0.01042136	0.63380092	0.13382104	0.74724174	-0.47243947	1.00193036	-0.07172719	0.47002894	-0.11776781	-0.34202465	0.69584697	
0.00849900	 3.74202107 -1.49772517 -5.96198693  0.04175811 -0.04234788  0.00764125	 -12.08000420  -17.66379515 -995.35696512  -64.50168253   -8.31937605    2.66325898	   8.28483886   10.18027425  -13.26370132    2.86269552   20.96386184  -21.21217844   13.23366436 -104.07773614  -10.29414944 -131.62920955   17.05972181  -88.48045254	 0.02901980  0.14539678 -0.44956582  1.19874321 -0.68865635 -0.13412636  0.01604008  0.03296850 -0.32569510  0.82668648 -0.49918262 -0.03988121	-0.00475133  0.06396341 -1.18993328  0.24070379  0.33176251 -0.07992360  0.01274039  0.02391837  0.26301833  0.00291597 -0.24774445 -0.00769570	 0.01388153  0.08323494 -1.33156128  0.28703357  0.35525711 -0.10495357  0.02209135  0.00295859  0.28858829 -0.01850291 -0.27228121 -0.01020141	0.19824141 0.04841353 3.90860389	-0.04768010  0.00850833 -0.02056297	-0.04710150  0.00864523 -0.02094474	-0.00210417  0.00059812 -0.99999761	0.35000000	0.00000000	0.00000000	-0.90124387	0.55440670	0.84123558	-1.15838706	0.57711864	1.01022148	-0.45513973	0.76659149	-1.17462671	0.62110984	0.32212922	-0.25048175	-0.15049905	0.00808357	0.61569995	0.13580975	0.73262656	-0.45874390	1.00574493	-0.05521118	0.46338290	-0.11823789	-0.36733460	0.72334599	
0.00850600	 3.19712737 -1.76484404 -5.35698316  0.05081674 -0.04825170  0.01483425	 -10.62407630  -18.74262434 -997.30068296  -64.67710716   -6.40872803    2.09190274	   8.80002130    9.47196221  -12.11646050    2.99998146   20.29471783  -21.26273867   12.71546868 -106.80081439  -10.80203099 -131.39239866   18.70103288  -88.21777678	 0.02911163  0.14596224 -0.46070854  1.20023085 -0.68504026 -0.13487199  0.01621340  0.03293184 -0.32317748  0.82648925 -0.50152444 -0.03994864	 0.02415493  0.03133027 -1.18259092  0.11060460  0.39456004 -0.07967035  0.01406867 -0.00776261  0.27854533 -0.00682547 -0.26281726 -0.00189032	 0.01066753  0.05946060 -1.28823204  0.15442081  0.42981236 -0.08503399  0.02055653 -0.00571873  0.29309904 -0.02173199 -0.27336405 -0.00694387	0.19899811 0.04980274 3.90830765	-0.04718357  0.00775775 -0.01965804	-0.04737761  0.00806469 -0.01993313	-0.00203463  0.00100231 -0.99999743	0.35000000	0.00000000	0.00000000	-0.88706648	0.54061806	0.83987236	-1.17561042	0.62241602	0.99369681	-0.46414331	0.77298933	-1.18348002	0.65076864	0.31783012	-0.25611311	-0.14499716	0.00771622	0.59742552	0.13731027	0.71811050	-0.44568613	1.00750923	-0.03631477	0.45415348	-0.12150463	-0.39091381	0.74439383	
0.00846200	 0.76533411 -2.01743414 -1.92941362  0.05737134 -0.03779390  0.02458983	   -8.09673644   -21.34554149 -1001.46088170   -65.03021204    -3.91341541     1.39045077	   9.03788389   10.20150757  -10.80219167    3.55557409   20.41950935  -21.02178848   12.04347313 -108.23586464  -11.99509772 -130.25984916   20.34973580  -89.23326576	 0.02917653  0.14634289 -0.47153761  1.20084671 -0.68077898 -0.13538226  0.01637682  0.03287119 -0.32062714  0.82630237 -0.50389457 -0.04001497	 0.02695432  0.03332172 -1.30141517  0.06408426  0.53825458 -0.06045977  0.02053231  0.00181202  0.33077427 -0.01585142 -0.28568255 -0.00796189	 0.00880660  0.03905188 -1.27468906  0.06567895  0.51322787 -0.05589992  0.01907873 -0.00883155  0.30248828 -0.02072001 -0.27977019 -0.00937815	0.20000178 0.05159296 3.90679389	-0.04646508  0.00452896 -0.01903377	-0.04662747  0.00567392 -0.01921005	-0.00198151  0.00139927 -0.99999706	0.35000000	0.00000000	0.00000000	-0.86865503	0.52805191	0.84281421	-1.19507957	0.66449821	0.98432004	-0.46447650	0.77682483	-1.19005775	0.67150050	0.31694451	-0.26105991	-0.13841514	0.00063254	0.57808602	0.13545716	0.70337957	-0.43709341	1.00902927	-0.01745943	0.44112524	-0.12272498	-0.41390893	0.77012402	
0.00803300	-0.07074468 -1.50829103 -1.14511158  0.03784884 -0.05704304  0.02051268	   -4.21766565   -23.69292676 -1004.80072763   -65.33721420    -1.00988926     0.63687184	   9.12391035    9.96457905   -8.91619384    2.37687360   18.88913897  -21.04958177   11.39430318 -110.69200873  -13.82850054 -130.17732063   22.83249271  -89.26887560	 0.02918309  0.14652446 -0.48153220  1.20101868 -0.67626083 -0.13566474  0.01653850  0.03276280 -0.31821798  0.82618993 -0.50614737 -0.04005980	-0.00582316  0.00973972 -1.26445947 -0.01639215  0.60264808 -0.02891702  0.02657735 -0.04295296  0.30590094  0.02251837 -0.29365984 -0.02594821	 0.00057305  0.01913591 -1.23630267  0.01416205  0.56908269 -0.03293395  0.02076826 -0.01568564  0.29946257 -0.01014033 -0.27948730 -0.00775117	0.20100972 0.05358250 3.90524837	-0.04547029  0.00116596 -0.01951038	-0.04559013  0.00225219 -0.01934466	-0.00196021  0.00176477 -0.99999652	0.35000000	0.00000000	0.00000000	-0.84444809	0.51752895	0.84426701	-1.20611155	0.70243531	0.97556162	-0.46816394	0.78329647	-1.18851733	0.69227284	0.32214120	-0.26432067	-0.13294345	0.00003237	0.55964494	0.13475791	0.68413180	-0.42871916	1.00792193	0.00150372	0.42726648	-0.12649228	-0.43591750	0.78306836	
0.00845600	 0.12346859 -0.60370063 -1.50883369  0.00246171 -0.06623051  0.01134200	   -3.84144858   -26.42453638 -1005.17243498   -65.39730333    -0.02508828     0.08617502	   9.49486354   10.19584489   -8.97046226   -0.22813558   18.06165312  -20.90007287   10.94417741 -112.03791499  -14.37258096 -130.27931425   23.57987724  -89.67874992	 0.02920029  0.14661115 -0.49194195  1.20076115 -0.67100689 -0.13578374  0.01669990  0.03261390 -0.31563684  0.82610218 -0.50860970 -0.04006707	 0.01215839  0.03038996 -1.22770695 -0.08541282  0.68145645 -0.00229625  0.00368849 -0.00819615  0.29799785  0.00791619 -0.30263246  0.00797443	 0.00265098  0.01033765 -1.22363136 -0.04243871  0.63186209 -0.01402599  0.02021359 -0.01841011  0.30465968 -0.00838478 -0.29355266 -0.00149853	0.20213188 0.05493520 3.90390517	-0.04690179 -0.00128154 -0.01950655	-0.04636143 -0.00051348 -0.01951985	-0.00196203  0.00215608 -0.99999575	0.35000000	0.00000000	0.00000000	-0.81867129	0.50650471	0.84753317	-1.21347141	0.74128854	0.96765167	-0.46406242	0.78331178	-1.18685651	0.71018690	0.32658041	-0.26775596	-0.12899326	-0.00692878	0.54376256	0.13473478	0.66616130	-0.42785820	1.00600350	0.01926943	0.41448107	-0.13142291	-0.46089986	0.80081618	
0.00803500	-0.03893674  0.07757713 -1.96154290 -0.02294371 -0.09209200 -0.00081840	   -0.46684701   -29.22094318 -1005.44629742   -65.50087099     2.66499762    -0.48190147	   9.19968389    8.48745281   -6.86520784   -2.50213382   16.79229015  -20.57490550   10.50500793 -113.98455620  -16.00188981 -129.68332079   26.24098974  -90.15060258	 0.02920955  0.14662958 -0.50149819  1.20000678 -0.66568070 -0.13583251  0.01686915  0.03245854 -0.31318043  0.82606407 -0.51094157 -0.04007021	 0.01953589 -0.00497232 -1.09453013 -0.12855603  0.62950738 -0.01424730  0.04038219 -0.02327820  0.26850025  0.00755363 -0.26096254  0.00160115	 0.00253264  0.00114359 -1.18258199 -0.10608925  0.66694192 -0.00659097  0.02292912 -0.02159038  0.30348222 -0.00345455 -0.28925890  0.00004620	0.20317299 0.05607312 3.90296960	-0.04853303 -0.00283336 -0.02038711	-0.04800290 -0.00234895 -0.02006114	-0.00197984  0.00253817 -0.99999482	0.35000000	0.00000000	0.00000000	-0.79304987	0.49521333	0.84414548	-1.21716976	0.77562660	0.96198952	-0.46767086	0.79228467	-1.17951536	0.73125631	0.33647004	-0.26335344	-0.12251399	-0.00985907	0.52450013	0.13607919	0.64660764	-0.42478293	1.00396442	0.04026494	0.40383932	-0.13600428	-0.48285916	0.81675261	
0.00800500	-0.23737505  0.50655734 -2.39669642 -0.03883135 -0.10227207 -0.00456150	    0.21209057   -31.42131795 -1003.62769075   -65.40747518     3.53166313    -1.28955614	   8.84251289    7.02764216   -6.12619707   -4.20992110   17.34726150  -19.90120520    9.71267868 -115.08209968  -16.56253979 -129.28832591   26.54888391  -90.31349361	 0.02920703  0.14665856 -0.51071326  1.19866275 -0.65999584 -0.13585007  0.01703441  0.03229536 -0.31071299  0.82605589 -0.51330831 -0.04007462	 0.00182903  0.02549840 -1.03308444 -0.19682708  0.66317649  0.00415312  0.01827041 -0.01920361  0.30299057  0.01837260 -0.25936175  0.00163553	 0.00033732  0.00399976 -1.13801290 -0.18044072  0.70984508 -0.00392362  0.02269730 -0.02227770  0.30646665  0.00099161 -0.29327412  0.00104593	0.20432670 0.05715932 3.90217465	-0.04973564 -0.00390102 -0.02054468	-0.04933809 -0.00354485 -0.02050888	-0.00200759  0.00293138 -0.99999369	0.35000000	0.00000000	0.00000000	-0.76659679	0.47600803	0.84247273	-1.21566594	0.81197995	0.95368314	-0.46973780	0.79390985	-1.17762721	0.75270367	0.34533057	-0.25929686	-0.11637491	-0.01346212	0.50613636	0.13819709	0.62832183	-0.42890126	1.00378776	0.06397073	0.39753971	-0.14271979	-0.50346053	0.83793235	
0.00845300	-0.44131373  0.81551958 -2.76146251 -0.04949768 -0.11805972 -0.01103072	    1.85899504   -33.08424004 -1002.28054032   -65.37111412     5.20623395    -1.70034877	   8.81747792    3.92156383   -4.81270518   -5.67323041   16.82313283  -19.08513850    9.47574276 -115.85971212  -17.65443935 -129.30707613   28.07989606  -90.00802469	 0.02919801  0.14666073 -0.52012770  1.19650579 -0.65357329 -0.13585113  0.01721492  0.03210027 -0.30808178  0.82603331 -0.51585578 -0.04008742	-0.02906092  0.02387373 -1.15842906 -0.34861997  0.82675530  0.00935999  0.04486879 -0.02730040  0.31499864  0.00533651 -0.31718844 -0.00620038	-0.00242791  0.00251749 -1.10744170 -0.27291325  0.76894637 -0.00004341  0.02399856 -0.02549833  0.31184451 -0.00256975 -0.30232870 -0.00277833	0.20558064 0.05841518 3.90148872	-0.05052055 -0.00444604 -0.02127447	-0.05028093 -0.00427627 -0.02103592	-0.00204399  0.00335755 -0.99999227	0.35000000	0.00000000	0.00000000	-0.74408501	0.45788118	0.84175366	-1.21911907	0.84984690	0.94479400	-0.47301820	0.80059552	-1.17679155	0.77994233	0.35197213	-0.25420204	-0.11314365	-0.01650573	0.48991907	0.13758904	0.60595667	-0.42942399	1.00041151	0.08859168	0.39088103	-0.14998180	-0.52399540	0.86232287	
0.00851900	-1.06977051  0.99808464 -3.08825366 -0.05542981 -0.14679690 -0.01469158	    5.28329230   -34.22103275 -1000.24480167   -65.31349898     7.61317830    -2.85244698	   8.67797506    1.34059879   -2.00275468   -6.42606479   16.31670226  -18.39291346    8.27744535 -116.19979095  -19.48593558 -128.60138053   29.97250208  -89.57476997	 0.02921448  0.14666050 -0.52907068  1.19351956 -0.64679841 -0.13586308  0.01739234  0.03188638 -0.30541288  0.82602753 -0.51842088 -0.04007458	 0.00673284  0.01803564 -0.97313059 -0.40893487  0.75427956 -0.00306334  0.02038138 -0.04324027  0.32890463 -0.01609724 -0.28071764  0.01700466	 0.00234271  0.00142593 -1.04171664 -0.37055064  0.80242383 -0.00160977  0.02189544 -0.02741503  0.31609333 -0.00285484 -0.30227341  0.00092366	0.20690186 0.05973636 3.90086565	-0.05087834 -0.00485548 -0.02201320	-0.05077542 -0.00472327 -0.02178791	-0.00208429  0.00378842 -0.99999065	0.35000000	0.00000000	0.00000000	-0.71843171	0.43585649	0.83433092	-1.21668112	0.88339782	0.93654639	-0.48447186	0.80902088	-1.17106318	0.80823773	0.36060235	-0.24505842	-0.10615766	-0.01833669	0.47434887	0.14128467	0.58389568	-0.42925936	0.99822640	0.11948462	0.38669899	-0.15507184	-0.54304636	0.88572854	
0.00847300	-1.62351324  0.10392833 -3.27174678 -0.02385385 -0.15769201 -0.00143225	    6.78914752   -34.61768492 -1001.94694888   -65.47268137     9.15177714    -3.47711253	   7.96372486   -2.11197382   -0.59317906   -6.58575712   17.09509653  -17.27130859    7.73266777 -116.47820950  -20.61949221 -128.43355012   31.20818076  -89.25955510	 0.02920811  0.14663093 -0.53746822  1.18966562 -0.63965942 -0.13584973  0.01759111  0.03162488 -0.30275626  0.82603221 -0.52101956 -0.04008264	 0.01404270 -0.00717354 -0.97702534 -0.54678583  0.88901300  0.03912715  0.05776234 -0.02224622  0.30323526 -0.00348573 -0.33719938  0.00553271	 0.00072471 -0.00366656 -0.98682176 -0.47784581  0.85499082  0.00291691  0.02708497 -0.03333366  0.31474417 -0.00062310 -0.31034000 -0.00074819	0.20829369 0.06200125 3.90054587	-0.04781004 -0.00506629 -0.02280015	-0.04882743 -0.00499136 -0.02256083	-0.00212728  0.00420835 -0.99998888	0.35000000	0.00000000	0.00000000	-0.69175547	0.41291177	0.82780594	-1.21563160	0.92141891	0.92716098	-0.49679077	0.81511968	-1.17136240	0.84156734	0.36553922	-0.23585334	-0.10074134	-0.01924945	0.45598373	0.14317212	0.56504732	-0.42785254	0.99651206	0.14982927	0.38183665	-0.16356452	-0.55960393	0.90883464	
0.00805900	-2.16344302 -0.64391552 -3.43485151  0.00330077 -0.18214311  0.00968957	    9.23414759   -34.30709876 -1003.76203874   -65.65415273    11.06247834    -4.67293698	   7.72985799   -4.50674543    1.95319285   -6.70952569   16.18472233  -16.34568647    6.36899083 -116.04245281  -22.18148235 -129.29494920   32.79942602  -88.72982037	 0.02920310  0.14647870 -0.54483349  1.18520914 -0.63260954 -0.13586427  0.01775850  0.03129743 -0.30019826  0.82603089 -0.52346713 -0.04007180	-0.01481329 -0.02427192 -0.92937686 -0.66233747  0.96023705 -0.00192703 -0.00005426 -0.04943373  0.36345280 -0.01394318 -0.32754478  0.00853882	-0.00158167 -0.01983123 -0.90740911 -0.57237466  0.88563122 -0.00113253  0.02026609 -0.04256911  0.32053337 -0.00096927 -0.30620039  0.00157614	0.20976612 0.06476083 3.90057133	-0.04283093 -0.00553089 -0.02271313	-0.04449836 -0.00536637 -0.02276015	-0.00217041  0.00457013 -0.99998720	0.35000000	0.00000000	0.00000000	-0.66260237	0.39319703	0.81803304	-1.21279263	0.95547009	0.91863614	-0.51295298	0.82389122	-1.16761613	0.87465364	0.36995584	-0.23192066	-0.09257159	-0.01511059	0.44050434	0.14338660	0.54291213	-0.42457354	0.99209774	0.18307583	0.37720081	-0.17214145	-0.57206011	0.92484349	
0.00846500	-2.57804220 -1.16072112 -3.48119683  0.02192058 -0.18903718  0.01699685	    9.74924976   -34.08475146 -1004.96083434   -65.75959205    11.87781165    -4.79698476	   7.54487140   -6.04140249    2.67846579   -6.50764753   16.50252083  -14.61753438    6.44855789 -115.48241448  -23.30364840 -129.35345644   33.40598819  -88.26299405	 0.02920118  0.14616036 -0.55205546  1.17956622 -0.62480264 -0.13585516  0.01796865  0.03083616 -0.29749280  0.82603987 -0.52610448 -0.04006928	 0.00797830 -0.03832611 -0.81373464 -0.72048951  0.98011321 -0.00540827  0.02544770 -0.08061216  0.31339104 -0.00258939 -0.30611193  0.01529647	-0.00159467 -0.04112681 -0.84064171 -0.68554094  0.92984733  0.00110406  0.02529981 -0.05736519  0.31976163  0.00109631 -0.31160417  0.00237049	0.21137844 0.06828084 3.90082495	-0.03641844 -0.00556342 -0.02316967	-0.03843995 -0.00554917 -0.02302661	-0.00221865  0.00490537 -0.99998551	0.35000000	0.00000000	0.00000000	-0.63361424	0.37683290	0.80313194	-1.21204591	0.99348873	0.90714234	-0.53264320	0.83003914	-1.17044580	0.90783256	0.36706099	-0.22739312	-0.08633019	-0.01531618	0.42674673	0.14404961	0.52675265	-0.41869947	0.98954105	0.21530859	0.36925265	-0.18222648	-0.58358872	0.93846351	
0.00848800	-3.10098189 -1.31477074 -3.61649777  0.02810945 -0.21015471  0.02209310	   11.16621925   -34.13683607 -1004.03857255   -65.74441511    13.21286935    -6.16961560	   7.09399077   -6.37729567    4.83311683   -6.51546424   15.80042195  -12.93217422    4.84883728 -114.85032392  -24.51468769 -130.22165969   34.41957378  -88.22543502	 0.02920651  0.14566067 -0.55859123  1.17298451 -0.61669759 -0.13586822  0.01815179  0.03027359 -0.29473152  0.82604222 -0.52876505 -0.04007436	 0.00188915 -0.07542070 -0.75174835 -0.85738647  0.98315661 -0.00094076  0.00697367 -0.08677337  0.35795617  0.03333993 -0.29102003  0.01201082	-0.00010902 -0.06332889 -0.76450402 -0.80192028  0.96839370 -0.00159873  0.02239472 -0.07031791  0.32880767  0.00241737 -0.31595709  0.00087297	0.21324034 0.07192201 3.90110230	-0.02999715 -0.00606688 -0.02196769	-0.03202926 -0.00588994 -0.02238282	-0.00226885  0.00518563 -0.99998398	0.35000000	0.00000000	0.00000000	-0.60431129	0.36187372	0.78677809	-1.21059155	1.02993417	0.89788979	-0.55088907	0.83680063	-1.17284191	0.93957198	0.36230281	-0.22671613	-0.07940136	-0.01514024	0.41511264	0.14324522	0.51081741	-0.40905982	0.98356318	0.25193146	0.36184111	-0.19131893	-0.59509671	0.95277679	
0.00804600	-3.89144666 -1.46566200 -3.50331251  0.03369031 -0.22607645  0.02530969	   13.60023491   -34.48407118 -1004.60483138   -65.83150256    14.86381578    -6.87566160	   6.94708262   -6.73830101    6.58156884   -5.23834286   16.02733487  -10.88888642    4.25533698 -114.65205407  -26.39847324 -130.79038480   35.87059048  -87.99396610	 0.02920254  0.14500519 -0.56408934  1.16591468 -0.60877733 -0.13586903  0.01832972  0.02963503 -0.29211415  0.82603431 -0.53130841 -0.04006781	-0.02185429 -0.11434996 -0.67623796 -0.93276794  1.03149231 -0.01284453  0.04709757 -0.11510399  0.35610300 -0.01383410 -0.30391942  0.00608328	-0.00198773 -0.08554651 -0.67466150 -0.89300916  0.98960980 -0.00245526  0.02325031 -0.08306846  0.32635527  0.00007704 -0.31504061  0.00328664	0.21499501 0.07565562 3.90143524	-0.02380547 -0.00617981 -0.02094562	-0.02585543 -0.00614359 -0.02128374	-0.00231897  0.00539902 -0.99998274	0.35000000	0.00000000	0.00000000	-0.57069439	0.34623942	0.76663655	-1.20492673	1.06205833	0.89042199	-0.57371587	0.84361374	-1.17478812	0.96710068	0.36054510	-0.22332641	-0.07042520	-0.01131206	0.40133885	0.14271003	0.49404258	-0.40155315	0.98009598	0.28661370	0.35276669	-0.20068835	-0.60272670	0.96170563	
0.00800000	-4.28639601 -1.53251197 -3.49112555  0.03657775 -0.23504684  0.02946816	   13.63409873   -34.85248182 -1005.89499784   -65.92125437    15.13641360    -7.69814699	   6.78628868   -6.84713042    7.54485204   -5.07643165   15.89230657   -8.85994051    3.38367358 -114.34107685  -27.04764277 -132.05064595   36.04053864  -87.92046082	 0.02919706  0.14419382 -0.56893114  1.15802534 -0.60061467 -0.13585925  0.01848752  0.02889782 -0.28945763  0.82601418 -0.53386153 -0.04006773	-0.02410541 -0.08044439 -0.58872796 -1.04371312  1.05635652  0.01415104  0.04257200 -0.10830905  0.33408666  0.00412484 -0.30196950  0.03831366	-0.00246245 -0.10121569 -0.59157388 -0.99331449  1.01796534  0.00032282  0.02173748 -0.09539616  0.33088351 -0.00283153 -0.31531847  0.00333355	0.21698470 0.07948577 3.90192231	-0.01784675 -0.00641937 -0.01871317	-0.01980313 -0.00631535 -0.01948135	-0.00237002  0.00556360 -0.99998171	0.35000000	0.00000000	0.00000000	-0.53766412	0.33127946	0.74665028	-1.19726086	1.09608817	0.88290614	-0.59139633	0.84781671	-1.17819977	0.99539590	0.35490429	-0.22387686	-0.06262773	-0.00831997	0.38973492	0.14109465	0.47937012	-0.39521068	0.97419739	0.32164520	0.34498268	-0.21090150	-0.61078191	0.97112280	
0.00849500	-4.85125389 -1.75152470 -3.30695499  0.04504742 -0.24738866  0.03452569	   13.69943978   -34.74792577 -1008.91989837   -66.12865478    15.36933250    -8.30538465	   6.80820373   -7.37906709    8.89472063   -3.93811718   15.45406003   -7.03419345    2.81389174 -113.67527294  -28.56313195 -133.21960205   36.50118238  -87.68133366	 0.02919561  0.14311888 -0.57332468  1.14873417 -0.59168113 -0.13586267  0.01863119  0.02800844 -0.28657828  0.82592403 -0.53660734 -0.04006804	-0.02835964 -0.12007449 -0.41976053 -1.05985961  0.99254170 -0.00788248  0.02507672 -0.09335437  0.31332653 -0.04607735 -0.30679840  0.02515526	-0.00308464 -0.12841425 -0.49741057 -1.10304504  1.04818820 -0.00081368  0.01673625 -0.10620884  0.33787399 -0.01241451 -0.32198520  0.00273743	0.21934857 0.08368426 3.90269503	-0.01198116 -0.00677800 -0.01574356	-0.01379743 -0.00664580 -0.01668553	-0.00242684  0.00568837 -0.99998088	0.35000000	0.00000000	0.00000000	-0.50743073	0.31851012	0.72567278	-1.19581723	1.12901163	0.87174612	-0.61308283	0.85437661	-1.18566036	1.02432597	0.34456873	-0.22671741	-0.05320784	-0.00111526	0.37959844	0.13933820	0.46240515	-0.38361973	0.96662241	0.35926509	0.33813995	-0.22107613	-0.61464536	0.97986042	
0.00847300	-5.63651443 -1.64445846 -2.90350838  0.04205574 -0.26108368  0.03422463	   14.77247130   -35.17230504 -1011.86304673   -66.34909925    16.25037375    -8.94950699	   6.90681776   -6.64078313   10.32160110   -1.76119327   15.01206878   -4.81784042    2.23683796 -113.37757087  -30.27433234 -134.26273271   37.58736992  -87.36995780	 0.02921476  0.14185604 -0.57697557  1.13857954 -0.58251386 -0.13585106  0.01875666  0.02701491 -0.28361978  0.82579990 -0.53934343 -0.04007107	-0.00136846 -0.17191578 -0.40787601 -1.28252204  1.10837974  0.01360989  0.03041205 -0.12437228  0.37386348 -0.03367742 -0.29417559  0.00864702	 0.00286099 -0.15266593 -0.41798777 -1.21664628  1.08706768  0.00317160  0.01628832 -0.11948699  0.35204730 -0.01768423 -0.32145147  0.00181138	0.22187280 0.08783668 3.90361376	-0.00742001 -0.00711607 -0.01269200	-0.00883857 -0.00699306 -0.01366392	-0.00248657  0.00576881 -0.99998027	0.35000000	0.00000000	0.00000000	-0.47856241	0.30463624	0.70313680	-1.19538724	1.15974629	0.86402571	-0.63513100	0.86103129	-1.19478190	1.05253220	0.33086109	-0.22787717	-0.04573783	0.00084895	0.37273526	0.13591415	0.44759390	-0.36818269	0.95817894	0.39776048	0.32860395	-0.22865936	-0.62084162	0.99038732	
0.00800000	-6.50339194 -1.51928885 -2.59851278  0.03832939 -0.27907332  0.03499366	   16.20002139   -35.92660344 -1013.03900104   -66.45247111    17.04580932   -10.05002581	   6.67584938   -6.01130784   12.15810875    0.27267435   14.66345076   -2.84948919    1.10590724 -113.25474811  -32.21872532 -135.09468439   38.22501460  -87.37235224	 0.02920415  0.14053163 -0.57966501  1.12827668 -0.57370811 -0.13585445  0.01883117  0.02598913 -0.28076095  0.82560702 -0.54193366 -0.04007762	 0.01082984 -0.15222625 -0.30458034 -1.35930478  1.13093419 -0.00087865  0.01060557 -0.14852099  0.41324603 -0.04522055 -0.31009207 -0.01040624	-0.00061421 -0.16631433 -0.32520533 -1.29948566  1.10290560  0.00167185  0.00865075 -0.13098206  0.36196210 -0.02625672 -0.32198778 -0.00007621	0.22442157 0.09167951 3.90448108	-0.00397950 -0.00750856 -0.00903551	-0.00512178 -0.00736341 -0.01027252	-0.00254555  0.00581303 -0.99997986	0.35000000	0.00000000	0.00000000	-0.44638097	0.28951052	0.68149370	-1.19110513	1.18721032	0.85908413	-0.65292996	0.86537874	-1.19946361	1.07440555	0.32283011	-0.22865051	-0.03632764	0.00696852	0.36366296	0.13314623	0.42874837	-0.36080194	0.95007473	0.43719298	0.32053149	-0.23749015	-0.62321067	0.99953681	
0.00801800	-7.14186930 -1.63473224 -2.42848917  0.04318352 -0.28830516  0.03725719	   16.75720792   -36.39403444 -1015.14552403   -66.60286804    17.46563951   -10.20107578	   7.33054647   -6.37431309   13.13772979    1.45066374   14.88692164   -0.77833374    1.20347395 -112.95033240  -33.75492644 -136.18328241   38.67142707  -87.22713256	 0.02920659  0.13906260 -0.58169255  1.11729485 -0.56474399 -0.13585598  0.01890125  0.02490105 -0.27783985  0.82535658 -0.54451694 -0.04007829	 0.00051620 -0.17562382 -0.22697205 -1.38912025  1.13959578  0.02558358  0.02110153 -0.15500906  0.39841651 -0.02679563 -0.30484151 -0.00021854	 0.00060846 -0.18388451 -0.24212220 -1.37949371  1.11998478  0.00109116  0.00941374 -0.13958101  0.36981819 -0.03293215 -0.32121529 -0.00023245	0.22707702 0.09573704 3.90549868	-0.00066937 -0.00758964 -0.00598428	-0.00177430 -0.00755201 -0.00699761	-0.00260636  0.00583068 -0.99997960	0.35000000	0.00000000	0.00000000	-0.41406024	0.27600399	0.65872741	-1.18468034	1.21375084	0.85365659	-0.67301208	0.87008798	-1.20397174	1.09685731	0.31499305	-0.22704446	-0.02699028	0.01275025	0.35583150	0.13014373	0.41263798	-0.35209692	0.94178981	0.47503230	0.31194875	-0.24775119	-0.62335217	1.00653362	
0.00847800	-7.79045519 -1.64785479 -2.12817690  0.04484787 -0.29892138  0.03783194	   16.79677495   -36.82451949 -1018.33127548   -66.81250958    17.58013288   -10.37293134	   7.22715519   -6.18323049   14.25344711    3.14765882   14.51401256    1.39621093    0.18847750 -112.53184724  -35.09538305 -137.82330227   38.98325121  -86.84925663	 0.02920216  0.13734994 -0.58305740  1.10494011 -0.55505047 -0.13586567  0.01893215  0.02366057 -0.27466114  0.82497943 -0.54725947 -0.04008519	-0.02465967 -0.22570905 -0.13893764 -1.54257235  1.17934326 -0.01336155  0.03030292 -0.16748570  0.39821732 -0.07095973 -0.35226054 -0.00694620	-0.00185989 -0.20383066 -0.14893409 -1.47241808  1.14780970 -0.00216676  0.00540428 -0.15004584  0.37819429 -0.04639944 -0.32575996 -0.00249283	0.23015837 0.10006530 3.90677317	 0.00200194 -0.00779509 -0.00280291	 0.00116062 -0.00770909 -0.00366273	-0.00267179  0.00582397 -0.99997947	0.35000000	0.00000000	0.00000000	-0.38418543	0.26263696	0.63509762	-1.18094146	1.24052310	0.84502447	-0.69153011	0.87470210	-1.21406996	1.12120891	0.30007344	-0.22997576	-0.01854067	0.02026452	0.34959838	0.12550974	0.39462700	-0.33915669	0.93230700	0.51623315	0.30529213	-0.25844383	-0.62293124	1.01389897	
0.00848600	-6.56164890 -1.52357613 -0.98755925  0.04261912 -0.23678046  0.03167423	   13.83651861   -37.43248066 -1024.56321350   -67.19141907    16.87735726    -8.28809113	   7.87188780   -5.41523561   15.72847060    5.34439960   13.87577739    3.63667638   -0.16339795 -112.26404190  -37.20718613 -138.55692080   39.29711312  -86.72513175	 0.02920248  0.13549769 -0.58369334  1.09195849 -0.54520792 -0.13587020  0.01893575  0.02236814 -0.27139569  0.82449869 -0.54997264 -0.04007086	 0.00973687 -0.22995843 -0.05717529 -1.58920625  1.21293176 -0.01082020 -0.02647554 -0.15634243  0.40321538 -0.06730192 -0.32734610  0.03171368	-0.00099770 -0.22274207 -0.06726511 -1.54955691  1.17216916 -0.00378579 -0.00084752 -0.15411580  0.38735752 -0.05939839 -0.32410943  0.00271530	0.23180969 0.10436560 3.90849168	 0.00288637 -0.00129877 -0.00127870	 0.00272958 -0.00425338 -0.00173201	-0.00272038  0.00580108 -0.99997947	0.35000000	0.00000000	0.00000000	-0.35123095	0.24790548	0.61327434	-1.17654729	1.26347625	0.83872491	-0.70946413	0.87954170	-1.21986890	1.13938189	0.28992933	-0.23200080	-0.01080704	0.02537268	0.34329134	0.11956150	0.37544200	-0.32860085	0.91950828	0.55618995	0.29671288	-0.26706910	-0.62184155	1.02179182	
0.00802500	-5.68494626 -1.72125094  0.26531957  0.05123069 -0.18189515  0.03351455	    9.41788358   -38.40353821 -1034.43442104   -67.82487338    16.59040555    -6.56828284	   7.92536545   -5.78625435   18.18055211    8.16628734   13.19839384    6.03519529   -0.48007537 -112.68328762  -36.89112227 -138.96491250   40.52520311  -86.64770830	 0.02921550  0.13367480 -0.58392875  1.07940219 -0.53587546 -0.13585386  0.01894138  0.02109390 -0.26838714  0.82395301 -0.55247651 -0.04007438	 0.02415003 -0.22244790 -0.00425589 -1.49526776  1.09393348 -0.00234449 -0.02426190 -0.13008830  0.32666059 -0.06081541 -0.30566060 -0.00196968	 0.00352951 -0.23079853 -0.02603485 -1.57074472  1.16602563  0.00037887 -0.00164409 -0.15837155  0.37223013 -0.06973933 -0.31171870  0.00135451	0.23136539 0.10850163 3.91091441	 0.00267576  0.01240230 -0.00041870	 0.00274202  0.00794376 -0.00068510	-0.00267297  0.00577874 -0.99997973	0.35000000	0.00000000	0.00000000	-0.30640253	0.23043735	0.59178340	-1.15713143	1.28011489	0.84751421	-0.71688980	0.88673240	-1.21338046	1.15724564	0.29581848	-0.22806337	-0.00259633	0.03008835	0.33893088	0.11245792	0.36057359	-0.32711774	0.90968162	0.58853394	0.28003293	-0.27638286	-0.62352431	1.02269280	
0.00802700	-6.46477166 -1.99607121  0.10880127  0.06185627 -0.20372573  0.04047517	    5.70391271   -39.50852128 -1037.60960311   -68.01798940    16.00888300    -6.61679295	   7.77777934   -6.85659587   23.06916451    7.99234825   13.17237018    7.91164297   -1.11107664 -112.79516530  -34.33116524 -139.77328214   40.39791897  -86.37259531	 0.02920506  0.13174877 -0.58384966  1.06660999 -0.52645035 -0.13585810  0.01895381  0.01975931 -0.26540855  0.82330943 -0.55494308 -0.04006959	 0.01471274 -0.22927721  0.03670687 -1.48365254  1.10292738 -0.01165099  0.01169391 -0.15280353  0.34300558 -0.07409221 -0.28922034 -0.00011656	-0.00022252 -0.23953006  0.01908021 -1.59057733  1.17070117 -0.00026890  0.00107714 -0.16641310  0.36898964 -0.08262872 -0.30586251  0.00240460	0.23244275 0.11305606 3.91331508	 0.00368461  0.01925737 -0.00004320	 0.00332696  0.01713056 -0.00015633	-0.00254094  0.00575374 -0.99998022	0.35000000	0.00000000	0.00000000	-0.26812676	0.21575141	0.57498908	-1.13643658	1.29951811	0.85318232	-0.71811682	0.89612740	-1.20783973	1.18180168	0.30348152	-0.23030099	0.00807738	0.03471103	0.33948943	0.10111911	0.34838101	-0.32653168	0.90340739	0.63021106	0.26229098	-0.28804010	-0.61998677	1.02301455	
0.00847600	-6.94272438 -2.03827853  0.00384490  0.06560744 -0.22833461  0.04103100	    4.06082923   -39.67641128 -1036.55463797   -67.94414697    15.78130952    -6.87370651	   8.24716173   -6.92452902   25.51579957    8.31502301   11.68508725    9.80087603   -1.68818562 -111.57629251  -34.44398949 -140.03781787   40.37953278  -86.09342563	 0.02919619  0.12955128 -0.58331247  1.05270682 -0.51643328 -0.13585075  0.01896166  0.01830648 -0.26218301  0.82247873 -0.55750364 -0.04008596	-0.01320079 -0.24483706  0.08192390 -1.57629997  1.11052088  0.02978452  0.01373865 -0.15528164  0.36271978 -0.09557713 -0.26258862 -0.02729463	-0.00254554 -0.25951309  0.07301641 -1.63993327  1.17628139  0.00363904  0.00282874 -0.17133681  0.38151998 -0.10027281 -0.29842353 -0.00223065	0.23451123 0.11789215 3.91564374	0.00423263 0.02293297 0.00010893	0.00406304 0.02183687 0.00006874	-0.00235928  0.00571968 -0.99998086	0.35000000	0.00000000	0.00000000	-0.23450643	0.20589386	0.55390245	-1.12300611	1.31687081	0.85301483	-0.72431839	0.90582609	-1.20343995	1.20241606	0.29743502	-0.23236898	0.01910236	0.03796767	0.34086177	0.09078143	0.33275524	-0.31918487	0.89223504	0.67161232	0.24937862	-0.29752898	-0.61550629	1.02353978	
0.00801400	-7.88169770 -1.87299038  0.14392088  0.06121919 -0.24795823  0.04083564	    3.25570549   -41.01783798 -1033.50373777   -67.74947665    15.82586740    -7.42147067	   8.39546113   -6.29454035   27.83002517   10.48943170   11.65695883   11.84767447   -2.56884560 -111.41331244  -34.81657717 -139.66302016   40.27511394  -85.28307664	 0.02919886  0.12738187 -0.58230278  1.03936861 -0.50702221 -0.13586939  0.01896581  0.01687587 -0.25908024  0.82155126 -0.55988988 -0.04006955	 0.00079104 -0.25970114  0.12787663 -1.56831790  1.09122475 -0.02539903  0.02014988 -0.13615572  0.33872200 -0.11283130 -0.26774722  0.01167221	-0.00138454 -0.27243138  0.13194001 -1.66042262  1.16873934 -0.00289448  0.00252569 -0.17588844  0.38630115 -0.11678669 -0.29378504  0.00351396	0.23717436 0.12248542 3.91730159	0.00450596 0.02371534 0.00012282	0.00440615 0.02350262 0.00012222	-0.00217120  0.00568466 -0.99998149	0.35000000	0.00000000	0.00000000	-0.19875838	0.18969575	0.53229135	-1.10241950	1.32874811	0.85420692	-0.73242748	0.91244543	-1.19909024	1.21841979	0.29660341	-0.22844332	0.03110522	0.04289851	0.34193352	0.08207690	0.31905782	-0.31563920	0.88378161	0.71290678	0.23636350	-0.30790603	-0.61015809	1.02224648	
0.00847700	-8.35872764 -1.83701349  0.20309893  0.06191078 -0.26201242  0.04127840	    1.57705301   -42.38556756 -1034.06560167   -67.77083224    15.28859280    -7.63480325	   8.32287945   -6.31870613   29.16049810   11.19982347   11.02235591   14.41244386   -2.76720750 -111.37285781  -35.30945088 -140.59865358   39.99726686  -85.09259021	 0.02920000  0.12497456 -0.58064842  1.02498319 -0.49709495 -0.13586131  0.01896932  0.01529282 -0.25563272  0.82039761 -0.56238632 -0.04007847	-0.01525892 -0.33168223  0.23343192 -1.79300643  1.20675226 -0.01181867  0.01557631 -0.18938306  0.41823308 -0.15937101 -0.30528506 -0.00567875	-0.00089526 -0.28938465  0.20714147 -1.70680193  1.17424712 -0.00034865  0.00328703 -0.18842903  0.40808967 -0.13906818 -0.29275342  0.00025824	0.24066245 0.12751765 3.91896797	0.00494856 0.02288611 0.00007111	0.00479370 0.02318712 0.00008769	-0.00197251  0.00564455 -0.99998212	0.35000000	0.00000000	0.00000000	-0.16794151	0.17859125	0.50794315	-1.09059715	1.34317172	0.85099840	-0.74273789	0.92192858	-1.19973445	1.23805308	0.28398713	-0.22571582	0.04070671	0.04607632	0.34001991	0.07164214	0.30499634	-0.30632284	0.87246454	0.75709409	0.22441545	-0.31870744	-0.60416687	1.02148056	
0.00802000	-8.92174865 -1.43138957  0.35976922  0.04986022 -0.27293634  0.03568382	    1.83041394   -43.44154706 -1027.92734658   -67.39042895    15.82228905    -8.13024699	   8.34833124   -4.84558576   29.50572329   13.21276988   10.69788920   16.22368516   -3.25734133 -110.50599074  -36.85775194 -139.05034357   40.16789648  -85.04657149	 0.02920003  0.12261778 -0.57858039  1.01127374 -0.48785745 -0.13586771  0.01896115  0.01377313 -0.25226991  0.81915929 -0.56472153 -0.04007458	-0.01765662 -0.27203371  0.26254757 -1.58351168  1.05440377 -0.01118444 -0.00214711 -0.17149217  0.37615365 -0.14659868 -0.24469546  0.02318167	-0.00179777 -0.29541614  0.26664182 -1.70715951  1.14693992 -0.00222426  0.00027056 -0.18966965  0.41901447 -0.15787934 -0.28953584  0.00151328	0.24396920 0.13201136 3.91989604	0.00405841 0.02247602 0.00001649	0.00435663 0.02261658 0.00003590	-0.00179136  0.00560818 -0.99998267	0.35000000	0.00000000	0.00000000	-0.13280754	0.16570462	0.48259529	-1.07068443	1.34849727	0.85413706	-0.74727476	0.92527193	-1.18907225	1.24420953	0.27987152	-0.21648073	0.05413450	0.04966383	0.33645836	0.06539617	0.28738353	-0.30652183	0.86276734	0.79451793	0.21433115	-0.32766110	-0.59727800	1.02049088	
0.00801100	-9.24152033 -1.62953629  0.43250363  0.05828260 -0.27655149  0.04069403	    0.23712237   -45.25574692 -1029.69528067   -67.50883441    15.88273893    -8.13785450	   8.20791287   -5.90672716   30.01194710   13.71403899   10.83970150   18.61542426   -2.87736489 -111.13826799  -36.83426926 -139.59881982   40.57222384  -84.39872766	 0.02919994  0.12020198 -0.57602316  0.99746671 -0.47870126 -0.13585049  0.01896199  0.01220645 -0.24877031  0.81781372 -0.56702525 -0.04008899	-0.00626275 -0.26864273  0.31505505 -1.55153633  1.03571322  0.02215288 -0.01279763 -0.18710718  0.40396630 -0.14636683 -0.24702782 -0.02248755	-0.00113708 -0.30101664  0.32504324 -1.70966352  1.13089216  0.00314703 -0.00058914 -0.19520089  0.43684614 -0.16991974 -0.28363782 -0.00371514	0.24767913 0.13694114 3.92083663	 0.00456508  0.02121137 -0.00006235	 0.00436466  0.02166091 -0.00003821	-0.00161632  0.00557441 -0.99998316	0.35000000	0.00000000	0.00000000	-0.10132752	0.15059541	0.46049812	-1.05178440	1.35475373	0.85651392	-0.75346941	0.93306571	-1.18202007	1.25753272	0.27488860	-0.20551169	0.06422094	0.05576141	0.33264214	0.05387429	0.27286333	-0.30244142	0.85236061	0.83169609	0.20153585	-0.33927637	-0.59009826	1.01804340	
0.00845300	-9.36912131 -1.57129981  0.59553022  0.05883194 -0.27731209  0.04011561	   -0.92372892   -45.80368569 -1028.77669238   -67.45614998    16.13799598    -8.04112700	   7.81766956   -5.62216109   29.37343138   14.73004126   10.30356044   20.15775016   -2.74998409 -110.00593257  -37.59954911 -139.32257921   41.02682045  -83.57543683	 0.02919971  0.11752766 -0.57274555  0.98271375 -0.46910068 -0.13585321  0.01896678  0.01049485 -0.24493783  0.81623540 -0.56947295 -0.04007091	-0.01358380 -0.32223468  0.43334079 -1.70358402  1.12047016  0.00480473  0.00548726 -0.19690033  0.45213627 -0.19222013 -0.29863694  0.01505644	-0.00102731 -0.31647947  0.39826198 -1.73938434  1.12892607  0.00211738  0.00061741 -0.20216501  0.45483470 -0.18852947 -0.28857457  0.00209328	0.25167299 0.14209302 3.92169688	 0.00417980  0.02048433 -0.00013865	 0.00430782  0.02072232 -0.00011366	-0.00143952  0.00553685 -0.99998364	0.35000000	0.00000000	0.00000000	-0.07699647	0.14025730	0.43564871	-1.04170454	1.36016560	0.85153162	-0.76333886	0.93728882	-1.17948830	1.27290511	0.25681815	-0.19665283	0.07449415	0.05958602	0.33319184	0.04619066	0.25464419	-0.29081032	0.84197044	0.87268281	0.19416186	-0.34964871	-0.58142269	1.01738584	
0.00802500	-9.72747070 -1.22218955  0.95273763  0.05145945 -0.27987196  0.03511565	   -0.92623419   -46.96788534 -1027.39832485   -67.41153937    17.52019401    -8.25267103	   7.66182158   -4.94450808   28.90787706   17.07424947    9.72751842   22.14091358   -2.75668632 -109.58378983  -38.19092311 -137.94842145   42.50151291  -83.59075332	 0.02919714  0.11493578 -0.56922252  0.96882753 -0.46021049 -0.13584664  0.01896697  0.00883011 -0.24118414  0.81459718 -0.57173324 -0.04008727	 0.00408608 -0.29577335  0.42589579 -1.63461178  1.01261792 -0.02231158 -0.01085984 -0.20776195  0.44938748 -0.18743371 -0.25627668 -0.03382733	-0.00136723 -0.32296932  0.44724409 -1.73193899  1.10422078  0.00119108 -0.00126586 -0.20752900  0.47046482 -0.20545192 -0.28073479 -0.00251399	0.25540381 0.14684177 3.92219985	 0.00297786  0.02010275 -0.00020981	 0.00339130  0.02022967 -0.00018603	-0.00127747  0.00550800 -0.99998401	0.35000000	0.00000000	0.00000000	-0.04852299	0.12820214	0.40917322	-1.02761745	1.35936248	0.85635287	-0.76606357	0.94240391	-1.16934788	1.27979183	0.24742183	-0.18178794	0.08620187	0.06220196	0.32930329	0.03646552	0.23745507	-0.28611064	0.83234692	0.90822375	0.18423781	-0.35888386	-0.57388437	1.01671827	
0.00852100	-9.87673351 -0.14413500  0.83485083  0.02924038 -0.28170044  0.01735942	   -2.09021108   -48.84553626 -1024.96932796   -67.27822526    18.19252688    -8.28059603	   7.41059113   -4.99482572   28.75094049   17.01277295   10.03474767   24.12918991   -2.46696001 -109.66861939  -38.25217324 -136.87932298   43.00249511  -82.89402139	 0.02919449  0.11211495 -0.56501360  0.95414888 -0.45093167 -0.13560053  0.01897397  0.00703467 -0.23709020  0.81272864 -0.57414429 -0.04006963	-0.00670421 -0.29645162  0.48189015 -1.57758890  1.00510130  0.04767567  0.01526525 -0.17871318  0.44016793 -0.20668503 -0.27190948  0.01724417	-0.00259586 -0.32903454  0.50043101 -1.71173549  1.07824419  0.03651713  0.00212627 -0.20817420  0.47952175 -0.22197224 -0.28011960  0.00299594	0.25946886 0.15205096 3.92245595	 0.00206384  0.01965952 -0.00027837	 0.00232250  0.01982061 -0.00025627	-0.00110838  0.00548719 -0.99998433	0.35000000	0.00000000	0.00000000	-0.01984549	0.11493793	0.38681346	-1.01227558	1.35820341	0.85924536	-0.76784474	0.94614452	-1.15548813	1.28683805	0.23490193	-0.16832364	0.10024973	0.06434365	0.32407928	0.02416058	0.22237822	-0.28175128	0.82404602	0.94209474	0.16787340	-0.36511832	-0.56480885	1.01152611	
0.00800400	-9.79613832 -0.15813277  1.08766382  0.03298105 -0.27966355  0.01707846	   -3.22838051   -49.80410163 -1026.55642988   -67.41243996    19.18700306    -8.08402552	   6.82873437   -5.34625152   27.79265353   18.01461136    8.96774934   24.09683037   -2.11049548 -109.14168596  -38.24968860 -136.47430271   44.41159540  -82.47285759	 0.02920088  0.10936534 -0.56065675  0.94047015 -0.44239371 -0.13497972  0.01897841  0.00528656 -0.23312113  0.81087519 -0.57638639 -0.04007353	-0.01289291 -0.32988715  0.51837681 -1.52010901  0.92345231  0.10512043  0.00731586 -0.18875777  0.43198772 -0.21449464 -0.24183957 -0.00583888	-0.00046653 -0.34153321  0.54698775 -1.69057587  1.05156765  0.08445630  0.00181669 -0.21667525  0.49210724 -0.23190586 -0.27719225  0.00174350	0.26332949 0.15703370 3.92271943	 0.00106145  0.01951726 -0.00032387	 0.00138432  0.01957687 -0.00030567	-0.00095177  0.00547489 -0.99998456	0.35000000	0.00000000	0.00000000	0.00603908	0.10829216	0.36761579	-1.00540543	1.35607982	0.86522752	-0.76699060	0.95108807	-1.13960874	1.30068147	0.21575436	-0.15622690	0.11565801	0.06750058	0.32082775	0.01744798	0.20488578	-0.27157956	0.81332767	0.97237211	0.15055232	-0.36783260	-0.55626619	1.00309825	
0.00849200	-9.65989659 -0.38337374  1.03117713  0.03634781 -0.27346133  0.02140465	   -4.61392288   -50.93065161 -1023.83172726   -67.26721984    20.15441334    -7.93050156	   6.38336972   -4.70112780   26.91758274   17.64473161    9.33704024   23.18945718   -1.50273291 -108.36156368  -38.07106817 -134.85090569   45.39406210  -82.03290933	 0.02919663  0.10639435 -0.55564184  0.92606545 -0.43352995 -0.13399363  0.01897830  0.00341018 -0.22877345  0.80875902 -0.57876084 -0.04007528	-0.01653228 -0.31918519  0.60696670 -1.67396356  1.01928233  0.10405786  0.01610819 -0.18967295  0.52097747 -0.23193798 -0.26523906  0.01115350	-0.00181730 -0.34638948  0.59201201 -1.68056557  1.03068482  0.11875718  0.00078376 -0.21825437  0.51026464 -0.24770982 -0.27695661  0.00137148	0.26739686 0.16218075 3.92274705	-0.00081465  0.01977795 -0.00038984	-0.00023533  0.01971350 -0.00036952	-0.00078475  0.00547402 -0.99998471	0.35000000	0.00000000	0.00000000	0.02443394	0.10207186	0.35138544	-0.99836427	1.35268688	0.86688852	-0.76175880	0.94912881	-1.12391782	1.31046844	0.19879319	-0.14312500	0.13211572	0.06864219	0.31755868	0.01174914	0.18554497	-0.26193073	0.80314815	1.00597334	0.13617453	-0.37114757	-0.54394257	1.00162780	
0.00801300	-9.70909462 -0.61646412  1.29649169  0.04485605 -0.27044736  0.02556766	   -4.79746920   -52.06137146 -1023.47097662   -67.30524273    22.08050791    -7.88399073	   6.19154103   -5.36292583   26.00438982   19.06852211    8.82949982   23.04066563   -0.87084916 -107.92810249  -38.15288524 -133.17270496   47.48318660  -80.99746835	 0.02920539  0.10351706 -0.55055794  0.91270813 -0.42539570 -0.13282335  0.01898440  0.00159398 -0.22459128  0.80666375 -0.58099957 -0.04007213	-0.00370056 -0.35614492  0.63145745 -1.58358241  0.96389021  0.13681259 -0.00309136 -0.22266286  0.50225924 -0.25312146 -0.28714326  0.00095099	 0.00095699 -0.35782244  0.63436955 -1.65319969  1.00391555  0.14628815  0.00185317 -0.22404941  0.51832947 -0.25962435 -0.27848307  0.00228588	0.27107496 0.16717250 3.92259824	-0.00230712  0.02047397 -0.00044751	-0.00183291  0.02025612 -0.00042857	-0.00062370  0.00548712 -0.99998475	0.35000000	0.00000000	0.00000000	0.04307524	0.09483711	0.33215603	-0.99371010	1.34554863	0.87038434	-0.76141775	0.95183206	-1.10862410	1.32188594	0.18136115	-0.12661120	0.14722490	0.07314938	0.31602466	0.00513487	0.16567841	-0.25121528	0.79397458	1.03672493	0.12068483	-0.37470260	-0.53217733	0.99518287	
0.00847300	-9.55517177 -0.48410253  1.28531191  0.04007155 -0.26539631  0.02317272	   -5.63380896   -53.32181084 -1021.63788741   -67.24403568    23.89102760    -7.81677770	   5.67629842   -4.56800383   25.20450318   18.80264708    8.87489547   22.82381564   -0.51017989 -107.23744917  -37.51319775 -131.32515797   49.30851334  -80.40136218	 0.02919297  0.10041890 -0.54485157  0.89877634 -0.41700933 -0.13137183  0.01898834 -0.00037061 -0.22003484  0.80432758 -0.58334865 -0.04008973	-0.02045767 -0.36385238  0.73202777 -1.69583585  0.99730050  0.19250617  0.02409560 -0.25067544  0.57189585 -0.27224088 -0.28759971 -0.01197954	-0.00371008 -0.36539447  0.67914608 -1.63526296  0.98099489  0.17371194  0.00289256 -0.23250800  0.53734717 -0.27466105 -0.27706192 -0.00314873	0.27493348 0.17229411 3.92222294	-0.00483801  0.02123509 -0.00051046	-0.00404555  0.02101809 -0.00049030	-0.00044612  0.00551771 -0.99998468	0.35000000	0.00000000	0.00000000	0.05667818	0.09146330	0.31270462	-0.99137026	1.33897495	0.87244451	-0.75556642	0.95132709	-1.09396887	1.33117890	0.16050714	-0.11298314	0.16307274	0.07388070	0.31357589	-0.00360413	0.14444676	-0.24045959	0.78619134	1.06976032	0.10455887	-0.37777489	-0.51876330	0.99202907	
0.00846600	 -22.67768330   51.00012689 -307.51826338  -18.77978750  -49.49043968   -7.95633686	  21.13069490  -57.98629748 -904.01123737  -59.83381199   29.59389652  -14.46676375	   5.83948781   -4.04234865   23.92067228   19.07892215    8.88832370   22.45302409    0.01130984 -106.50983977  -37.47222847 -127.71867320   51.15624225  -79.41776276	 0.02920217  0.09713003 -0.53908533  0.88686683 -0.40751931 -0.12847383  0.01898480 -0.00249397 -0.21513874  0.80155353 -0.58555464 -0.04008293	 0.02352573 -0.42461586  0.69278547 -1.27031282  1.28278385  0.49084601  0.00119866 -0.27167298  0.63539429 -0.38104171 -0.27264312 -0.01982164	 0.00165060 -0.39875780  0.67595680 -1.34026986  1.17207189  0.39818590  0.00084185 -0.25843617  0.59356476 -0.34421686 -0.25627560 -0.00187460	0.28253665 0.17781943 3.93464530	 0.02082095  0.00666546 -0.00184434	 0.01330860  0.01127931 -0.00136168	-0.00032634  0.00544533 -0.99998512	0.35000000	0.00000000	0.00000000	0.06605099	0.08725137	0.33512717	-1.03828526	1.31775725	0.87753606	-0.73803031	0.94064844	-1.07192874	1.34508729	0.12697461	-0.12908739	0.18911135	0.05967398	0.27491730	-0.05064132	0.11777613	-0.23327640	0.79644096	1.09634411	0.05789581	-0.36912519	-0.50417376	0.96244824	
0.00800000	 -30.49866338   32.83273174 -245.82061605  -15.16989308  -39.43007207   -3.99455744	  15.55661581  -49.79957263 -913.05022772  -60.42839114   32.23697902   -9.10375776	   3.70212665    1.08276645   11.29466956   14.29035849  -13.31198676   12.78006682    6.55542139  -96.62907910  -36.00989471 -124.51321232   55.64899492  -74.68295991	 0.02920294  0.09388478 -0.53410178  0.87847349 -0.39742104 -0.12425993  0.01903919 -0.00469349 -0.21009161  0.79833883 -0.58734094 -0.04008493	 0.01584777 -0.39923042  0.59851373 -0.91293400  1.26840498  0.55281200  0.01797677 -0.30245326  0.64542553 -0.44956262 -0.19825148 -0.00202385	 0.00135196 -0.40660996  0.61567293 -1.01899928  1.26466374  0.52906998  0.00788153 -0.27736083  0.63933439 -0.41485311 -0.21919918 -0.00079934	0.28630022 0.18149721 3.94362173	 0.02773361  0.00465265 -0.01238785	 0.02598593  0.00493007 -0.00892091	-0.00028989  0.00523874 -0.99998624	0.35000000	0.00000000	0.00000000	0.07690753	0.12024063	0.34599233	-1.05318320	1.27210224	0.88647842	-0.69273758	0.91748965	-1.00058711	1.34301269	0.08453996	-0.15799117	0.21074204	0.05787275	0.28285837	-0.05689760	0.04006447	-0.22781181	0.77947444	1.09731674	0.06098669	-0.36427295	-0.51209021	0.90012378	
0.00800300	 -18.79156051   15.26890618 -187.70247366  -11.69489695  -30.18063720   -1.61934144	   1.13063463  -45.52159635 -914.25159242  -60.51887318   33.72269091   -4.30330722	   2.33576337   -0.43260513    0.70510390    5.14344840  -23.64735666    8.33194163   10.89422905  -91.33315992  -27.14420118 -113.85766956   57.96355033  -68.26121628	 0.02920391  0.09079242 -0.52965989  0.87204931 -0.38773912 -0.12023939  0.01920603 -0.00690253 -0.20480980  0.79460769 -0.58889088 -0.04008227	 0.01226392 -0.35531141  0.53834764 -0.73050629  1.20762009  0.49493747  0.03655249 -0.29024403  0.69457036 -0.51253853 -0.20934014  0.00203888	 0.00134270 -0.38281759  0.54931916 -0.78279222  1.20441165  0.49218088  0.02377090 -0.27707938  0.66592584 -0.47654236 -0.19365701 -0.00075629	0.28829322 0.18465335 3.94899081	 0.02700438  0.00977165 -0.02463477	 0.02744797  0.00790620 -0.02066988	-0.00023482  0.00501663 -0.99998739	0.35000000	0.00000000	0.00000000	0.07208507	0.13121599	0.32815698	-1.02180624	1.21668839	0.88982111	-0.66440260	0.89538914	-0.93473941	1.32838011	0.07836303	-0.14358273	0.24207970	0.07308108	0.29267454	-0.05919350	-0.00877227	-0.24642083	0.79077518	1.10162044	0.08268940	-0.38300613	-0.50723541	0.84912479	
0.00804300	  -5.01187178   10.33741916 -141.84431958   -8.80537674  -22.90915527   -1.54483425	  -8.30786217  -40.70105421 -919.35145160  -60.94800004   37.70284991   -2.14719980	   2.20594091   -2.07718144   -5.65725084   -0.89649923  -28.20252576   11.39597046   11.78888335  -85.38723564  -19.88175120 -105.34511250   63.15124655  -62.67424589	 0.02918960  0.08791706 -0.52565974  0.86705845 -0.37915396 -0.11690411  0.01942918 -0.00908541 -0.19940984  0.79053888 -0.59023725 -0.04007070	-0.02806567 -0.32401672  0.43192839 -0.50924802  0.93882548  0.35306834  0.02100470 -0.23277888  0.63766153 -0.49347785 -0.14722804  0.01392638	-0.00335499 -0.35114910  0.48995207 -0.60023657  1.04323087  0.40694375  0.02854655 -0.26629977  0.66962984 -0.50992031 -0.16491684  0.00250373	0.28913951 0.18637817 3.95170558	 0.01841702  0.01825811 -0.03080708	 0.02142717  0.01537967 -0.02894113	-0.00012332  0.00483299 -0.99998831	0.35000000	0.00000000	0.00000000	0.07506536	0.13389386	0.28728962	-0.97664821	1.15722394	0.90645355	-0.65576726	0.88897544	-0.88874215	1.29289031	0.08093241	-0.11805557	0.27364108	0.09860361	0.31091559	-0.07236636	-0.04903831	-0.26917899	0.81126463	1.09765124	0.09918046	-0.40010571	-0.49833390	0.81494373	
0.00845700	   3.61859183   11.23606006 -114.99615734   -7.00421289  -18.48517409   -2.15149906	 -14.34631307  -39.38867935 -920.57380777  -61.15080673   41.72292066   -1.11615608	  2.98837576  -4.81569421  -7.22413092  -8.10487165 -27.12148060  15.79650064  12.15281023 -82.99490905 -13.99791130 -97.88868293  67.18522453 -59.28343999	 0.02919599  0.08506724 -0.52174139  0.86286132 -0.37152092 -0.11380835  0.01968642 -0.01130576 -0.19363384  0.78592724 -0.59152142 -0.04007648	-0.00721230 -0.35304683  0.45319270 -0.45483687  0.83654302  0.35130594  0.02430537 -0.25459003  0.70703446 -0.58260067 -0.15416379 -0.00300604	-0.00081792 -0.33613945  0.46069280 -0.48321798  0.87895538  0.36623387  0.02900043 -0.25961195  0.68716821 -0.55200191 -0.14971650  0.00039601	0.28975496 0.18757816 3.95284745	 0.00686712  0.02648391 -0.03139644	 0.01057537  0.02388363 -0.03133667	 0.00006805  0.00472741 -0.99998882	0.35000000	0.00000000	0.00000000	0.07519965	0.13370946	0.24916682	-0.94460046	1.11090064	0.91727024	-0.65689152	0.89052206	-0.85516065	1.25919390	0.08435604	-0.09351873	0.30736616	0.12219535	0.31721580	-0.08842683	-0.07264975	-0.28614438	0.83066410	1.09808469	0.09953511	-0.40901551	-0.48486969	0.78882462	
0.00804700	   6.23839906   12.93822341 -106.22973454   -6.36805356  -16.92134898   -2.54207340	 -13.25346450  -39.00223956 -912.83680957  -60.83981525   47.75869694   -1.18609958	  3.62450597  -5.16880706  -7.72195875 -12.38769020 -24.91215616  17.64871824  11.95812028 -80.96767664 -11.27453371 -89.48309773  72.50558710 -56.95923245	 0.02919811  0.08251109 -0.51821210  0.85963234 -0.36571416 -0.11098133  0.01993259 -0.01330386 -0.18817370  0.78139694 -0.59261206 -0.04008754	 0.00323802 -0.31832121  0.41372969 -0.35195182  0.60220592  0.31789922  0.02442392 -0.22871663  0.61439183 -0.52779510 -0.12286670 -0.01561601	 0.00024640 -0.31876383  0.43764771 -0.39257251  0.70075786  0.35082271  0.02869771 -0.24539878  0.67802741 -0.56437752 -0.13246553 -0.00223392	0.28967815 0.18813166 3.95271155	-0.00537857  0.03397988 -0.02976304	-0.00131827  0.03149735 -0.03033439	 0.00031062  0.00472400 -0.99998879	0.35000000	0.00000000	0.00000000	0.08072126	0.13567884	0.21284005	-0.91201514	1.07033181	0.93058854	-0.65549535	0.88753939	-0.81910533	1.22330427	0.09472490	-0.06891664	0.34165126	0.14798355	0.32008246	-0.09309453	-0.09586095	-0.29990789	0.84461343	1.09573281	0.09519359	-0.40954235	-0.47312537	0.76769322	
0.00849900	   6.53452591   13.20292137 -102.96744393   -6.09709194  -16.22833744   -2.58162931	 -13.56583704  -40.86232264 -913.29692194  -61.01268630   52.13969056   -1.43230600	  4.38180786  -7.63565165  -6.51093318 -16.80640102 -21.21414949  19.02926870  11.82251886 -81.57961941  -7.93222123 -85.70240903  76.43704176 -54.57470387	 0.02919650  0.07988569 -0.51455164  0.85670682 -0.36084516 -0.10782895  0.02018238 -0.01532190 -0.18237396  0.77646817 -0.59369909 -0.04008376	 0.00509529 -0.26347116  0.42457150 -0.31095123  0.46497470  0.37714158  0.02003433 -0.21598601  0.59587701 -0.51786524 -0.13197620  0.00042236	-0.00014486 -0.30754115  0.43103445 -0.33546281  0.54845714  0.37447605  0.02815577 -0.23482862  0.67606105 -0.57907280 -0.12564076 -0.00142658	0.28983871 0.18914632 3.95236560	-0.01540822  0.03898675 -0.02672213	-0.01234479  0.03748387 -0.02769719	 0.00062238  0.00481654 -0.99998821	0.35000000	0.00000000	0.00000000	0.08785547	0.13131605	0.18977594	-0.88290334	1.04305589	0.94131136	-0.65153539	0.88785386	-0.79173011	1.20232832	0.10468636	-0.05190714	0.37364012	0.17707333	0.31666827	-0.10207413	-0.11368180	-0.31038052	0.85242075	1.09517121	0.08014554	-0.40701064	-0.46126375	0.74839836	
0.00847800	   4.66224865   10.85278355 -105.25380381   -6.22327479  -16.46630784   -2.08276612	 -10.91537758  -41.86437659 -911.56075352  -61.05465347   56.99162822   -1.84482619	  5.15473349  -9.36836076  -5.51960264 -19.20965262 -17.94335863  18.06524405  11.71100340 -81.15460730  -7.10394973 -81.69968912  80.81197464 -52.77830166	 0.02919100  0.07725621 -0.51088014  0.85411185 -0.35713191 -0.10448484  0.02038858 -0.01728846 -0.17652574  0.77139314 -0.59470311 -0.04007227	-0.03359167 -0.30325241  0.42425345 -0.29146308  0.38222293  0.38917361  0.00212838 -0.24928253  0.65513736 -0.61022027 -0.10990558  0.00528553	-0.00319761 -0.30954948  0.43575690 -0.30143430  0.42019828  0.39808547  0.02355842 -0.23194026  0.68795541 -0.60067217 -0.11826822  0.00240326	0.28986322 0.19061973 3.95209229	-0.02285086  0.04281868 -0.02484220	-0.02059961  0.04164311 -0.02539162	 0.00097050  0.00498286 -0.99998711	0.35000000	0.00000000	0.00000000	0.08963791	0.13182543	0.17350647	-0.86754936	1.02028632	0.94840962	-0.64842480	0.88679367	-0.76583046	1.19041646	0.11078711	-0.03749234	0.40628761	0.20472611	0.31019548	-0.10694076	-0.13876367	-0.31713632	0.85678804	1.09736240	0.06518736	-0.40156549	-0.44696322	0.73263311	
0.00852400	   1.85033423    9.16564638 -108.16271213   -6.38535433  -16.80201897   -1.63387711	  -7.17007285  -43.00726022 -905.52660676  -60.82749044   62.17252635   -2.24173147	  6.22462575 -10.40719110  -4.47591272 -20.82583636 -14.17583147  17.31382470  11.75060209 -80.73320436  -6.52462373 -76.68529275  84.96375918 -51.05566692	 0.02919090  0.07463624 -0.50717404  0.85172966 -0.35434041 -0.10099799  0.02060006 -0.01920362 -0.17065546  0.76621137 -0.59563394 -0.04007197	-0.02178988 -0.28842725  0.42928228 -0.24730651  0.27165333  0.37438386  0.03263244 -0.20251290  0.65429518 -0.60230796 -0.07410974  0.01779660	-0.00244998 -0.30584219  0.43566147 -0.27622578  0.31550610  0.40877018  0.02573753 -0.22295915  0.68613121 -0.60879117 -0.10638294  0.00331357	0.28957008 0.19261150 3.95153623	-0.02795481  0.04579375 -0.02509989	-0.02644171  0.04489461 -0.02496487	 0.00134728  0.00520179 -0.99998556	0.35000000	0.00000000	0.00000000	0.09322301	0.12819952	0.15635693	-0.84698838	1.00101125	0.95404112	-0.64467102	0.88196564	-0.74198747	1.17910016	0.12370349	-0.02021120	0.43528342	0.22725329	0.30234578	-0.11064681	-0.16035312	-0.32492504	0.86145383	1.10169482	0.05193480	-0.39747432	-0.43559673	0.72201729	
0.00846200	  -0.46278510    8.34312496 -110.93806399   -6.54015273  -17.16163186   -1.35669384	  -4.85263565  -44.47067130 -903.84638099  -60.84396198   66.17164313   -3.07991601	  6.44862674 -12.16653433  -3.16705554 -22.09430557 -11.97251943  17.42081501  11.08663892 -80.75341439  -5.44855009 -74.14951706  88.34782290 -48.61246967	 0.02919524  0.07198290 -0.50338443  0.84947298 -0.35228856 -0.09737997  0.02079716 -0.02113268 -0.16477172  0.76096144 -0.59653666 -0.04007247	-0.01976629 -0.33375939  0.49271780 -0.29541539  0.23219616  0.47932085  0.01752409 -0.26146778  0.72582931 -0.65555345 -0.11194707  0.01148373	-0.00073874 -0.31327712  0.45251802 -0.26658211  0.23217676  0.43214763  0.02220196 -0.22874034  0.69486927 -0.62383871 -0.10708056  0.00246848	0.28937429 0.19517345 3.95097385	-0.03041333  0.04708664 -0.02541720	-0.02972490  0.04673881 -0.02533912	 0.00174238  0.00545253 -0.99998362	0.35000000	0.00000000	0.00000000	0.09594877	0.12299818	0.14113015	-0.83484453	0.98739010	0.95619786	-0.64343691	0.88154387	-0.72477663	1.17928064	0.12585360	-0.01014965	0.46055114	0.24899110	0.29413608	-0.11967119	-0.18235552	-0.33003926	0.86503440	1.10839844	0.03396919	-0.39312193	-0.42662707	0.70642561	
0.00803000	  28.89903126   24.88585598 -193.85947750  -12.65952358   -0.48381803   -1.66868531	   2.35298601  -44.72952686 -870.56426043  -58.82684786   70.29161047   -3.28481972	  7.13050491 -11.89451829  -2.44855881 -23.47714295  -9.17681529  16.18581074  10.89897032 -79.13108087  -5.79561084 -69.39192636  92.10703361 -46.74457568	 0.02919129  0.06942884 -0.49976554  0.84742091 -0.35088245 -0.09386937  0.02099769 -0.02294775 -0.15918595  0.75592188 -0.59730775 -0.04008302	-0.02954579 -0.31602510  0.40500110 -0.22138211  0.10935083  0.44034006  0.01491866 -0.20322262  0.66585278 -0.60649213 -0.07832046  0.00987916	-0.00236783 -0.31960604  0.44966879 -0.25384800  0.16569042  0.44117051  0.02280157 -0.22500134  0.69281475 -0.62915942 -0.09433757 -0.00039910	0.28725975 0.19741430 3.95226025	-0.02982797  0.05066034 -0.02505292	-0.03110475  0.04838554 -0.02626197	 0.00212426  0.00570246 -0.99998148	0.35000000	0.00000000	0.00000000	0.09858082	0.12348698	0.12725106	-0.82019597	0.97340351	0.95728296	-0.64013618	0.87208289	-0.70284760	1.17476904	0.13429987	0.00085340	0.48562574	0.26601788	0.28549358	-0.12412464	-0.20551926	-0.33637321	0.86843991	1.11348855	0.01814158	-0.38930109	-0.41648787	0.69560659	
0.00883900	  86.17112828   51.61803658 -311.88826881  -21.69520103   32.45675015   -4.24454543	   6.55577226  -45.92284993 -822.18958209  -55.71408795   71.21256609    0.36687263	  7.37636266 -12.36253116  -0.53353254 -24.13106443  -8.50720981  16.39718543  10.38024060 -78.28188634  -4.39131707 -67.08017576  94.75685406 -43.58516449	 0.02920909  0.06640451 -0.49596838  0.84552415 -0.35094730 -0.08926949  0.02113505 -0.02502167 -0.15329750  0.75024606 -0.59786480 -0.04009224	-0.00002239 -0.23982802  0.26568915 -0.11516680 -0.06707802  0.33676430 -0.00014340 -0.12818925  0.40428970 -0.41050258 -0.02610568 -0.00467379	 0.00154891 -0.33106961  0.40091734 -0.19404937 -0.04202880  0.50854102  0.01194141 -0.22118216  0.62393743 -0.61034336 -0.05066688 -0.00232369	0.27509677 0.19889081 3.96523649	-0.01352357  0.06863280 -0.01157259	-0.01769656  0.06403657 -0.01454491	 0.00263874  0.00588009 -0.99997923	0.35000000	0.00000000	0.00000000	0.13459672	0.13204163	0.10739846	-0.78015780	0.94778401	0.97894073	-0.63500351	0.87002426	-0.65464967	1.16677988	0.15295441	0.01145366	0.52214664	0.29972881	0.28492630	-0.12957409	-0.21333724	-0.35939431	0.87207478	1.09337187	-0.02717004	-0.38094741	-0.40853086	0.64603359	
0.00813800	  63.66124068   38.50136663 -270.93589548  -18.68932608   25.35303283   -3.65333648	  -8.74913615  -43.86275945 -823.02873404  -55.42193049   61.36108889    3.25401459	  7.53826066 -11.73785254   6.50578018 -23.70928782  -2.76527725  14.25604230  11.20091578 -74.08349681   3.21786594 -73.04453737  95.99815643 -38.80471891	 0.02923333  0.06303008 -0.49213420  0.84385225 -0.35273157 -0.08364573  0.02118109 -0.02726926 -0.14734267  0.74404034 -0.59809888 -0.04009168	-0.00947221 -0.42747774  0.51132516 -0.17641424 -0.26094338  0.75000929 -0.00699535 -0.26756677  0.75885740 -0.80080562 -0.01563344 -0.00649338	 0.00156503 -0.40314372  0.46060531 -0.19507977 -0.22981946  0.67865993  0.00333345 -0.26683719  0.71317072 -0.74579322 -0.02546977 -0.00280546	0.26947804 0.20106533 3.97267089	-0.00376424  0.06742351 -0.00601986	-0.00655219  0.06859524 -0.00757873	 0.00323095  0.00594675 -0.99997710	0.35000000	0.00000000	0.00000000	0.13479891	0.14651643	0.10916918	-0.78346443	0.92048049	0.99275064	-0.63843256	0.89051527	-0.63769227	1.19657028	0.11862805	-0.01388057	0.58870035	0.32879433	0.29218000	-0.15461016	-0.23244911	-0.36135530	0.90487361	1.09244680	-0.08848041	-0.35187480	-0.37713337	0.58736897	
0.00803600	  53.98010688   27.24021820 -281.49276359  -19.40344965   23.27902090   -1.23021150	  -5.20028439  -39.94244447 -775.08125290  -52.31440189   61.77980976    0.91551054	 10.26545451  -5.74363819   2.87313210 -21.05628449   5.63260105   4.52261002  10.47397876 -67.64532733  -1.25980225 -59.00529036 100.25065148 -35.46321419	 0.02930435  0.05974392 -0.48843593  0.84235610 -0.35532218 -0.07829762  0.02122104 -0.02945214 -0.14154662  0.73780781 -0.59816992 -0.04009240	 0.03832379 -0.37956280  0.45238071 -0.17901888 -0.35319020  0.62363877  0.00222711 -0.28882638  0.73227945 -0.77548620 -0.00234132 -0.02418951	 0.00996235 -0.40331873  0.45717502 -0.18181643 -0.33115730  0.64985805  0.00491487 -0.27331127  0.71930164 -0.77504486 -0.00590622 -0.00361969	0.26354659 0.20168964 3.97546592	-0.00033140  0.06793663 -0.00454474	-0.00138639  0.06775026 -0.00498744	 0.00376993  0.00596016 -0.99997513	0.35000000	0.00000000	0.00000000	0.11701243	0.17429443	0.10093782	-0.77739966	0.88612127	0.98587322	-0.64240247	0.85114455	-0.61364007	1.19244146	0.12260583	0.00087162	0.63118380	0.35181326	0.29611418	-0.12279257	-0.26727563	-0.36606088	0.92929327	1.09031320	-0.09689482	-0.34022689	-0.35125485	0.57109702	
0.00845100	  39.78954021   22.97556349 -252.58346927  -17.24311145   18.06029172   -0.49103634	  -7.26979589  -39.40007302 -779.02858654  -52.60288899   63.51373113   -0.01319838	 10.36398295  -7.15157118   5.95698813 -20.05814962   6.35895377   7.28793769   9.92143738 -66.07395101   1.32299425 -57.98877777 102.81635463 -30.61921212	 0.02937603  0.05635615 -0.48452363  0.84095992 -0.35853901 -0.07324092  0.02121363 -0.03177561 -0.13530698  0.73097254 -0.59813931 -0.04007415	 0.03785256 -0.44275820  0.48567734 -0.19967433 -0.39647590  0.60110208 -0.02321831 -0.24985337  0.76342423 -0.87001703 -0.00360989  0.02792316	 0.01038143 -0.40086794  0.46478815 -0.16658016 -0.38497533  0.59068505 -0.00178915 -0.27309792  0.74189641 -0.81439097  0.00753792  0.00298564	0.25936102 0.20244357 3.97560864	 0.00015430  0.06225328 -0.00390643	 0.00011097  0.06431799 -0.00409054	 0.00432677  0.00595894 -0.99997288	0.35000000	0.00000000	0.00000000	0.10924163	0.17043790	0.08655968	-0.75872028	0.86075199	0.98307538	-0.64456415	0.85062534	-0.61564088	1.19021153	0.12404555	-0.00615227	0.65376860	0.38363069	0.30485150	-0.14047815	-0.29282072	-0.37421623	0.94208658	1.09898984	-0.10563269	-0.33873850	-0.33672860	0.55274910	
0.00802600	  31.95066075   24.39805780 -248.46760204  -16.78816409   14.81678798   -0.01864067	  -1.21302436  -36.99004757 -763.37605752  -51.67950251   66.79799778   -1.91849020	 10.86580621  -5.92481455   5.83538042 -20.72496241   7.39330405   8.30108541   9.95102073 -62.15168452  -2.64795535 -51.85136205 104.11511135 -27.76770881	 0.02943298  0.05329654 -0.48082525  0.83974285 -0.36180477 -0.06893406  0.02123691 -0.03397958 -0.12935754  0.72441102 -0.59800504 -0.04009185	-0.00021219 -0.36840072  0.45764570 -0.15723872 -0.42691110  0.52064420  0.03323356 -0.28665511  0.78388287 -0.83409819  0.03806982 -0.03035694	 0.00720546 -0.38075684  0.46180382 -0.15133575 -0.40981746  0.53284288  0.00434461 -0.27527965  0.74629386 -0.82149519  0.01964009 -0.00278191	0.25506891 0.20241033 3.97404541	-0.00341528  0.05911967 -0.00367664	-0.00218088  0.06012674 -0.00374010	 0.00480961  0.00597129 -0.99997061	0.35000000	0.00000000	0.00000000	0.10122935	0.17648545	0.06696130	-0.74848402	0.84033376	0.97125292	-0.65469271	0.83351892	-0.60857880	1.17265892	0.12668332	0.00045738	0.67050046	0.39850321	0.30929548	-0.13863757	-0.32202062	-0.38896444	0.94930917	1.10627854	-0.10745247	-0.33398890	-0.32603744	0.54444444	
0.00801100	  24.57177875   26.36810704 -247.65876339  -16.53216083   11.41788483   -0.02086376	   2.92016955  -35.24574849 -748.96737088  -50.79619575   68.81615306   -3.10430681	 10.80079792  -7.23071560   7.93374376 -22.32699090   6.78774422  10.25257757   9.14979507 -59.34993029  -3.85202641 -48.09708472 104.19803774 -24.16173249	 0.02950547  0.05031341 -0.47716039  0.83855940 -0.36510893 -0.06487428  0.02122458 -0.03611680 -0.12342516  0.71784408 -0.59781811 -0.04008053	-0.00306741 -0.33325874  0.42050826 -0.15121353 -0.38698814  0.46269820 -0.02517490 -0.24127603  0.70553181 -0.76768505  0.02267378 -0.00870411	 0.00727779 -0.36710388  0.45498056 -0.14802813 -0.41045031  0.50237294 -0.00126580 -0.26601242  0.73639239 -0.81603767  0.02266464  0.00091571	0.25107177 0.20219081 3.97117541	-0.00778731  0.05555088 -0.00358700	-0.00635248  0.05677019 -0.00360913	 0.00526781  0.00601725 -0.99996802	0.35000000	0.00000000	0.00000000	0.09475084	0.17139104	0.05234680	-0.73713195	0.82803065	0.95973647	-0.65820831	0.82258874	-0.60325712	1.16236210	0.12861019	-0.00157700	0.68409002	0.41313395	0.31307703	-0.14488949	-0.34632424	-0.40401337	0.95173168	1.11504817	-0.11171429	-0.32862777	-0.32014221	0.53751057	
0.00846200	  17.49909967   26.57552323 -253.62881381  -16.76453164    8.02338402   -0.47318998	   8.15849021  -32.98586596 -734.75673560  -49.91389493   70.71667085   -4.09883561	 10.38854652  -8.27899066   9.75725942 -23.39108099   5.43138926  10.28458338   9.31573469 -56.82559896  -6.29604725 -45.33584990 104.29721332 -21.05896658	 0.02956476  0.04719722 -0.47325051  0.83731949 -0.36858907 -0.06063008  0.02123484 -0.03834930 -0.11713121  0.71092374 -0.59757959 -0.04005790	-0.01600805 -0.37489001  0.47851304 -0.17953610 -0.41415270  0.50471750  0.00187194 -0.23954137  0.75201353 -0.79752899  0.03655108  0.02845003	 0.00543230 -0.36775665  0.46428374 -0.14838175 -0.41245314  0.50115190  0.00050722 -0.26195385  0.74428815 -0.81564143  0.02664619  0.00473561	0.24698934 0.20184289 3.96737226	-0.01223694  0.05196968 -0.00355999	-0.01086162  0.05310780 -0.00356367	 0.00572362  0.00610392 -0.99996499	0.35000000	0.00000000	0.00000000	0.08686009	0.16648388	0.04241288	-0.73544520	0.81612873	0.94681108	-0.66494089	0.81299245	-0.59288889	1.15884352	0.12384911	-0.00108788	0.69998771	0.42354691	0.31308189	-0.14547387	-0.37238595	-0.41403776	0.95118326	1.12606418	-0.11831015	-0.31744775	-0.31505042	0.52622294	
0.00804400	  13.93900520   27.17808612 -273.12187843  -17.98814053    6.57882020   -1.02286153	  15.39332674  -29.19607652 -711.94153677  -48.48922461   73.61823415   -5.16166614	  9.99262286  -8.37301776  10.90905609 -24.74336205   5.71913487   8.62203716   8.75189774 -54.47198462  -8.72259007 -40.37765682 105.10583496 -18.08568829	 0.02961406  0.04431279 -0.46961368  0.83619122 -0.37179209 -0.05669545  0.02123043 -0.04045915 -0.11129078  0.70450448 -0.59736577 -0.03992034	-0.01711979 -0.34180237  0.44583449 -0.10797405 -0.38696781  0.43847817 -0.00468509 -0.24005857  0.64779222 -0.72398190  0.02626509  0.03777367	 0.00452720 -0.35896275  0.45366206 -0.13869879 -0.39773224  0.48701301 -0.00213117 -0.26156717  0.72216183 -0.79328423  0.02513845  0.02212621	0.24246937 0.20132086 3.96351334	-0.01532505  0.05024328 -0.00356711	-0.01435923  0.05078711 -0.00356020	 0.00613096  0.00621595 -0.99996189	0.35000000	0.00000000	0.00000000	0.08098637	0.16467102	0.03402678	-0.73356056	0.80772793	0.93645644	-0.66704959	0.79233736	-0.57929581	1.15871906	0.12793183	0.00252583	0.71181548	0.43118000	0.31213644	-0.13907191	-0.39814085	-0.42617726	0.95352882	1.13559473	-0.12665385	-0.30762696	-0.31156021	0.51907319	
0.00849300	   8.61805005   28.88725929 -292.56045214  -19.13142413    3.67795727   -1.66982017	  21.93877679  -26.55837183 -687.78308740  -46.95106205   75.71605854   -5.76715811	  9.58724767  -9.31180570  13.34656183 -27.16542201   3.82120536   8.16526167   8.87635990 -51.83262277  -9.60245969 -37.73986167 105.33485842 -15.96714886	 0.02966480  0.04131873 -0.46581806  0.83501175 -0.37510670 -0.05260786  0.02123803 -0.04270430 -0.10517450  0.69785276 -0.59714921 -0.03952444	-0.02004739 -0.33645572  0.41880585 -0.13310619 -0.35016449  0.43786388  0.00913412 -0.25993947  0.69031765 -0.76443132  0.01457072  0.07122150	 0.00388994 -0.35065614  0.44433527 -0.13733315 -0.38543216  0.47702847 -0.00143292 -0.26324991  0.71247731 -0.77607914  0.02513070  0.05248352	0.23773808 0.20085310 3.95903712	-0.01682451  0.04772414 -0.00463341	-0.01645490  0.04853429 -0.00425584	 0.00654710  0.00635466 -0.99995838	0.35000000	0.00000000	0.00000000	0.07971597	0.16331784	0.02295230	-0.73200810	0.80145395	0.93093246	-0.66670150	0.77993160	-0.56418359	1.16362584	0.12998933	0.00284132	0.72145087	0.43583387	0.31333897	-0.13842458	-0.42205957	-0.44091022	0.95372403	1.15004313	-0.13446695	-0.29668829	-0.30980939	0.51069957	
0.00800700	   4.67250801   29.89043756 -311.79673775  -20.30814287    1.67764610   -2.46686798	  28.81948550  -24.51425833 -664.65607765  -45.51622887   78.21590098   -6.27325592	  8.87861579 -10.21220893  14.58339993 -28.64972116   2.89106800   7.25315093   8.47561310 -48.42694271 -11.37462707 -33.71528660 105.83133173 -14.62758583	 0.02972012  0.03848475 -0.46229735  0.83396514 -0.37819344 -0.04875628  0.02125992 -0.04486990 -0.09950892  0.69174910 -0.59696323 -0.03890979	 0.00128212 -0.35281351  0.38439234 -0.12922221 -0.37348835  0.46122683 -0.00723640 -0.23841713  0.63656480 -0.69137498  0.02179230  0.06962797	 0.00515296 -0.35403310  0.43579097 -0.12984469 -0.38413648  0.48031760  0.00149149 -0.26808814  0.70216135 -0.75511581  0.02460107  0.07766712	0.23288237 0.20030364 3.95448361	-0.01700975  0.04604444 -0.00603805	-0.01699992  0.04658158 -0.00556571	 0.00692100  0.00649105 -0.99995498	0.35000000	0.00000000	0.00000000	0.08368751	0.16672762	0.00734191	-0.73874307	0.79648995	0.93004322	-0.67121285	0.76624012	-0.54622197	1.17317152	0.12643829	0.00880734	0.73303854	0.43561596	0.31134140	-0.13393834	-0.44442207	-0.45647970	0.95800447	1.16507292	-0.14464936	-0.28244174	-0.30786347	0.50046855	
0.00850200	   1.91062726   32.25796613 -339.76924454  -22.09711854    0.54831406   -3.41562833	  35.72068700  -22.68737269 -638.63014867  -43.89836108   80.65290875   -6.87497091	  8.06273958  -9.71105227  16.43647322 -31.10887244   3.10494552   5.61793668   8.00238138 -45.16039932 -12.11839453 -29.85048890 106.27887225 -13.20045020	 0.02978340  0.03550771 -0.45864081  0.83294824 -0.38140116 -0.04471273  0.02129589 -0.04721914 -0.09361932  0.68543563 -0.59681207 -0.03805630	-0.00266263 -0.32609355  0.41400277 -0.10628910 -0.35185315  0.44130611  0.01306221 -0.26449675  0.67699741 -0.71175743  0.03487852  0.10115659	 0.00633411 -0.34709221  0.42456097 -0.11776939 -0.37406970  0.47082260  0.00596330 -0.27327079  0.68579546 -0.73176826  0.01928861  0.10070797	0.22735182 0.19925517 3.94975202	-0.01650941  0.04402979 -0.00717513	-0.01672172  0.04465319 -0.00682020	 0.00730305  0.00663446 -0.99995132	0.35000000	0.00000000	0.00000000	0.09059294	0.17236575	-0.01179881	-0.74678248	0.79703504	0.93326801	-0.67410243	0.74760580	-0.53040487	1.18945920	0.12627250	0.01573969	0.73947656	0.42920986	0.31303701	-0.12707156	-0.46641445	-0.47558743	0.96595359	1.18570471	-0.15401061	-0.26581770	-0.30927688	0.49573916	
0.00846400	  -1.31782482   34.94845267 -363.37316571  -23.56667380   -1.02585409   -4.28202407	  43.44290734  -20.23594192 -616.23298884  -42.53945076   83.85742411   -7.53529420	  7.28033760  -9.82898933  18.14587087 -33.77486613   2.67706747   4.98049801   7.44147888 -41.55582368 -13.13133397 -25.84473726 107.09310436 -11.81843413	 0.02984293  0.03253262 -0.45509353  0.83204136 -0.38455621 -0.04066265  0.02132372 -0.04958199 -0.08788084  0.67934473 -0.59670195 -0.03704542	-0.00075038 -0.33866998  0.39405169 -0.07599192 -0.37965208  0.48719082 -0.02126198 -0.27384871  0.69234790 -0.75567966 -0.01565841  0.11454561	 0.00534386 -0.35009855  0.41457499 -0.10418729 -0.37230979  0.47736494  0.00258994 -0.27864322  0.67730831 -0.71848884  0.01063268  0.11967967	0.22143713 0.19775736 3.94513714	-0.01581613  0.04209306 -0.00802383	-0.01606036  0.04267216 -0.00773435	 0.00766785  0.00677236 -0.99994767	0.35000000	0.00000000	0.00000000	0.10027193	0.18412638	-0.04259315	-0.77680475	0.80885690	0.94753861	-0.68249243	0.73491037	-0.51658332	1.21989977	0.11683470	0.02334641	0.73815721	0.41344830	0.31458634	-0.12864906	-0.49446863	-0.50385690	0.97776121	1.20924330	-0.16431910	-0.23926678	-0.31534216	0.49404800	
0.00854400	  -1.89840250   38.03877775 -395.96524194  -25.70921788   -0.74148920   -5.06179080	  48.83070493  -18.48434283 -592.10587340  -41.06786949   86.25578533   -6.77138107	  6.80343889  -8.84775117  19.94527632 -37.15185234   4.65560753   3.00511188   7.21936038 -37.81515360 -13.91981336 -20.58002071 108.53308868 -10.54701364	 0.02991386  0.02954693 -0.45163447  0.83121228 -0.38766760 -0.03658444  0.02135543 -0.05196289 -0.08231156  0.67351855 -0.59661700 -0.03594412	-0.00008073 -0.33471091  0.33944799 -0.07167654 -0.33274623  0.42099357 -0.01643331 -0.26186382  0.59783771 -0.60331986  0.03995573  0.12027763	 0.00732256 -0.34800094  0.39879342 -0.09337843 -0.36069710  0.47195882  0.00053597 -0.27567903  0.64503065 -0.67363948  0.01095814  0.12648008	0.21501190 0.19572025 3.94116977	-0.01517869  0.03981284 -0.01058541	-0.01540158  0.04052506 -0.00959235	 0.00801514  0.00690464 -0.99994404	0.35000000	0.00000000	0.00000000	0.13351643	0.18940425	-0.08337264	-0.80154550	0.82478911	0.95822561	-0.69839019	0.71104968	-0.49562848	1.25902987	0.11525762	0.03666462	0.73181969	0.39470220	0.31025904	-0.13131613	-0.53738487	-0.53039891	0.98775196	1.27772045	-0.18304282	-0.20156863	-0.31586650	0.51461381	
0.00848800	  -2.55779319   44.39059086 -429.88673379  -27.87838720   -0.89140154   -7.07795328	  44.60751947  -11.29421572 -567.20169179  -39.33781888   83.72215278   -4.79073380	  4.82406500  -7.78033519  23.05994309 -42.49436465   5.86755585   2.92152670   6.67085007 -33.42545676 -13.90972584 -14.96119780 107.65868962  -6.70871069	 0.03000775  0.02659165 -0.44822025  0.83043548 -0.39068621 -0.03243040  0.02138499 -0.05435127 -0.07697774  0.66806838 -0.59652453 -0.03466353	 0.02312852 -0.32160873  0.39378018 -0.06401644 -0.31565465  0.48506426  0.00818101 -0.24675567  0.58842363 -0.56402643  0.00137867  0.15902231	 0.01169255 -0.34771745  0.40032733 -0.08885852 -0.35186560  0.49054657  0.00301010 -0.27801681  0.62028271 -0.62899172  0.01369722  0.15494988	0.20938255 0.19275645 3.93762344	-0.01604785  0.03292596 -0.01429874	-0.01578117  0.03515690 -0.01316186	 0.00832432  0.00703787 -0.99994059	0.35000000	0.00000000	0.00000000	0.25404170	0.08891580	-0.12560600	-0.64472020	0.70103335	0.85104686	-0.74402076	0.65447932	-0.33544087	1.24461472	0.15036732	0.01998540	0.74907565	0.45067412	0.21159551	-0.21416473	-0.64740115	-0.53858471	0.88097370	1.56697202	-0.27046889	-0.10659911	-0.19404897	0.58389705	
0.00800200	 -11.34876961   72.62985348 -524.94134276  -33.56865503   -7.91614085  -16.69665462	  25.49767683   24.82043038 -437.65742111  -30.25859797   65.45180667    2.16263932	 -5.28521900  -0.72249120  30.65930016 -59.67703402   1.74935306   6.71618836   4.55790766 -11.58480635 -22.23334255  21.37114738  89.25515699  11.86395937	 0.03010868  0.02382044 -0.44492653  0.82962232 -0.39346023 -0.02799862  0.02139763 -0.05661994 -0.07248164  0.66393319 -0.59625477 -0.03280378	 0.03315442 -0.34204463  0.39110383 -0.12250094 -0.32836910  0.57253712  0.03139241 -0.27771773  0.46604109 -0.37540097  0.04682834  0.29508178	 0.01300765 -0.34507911  0.41357972 -0.10435469 -0.34339322  0.57241028  0.00361825 -0.28180805  0.54051894 -0.47760926  0.03839901  0.25490480	0.20575217 0.18435429 3.92990679	-0.02952136  0.01643426 -0.01295235	-0.02499238  0.02206282 -0.01345100	 0.00852213  0.00721891 -0.99993763	0.35000000	0.00000000	0.00000000	0.24584711	-0.06752823	-0.26976857	-0.28375286	0.39693087	0.60121131	-0.95268583	0.56654042	0.03951034	1.25493300	0.24183449	-0.08383147	0.75363255	0.39144143	0.07738557	-0.40704319	-0.78015518	-0.64372337	0.59742075	1.91931057	-0.35968864	0.13943586	0.10645262	0.65882331	
0.00847700	 -36.33144621  117.87424246 -722.40150599  -45.30701735  -30.02135498  -29.84522298	  16.03492330   89.53673207 -153.75214085  -10.24341194   24.17687367   12.67267791	-17.55687865  12.77371153  34.54794502 -90.31579873 -14.07175004   6.36964111   1.59991258  31.59739649 -44.17573814  77.59089309  37.98615628  43.34791726	 0.03017209  0.02097114 -0.44123915  0.82868324 -0.39647675 -0.02169530  0.02138154 -0.05901063 -0.06913975  0.66221745 -0.59571081 -0.02897665	 0.01983538 -0.33594108  0.48274261 -0.11781707 -0.38633982  0.89151214 -0.01328527 -0.30957772  0.32316643  0.01234480  0.06290092  0.63417807	 0.00796781 -0.33168068  0.43766904 -0.10919102 -0.36016199  0.78739190 -0.00263821 -0.28063349  0.35330991 -0.12546906  0.06794234  0.50276247	0.20168592 0.16329152 3.91314264	-0.06933372  0.00152071 -0.00895189	-0.05675590  0.00629150 -0.01013396	 0.00859367  0.00763984 -0.99993389	0.35000000	0.00000000	0.00000000	0.19797593	-0.15475960	-0.38680366	-0.06039360	0.24028370	0.34135997	-1.08920598	0.39701182	0.34479898	1.24731755	0.27304828	-0.10991435	0.80054021	0.19771379	0.15024632	-0.48560715	-0.89622658	-0.90803790	0.50364208	2.15138340	-0.41312167	0.31066972	0.24677660	0.60257596	
0.00800300	 -49.74039428   57.08295367 -973.74882833  -32.65094548  -49.63758002  -24.85371038	 12.35166566  90.51938221 -75.95425435  -5.57995081  13.51787880  11.51360107	 -16.78060857    5.89780447   29.52533007 -118.17565501  -22.11497828   -8.20827807    5.85825938   45.22773957  -55.74560614   92.95102724   -5.02666906   47.54919583	 0.03019645  0.01847939 -0.43765083  0.82779400 -0.39940290 -0.01416574  0.02139773 -0.06112444 -0.06791408  0.66420709 -0.59526205 -0.02286500	-0.01959638 -0.29879932  0.46470428 -0.10485483 -0.36684925  0.96286686  0.01705907 -0.28642440  0.05888093  0.49489598  0.01830699  0.95636583	 0.00161297 -0.30674643  0.45421786 -0.10945063 -0.36827704  0.94224735  0.00205000 -0.26442404  0.12331325  0.31669960  0.04281775  0.81367469	0.20097995 0.14279511 3.90487517	-0.08895417 -0.02343461 -0.00673724	-0.08609608 -0.01403333 -0.00744208	 0.00851195  0.00831402 -0.99992921	0.35000000	0.00000000	0.00000000	0.20195995	-0.17027353	-0.36559182	-0.01411142	0.25113663	0.19247289	-1.08860469	0.26344573	0.49080431	1.25909102	0.31218654	-0.08225428	0.84888417	0.09313200	0.17240532	-0.45130125	-0.95916486	-1.09895718	0.45150498	2.26222968	-0.43503711	0.35454187	0.27912235	0.56974131	
0.00802200	  -48.33409783     5.24312812 -1104.52307189   -21.30790847   -58.61528185   -19.89491691	 17.56797124  67.53422804 -44.37002569  -3.80937438   8.88387976   7.27674617	 -16.21690436   -5.14952698   21.29981979 -125.56325912  -27.40843807  -16.15053113    9.33905712   42.75288928  -58.64130436   85.99080241  -18.08838885   36.11318779	 0.03020795  0.01635341 -0.43406800  0.82731301 -0.40244669 -0.00862010  0.02141621 -0.06328352 -0.06846721  0.66985336 -0.59550580 -0.01454985	-0.00454566 -0.27996145  0.44736046 -0.05775162 -0.39308103  0.55236705  0.02095009 -0.27214734 -0.17993367  0.94966781 -0.09930777  1.15624357	-0.00062640 -0.26381787  0.44322999 -0.05632718 -0.38037491  0.63756232  0.00440323 -0.27194815 -0.09757164  0.76267069 -0.05016032  1.05154066	0.19987474 0.13227979 3.91100622	-0.04573363 -0.04345596 -0.00489506	-0.05955983 -0.03742451 -0.00542856	 0.00822891  0.00885381 -0.99992694	0.35000000	0.00000000	0.00000000	0.24054632	-0.17128430	-0.35239336	-0.01059103	0.26948395	0.11650717	-1.08040094	0.20626768	0.53383666	1.26308715	0.38669124	-0.02881486	0.85181320	0.10626502	0.13748364	-0.39870954	-0.98746574	-1.16028070	0.37651056	2.34449053	-0.41797629	0.30530590	0.28490359	0.59283054	
0.00847000	  -47.57172076    12.26273359 -1091.19791211    -7.93401882   -60.17164153   -17.28537087	11.46529997 25.54734231  3.45113311 -0.96214697  1.22691911  0.46284607	 -16.84428455    0.94553138   15.11448297 -126.71068305  -27.65940388    8.54808478   14.26893923   49.50616717  -62.58222091   72.12825707  -21.83912431   24.31211457	 0.03022983  0.01425404 -0.43036479  0.82716105 -0.40574416 -0.00515013  0.02178440 -0.06541986 -0.07102950  0.67940069 -0.59671090 -0.00488383	 0.01331870 -0.26364000  0.44141110  0.00089224 -0.42606161  0.34407371  0.07861269 -0.21664469 -0.45891768  1.35889052 -0.19830494  1.15856115	 0.00303416 -0.25024870  0.43189151 -0.01192549 -0.39063037  0.38666439  0.05927531 -0.23727699 -0.34227888  1.18833921 -0.15769904  1.13936197	0.19672823 0.12299475 3.91405322	-0.00625758 -0.04836063 -0.00391572	-0.01778284 -0.04728415 -0.00420106	 0.00782707  0.00905503 -0.99992837	0.35000000	0.00000000	0.00000000	0.32864219	-0.17231902	-0.42145008	0.00642717	0.27925181	0.08400969	-1.11794436	0.19565016	0.48713183	1.16384113	0.40045923	-0.00629508	0.82006639	0.09132276	0.12502681	-0.42933252	-0.96796048	-1.18374920	0.32499668	2.42167187	-0.44042769	0.25684670	0.25559694	0.64395738	
0.00853600	  -42.76615197    22.75215226 -1081.19336655     5.81732127   -58.26308272   -15.71970464	12.88978055 14.64722178  6.75232771 -0.52603004  0.52541884 -0.05864378	 -17.91284510   16.79152191   12.00393018 -132.06426290  -25.86681367   28.39194715   12.99294857   48.26050210  -60.16125925   58.28752813  -24.30637966   14.40998264	 0.03023348  0.01223330 -0.42685833  0.82721462 -0.40895555 -0.00274862  0.02288328 -0.06669553 -0.07551786  0.69190914 -0.59878846  0.00407429	 0.02417908 -0.22106265  0.36445092  0.03992579 -0.33729204  0.25407912  0.17352986 -0.10124731 -0.55433382  1.44057767 -0.27859305  0.86059818	 0.00267790 -0.23315498  0.40339354  0.01028131 -0.37350901  0.27432343  0.14076437 -0.13038522 -0.55520699  1.50015047 -0.26087662  1.00546780	0.19264093 0.11355850 3.91705003	 0.00555351 -0.04543807 -0.00332122	 0.00144874 -0.04653757 -0.00349448	 0.00742490  0.00904844 -0.99993150	0.35000000	0.00000000	0.00000000	0.37866250	-0.17967723	-0.48503584	0.04991776	0.28995320	0.04439666	-1.11320734	0.18007009	0.43258685	1.04509556	0.40065286	-0.02193818	0.77264696	0.05117302	0.08692148	-0.45150188	-0.91822857	-1.16327178	0.26250824	2.47997713	-0.45463941	0.23251450	0.20747843	0.71170944	
0.00847400	  -45.26461969    34.69826970 -1044.13565016    13.81705124   -60.45973326   -14.28608136	13.04548139  7.89641924  4.45422958 -0.28944334  0.43641885 -0.09488849	 -18.43134099   29.87214255   10.18078437 -138.41604006  -29.86311784   39.30207926    7.70464625   34.25740051  -55.10158423   45.59891282  -20.16833679   15.00935024	 0.03023374  0.01021750 -0.42347180  0.82725120 -0.41205442 -0.00071222  0.02436359 -0.06721120 -0.08168632  0.70667658 -0.60168463  0.01134765	 0.00231269 -0.24460523  0.37468197 -0.01032194 -0.35167103  0.22395785  0.21087359 -0.02312484 -0.85395342  1.91798617 -0.40312778  0.82685335	 0.00112133 -0.24006024  0.39377721  0.00230222 -0.36283834  0.23874317  0.17719318 -0.05215328 -0.75348430  1.76993890 -0.35382635  0.82861495	0.18963709 0.10772626 3.91805495	 0.02380997 -0.04156256 -0.00297312	 0.01737032 -0.04275505 -0.00307447	 0.00705622  0.00892690 -0.99993526	0.35000000	0.00000000	0.00000000	0.40032566	-0.19632058	-0.53398561	0.09432781	0.30082157	-0.01373869	-1.10748827	0.17399067	0.39066315	0.97130805	0.38933277	-0.04757765	0.71610671	0.05178907	0.05159246	-0.46278563	-0.87389547	-1.09223878	0.20149475	2.53164482	-0.47743553	0.20903663	0.15671742	0.73168373	
0.00848700	  -46.45731766    48.93217022 -1026.07269452    16.59359411   -63.10351888   -11.87874730	12.44630929  5.03738851  2.47134020 -0.17811203  0.37813728 -0.14051701	 -17.79455516   45.98925936    5.96158513 -141.92898044  -33.77712250   44.00136626    2.72821945   25.98184705  -47.64089528   33.55998361  -14.72685300   17.31488711	 0.03023991  0.00816870 -0.42013316  0.82728926 -0.41507348  0.00122365  0.02573582 -0.06737701 -0.08918579  0.72297205 -0.60508824  0.01727594	-0.00051159 -0.24231782  0.41289262  0.02400789 -0.38701064  0.21162906  0.15509157  0.02375529 -0.95923128  2.03461788 -0.41507843  0.67800138	 0.00209312 -0.24018023  0.39410500  0.00441722 -0.35716556  0.22672759  0.15702203 -0.01220373 -0.90750499  1.94552413 -0.40517517  0.68441012	0.18803553 0.10206170 3.91753201	 0.03007198 -0.03898033 -0.00263858	 0.02839690 -0.03976102 -0.00273862	 0.00671512  0.00868723 -0.99993972	0.35000000	0.00000000	0.00000000	0.41583112	-0.20692979	-0.56699461	0.14163592	0.30292901	-0.06309174	-1.08946455	0.15842673	0.36523873	0.90825510	0.36413857	-0.07962436	0.68070596	0.05861077	0.03405694	-0.46375000	-0.85278159	-1.01797557	0.16346768	2.58209276	-0.49681032	0.19711526	0.11930291	0.74132568	
0.00853500	  -44.06942800    58.71836927 -1014.33219075    17.22832471   -63.60749527   -10.60683532	10.90426153  3.75559420  1.43001757 -0.12533575  0.32630557 -0.15060939	 -17.10083435   54.94852436    1.25865545 -146.80287504  -35.14872926   45.81499457    1.61543321   18.47644567  -41.12174737   29.73809524  -10.33365136   19.08133164	 0.03024158  0.00615800 -0.41686198  0.82728127 -0.41802540  0.00306236  0.02670312 -0.06731311 -0.09773326  0.74026057 -0.60868564  0.02234065	-0.00946175 -0.21525892  0.33520409 -0.01401843 -0.29755469  0.15900671  0.07885655  0.01284085 -0.94428503  1.85736526 -0.36657406  0.50994017	 0.00137744 -0.23302167  0.38177601 -0.00245984 -0.34271863  0.21034579  0.10572994  0.00978507 -1.01245832  2.02877249 -0.41616291  0.58012472	0.18720474 0.09589183 3.91608413	 0.03516538 -0.03705082 -0.00229392	 0.03340994 -0.03763696 -0.00239688	 0.00639259  0.00841052 -0.99994420	0.35000000	0.00000000	0.00000000	0.40993693	-0.21615817	-0.58202583	0.18197288	0.29408842	-0.11088286	-1.06805873	0.14062561	0.36110497	0.85254276	0.35075739	-0.09814023	0.66287011	0.07316299	-0.00002302	-0.46734637	-0.84003419	-0.96170312	0.14399841	2.62542367	-0.50722629	0.18100674	0.10333284	0.74374986	
0.00847400	  -43.10011862    65.31740828 -1011.08387460    18.82184871   -65.68683099   -10.97901081	 9.57516438  3.16157731  1.12479079 -0.09779302  0.28825936 -0.12480550	 -16.98196137   62.63904142   -3.35549847 -149.32768655  -38.05166906   48.42399675    2.33768540   15.07082438  -35.84789871   28.28106444   -7.76063740   20.33700401	 0.03023968  0.00420733 -0.41363179  0.82729238 -0.42096751  0.00480290  0.02719840 -0.06706887 -0.10715367  0.75828914 -0.61225993  0.02686246	 0.02046137 -0.25518967  0.39268348 -0.00833588 -0.35478813  0.19420235  0.03435632  0.02265631 -1.17642687  2.22415714 -0.43643220  0.54356833	 0.00170793 -0.22916820  0.38093824 -0.00089923 -0.34594901  0.20104724  0.05176311  0.03040288 -1.12349219  2.13509533 -0.41902145  0.52730907	0.18701641 0.08916459 3.91429710	 0.03857747 -0.03542729 -0.00193150	 0.03744554 -0.03592354 -0.00202735	 0.00608503  0.00809600 -0.99994871	0.35000000	0.00000000	0.00000000	0.41867858	-0.21738501	-0.59843051	0.22065972	0.28329805	-0.14574176	-1.05230641	0.12433629	0.35980475	0.79618114	0.33297563	-0.11225580	0.65018159	0.09163844	-0.01419857	-0.46861649	-0.83090949	-0.91638750	0.13541634	2.67485714	-0.51889503	0.16689600	0.08975379	0.74241430	
0.00848400	  -38.58843106    71.51724516 -1012.65852833    19.67005173   -64.54556124   -11.91384741	 8.55604424  1.42747943  0.87954791 -0.04132827  0.24342715 -0.05662693	 -16.99977526   69.58845615   -7.74366514 -151.72328776  -37.29473251   50.10892898    3.51829809   11.96490508  -30.06427953   25.91016063   -6.84110361   19.30601302	 0.03024111  0.00234856 -0.41043708  0.82730337 -0.42386434  0.00644207  0.02741040 -0.06667126 -0.11730372  0.77686567 -0.61565355  0.03093302	 0.01403229 -0.20175913  0.37119736  0.00422535 -0.32357988  0.20248679  0.01618475  0.06296842 -1.22401941  2.19916566 -0.36985072  0.45777320	 0.00037404 -0.21722964  0.37590750  0.00196830 -0.34036478  0.19190669  0.02328937  0.05112959 -1.21103987  2.20416508 -0.39898634  0.47154478	0.18709724 0.08198873 3.91272266	 0.03958059 -0.03373914 -0.00173062	 0.03924316 -0.03425672 -0.00178671	 0.00579144  0.00776288 -0.99995310	0.35000000	0.00000000	0.00000000	0.42523965	-0.21739559	-0.60421884	0.26246765	0.26637685	-0.17597574	-1.03430915	0.10339471	0.36249185	0.74002177	0.31844842	-0.12130701	0.64430428	0.10171759	-0.03578860	-0.46762204	-0.81078404	-0.87348038	0.12917867	2.72394848	-0.52876425	0.15542971	0.08237073	0.74864304	
0.00803900	  -36.05856399    75.52280489 -1014.59642706    21.35312220   -64.12885070   -12.24328731	 7.84737040  0.15078627  0.76106413  0.00346512  0.20534183 -0.01872701	 -17.22956949   75.14449215  -10.89706589 -152.63280696  -37.45371446   52.57476455    3.79842215    8.47232640  -25.74892161   24.41113777   -6.79616819   19.24023771	 0.03023262  0.00068901 -0.40744398  0.82729246 -0.42659779  0.00787600  0.02747463 -0.06612805 -0.12736844  0.79464400 -0.61869584  0.03426026	-0.00467405 -0.19264263  0.35926304  0.01161042 -0.33165174  0.16242690 -0.02246422  0.10358549 -1.24693665  2.21515825 -0.35987837  0.38746653	-0.00235299 -0.20372652  0.37168310 -0.00082559 -0.33958193  0.17663621  0.00717167  0.07166593 -1.25727994  2.21536540 -0.37613123  0.40544693	0.18751673 0.07516610 3.91143922	 0.03917522 -0.03251585 -0.00158114	 0.03928694 -0.03289593 -0.00163942	 0.00552695  0.00744768 -0.99995699	0.35000000	0.00000000	0.00000000	0.42162457	-0.22625841	-0.60560519	0.30371639	0.23766312	-0.20578270	-1.01572108	0.08838026	0.36416048	0.68373001	0.30554977	-0.12749076	0.63841671	0.10923822	-0.05962326	-0.47192311	-0.79083097	-0.83732432	0.12191775	2.76484275	-0.53194696	0.14336692	0.07690582	0.75134653	
0.00849500	  -33.90039335    78.05318817 -1018.16188591    23.67203778   -62.99726778   -12.28419063	 7.27750330 -0.53621689  0.82123035  0.03333715  0.18141210 -0.00175797	 -17.52001283   79.97511744  -13.21315399 -153.05857563  -36.53301913   55.38461751    3.47970980    4.95866132  -23.52087495   24.23422940   -6.36429298   20.22424281	 0.03024791 -0.00096073 -0.40430809  0.82729371 -0.42946640  0.00931645  0.02750941 -0.06542434 -0.13852588  0.81374580 -0.62172925  0.03737471	 0.01048392 -0.18464425  0.34830470 -0.00993820 -0.35917997  0.15344388 -0.00468783  0.07036651 -1.31424185  2.24529577 -0.33956448  0.32798142	 0.00222592 -0.19184013  0.36664684 -0.00068567 -0.33766030  0.16616038  0.00109260  0.08324267 -1.31223337  2.23917675 -0.35129866  0.35705092	0.18800016 0.06807464 3.91039434	 0.03807532 -0.03086371 -0.00143633	 0.03838508 -0.03136370 -0.00148169	 0.00525786  0.00711974 -0.99996083	0.35000000	0.00000000	0.00000000	0.42301339	-0.23467608	-0.60686982	0.34695971	0.20637470	-0.23255695	-1.00794899	0.07226592	0.36674768	0.63397259	0.29525289	-0.12441326	0.63196486	0.11504496	-0.07424162	-0.47390541	-0.76683581	-0.80208027	0.11957052	2.80381298	-0.54157728	0.13189249	0.07007391	0.74848396	
0.00849700	  -32.00657723    80.27689956 -1021.81164454    25.54059750   -61.62620483   -11.99810973	 6.93503935 -1.40502094  0.71829255  0.06392332  0.15106559  0.01403016	 -18.34574251   84.61633682  -14.93355033 -153.69768512  -35.46245223   57.50313097    2.52915573    2.46516964  -20.61653336   22.72190827   -6.89117603   20.19313985	 0.03024026 -0.00248023 -0.40118271  0.82729169 -0.43231309  0.01068114  0.02752940 -0.06458486 -0.15008517  0.83294749 -0.62458736  0.04018380	-0.02626989 -0.17622879  0.35063900 -0.00324568 -0.31151815  0.14073051  0.01385518  0.10569484 -1.30998970  2.12590533 -0.32411220  0.28083624	-0.00226052 -0.17691132  0.36617218 -0.00135591 -0.33221368  0.15799062  0.00061542  0.09784043 -1.35848397  2.24589736 -0.33269013  0.32119957	0.18876150 0.06085601 3.90971272	 0.03542923 -0.02980847 -0.00121335	 0.03624319 -0.03010709 -0.00128015	 0.00500065  0.00680752 -0.99996432	0.35000000	0.00000000	0.00000000	0.42542353	-0.24430858	-0.60223824	0.39087978	0.17515180	-0.25502077	-0.99265873	0.05622556	0.37047499	0.58912891	0.28421602	-0.12340502	0.62687135	0.11683284	-0.08788884	-0.47472647	-0.74086922	-0.76979327	0.11470079	2.84160018	-0.54902476	0.12142892	0.06393150	0.75061733	
0.00848900	  -30.35381386    81.39112552 -1022.87111360    27.48695055   -60.13551069   -11.78297315	 6.55389633 -2.61253946  0.54873604  0.10498589  0.12927407  0.03039959	 -18.26060054   87.95941973  -16.50798331 -153.61152196  -34.30661684   59.65101093    1.58341737   -1.16515079  -18.90011677   21.83790901   -6.41259021   20.00096396	 0.03025374 -0.00386235 -0.39808172  0.82730206 -0.43515775  0.01194858  0.02752929 -0.06367677 -0.16195564  0.85216211 -0.62724219  0.04267440	-0.00348530 -0.12712854  0.38693202  0.01335592 -0.33355024  0.13928575 -0.01222180  0.10787051 -1.39326116  2.23633359 -0.27411635  0.25616528	 0.00135300 -0.15944346  0.36623487  0.00146183 -0.33410053  0.14910454 -0.00243945  0.10580939 -1.40149909  2.25653863 -0.30775518  0.28520065	0.18960395 0.05402146 3.90921638	 0.03327939 -0.02855942 -0.00103789	 0.03391288 -0.02893603 -0.00108824	 0.00475283  0.00651661 -0.99996747	0.35000000	0.00000000	0.00000000	0.42896402	-0.25547647	-0.59627712	0.43437526	0.14069679	-0.27506638	-0.97975934	0.04385455	0.37608957	0.54573572	0.27946121	-0.11434645	0.62074661	0.11954293	-0.10306399	-0.47358832	-0.71309787	-0.73673475	0.10999337	2.87665987	-0.55825245	0.10912059	0.05569935	0.75024164	
0.00801900	  -28.07408363    81.76123272 -1023.32199089    29.85023952   -57.68412163   -11.39551514	 6.36060523 -3.42320485  0.20971384  0.13445339  0.10408019  0.04090571	 -19.19466498   91.08568907  -17.53679277 -153.36984479  -32.15651491   62.26037920    0.70352201   -3.93485497  -17.04569241   20.02716482   -6.67740478   20.20403108	 0.03024135 -0.00507252 -0.39519030  0.82729765 -0.43781000  0.01305614  0.02754790 -0.06278923 -0.17335144  0.87015193 -0.62958134  0.04476634	-0.01795101 -0.13529770  0.34041979 -0.00082256 -0.28873337  0.11682502  0.01305871  0.07717142 -1.29755842  2.06163442 -0.25327534  0.22764185	-0.00323199 -0.14777583  0.35957182 -0.00028864 -0.32838417  0.13657136  0.00309757  0.10756542 -1.41777843  2.23160096 -0.28684796  0.25557519	0.19045725 0.04792239 3.90891848	 0.03134647 -0.02742667 -0.00079591	 0.03196851 -0.02778657 -0.00088012	 0.00452923  0.00625872 -0.99997016	0.35000000	0.00000000	0.00000000	0.42943153	-0.26993486	-0.58693188	0.47776815	0.10365260	-0.29360494	-0.96674359	0.03287714	0.37926352	0.50727236	0.27186131	-0.10701350	0.61602062	0.12021726	-0.11817373	-0.47597286	-0.68290490	-0.70728260	0.10704336	2.90558863	-0.56867313	0.09638818	0.05171497	0.74790066	
0.00800300	  -28.19206694    81.85099846 -1023.84395542    32.04565508   -56.48927480   -11.31060884	 6.32258367 -4.08589283  0.06052376  0.15842240  0.09447034  0.04802684	 -19.31111027   93.92873454  -17.70418917 -153.12024379  -31.24607787   64.44122225   -0.57454296   -6.23275474  -16.90135936   19.44380213   -6.56767940   20.36984590	 0.03025468 -0.00617399 -0.39230109  0.82728641 -0.44046179  0.01410664  0.02753209 -0.06190191 -0.18494280  0.88797994 -0.63175760  0.04663771	 0.02388243 -0.12472421  0.33890188 -0.02125806 -0.32039293  0.14547886 -0.02189916  0.11810299 -1.35258672  2.05447864 -0.24891871  0.21086163	 0.00231349 -0.13465124  0.35808224 -0.00331951 -0.32795095  0.13153759 -0.00170207  0.10944095 -1.43907137  2.20407333 -0.26565551  0.22921648	0.19139827 0.04207184 3.90871809	 0.02931325 -0.02633020 -0.00064619	 0.02996862 -0.02667706 -0.00069292	 0.00431454  0.00601666 -0.99997259	0.35000000	0.00000000	0.00000000	0.43099776	-0.28248531	-0.57742399	0.52073252	0.06645715	-0.30952144	-0.95347875	0.02421328	0.38493335	0.46850088	0.26854366	-0.09616185	0.61067504	0.12017098	-0.12950614	-0.47607964	-0.65546948	-0.68043345	0.10371760	2.93278861	-0.57771623	0.08363707	0.04669548	0.74265170	
0.00847300	  -27.33999615    81.84564146 -1023.03078527    34.01445530   -54.47456428   -11.57138290	 6.19175599 -4.86666920 -0.18525888  0.18696597  0.07989623  0.05833414	 -20.48397141   96.37791610  -18.08174615 -152.64939535  -29.43990478   66.36655802   -1.51881565   -8.92258722  -16.13155207   18.51626481   -6.48764384   20.53087679	 0.03025582 -0.00724094 -0.38924910  0.82729948 -0.44327610  0.01513227  0.02754389 -0.06103455 -0.19741928  0.90668941 -0.63389379  0.04845351	 0.02317878 -0.14408751  0.39408744  0.02442395 -0.35579371  0.12819483 -0.01297290  0.11388852 -1.57185934  2.30739280 -0.24820830  0.20155075	 0.00198186 -0.12494678  0.36080863  0.00094999 -0.33290371  0.12160219  0.00151411  0.10096740 -1.47504372  2.20073338 -0.24831770  0.21055449	0.19245984 0.03613974 3.90851837	 0.02758645 -0.02523195  0.00073808	 0.02810748 -0.02555886  0.00029447	 0.00409583  0.00577558 -0.99997493	0.35000000	0.00000000	0.00000000	0.43921870	-0.29423535	-0.56747425	0.56431860	0.03267485	-0.32398170	-0.94478595	0.01359415	0.39158541	0.43735483	0.26565635	-0.08226442	0.60435110	0.12223545	-0.13647653	-0.47287527	-0.62295455	-0.65066302	0.10169137	2.96455741	-0.59197253	0.06933327	0.04015805	0.73612827	
0.00853000	  -25.45495327    81.69754607 -1022.56461987    35.65489771   -51.49214907   -11.58252471	 6.18613997 -5.55891606 -0.64871841  0.20891839  0.06081869  0.06919418	 -20.73383976   98.55453539  -18.39383810 -152.26613981  -26.67329501   67.97414595   -2.57142496  -10.12185583  -15.21567855   16.49845750   -6.71602512   20.12751544	 0.03022531 -0.00819327 -0.38620837  0.82728567 -0.44605712  0.01605800  0.02754695 -0.06023581 -0.21001028  0.92506050 -0.63582917  0.05009026	-0.01649725 -0.08955371  0.33399936 -0.03484306 -0.25863500  0.07387069  0.00491745  0.10634679 -1.34863982  1.93901599 -0.21246156  0.15707363	-0.00311651 -0.10780438  0.35468669 -0.00465375 -0.32165821  0.10650272  0.00062645  0.09262789 -1.46865357  2.13259181 -0.22318543  0.18614926	0.19350067 0.03015358 3.90847207	 0.02514134 -0.02402916  0.00348836	 0.02590247 -0.02438811  0.00262066	 0.00388691  0.00555167 -0.99997704	0.35000000	0.00000000	0.00000000	0.43604973	-0.31074679	-0.54793251	0.60693097	-0.00925406	-0.33954105	-0.92643100	0.00274356	0.39766991	0.40247470	0.26477146	-0.07326284	0.60170650	0.12323014	-0.15384766	-0.47783792	-0.59622180	-0.62742633	0.09868894	2.99000525	-0.59922075	0.05372314	0.04297086	0.73568112	
0.00847500	  -27.10135247    79.31510277 -1020.10789887    38.66704757   -50.56070157   -11.51584411	 6.23963963 -5.76592675 -0.79275811  0.22031082  0.06271719  0.06766058	 -20.81839000   99.41312623  -17.63137405 -150.89088821  -25.99125619   70.91555941   -3.36538053  -12.36722845  -16.42230896   16.62719193   -6.19018700   21.02039337	 0.03018335 -0.00905166 -0.38319650  0.82728912 -0.44885297  0.01691373  0.02755236 -0.05958811 -0.22269363  0.94302128 -0.63757055  0.05158531	-0.02234886 -0.08814105  0.35649890 -0.00311475 -0.32703352  0.08124609  0.01595172  0.04815451 -1.59156580  2.16155480 -0.18190406  0.17630393	-0.00556577 -0.09818830  0.35454468 -0.00190192 -0.32676460  0.09919356  0.00293122  0.07299293 -1.49919828  2.10788571 -0.20027731  0.17403734	0.19459900 0.02495381 3.90823172	 0.02431693 -0.02280604  0.00582981	 0.02453514 -0.02317150  0.00511002	 0.00368851  0.00534250 -0.99997893	0.35000000	0.00000000	0.00000000	0.44391742	-0.32516366	-0.53591001	0.64793187	-0.04807902	-0.35301009	-0.92105937	-0.00176781	0.40427077	0.37014765	0.26762420	-0.05601674	0.59527868	0.13062054	-0.15799227	-0.48176470	-0.56865978	-0.60343176	0.09706286	3.01943612	-0.61396414	0.03483620	0.03964267	0.72434407	
0.00800100	  -25.70742086    78.03772078 -1020.17668656    40.69022132   -47.85973526   -11.48610830	 6.29336943 -5.99675835 -1.22696187  0.22651102  0.04464572  0.07379524	 -21.07798156  101.14977121  -17.77522114 -150.81649023  -23.20717160   72.72749579   -4.62249387  -12.13281840  -15.41570360   14.54426378   -6.81873659   20.68563217	 0.03012848 -0.00978636 -0.38035382  0.82728694 -0.45148684  0.01767681  0.02754852 -0.05909841 -0.23468693  0.95955879 -0.63903596  0.05294657	-0.00414378 -0.06912551  0.36945116 -0.02867082 -0.34067633  0.11738892 -0.00155229  0.07047626 -1.52131190  2.05188362 -0.18829990  0.18955112	-0.00739721 -0.08857264  0.35519504 -0.00265245 -0.32683854  0.09541259  0.00158327  0.05939554 -1.49827987  2.05636773 -0.18128694  0.17022810	0.19570414 0.01991132 3.90814532	 0.02240035 -0.02186963  0.00939063	 0.02308268 -0.02216903  0.00815799	 0.00351049  0.00515485 -0.99998055	0.35000000	0.00000000	0.00000000	0.44824120	-0.33888808	-0.51709336	0.68861109	-0.08564095	-0.36342677	-0.90635502	-0.01165907	0.41063148	0.34070680	0.26483622	-0.04595722	0.59397799	0.13339347	-0.16735487	-0.48565358	-0.54144132	-0.58337182	0.09883830	3.04515314	-0.62549275	0.01904714	0.04169944	0.72034925	
0.00801100	  -25.64489747    76.33307662 -1018.21453574    42.43464842   -45.47660248   -11.43315968	 6.37894139 -6.48269199 -1.51103918  0.24208527  0.04530299  0.07846596	 -21.16798389  101.68857622  -16.98124044 -149.39459133  -20.96265109   74.22160518   -5.36598937  -13.58907777  -16.56578472   14.02372338   -6.09763085   20.54131782	 0.03003667 -0.01044596 -0.37754405  0.82729064 -0.45410545  0.01835274  0.02755179 -0.05876758 -0.24672920  0.97564984 -0.64032857  0.05420734	-0.00348160 -0.05873138  0.31063402 -0.00973753 -0.31483593  0.09371698 -0.00049362  0.02238169 -1.39937335  1.88294727 -0.15045647  0.14241875	-0.00932704 -0.07951923  0.34961964 -0.00171429 -0.32490254  0.08409295  0.00177399  0.03789859 -1.49871322  1.99721745 -0.15917647  0.15653247	0.19668756 0.01518553 3.90801936	 0.02109982 -0.02062306  0.01321400	 0.02149320 -0.02104098  0.01195564	 0.00334105  0.00498156 -0.99998201	0.35000000	0.00000000	0.00000000	0.45035368	-0.35167807	-0.49812746	0.72424173	-0.12535723	-0.37297270	-0.89640516	-0.01735655	0.41659415	0.31237936	0.26883984	-0.03056151	0.59142917	0.14039710	-0.17807910	-0.48829085	-0.51606351	-0.56185001	0.09847903	3.06849265	-0.63707978	0.00083321	0.04590063	0.71251601	
0.00846100	  -26.50678385    73.62940632 -1019.13426338    44.66227930   -43.58955859   -11.47400112	 6.61357838 -5.86698232 -1.82687931  0.22094913  0.04333975  0.07039265	 -21.50833590  102.33977747  -15.93129775 -148.77410287  -19.15751012   76.00066751   -6.35302222  -13.48854619  -17.17713389   12.63897395   -6.18135532   21.00622711	 0.02988944 -0.01104692 -0.37456408  0.82728742 -0.45688711  0.01902347  0.02752786 -0.05857783 -0.25957068  0.99221886 -0.64147701  0.05547947	-0.03305766 -0.03457645  0.36374107 -0.00426754 -0.32712349  0.08720109 -0.03212215  0.00355673 -1.60493222  2.01300663 -0.13562024  0.16758596	-0.01821168 -0.06739343  0.35153093 -0.00125548 -0.32844399  0.07861857 -0.00396166  0.01718412 -1.52113001  1.95173128 -0.13405817  0.15207949	0.19781494 0.00999134 3.90800601	 0.01860049 -0.01966405  0.01864665	 0.01960207 -0.01993251  0.01690382	 0.00317118  0.00481059 -0.99998340	0.35000000	0.00000000	0.00000000	0.45722082	-0.36424416	-0.47656357	0.76242381	-0.16115196	-0.38196045	-0.88519186	-0.02496740	0.42344058	0.28447619	0.27272063	-0.01897092	0.58875382	0.14885914	-0.17961141	-0.49508834	-0.49422127	-0.54409927	0.09863851	3.09601235	-0.64947426	-0.01755748	0.04863590	0.70772070	
0.00800200	  -25.25290071    69.51032809 -1019.88621682    46.95716211   -40.65856269   -10.59937021	 6.65611577 -4.97117859 -2.22159374  0.18615432  0.03254601  0.06265824	 -20.68380456  102.04934907  -15.59732795 -147.84711677  -16.31391191   77.60906184   -6.79531223  -13.74150687  -17.03227961   11.11259877   -6.19487535   20.90402320	 0.02972486 -0.01152013 -0.37176654  0.82728839 -0.45950239  0.01955796  0.02750746 -0.05849824 -0.27165951  1.00726377 -0.64234677  0.05660757	-0.02174485 -0.03938156  0.35567881 -0.03098220 -0.35545220  0.03481476  0.01367017  0.01150574 -1.57732098  1.94176435 -0.09737298  0.13480348	-0.02156330 -0.05396359  0.35085153 -0.00304350 -0.32984376  0.06461040 -0.00313306  0.00834431 -1.52341671  1.88577763 -0.10762281  0.14043679	0.19887423 0.00438536 3.90826117	 0.01314028 -0.01891466  0.02391311	 0.01504065 -0.01915248  0.02215102	 0.00301796  0.00468308 -0.99998448	0.35000000	0.00000000	0.00000000	0.45633510	-0.38131037	-0.45337272	0.80253673	-0.19896141	-0.38981134	-0.86943585	-0.03371311	0.42972589	0.25638774	0.28009540	-0.00543880	0.58613038	0.15253755	-0.18906018	-0.50145686	-0.47277790	-0.52952510	0.09865326	3.11849189	-0.65618086	-0.03589588	0.05160927	0.70750707	
0.00804500	  -24.68986593    63.72187367 -1019.85991002    49.77088788   -37.83429292   -10.32888696	 6.70787790 -3.88102906 -2.56823321  0.14839122  0.02882863  0.04773957	 -20.73573032  101.13806558  -14.64949298 -147.14471990  -13.61912504   79.32230681   -7.59646904  -15.40109205  -17.52490839    9.98556797   -5.78056716   21.59963211	 0.02951139 -0.01186174 -0.36898162  0.82728883 -0.46209721  0.02002847  0.02745451 -0.05847518 -0.28372012  1.02170803 -0.64300468  0.05771130	-0.00197862 -0.03169194  0.34424892 -0.01864182 -0.30060613  0.04054393 -0.00366840 -0.01193094 -1.41828219  1.66283406 -0.03603050  0.12502797	-0.02493366 -0.03846131  0.34515015 -0.00165060 -0.32125560  0.05532314 -0.00693235  0.00023042 -1.49475758  1.77974881 -0.07612375  0.13498428	 0.19992622 -0.00162021  3.90864019	 0.00642094 -0.01838635  0.03067396	 0.00864075 -0.01854596  0.02842680	 0.00287008  0.00460549 -0.99998528	0.35000000	0.00000000	0.00000000	0.44516209	-0.40525985	-0.42278880	0.83864838	-0.24096182	-0.39566177	-0.84919965	-0.03986900	0.43784368	0.22947797	0.28977746	0.00592006	0.58328605	0.15460023	-0.20561662	-0.51578653	-0.45649600	-0.52064973	0.09994312	3.12910938	-0.66145617	-0.05384468	0.05683330	0.70554566	
0.00850800	  -26.81847063    56.68961695 -1019.17717075    52.43656848   -36.23791971   -10.14921488	 6.98002462 -2.65767609 -2.69308341  0.10562345  0.04104440  0.03297928	 -20.69272639   99.80841446  -12.67335312 -146.89082968  -12.00386989   80.83842129   -8.02378534  -17.23566544  -19.65907919    9.94066261   -5.32311074   22.29721990	 0.02920840 -0.01206754 -0.36603199  0.82728468 -0.46485517  0.02035476  0.02734987 -0.05845211 -0.29651366  1.03638631 -0.64345858  0.05895409	-0.03770875 -0.00053647  0.33772531 -0.03325277 -0.28771893  0.01033239  0.00676549  0.01491367 -1.37783517  1.53425811 -0.03845669  0.13650261	-0.03541927 -0.01859447  0.34593711 -0.00338181 -0.32064017  0.03258507 -0.01159878  0.00199648 -1.49007294  1.69743263 -0.04603430  0.14511681	 0.20111430 -0.00791406  3.90899509	-0.00024643 -0.01820860  0.03784459	 0.00166136 -0.01825280  0.03562588	 0.00271616  0.00458156 -0.99998582	0.35000000	0.00000000	0.00000000	0.43607965	-0.42886549	-0.39133468	0.87388623	-0.27862445	-0.39791411	-0.82936144	-0.04521742	0.44683385	0.20171762	0.30749327	0.01943453	0.57551581	0.15713975	-0.21478617	-0.52726781	-0.44362319	-0.51581770	0.09847087	3.13929653	-0.66428632	-0.07317755	0.05850501	0.70707035	
0.00849900	  -26.70482953    49.97005520 -1013.66791897    55.06004058   -33.24814718    -9.53585193	 7.51483053 -1.91040416 -3.16575190  0.07498203  0.03076351  0.02919881	 -20.12613301   98.45652056  -11.36282106 -146.44635385   -9.11837514   83.52711272   -8.29888280  -19.78627741  -20.37129180    8.41940886   -5.25556433   22.03773755	 0.02886274 -0.01216802 -0.36310036  0.82729993 -0.46760589  0.02062411  0.02719484 -0.05844552 -0.30930013  1.05035775 -0.64366396  0.06031128	-0.03987109 -0.01963579  0.33508388  0.02561622 -0.30636784  0.04565434 -0.03292992 -0.00725024 -1.42315390  1.54965983 -0.02497935  0.17238709	-0.04087610 -0.01179096  0.34336021  0.00270267 -0.32131549  0.03209094 -0.01849391 -0.00003892 -1.48693499  1.61307768 -0.02157001  0.15935524	 0.20230506 -0.01342244  3.90907270	-0.00416983 -0.01815168  0.04476723	-0.00321447 -0.01817415  0.04260820	 0.00256323  0.00460336 -0.99998612	0.35000000	0.00000000	0.00000000	0.43305600	-0.45132467	-0.36007547	0.90488189	-0.30972877	-0.39515373	-0.80861944	-0.04884487	0.45412832	0.17683914	0.32164332	0.03029580	0.56690955	0.15918484	-0.23029158	-0.54461080	-0.42554241	-0.51099306	0.09789080	3.14854836	-0.67762166	-0.09182043	0.06153979	0.70596826	
0.00848400	  -25.71653403    44.34837054 -1012.86810967    57.00931471   -30.23258149    -9.06833241	 7.92321379 -2.51807063 -3.49892084  0.09152253  0.02242831  0.03501942	 -19.69227172   98.65567541   -9.97567539 -146.91425669   -6.05442473   84.17422438   -8.52081027  -21.70867765  -20.75427660    7.14137505   -4.21008244   21.31453323	 0.02846019 -0.01219908 -0.36014940  0.82727822 -0.47032470  0.02089283  0.02698563 -0.05848007 -0.32206773  1.06360350 -0.64374414  0.06166215	-0.05256682 -0.00379332  0.36161849 -0.00699841 -0.31093357 -0.00055623 -0.01832950 -0.01354788 -1.55804787  1.55123013 -0.03559133  0.14858394	-0.04613734 -0.00474774  0.34772939 -0.00180506 -0.31731914  0.02897171 -0.02505469 -0.00531773 -1.49517144  1.53509075 -0.00958885  0.15649882	 0.20353627 -0.01762272  3.90916907	-0.00339756 -0.01825280  0.05120664	-0.00382630 -0.01820891  0.04922500	 0.00241057  0.00463717 -0.99998634	0.35000000	0.00000000	0.00000000	0.43023965	-0.46626148	-0.33021393	0.93304932	-0.33620846	-0.39542550	-0.78714043	-0.05600434	0.45979142	0.15581331	0.33850035	0.03936998	0.55747199	0.16468030	-0.24391693	-0.55561984	-0.40749902	-0.49737114	0.09482955	3.16298676	-0.68850595	-0.11254716	0.06586879	0.70808506	
0.00847600	  -25.15811955    42.01648919 -1010.69843729    58.78962964   -27.86017669    -8.31141187	 8.09833319 -2.93777991 -3.98667338  0.10653290  0.01059369  0.03524114	 -18.91505512   98.88165712   -9.67140381 -145.36898702   -3.97394914   85.54883945   -8.85578771  -23.33999264  -20.47202004    5.22708046   -2.05174696   21.39320338	 0.02798729 -0.01220301 -0.35718437  0.82718965 -0.47303967  0.02113599  0.02671564 -0.05860420 -0.33473554  1.07603190 -0.64377330  0.06295970	-0.04780864 -0.00716293  0.33793875 -0.01422879 -0.31966352  0.04897504 -0.03358708 -0.02485839 -1.45353518  1.40109536  0.00201583  0.16798770	-0.05581948 -0.00007796  0.35104311 -0.01020823 -0.32077617  0.02876359 -0.03528261 -0.01647757 -1.49511088  1.45326276 -0.00429812  0.15378325	 0.20486344 -0.02096637  3.90929716	-0.00065883 -0.01844889  0.05671678	-0.00162217 -0.01837834  0.05500927	 0.00225676  0.00465390 -0.99998662	0.35000000	0.00000000	0.00000000	0.42846692	-0.48294303	-0.30278224	0.95833188	-0.36520535	-0.39521891	-0.76556563	-0.06004670	0.46052891	0.13574231	0.35033917	0.04530111	0.54745972	0.17829594	-0.25660011	-0.57166135	-0.39437917	-0.48053604	0.09243502	3.17713952	-0.69953108	-0.13496166	0.07099935	0.70796311	
0.00803000	  -23.46233800    40.68392863 -1009.46325301    60.15174359   -24.77010627    -7.12483929	 8.18333605 -3.23661151 -4.47467385  0.11707965 -0.00093974  0.03683579	 -17.56594190   99.18515325   -9.49792120 -143.81080666   -1.05092592   86.72218323   -8.91359664  -24.26598597  -20.12920700    3.29454057    1.01427988   21.35890207	 0.02753183 -0.01221270 -0.35433502  0.82705910 -0.47556037  0.02126555  0.02641476 -0.05885795 -0.34657878  1.08691000 -0.64378148  0.06415304	-0.03023025  0.01186413  0.32611819 -0.00389096 -0.30499092 -0.00409487 -0.01492794 -0.01647846 -1.35430997  1.19793977  0.00351661  0.15358551	-0.05629730  0.00045727  0.35458374 -0.01524510 -0.31500349  0.01381140 -0.03789279 -0.03172247 -1.46725593  1.33674864 -0.00061765  0.14882108	 0.20606168 -0.02348205  3.90953333	 0.00267079 -0.01840857  0.05990770	 0.00152154 -0.01842049  0.05888913	 0.00211143  0.00464452 -0.99998699	0.35000000	0.00000000	0.00000000	0.42146289	-0.49778453	-0.27715349	0.98333079	-0.39839011	-0.39491960	-0.74742132	-0.06472855	0.46058470	0.11684889	0.36149254	0.05340617	0.53988069	0.19082440	-0.27167845	-0.58728790	-0.38130775	-0.46121314	0.09303710	3.18854165	-0.70789868	-0.15859617	0.08146282	0.70481670	
0.00848400	  -23.20722692    40.07043078 -1008.02770826    61.49227226   -22.45760395    -6.74801360	 8.25075390 -3.08041435 -4.57291365  0.11229251 -0.00085067  0.03091214	 -17.38495724   99.45311761   -9.13193410 -142.15585208    0.94382486   88.23293495   -9.46071136  -24.18004668  -20.79983308    3.01909342    4.74265287   21.66115779	 0.02699987 -0.01221823 -0.35129483  0.82684332 -0.47818755  0.02137468  0.02598263 -0.05928785 -0.35903036  1.09755910 -0.64378482  0.06538597	-0.07360405 -0.02175447  0.37508790 -0.00952682 -0.28192414  0.00047871 -0.07504752 -0.08105971 -1.52675416  1.24492154 -0.00131711  0.14871570	-0.06255352 -0.00159665  0.35851646 -0.02467486 -0.30581703  0.01133716 -0.05344639 -0.05403371 -1.46288260  1.23433709  0.00009593  0.14585445	 0.20722619 -0.02600777  3.90973655	 0.00569678 -0.01797923  0.06342512	 0.00471205 -0.01811094  0.06233097	 0.00195919  0.00460726 -0.99998747	0.35000000	0.00000000	0.00000000	0.41922978	-0.50571829	-0.25483230	1.00014877	-0.42688832	-0.39302033	-0.73273188	-0.06866813	0.45853525	0.09890348	0.36813906	0.05890454	0.53350234	0.20840299	-0.28021431	-0.60636473	-0.37369636	-0.44066164	0.09524164	3.20250845	-0.71779305	-0.18241204	0.09323125	0.70086926	
0.00847300	  -22.24408709    38.09704414 -1004.97437464    62.29290756   -20.34954939    -5.58169578	 8.03215771 -2.94205991 -4.82127727  0.10485118 -0.01226902  0.03435282	 -16.01404805   99.49470615   -9.35054602 -140.78214219    2.54693179   88.43131709   -9.11400664  -23.02801979  -19.99806336    2.27185471    8.44329896   21.35708398	 0.02646426 -0.01221156 -0.34822337  0.82658076 -0.48081817  0.02142968  0.02549231 -0.05984167 -0.37132046  1.10723402 -0.64379548  0.06663177	-0.05265674 -0.00851082  0.40558501 -0.02371428 -0.32672488  0.02262812 -0.08213147 -0.08262674 -1.48585000  1.11218778  0.00466020  0.14725237	-0.06278743  0.00040541  0.36642032 -0.03211315 -0.30990738  0.00683229 -0.06045282 -0.06962136 -1.45416581  1.12881093 -0.00148501  0.14696211	 0.20845846 -0.02811390  3.90978539	 0.00882503 -0.01765342  0.06451352	 0.00787034 -0.01774171  0.06421582	 0.00181049  0.00454342 -0.99998804	0.35000000	0.00000000	0.00000000	0.41707918	-0.51015854	-0.23351020	1.02040398	-0.45738786	-0.38948056	-0.71496785	-0.07569415	0.46026278	0.08326203	0.37562278	0.06680992	0.52996266	0.22516713	-0.28611684	-0.61930180	-0.36534879	-0.41987708	0.09812634	3.21924949	-0.72300291	-0.20544927	0.10464770	0.69734865	
0.00804700	  -18.90520372    36.96019940 -1001.54225138    63.10663931   -16.71644276    -4.88885231	 7.15270834 -2.93654795 -5.21386236  0.10186977 -0.01754395  0.03297896	 -15.42086037   98.94534326  -10.32412494 -138.70325348    5.75176390   89.16843784   -9.35085448  -22.50308281  -18.88574382    1.53834169   13.23860742   21.17937118	 0.02594855 -0.01221621 -0.34532423  0.82630338 -0.48326576  0.02144113  0.02497192 -0.06048857 -0.38272472  1.11541298 -0.64371855  0.06773361	-0.04698239  0.01003209  0.32701437 -0.02929748 -0.26871773 -0.02625652 -0.05914535 -0.08830000 -1.29327354  0.91584136 -0.00768843  0.12521899	-0.06257414 -0.00044047  0.36054659 -0.03440916 -0.30216701  0.00053902 -0.06539718 -0.08338639 -1.41171421  1.00031842  0.01141850  0.13782210	 0.20937577 -0.03001549  3.90968475	 0.01131275 -0.01674879  0.06576414	 0.01050720 -0.01705115  0.06534548	 0.00167515  0.00446111 -0.99998865	0.35000000	0.00000000	0.00000000	0.40670124	-0.51615375	-0.21020535	1.03758228	-0.49229234	-0.38295278	-0.69677418	-0.08134607	0.45960319	0.06740762	0.37984428	0.07349066	0.52881622	0.24135326	-0.30160657	-0.63715839	-0.35735703	-0.39793047	0.10536356	3.22548008	-0.72790623	-0.22738606	0.11971208	0.69385898	
0.00849800	 -19.20469473   35.47398694 -999.52018379   63.81167087  -15.02481507   -4.27009442	 6.47806112 -2.44865238 -5.32171145  0.08575242 -0.00685263  0.02444159	 -14.77995601   98.78871727   -9.64531793 -137.28906310    6.91804531   89.58568347   -9.41511474  -21.73814225  -19.07388351    1.65018198   16.53578997   21.77705055	 0.02537405 -0.01222015 -0.34222513  0.82595971 -0.48586243  0.02144978  0.02436676 -0.06127427 -0.39466218  1.12306888 -0.64331761  0.06885736	-0.06649588 -0.00273539  0.33691014 -0.05668080 -0.29616690 -0.03290910 -0.06679836 -0.10005471 -1.28204745  0.77137653  0.05749593  0.12218022	-0.06787087 -0.00234425  0.36134940 -0.04159983 -0.30489642 -0.00280563 -0.07010356 -0.09602380 -1.39097791  0.87421596  0.05396634  0.13285147	 0.21045312 -0.03182069  3.90935565	 0.01380949 -0.01630261  0.06591022	 0.01303449 -0.01641949  0.06589299	 0.00153766  0.00435282 -0.99998934	0.35000000	0.00000000	0.00000000	0.39615411	-0.51630479	-0.18475035	1.05581796	-0.52493846	-0.37746432	-0.68000609	-0.08510389	0.46382201	0.04751678	0.38413182	0.08004899	0.53051829	0.25656366	-0.30530971	-0.65406775	-0.34972942	-0.38019797	0.11342992	3.23466659	-0.73190439	-0.24846965	0.13306016	0.68221766	
0.00847200	 -16.47487864   33.66396957 -998.87315734   64.41076419  -11.83236740   -3.27578893	 5.75662392 -1.97718331 -5.32511589  0.06856787 -0.01655876  0.01798896	 -13.71501406   98.76213932  -10.40859812 -136.01504719    9.79746564   89.71851540   -9.63458288  -20.46065831  -17.66870845    2.02982011   17.60912074   21.96634471	 0.02482487 -0.01221277 -0.33909501  0.82561045 -0.48844083  0.02145566  0.02369870 -0.06215644 -0.40639098  1.12966436 -0.64248054  0.07001598	-0.04792892 -0.02137191  0.39526734 -0.06825921 -0.30765059 -0.01323866 -0.07806228 -0.08596189 -1.42108685  0.72301415  0.10117552  0.15068787	-0.06380858 -0.00142171  0.36883563 -0.04460422 -0.30466008 -0.00231796 -0.07944133 -0.10400833 -1.37902392  0.75513109  0.10598111  0.13810879	 0.21149124 -0.03346154  3.90896505	 0.01625660 -0.01600384  0.06532075	 0.01549557 -0.01608949  0.06552209	 0.00140290  0.00422356 -0.99999010	0.35000000	0.00000000	0.00000000	0.38570437	-0.51678348	-0.15697783	1.07626414	-0.55410349	-0.37497115	-0.66328478	-0.09379414	0.46987349	0.02702030	0.38493511	0.08744768	0.53711742	0.26838517	-0.30960405	-0.67006481	-0.33761969	-0.36536252	0.12452732	3.24723983	-0.73543757	-0.26677853	0.14774099	0.67304069	
0.00800100	 -12.77267046   32.28231044 -996.56048260   64.79252337   -8.17911656   -2.70709541	 4.90191903 -1.86446876 -5.38253297  0.06218211 -0.03037129  0.02061894	 -13.21548699   98.90419030  -11.43629556 -134.17227173   12.81991151   89.92757356   -9.42133968  -19.57251298  -15.78235105    2.41118620   18.96532519   21.74192306	 0.02429746 -0.01221819 -0.33614719  0.82525591 -0.49085290  0.02147198  0.02304141 -0.06307856 -0.41720110  1.13490158 -0.64120313  0.07112520	-0.08222082 -0.02872009  0.38429289 -0.08109118 -0.28168635  0.02323355 -0.07637709 -0.11280863 -1.36175161  0.57735914  0.18904314  0.11675661	-0.06668906 -0.00329006  0.37114824 -0.04822319 -0.30102978  0.00135710 -0.08363015 -0.11454679 -1.35254097  0.63804782  0.16630707  0.13684495	 0.21237426 -0.03494333  3.90842714	 0.01848732 -0.01580465  0.06509393	 0.01774820 -0.01586846  0.06516907	 0.00127791  0.00408329 -0.99999085	0.35000000	0.00000000	0.00000000	0.37347242	-0.51514632	-0.12972963	1.09149468	-0.58346260	-0.37089682	-0.64688104	-0.10016616	0.47374517	0.00567929	0.38210160	0.09258094	0.54616636	0.28196639	-0.31677374	-0.68647373	-0.32415059	-0.34843332	0.13754682	3.25749898	-0.73853302	-0.28448224	0.16314605	0.66297579	
0.00800400	 -10.31845321   30.76533464 -994.32714804   64.85781834   -5.28015950   -1.76578490	 4.38304004 -1.41539135 -5.32984844  0.04587064 -0.04195362  0.01698465	 -12.14748591   99.08590078  -11.96623228 -132.57233617   15.00445528   89.65444934   -9.39496619  -18.27040088  -14.66853935    2.94811798   18.93728279   21.92416996	 0.02377970 -0.01220403 -0.33321194  0.82492171 -0.49328220  0.02147467  0.02236698 -0.06405968 -0.42775456  1.13918378 -0.63940918  0.07225462	-0.07012443  0.01079413  0.37905617 -0.04870194 -0.29964388 -0.00724405 -0.06080719 -0.13702412 -1.33438623  0.49219079  0.27333014  0.14563456	-0.06684012  0.00193043  0.36869546 -0.04342092 -0.30307103  0.00156524 -0.08282407 -0.12335329 -1.31744614  0.51985110  0.23247714  0.14212947	 0.21321719 -0.03627756  3.90768773	 0.02072023 -0.01571993  0.06382745	 0.01997849 -0.01574354  0.06427230	 0.00115398  0.00392529 -0.99999163	0.35000000	0.00000000	0.00000000	0.36103204	-0.51386619	-0.09989735	1.10932028	-0.61495775	-0.36650202	-0.63039243	-0.10670435	0.48065650	-0.01856595	0.38220680	0.09908938	0.55689210	0.29452333	-0.31806356	-0.69978303	-0.31041348	-0.33856258	0.15056811	3.26516366	-0.73882729	-0.30096316	0.17880577	0.64965874	
0.00852100	  -8.25843522   29.77824661 -993.90437639   64.74880114   -2.47926924   -1.21798303	 3.99998153 -1.03291418 -5.28003335  0.03190056 -0.05143334  0.01234969	 -11.66733208   98.81427193  -12.38435391 -131.34209087   17.41547365   90.38543558   -9.60449154  -17.25610018  -13.69078865    3.12366229   18.77269864   22.04027545	 0.02324485 -0.01220755 -0.33009203  0.82457170 -0.49586437  0.02148005  0.02161678 -0.06513178 -0.43867987  1.14265821 -0.63696033  0.07345818	-0.08050829 -0.01675199  0.31648369 -0.04935217 -0.30457595  0.02635812 -0.08367860 -0.11833416 -1.18746963  0.31139191  0.32539051  0.14703345	-0.06355074 -0.00018374  0.36258651 -0.04118269 -0.30297402  0.00438653 -0.08816476 -0.12511426 -1.26987826  0.38404542  0.29730085  0.14220072	 0.21410833 -0.03764866  3.90688018	 0.02311592 -0.01572567  0.06245342	 0.02237254 -0.01572201  0.06287813	 0.00102242  0.00373783 -0.99999249	0.35000000	0.00000000	0.00000000	0.34573856	-0.51351601	-0.07052536	1.12632883	-0.64584643	-0.36012313	-0.61272156	-0.11131630	0.48401833	-0.04437481	0.37941089	0.10304157	0.56625187	0.30553585	-0.32408640	-0.71825081	-0.29525205	-0.33061570	0.16374610	3.26745749	-0.73884773	-0.31722870	0.19609666	0.63469791	
0.00848500	  -6.60942087   29.08595172 -993.16827469   64.61103900   -0.13622164   -0.77733528	 3.52085843 -0.76635808 -5.08240597  0.02171890 -0.05887422  0.01339895	 -11.22643579   99.61199069  -12.80936221 -130.42381239   19.27823272   90.29622793   -9.25554520  -16.43659496  -12.73054513    4.01007853   18.74039049   22.08154488	 0.02272464 -0.01219827 -0.32696283  0.82423180 -0.49844210  0.02146424  0.02087716 -0.06624895 -0.44926529  1.14508071 -0.63397491  0.07469245	-0.06228370  0.03071732  0.35682093 -0.05482260 -0.31984999 -0.01347698 -0.09336982 -0.13868504 -1.24313923  0.24067413  0.38158885  0.15232389	-0.06192694  0.00326230  0.36655635 -0.03919867 -0.30370685 -0.00229623 -0.08767493 -0.13282918 -1.23862112  0.26602257  0.36256279  0.14480123	 0.21504141 -0.03893632  3.90596297	 0.02557246 -0.01596428  0.06057718	 0.02480237 -0.01588365  0.06118266	 0.00088971  0.00352984 -0.99999337	0.35000000	0.00000000	0.00000000	0.33384603	-0.50776625	-0.04424715	1.14253128	-0.67389005	-0.35534215	-0.59879893	-0.11707649	0.48824590	-0.07044517	0.37800789	0.10869536	0.57641912	0.31814852	-0.32297006	-0.73052227	-0.27791229	-0.31837872	0.17741139	3.27341318	-0.73728633	-0.33402839	0.21079245	0.61829305	
0.00847100	  -3.66297448   30.87513537 -992.48031510   64.46253447    2.79360145   -0.24874675	 2.63681342 -0.45238863 -4.46016093  0.00766022 -0.07163246  0.01192745	 -10.76854683   99.75554895  -14.20012023 -129.07881781   21.53729381   91.14104891   -9.26090301  -14.84314525  -11.11681628    4.30045502   18.43510307   21.86436591	 0.02222280 -0.01219905 -0.32383988  0.82393348 -0.50105840  0.02153203  0.02014899 -0.06735689 -0.45951436  1.14641587 -0.63044840  0.07594424	-0.04219467  0.00729012  0.38798303 -0.03713365 -0.31567212  0.02276422 -0.08036072 -0.16289071 -1.23362171  0.08633792  0.45691951  0.13521703	-0.05716538  0.00190035  0.36861596 -0.03276267 -0.31013512  0.01118837 -0.08594245 -0.13277282 -1.20859309  0.13855491  0.42691126  0.14550762	 0.21590059 -0.04065322  3.90484463	 0.02625171 -0.01612825  0.05916217	 0.02603060 -0.01598762  0.05961297	 0.00075567  0.00330838 -0.99999424	0.35000000	0.00000000	0.00000000	0.32322392	-0.50348145	-0.01937817	1.15930080	-0.70151371	-0.34661552	-0.58400220	-0.12342206	0.49291223	-0.09642390	0.37115151	0.11534991	0.58888000	0.32649684	-0.32467520	-0.74656719	-0.25906721	-0.30976290	0.19247840	3.27739167	-0.73569095	-0.34822369	0.22365560	0.60269690	
0.00800300	   0.72264207   28.44306283 -998.16169169   64.68314552    6.37383115    0.40558830	 0.05737040 -0.25001216 -1.53095840 -0.00683741 -0.07682261  0.00788430	 -10.10294059  100.16441655  -15.60296936 -128.77828029   24.51207800   90.34360218   -9.24924087  -14.14334625   -8.95060074    5.40287023   18.70536809   21.51023400	 0.02175094 -0.01220268 -0.32090647  0.82369190 -0.50354363  0.02164237  0.01948013 -0.06836877 -0.46887225  1.14696036 -0.62666213  0.07709061	-0.05232920  0.00664835  0.36852529 -0.02739237 -0.34637172 -0.00611032 -0.11264954 -0.13096320 -1.23050754  0.04304177  0.50392816  0.15674196	-0.05765639  0.00115613  0.36919197 -0.02685977 -0.31553630  0.01351419 -0.08479203 -0.12587087 -1.17761877  0.06263767  0.48253537  0.14267242	 0.21692605 -0.04211161  3.90292044	 0.02876822 -0.01869646  0.05812603	 0.02787144 -0.01773653  0.05847535	 0.00061879  0.00308852 -0.99999504	0.35000000	0.00000000	0.00000000	0.31150469	-0.49400893	0.00353334	1.17087746	-0.72045165	-0.33631065	-0.57012820	-0.13160244	0.49335414	-0.11888190	0.36728951	0.11896127	0.59884495	0.34077072	-0.32481232	-0.75230294	-0.23977757	-0.29671881	0.20964165	3.27934933	-0.73284268	-0.36284006	0.23537940	0.59048265	
0.00800100	   3.91137473   28.27705117 -998.61826992   64.61052095    9.05450765    1.14970740	-0.87694297 -0.26493275 -0.71490836 -0.00980692 -0.09070914  0.01260993	  -9.31136061  101.34649920  -17.18675701 -127.93633768   26.32580669   90.28102028   -8.81329861  -13.74663025   -7.81023043    3.96159022   17.75358859   21.20441383	 0.02128437 -0.01219722 -0.31798393  0.82351405 -0.50606696  0.02174814  0.01887068 -0.06937334 -0.47803953  1.14715200 -0.62247007  0.07811593	-0.07344652  0.00464329  0.36792761 -0.01488793 -0.34640351  0.01352880 -0.06689622 -0.11027818 -1.17640534  0.01466421  0.56091093  0.12892388	-0.05922883  0.00211206  0.36702018 -0.02001651 -0.32029144  0.01389119 -0.07654474 -0.12353839 -1.15284944  0.02132638  0.53370230  0.12814055	 0.21795043 -0.04343971  3.90060224	 0.03173914 -0.02145061  0.05629244	 0.03075798 -0.02055283  0.05692464	 0.00045846  0.00284542 -0.99999585	0.35000000	0.00000000	0.00000000	0.30947137	-0.48230639	0.02414343	1.18348277	-0.73421592	-0.32610083	-0.56154203	-0.13745210	0.48753929	-0.14529765	0.36090666	0.11965343	0.60371631	0.35807085	-0.31709933	-0.75289255	-0.21654093	-0.28157610	0.21992257	3.28145862	-0.73148215	-0.37790805	0.24455914	0.57491350	
0.00853100	    4.86436355    28.43244536 -1000.87100102    64.71481036    10.31492403     1.60893921	-0.67718420 -0.04307846 -1.18896127 -0.01640406 -0.10938593  0.01235253	  -8.92685472  102.57979488  -18.29322547 -127.89369535   27.44655021   90.54593217   -8.83794839  -13.18982255   -6.86230385    1.16205073   15.96284924   21.36827698	 0.02080996 -0.01220330 -0.31487459  0.82341040 -0.50879505  0.02185944  0.01829419 -0.07041385 -0.48757627  1.14697217 -0.61766158  0.07904601	-0.05330539  0.01433181  0.32000365 -0.02889417 -0.30729286 -0.00723285 -0.04380835 -0.10617399 -0.99602230 -0.05180418  0.52818846  0.09780088	-0.05759106  0.00153495  0.36149820 -0.01075740 -0.32178176  0.01308423 -0.06418592 -0.11992037 -1.10928859 -0.02984679  0.56839576  0.10624718	 0.21910389 -0.04483779  3.89866537	 0.03439746 -0.02340524  0.05410508	 0.03356460 -0.02280926  0.05480252	 0.00026817  0.00256340 -0.99999668	0.35000000	0.00000000	0.00000000	0.30764696	-0.47330430	0.04464671	1.19875646	-0.74787760	-0.31730372	-0.55173850	-0.14389151	0.47928023	-0.17120129	0.35324693	0.11624615	0.60501480	0.37484863	-0.30873415	-0.75369668	-0.19226131	-0.26957497	0.22646703	3.27970552	-0.72853220	-0.39383525	0.25463253	0.55639905	
0.00801000	    4.35707599    28.45019138 -1001.69766031    64.76273585    10.38974805     1.75829152	-0.43064413  0.31216910 -1.68357894 -0.02638028 -0.11640821  0.00712553	  -8.87167445  103.64049983  -18.98650537 -128.04086348   27.61447880   90.62952971   -8.99728844  -12.65730077   -6.79867194   -1.26981928   15.39892298   21.76445255	 0.02040355 -0.01220785 -0.31194877  0.82337154 -0.51141043  0.02198905  0.01781609 -0.07136002 -0.49631234  1.14635018 -0.61286861  0.07984934	-0.02908411 -0.00687140  0.34997000 -0.00742273 -0.30727157  0.00047935 -0.04446235 -0.12782383 -1.00108504 -0.11447063  0.56906725  0.11131715	-0.04940701 -0.00134311  0.36435689 -0.00539985 -0.32393120  0.01578114 -0.05557955 -0.11824687 -1.08015227 -0.08782357  0.60108170  0.09910396	 0.22028009 -0.04613901  3.89734343	 0.03659389 -0.02411235  0.05199077	 0.03587180 -0.02388132  0.05270158	 0.00007852  0.00227867 -0.99999740	0.35000000	0.00000000	0.00000000	0.30803943	-0.46108648	0.06246694	1.21213543	-0.76095945	-0.30711126	-0.54552060	-0.14887062	0.47387701	-0.19440350	0.34365588	0.11595722	0.60723186	0.39104244	-0.29689297	-0.75287902	-0.17017931	-0.25521997	0.23433776	3.27839971	-0.72644633	-0.40845922	0.26238707	0.53420156	
0.00847400	    4.48057581    28.23149177 -1001.63309120    64.72271245    11.03037813     1.59899589	-0.49429799  0.23563882 -2.08130419 -0.02812484 -0.12842408  0.00930592	  -9.25453976  104.67122507  -20.00687329 -128.29421109   28.47714087   90.04436672   -9.18745173  -11.45295978   -5.77749965   -2.88918871   14.99212615   20.99383441	 0.01995999 -0.01218436 -0.30885009  0.82335189 -0.51424773  0.02212950  0.01735560 -0.07228728 -0.50525469  1.14513615 -0.60752791  0.08056050	-0.03858260 -0.01383222  0.38007560 -0.02053922 -0.35002716  0.03947017 -0.06682500 -0.10502394 -1.09627928 -0.14942550  0.65775878  0.06000998	-0.05002562  0.00213022  0.36582325 -0.00392721 -0.33497412  0.01630999 -0.05250053 -0.10807594 -1.04851710 -0.15323863  0.63364165  0.07833076	 0.22166461 -0.04812172  3.89626943	 0.03690478 -0.02428606  0.05127121	 0.03683893 -0.02422256  0.05149301	-0.00012640  0.00196521 -0.99999806	0.35000000	0.00000000	0.00000000	0.30436233	-0.44895414	0.08171280	1.22430539	-0.77454752	-0.29479834	-0.53168672	-0.15637058	0.46882182	-0.21949214	0.33643878	0.11380646	0.61169577	0.40425864	-0.29151261	-0.75195611	-0.14932796	-0.24329305	0.24321766	3.27647853	-0.71815938	-0.42252845	0.27034020	0.52094090	
0.00802200	    6.09724837    28.78718290 -1001.48429015    64.64305452    12.84034558     2.33375454	-0.73556365  0.25306450 -2.48935790 -0.02711182 -0.14285629  0.01257620	  -8.39328526  104.88416672  -21.20870879 -127.72867274   30.31968606   90.02216375   -8.77050557  -11.68920898   -4.44109774   -4.42644841   15.01698621   21.26124957	 0.01954608 -0.01211565 -0.30591700  0.82335976 -0.51692308  0.02218723  0.01699780 -0.07306904 -0.51332772  1.14335493 -0.60227157  0.08107057	-0.04830522  0.01467235  0.35016686  0.02172988 -0.29335671 -0.02175017 -0.03756579 -0.08296534 -0.94047795 -0.23033899  0.62901274  0.07414129	-0.05241642  0.01001323  0.36445377  0.00145305 -0.33231086  0.00458400 -0.04137187 -0.09589009 -0.99874161 -0.23096264  0.65717118  0.06212494	 0.22294375 -0.05001053  3.89551349	 0.03671173 -0.02385117  0.04951584	 0.03677276 -0.02399175  0.05012831	-0.00031833  0.00167080 -0.99999855	0.35000000	0.00000000	0.00000000	0.29462042	-0.44442853	0.10170857	1.23715663	-0.79115772	-0.28511596	-0.52068186	-0.16322255	0.45878303	-0.24354419	0.33395106	0.11217585	0.61410582	0.41956922	-0.28920475	-0.75461423	-0.13001978	-0.23172808	0.25234175	3.26925325	-0.70842493	-0.43797159	0.28091183	0.50926632	
0.00849200	    5.25851847    30.99040942 -1001.68610844    64.66073673    13.05036490     2.79041622	-0.99625251  0.28794440 -2.84973828 -0.02707893 -0.14840926  0.00987142	  -8.03692308  105.15715075  -21.86929242 -127.28324088   30.38007465   90.96894622   -8.91682200  -11.79247510   -3.61849239   -5.77854053   15.84810926   21.43886095	 0.01914796 -0.01201109 -0.30279829  0.82334767 -0.51980625  0.02226877  0.01668553 -0.07381929 -0.52147681  1.14073221 -0.59640969  0.08145202	-0.04276524  0.04088680  0.34611299  0.01247390 -0.31391054 -0.00081686 -0.04235929 -0.08190124 -0.85181932 -0.32101023  0.62744387  0.01598113	-0.04737491  0.01560776  0.36479532 -0.00102027 -0.33848769  0.00906689 -0.03431296 -0.08563758 -0.94470825 -0.32152163  0.68974514  0.04086637	 0.22452002 -0.05207074  3.89493309	 0.03591826 -0.02336963  0.04698408	 0.03617088 -0.02349953  0.04779436	-0.00051810  0.00136223 -0.99999894	0.35000000	0.00000000	0.00000000	0.28557450	-0.43978068	0.11911298	1.25027680	-0.81026876	-0.27157182	-0.50912732	-0.16486526	0.45059472	-0.26978585	0.32942250	0.11147553	0.61681348	0.43153852	-0.28703430	-0.76198202	-0.11028501	-0.22029823	0.26291627	3.25944829	-0.69696200	-0.45270404	0.28754833	0.49195835	
0.00847800	    5.86026234    31.24150580 -1002.33774903    64.66758848    13.99489924     2.90431323	-1.39810383  0.40246700 -3.03462877 -0.02945118 -0.15974093  0.00784093	  -8.12486304  105.25444651  -23.28682019 -127.11303332   31.44098532   90.79206455   -9.02273402  -11.83046311   -2.33326290   -6.26876578   15.96420555   21.71900770	 0.01875008 -0.01187496 -0.29966642  0.82335050 -0.52270891  0.02239664  0.01646451 -0.07447723 -0.52915354  1.13730008 -0.59023426  0.08174044	-0.07413483  0.02152397  0.37077366  0.02189391 -0.35139976  0.04046208 -0.00514264 -0.05553733 -0.92523537 -0.48189637  0.77163087  0.01485935	-0.04880130  0.01843362  0.37019763  0.00107955 -0.34521911  0.01596693 -0.02342261 -0.07579768 -0.89733943 -0.42374976  0.73621685  0.03003917	 0.22617030 -0.05430745  3.89458017	 0.03490601 -0.02248568  0.04543675	 0.03522510 -0.02275280  0.04592226	-0.00071239  0.00106164 -0.99999918	0.35000000	0.00000000	0.00000000	0.27244538	-0.43406722	0.14084449	1.26240933	-0.82831579	-0.25879797	-0.49799722	-0.17128652	0.44822896	-0.29175460	0.32315218	0.11306993	0.62457436	0.44100896	-0.28585702	-0.76810718	-0.08938657	-0.21146557	0.27707526	3.24818444	-0.68416119	-0.46576428	0.29480496	0.47345728	
0.00803900	    7.83673736    30.53421808 -1003.28647937    64.65505958    15.76929864     3.68829222	-2.01102439  0.40871966 -3.00603110 -0.03149002 -0.17691912  0.00626163	  -7.30564300  105.41018748  -24.83847591 -127.19744807   33.14300421   90.14477479   -9.20007279  -11.36333698   -0.54416878   -5.62318317   15.67703801   21.47186115	 0.01840621 -0.01170014 -0.29671216  0.82334519 -0.52544001  0.02251067  0.01632470 -0.07500320 -0.53589606  1.13332425 -0.58415523  0.08193855	-0.03655677  0.00802891  0.34387046  0.01147309 -0.29545336  0.03650959  0.00565567 -0.07337627 -0.72584865 -0.50043517  0.69084212  0.00325336	-0.04200406  0.02188219  0.36898568 -0.00042732 -0.33742239  0.01453084 -0.01483136 -0.06434928 -0.82698923 -0.50730471  0.75788279  0.02117917	 0.22775381 -0.05658685  3.89440241	 0.03357799 -0.02154413  0.04375454	 0.03402559 -0.02184578  0.04432639	-0.00088793  0.00078809 -0.99999930	0.35000000	0.00000000	0.00000000	0.25865802	-0.42774355	0.15897247	1.27026951	-0.84231472	-0.24462810	-0.48705661	-0.17929551	0.43960756	-0.31076634	0.31862655	0.11103996	0.63098258	0.45282638	-0.28603896	-0.76938337	-0.06882948	-0.20366634	0.29237375	3.23395848	-0.66796887	-0.47900537	0.30657762	0.45792368	
0.00804300	    6.71646576    30.91025039 -1001.84222551    64.57272664    15.47308480     3.58718334	-2.36574575  0.61502788 -3.10062341 -0.03769022 -0.18034088  0.00016921	  -7.66242572  105.22790313  -25.55501314 -126.93402341   32.60075730   89.72835040   -9.22721045  -11.05690062   -0.05552177   -5.76571758   16.25034428   21.17368934	 0.01805648 -0.01145174 -0.29376304  0.82334180 -0.52820989  0.02256860  0.01624905 -0.07543562 -0.54216835  1.12860554 -0.57779775  0.08202150	-0.03047952  0.03107765  0.36265810 -0.01555056 -0.32738935  0.02303594  0.00030773 -0.05264631 -0.68550037 -0.59874543  0.74929132 -0.00006877	-0.04283284  0.03221389  0.36795975 -0.00233982 -0.34177611  0.00818843 -0.00883893 -0.05335996 -0.76733905 -0.59752089  0.79268741  0.00769995	 0.22952499 -0.05910180  3.89417867	 0.03181523 -0.02055632  0.04280154	 0.03240879 -0.02086739  0.04308234	-0.00105578  0.00052703 -0.99999930	0.35000000	0.00000000	0.00000000	0.24726203	-0.42070910	0.17834571	1.27816093	-0.85837603	-0.22606428	-0.47388318	-0.18251437	0.43490988	-0.33171555	0.31765863	0.11075023	0.63669646	0.46326616	-0.28283757	-0.77220601	-0.05111520	-0.19797373	0.30403301	3.21748638	-0.64856279	-0.49185866	0.31347275	0.44104248	
0.00844300	    7.01370564    31.06534115 -1000.39394806    64.45112531    16.24944954     4.06345325	-2.76144318  0.82011866 -3.16824302 -0.04338663 -0.19354344 -0.00935898	  -7.21339967  104.41535354  -26.69177356 -127.37508854   33.43408021   90.06485796   -9.08451572  -10.92243272    1.22537893   -5.59726166   15.70285575   21.29161540	 0.01768623 -0.01113929 -0.29062410  0.82334548 -0.53115871  0.02258999  0.01621400 -0.07577354 -0.54825523  1.12277155 -0.57075774  0.08206765	-0.04645112  0.05392692  0.37153456 -0.02515597 -0.35496928  0.02089407 -0.01222454 -0.05968065 -0.74023705 -0.77854539  0.93209501 -0.01997554	-0.04499198  0.03915017  0.37387429  0.00012033 -0.35023077  0.00407722 -0.00541592 -0.04012857 -0.71271158 -0.70990983  0.84455344  0.00392497	 0.23155408 -0.06181409  3.89388680	 0.03026964 -0.01953544  0.04239435	 0.03074964 -0.01984842  0.04251185	-0.00122574  0.00026425 -0.99999921	0.35000000	0.00000000	0.00000000	0.23074931	-0.41704199	0.20159692	1.28706741	-0.87373793	-0.21035692	-0.46093675	-0.18793881	0.43386799	-0.35432148	0.31715515	0.11291087	0.64678961	0.46997082	-0.28289667	-0.78342849	-0.03250334	-0.19852152	0.31953043	3.20009089	-0.63021123	-0.50481385	0.32144818	0.42369172	
0.00802000	    9.82375220    31.64544500 -1001.03836928    64.41192399    18.37679339     4.95964787	-3.63983209  1.00242221 -2.99748338 -0.04960892 -0.21361490 -0.01654748	  -6.34450170  104.35922456  -28.67064986 -127.91447821   35.39731658   90.11881196   -8.64099883  -10.45970485    3.31310144   -3.96582129   15.63266042   20.80753577	 0.01735717 -0.01078681 -0.28765712  0.82334404 -0.53395540  0.02259125  0.01620155 -0.07599040 -0.55343905  1.11653284 -0.56388447  0.08208557	-0.05286921  0.03034587  0.36620259 -0.01255401 -0.38385094 -0.00078521 -0.01568487 -0.02344419 -0.66920940 -0.82432441  0.89264062  0.01086101	-0.04273002  0.04564065  0.37203051 -0.00085309 -0.35196579 -0.00047509 -0.00312277 -0.02599239 -0.64348608 -0.79453256  0.86760450  0.00178845	 0.23343245 -0.06453373  3.89365128	 0.02857487 -0.01842189  0.04218240	 0.02915309 -0.01878701  0.04225493	-0.00137728  0.00002952 -0.99999905	0.35000000	0.00000000	0.00000000	0.21558309	-0.41120839	0.21888131	1.28909147	-0.88442963	-0.19192483	-0.44845355	-0.19600528	0.42517018	-0.37464029	0.31752262	0.11093789	0.65441346	0.48029813	-0.28490019	-0.79054552	-0.01464440	-0.19782899	0.33798799	3.17824364	-0.61123455	-0.51761895	0.33168003	0.41070822	
0.00848600	  10.80602955   32.58636521 -998.11032265   64.18046386   19.43880687    5.46115894	-4.30364641  0.66389181 -3.08970207 -0.03797140 -0.22411337 -0.01455907	  -6.01819922  104.14369702  -29.82036848 -128.14321885   35.99621066   90.08960378   -8.08546842  -10.38647720    4.56228417   -3.54322700   16.40437903   20.14029649	 0.01700146 -0.01036274 -0.28449951  0.82335306 -0.53692545  0.02260123  0.01619109 -0.07611394 -0.55832451  1.10909293 -0.55628627  0.08208799	-0.04923707  0.03350318  0.35865752  0.01025288 -0.36596563  0.01042811 -0.01123531 -0.02475968 -0.52275786 -0.94659919  0.93383109 -0.02306279	-0.04149864  0.04947992  0.37281422  0.00198328 -0.35396628  0.00089727 -0.00321244 -0.01419764 -0.56654849 -0.89779721  0.90623226 -0.00071919	 0.23548703 -0.06740108  3.89323661	 0.02725660 -0.01715080  0.04219247	 0.02753146 -0.01754570  0.04218275	-0.00152818 -0.00020541 -0.99999881	0.35000000	0.00000000	0.00000000	0.19998913	-0.40247822	0.23938650	1.28827250	-0.89637458	-0.16894488	-0.43371654	-0.19993261	0.41936642	-0.39469662	0.31685609	0.10890780	0.66361833	0.48961943	-0.28701609	-0.80060643	0.00144752	-0.19792601	0.35571894	3.15340590	-0.59232086	-0.52945781	0.34158903	0.39302939	
0.00802300	  11.94154979   33.32277393 -996.23964980   64.01336912   20.59241985    6.01825099	-4.94168937  0.10182331 -2.87561586 -0.01885619 -0.23661376 -0.00773344	  -5.56947896  104.00924468  -31.08821179 -129.09584546   36.90596294   89.44767678   -7.39833106   -9.81191400    5.79061754   -1.74822606   15.90342495   19.48260280	 0.01666796 -0.00990792 -0.28152170  0.82333939 -0.53975134  0.02261075  0.01620659 -0.07616067 -0.56234965  1.10140429 -0.54886202  0.08209909	-0.02111500  0.05709740  0.34336897 -0.02505788 -0.35423561 -0.00752375  0.01126773 -0.00256751 -0.47548429 -0.97602889  0.94215382  0.02542891	-0.03901026  0.05672967  0.36908222 -0.00306287 -0.35425867  0.00171701  0.00266342 -0.00637384 -0.49212914 -0.97036756  0.93122401  0.00199879	 0.23746727 -0.06962069  3.89257659	 0.02816837 -0.01593887  0.04237639	 0.02781584 -0.01633029  0.04231968	-0.00166028 -0.00042582 -0.99999853	0.35000000	0.00000000	0.00000000	0.18817441	-0.39095226	0.25679255	1.28519917	-0.90406203	-0.14787534	-0.42323348	-0.20585555	0.41124886	-0.41185302	0.31757164	0.10650684	0.67253590	0.50234139	-0.28419855	-0.80427468	0.02115668	-0.19939205	0.37374577	3.12862492	-0.57207799	-0.54163474	0.35268432	0.37487710	
0.00846400	  11.75362966   34.32048728 -993.44176030   63.82467677   20.78564811    6.38967109	-5.32333658 -0.27279064 -3.00946036 -0.00597685 -0.24847370 -0.00266074	  -5.35953369  104.00782728  -32.15315056 -129.02692527   36.77620107   89.35648036   -7.08363428   -8.85851735    6.96961063   -1.83391067   15.69505535   18.59686613	 0.01629729 -0.00943213 -0.27833136  0.82334780 -0.54275513  0.02260312  0.01618940 -0.07617462 -0.56598985  1.09248776 -0.54072726  0.08209664	-0.02842960  0.03223241  0.41323723  0.00505777 -0.36945863 -0.00824056  0.00364007  0.02584948 -0.42533242 -1.12966041  0.99220676  0.01848018	-0.04123157  0.05575113  0.37719045 -0.00019656 -0.35590159 -0.00176869 -0.00210200 -0.00036935 -0.41740336 -1.06623322  0.96383347  0.00113631	 0.23974006 -0.07174210  3.89169673	 0.03000486 -0.01468723  0.04273257	 0.02941223 -0.01506331  0.04262987	-0.00179019 -0.00067255 -0.99999817	0.35000000	0.00000000	0.00000000	0.17689812	-0.37765118	0.27615792	1.27865899	-0.91113758	-0.12515680	-0.41042873	-0.20860392	0.40204829	-0.43038496	0.31405559	0.09991492	0.68353945	0.51675826	-0.28171697	-0.81499892	0.03689028	-0.20024711	0.38901731	3.10505939	-0.55213177	-0.55442929	0.36604679	0.35492563	
0.00847700	  13.00753113   35.65269934 -993.80901094   63.79890649   22.09207144    7.34870788	-6.06937613 -0.48661111 -2.75642978  0.00073879 -0.26032993 -0.00244570	  -4.40192664  104.50527191  -33.75406034 -129.84304649   38.05473232   88.71851110   -5.88181192   -7.08414018    8.15009050    0.14265929   15.73933370   17.67455862	 0.01592984 -0.00892063 -0.27515754  0.82335401 -0.54579968  0.02260133  0.01619721 -0.07619468 -0.56895330  1.08285523 -0.53233533  0.08208608	-0.06554568  0.09521631  0.36745708  0.02188706 -0.38705721 -0.00855848  0.01857737 -0.02370248 -0.33424915 -1.22128960  1.02364174 -0.00350890	-0.04428281  0.06350088  0.37666977  0.00256386 -0.36372567 -0.00301808  0.00031809 -0.00264338 -0.34100171 -1.16049707  1.00266853 -0.00239655	 0.24203011 -0.07372509  3.89075511	 0.03209689 -0.01324671  0.04229427	 0.03143311 -0.01369966  0.04246500	-0.00190898 -0.00093625 -0.99999774	0.35000000	0.00000000	0.00000000	0.16370606	-0.35969085	0.29478493	1.27023888	-0.92095649	-0.10386984	-0.39964050	-0.21576610	0.39580905	-0.45208099	0.31551245	0.09803408	0.69924575	0.53002465	-0.27793482	-0.82496661	0.05312418	-0.20353135	0.41034257	3.08099365	-0.53194475	-0.56753570	0.38141403	0.33502364	
0.00848900	  15.21408362   36.11805900 -993.71001831   63.73338029   23.65876239    8.33984634	-6.93493987 -0.52522791 -2.68884209  0.00133171 -0.28044410 -0.00430201	  -3.47184086  104.11427045  -35.72522600 -129.95380801   39.27532294   88.95957756   -5.36167794   -4.90176055   10.14818511    1.48087015   15.78823672   17.32061718	 0.01557828 -0.00841021 -0.27195075  0.82334630 -0.54886597  0.02261479  0.01620257 -0.07619694 -0.57124892  1.07256592 -0.52370345  0.08209269	-0.05255409  0.06166195  0.37323052  0.01027819 -0.38550245 -0.00757749  0.02550340 -0.03278579 -0.23442827 -1.21902247  1.03111469 -0.00730528	-0.04209332  0.06294290  0.37889355  0.00003726 -0.36637410  0.00127533  0.00227066 -0.00249645 -0.26016340 -1.23145630  1.02648054 -0.00111584	 0.24431049 -0.07555201  3.88981664	 0.03458073 -0.01161671  0.04123439	 0.03379559 -0.01211737  0.04158226	-0.00201460 -0.00121940 -0.99999723	0.35000000	0.00000000	0.00000000	0.15475219	-0.34257659	0.30828890	1.26054454	-0.92728907	-0.08124270	-0.39440131	-0.22097838	0.38175786	-0.46771690	0.31020662	0.09309602	0.71373129	0.54839271	-0.27055103	-0.83575469	0.07064839	-0.20416874	0.43261668	3.05619240	-0.51174599	-0.58041942	0.39755347	0.31395179	
0.00801700	  16.47624156   37.49577124 -993.47321028   63.67639884   24.76050529    9.00727210	-7.61100842 -0.68511307 -2.60993365  0.00632699 -0.29495230 -0.00319045	  -2.96364131  104.68577933  -37.26236181 -130.25794572   40.09711397   88.04284430   -4.61366570   -2.21776965   11.54928832    2.65536325   15.81442165   16.22971083	 0.01524622 -0.00793137 -0.26892930  0.82334405 -0.55176846  0.02260866  0.01618806 -0.07619337 -0.57276467  1.06226554 -0.51534840  0.08208886	-0.03051058  0.04252032  0.35999883  0.01348540 -0.36537801  0.00561587  0.00456832  0.01511811 -0.15311014 -1.33188556  1.03691012 -0.01459235	-0.04145622  0.06144653  0.37782622 -0.00042102 -0.36663638 -0.00007233 -0.00186813 -0.00054292 -0.17980500 -1.30345878  1.05093674 -0.00202255	 0.24649005 -0.07729488  3.88890125	 0.03668371 -0.00996677  0.04015626	 0.03598826 -0.01050572  0.04052469	-0.00210093 -0.00150445 -0.99999666	0.35000000	0.00000000	0.00000000	0.14675651	-0.31779775	0.32277393	1.24697113	-0.93087173	-0.05639618	-0.38562354	-0.22749048	0.36877298	-0.48388633	0.30512714	0.08431655	0.72971922	0.56635964	-0.26080292	-0.84197426	0.08572505	-0.20539850	0.45365429	3.03087020	-0.49120083	-0.59114182	0.41602448	0.29270944	
0.00802500	  16.75117844   38.60577878 -994.09059857   63.69414767   25.38168285    9.69585725	-8.14457810 -0.76460334 -2.36383393  0.00845608 -0.30491632 -0.00400718	  -2.34879598  105.00029659  -38.51741153 -131.08363584   40.57196912   87.25396609   -3.51340051    0.25057703   12.96240133    4.31099610   15.37519924   15.29779960	 0.01492529 -0.00742508 -0.26588906  0.82334247 -0.55469027  0.02261133  0.01620320 -0.07620114 -0.57368816  1.05145989 -0.50677860  0.08208649	-0.06783520  0.06175150  0.33693427 -0.00517903 -0.32262762 -0.01182143  0.00022452 -0.00062722 -0.08309212 -1.24432795  0.99883416 -0.02805240	-0.04191801  0.06494777  0.37668420  0.00012437 -0.36326147  0.00024978  0.00351040 -0.00253006 -0.10478291 -1.34811435  1.06646304 -0.00290561	 0.24878896 -0.07902247  3.88792583	 0.03867497 -0.00846221  0.03858115	 0.03800966 -0.00904855  0.03916925	-0.00217538 -0.00180567 -0.99999600	0.35000000	0.00000000	0.00000000	0.14362980	-0.29118872	0.33335304	1.23229074	-0.93156111	-0.03244497	-0.38140464	-0.23308438	0.35401613	-0.49839464	0.30113912	0.07663260	0.74525899	0.58597845	-0.24500090	-0.84495926	0.10422589	-0.20596546	0.47417003	3.00698924	-0.47043228	-0.60219854	0.43310285	0.27033857	
0.00849200	   11.40681476    38.85128231 -1003.71951778    64.37227298    23.90740725     9.77685006	-6.06826532 -0.44421209 -1.27256330 -0.00353081 -0.22297384 -0.01408726	  -1.99651883  105.20593691  -39.76599489 -131.59134737   40.40043971   86.76856804   -3.19223534    3.17760077   14.04245766    4.68658403   14.76504122   14.43330120	 0.01463512 -0.00689333 -0.26269016  0.82334566 -0.55784000  0.02260279  0.01619963 -0.07618680 -0.57409840  1.03947200 -0.49751770  0.08208696	-0.03625867  0.05811287  0.37114014 -0.00082989 -0.34768223 -0.01887640  0.02771216  0.02154862 -0.04401265 -1.34038653  1.03026791  0.00071857	-0.03306189  0.06137642  0.37462802  0.00094489 -0.37056938 -0.00223781  0.00145396  0.00159506 -0.04375610 -1.41124715  1.08798538 -0.00173039	 0.24899041 -0.08036947  3.88789111	0.04162456 0.00319140 0.03191433	 0.04064730 -0.00097667  0.03427018	-0.00220383 -0.00214619 -0.99999527	0.35000000	0.00000000	0.00000000	0.14486417	-0.26162449	0.34522063	1.22116232	-0.93261802	-0.00671537	-0.37714043	-0.23992985	0.34313077	-0.51253337	0.29519749	0.07226203	0.75999230	0.60090315	-0.22593328	-0.84753305	0.12377030	-0.20756543	0.49283522	2.98145151	-0.45280692	-0.61103672	0.44857308	0.24315594	
0.00801400	    8.77696750    39.90771257 -1013.19815788    64.94128883    25.27239736     9.39782677	-6.19506011  0.12291639 -0.37653014 -0.02480566 -0.20218354 -0.02460488	  -2.55546518  106.33591461  -38.74389085 -132.09889525   43.09101212   86.18293011   -2.50246281    6.18043804   18.43683351    7.60809577   14.71559237   13.09321253	 0.01440941 -0.00637225 -0.25980839  0.82333773 -0.56078325  0.02261628  0.01618896 -0.07616920 -0.57423525  1.02791324 -0.48862009  0.08208843	-0.00452988  0.05168444  0.35646899 -0.00312118 -0.35180119 -0.00220040 -0.02040325  0.02543513  0.00561687 -1.39271377  1.06442498 -0.02714789	-0.02576558  0.06371380  0.35918540 -0.00246023 -0.36488491  0.00233951 -0.00204725  0.00514026 -0.01366255 -1.44138412  1.10629539 -0.00232717	 0.24836578 -0.08201221  3.88848563	0.04296381 0.01605902 0.02444125	0.04254705 0.01196122 0.02686941	-0.00212229 -0.00248529 -0.99999466	0.35000000	0.00000000	0.00000000	0.15148416	-0.23003154	0.35080430	1.21217144	-0.92768478	0.02333242	-0.37249848	-0.24694085	0.32982832	-0.51999104	0.29632831	0.06583195	0.77846789	0.61326295	-0.20212229	-0.84928161	0.15261422	-0.20573300	0.52250051	2.96402812	-0.44189343	-0.61501545	0.46284005	0.22409990	
0.00847900	    7.56210719    41.22275699 -1014.43946259    64.98880037    26.41047129     9.33104831	-7.16941406  0.72440679 -0.43016765 -0.04584495 -0.23819637 -0.03354440	  -2.82857021  107.05414152  -37.42752045 -132.18430910   43.96043918   85.79935503   -1.98516465    8.55578697   23.48548633    8.34483754   13.45999753   11.99791926	 0.01423452 -0.00576675 -0.25681566  0.82334440 -0.56393447  0.02261567  0.01619142 -0.07606313 -0.57405639  1.01540931 -0.47903881  0.08209747	 0.00667549  0.04895016  0.36344720  0.00539688 -0.39607246  0.02290166  0.01023795  0.05304838  0.04103583 -1.54201643  1.14109924  0.00247192	-0.01809355  0.06985407  0.35328899  0.00012434 -0.37153150  0.00236298 -0.00061576  0.01753716  0.02805610 -1.47858473  1.12831857  0.00101821	 0.24910119 -0.08479826  3.88888650	0.04091433 0.02275481 0.01824251	0.04160427 0.02077757 0.02017170	-0.00195278 -0.00284255 -0.99999405	0.35000000	0.00000000	0.00000000	0.15776542	-0.20527805	0.35915232	1.20986879	-0.92363948	0.05644960	-0.36165985	-0.25050098	0.31890506	-0.52686983	0.29838318	0.05910843	0.79766935	0.62129563	-0.17421602	-0.85156149	0.18385035	-0.20949647	0.54932231	2.94582987	-0.42666465	-0.61593091	0.47284243	0.20305416	
0.00851300	    9.09614246    41.74796527 -1019.04440931    65.20472485    28.50615484     9.22135693	-8.06637602  1.08452692 -0.26454916 -0.05913442 -0.27110912 -0.03721478	  -3.16646319  106.98428106  -37.73923030 -133.81453612   46.24311483   85.37350130   -1.68371416    9.78781909   26.83179963   10.00612259   11.96578588   10.82106669	 0.01408542 -0.00506593 -0.25382991  0.82332092 -0.56707546  0.02261230  0.01618205 -0.07583869 -0.57341752  1.00265114 -0.46941617  0.08209649	-0.01278899  0.11018779  0.36272382 -0.00075389 -0.35424425  0.00571426 -0.00394693  0.01078804  0.11245213 -1.42666622  1.08227778 -0.01114577	-0.01676278  0.08404339  0.35360061 -0.00412563 -0.36801693  0.00051736 -0.00305070  0.02877904  0.08575235 -1.49903716  1.12678834  0.00014565	 0.25062821 -0.08823136  3.88948882	0.03768073 0.02582511 0.01411728	0.03868706 0.02492990 0.01539299	-0.00174437 -0.00317583 -0.99999344	0.35000000	0.00000000	0.00000000	0.16060349	-0.18399619	0.36739179	1.20025873	-0.91521996	0.08412641	-0.35350373	-0.25676042	0.30151725	-0.53411293	0.30350852	0.05309227	0.81380004	0.63166672	-0.15378954	-0.85334897	0.21301985	-0.21433675	0.57285297	2.91942310	-0.40649033	-0.61916733	0.48419213	0.18863171	
0.00849000	    8.26798035    42.06603044 -1021.38271806    65.34236563    29.02718586     9.39093244	-8.63040480  1.35499324 -0.26342033 -0.06921295 -0.28861541 -0.04282548	  -3.03228992  106.62585211  -38.02253129 -134.24159673   46.70158848   85.35396981   -1.02145423   10.75599557   28.56890465   10.64532897   11.64401358   10.02829320	 0.01398586 -0.00429778 -0.25080235  0.82323523 -0.57021685  0.02261926  0.01619852 -0.07543678 -0.57227592  0.98969440 -0.45983932  0.08209225	-0.00760411  0.08997595  0.36587978  0.00913984 -0.36395604  0.03487833  0.00093163  0.04237258  0.18831036 -1.53810554  1.11123936 -0.02368585	-0.01112546  0.09150465  0.35754601 -0.00990932 -0.36798710  0.00381067  0.00237912  0.04937090  0.14624610 -1.52598818  1.12292967 -0.00083420	 0.25279129 -0.09201507  3.89020881	0.03391704 0.02671266 0.01019900	0.03510014 0.02648206 0.01144306	-0.00152013 -0.00347927 -0.99999279	0.35000000	0.00000000	0.00000000	0.16257186	-0.16501024	0.37240866	1.19188988	-0.90962297	0.11319120	-0.34611526	-0.26055756	0.28336096	-0.54107928	0.30724990	0.05138864	0.82699007	0.63935202	-0.13155070	-0.85495263	0.23955673	-0.21815681	0.59194076	2.88987231	-0.38360453	-0.62115192	0.49112028	0.17079890	
0.00802400	    7.85827884    42.73264421 -1026.38771819    65.64983565    29.50598601     9.16882671	-9.18091375  1.37138722 -0.05861493 -0.07088685 -0.30602834 -0.04178883	  -3.49863334  106.67224598  -38.74785689 -136.01647693   47.61892945   84.49403024   -1.16389713   10.78545326   30.23870075   12.05312860   10.64379005    9.01869261	 0.01390542 -0.00346994 -0.24786719  0.82307626 -0.57319310  0.02261849  0.01619797 -0.07489358 -0.57069859  0.97730138 -0.45088475  0.08210329	-0.04430859  0.10495822  0.35750403 -0.01008775 -0.36130700  0.02004645  0.00937917  0.09155751  0.21916318 -1.49983642  1.04735657  0.03074034	-0.01146891  0.10398994  0.36415773 -0.01902511 -0.36908269  0.00189478  0.00159603  0.07031995  0.20422829 -1.53863318  1.10616018  0.00284384	 0.25537336 -0.09582414  3.89118599	0.03063061 0.02611717 0.00773556	0.03170859 0.02634576 0.00854371	-0.00130849 -0.00373639 -0.99999216	0.35000000	0.00000000	0.00000000	0.16248196	-0.14715013	0.37850943	1.17883682	-0.89873463	0.13856053	-0.33584294	-0.26707864	0.26483762	-0.54598784	0.31323814	0.04804817	0.83855522	0.64679259	-0.11326977	-0.85453999	0.26450855	-0.22309819	0.60865462	2.85710478	-0.35835233	-0.62316978	0.49676338	0.15733904	
0.00849400	    7.18384459    43.59839409 -1029.05053777    65.81100264    29.87798585     9.49977448	-9.58002610  1.19172566 -0.03492565 -0.06562121 -0.31708846 -0.04019219	  -3.21335615  106.54972744  -39.62596883 -136.96723455   48.25184029   84.29662764   -0.69844936   10.21357274   31.15654553   12.55596310   10.54691193    7.91156443	 0.01386103 -0.00251403 -0.24461364  0.82278024 -0.57631635  0.02260413  0.01619057 -0.07417668 -0.56845266  0.96399256 -0.44149420  0.08209098	-0.01827200  0.10406366  0.36115694 -0.02854462 -0.30760762 -0.02966563  0.00847027  0.07637957  0.27798335 -1.40748592  1.00393890 -0.00734767	-0.00516683  0.11528817  0.38244211 -0.03532327 -0.36332516 -0.00319748  0.00076869  0.08640896  0.27455922 -1.55977527  1.09621045 -0.00117369	 0.25847899 -0.09984687  3.89244099	0.02798157 0.02499980 0.00503926	0.02879866 0.02537314 0.00590349	-0.00109140 -0.00398442 -0.99999147	0.35000000	0.00000000	0.00000000	0.15910128	-0.13210879	0.38340268	1.16452944	-0.89114469	0.15994273	-0.32936788	-0.27022153	0.24363096	-0.55273139	0.31767347	0.04993532	0.84992337	0.65210962	-0.09851103	-0.85792363	0.28895822	-0.22289544	0.62231785	2.82538438	-0.33040363	-0.62672889	0.50230765	0.14335597	
0.00846800	    6.72563352    44.46913912 -1029.95934870    65.84972114    30.45212815     9.10941586	-10.00724481   1.19236702   0.18848066  -0.06727212  -0.32508859  -0.03871881	  -3.91170473  106.34282184  -40.80531120 -137.13161981   48.93551990   84.11129618   -0.65786523   10.33475685   31.43562574   14.21025879   10.11240267    7.25165750	 0.01381710 -0.00147970 -0.24124581  0.82234484 -0.57945624  0.02262035  0.01619252 -0.07330864 -0.56564743  0.95056038 -0.43226158  0.08209564	-0.00002921  0.13540173  0.41205690 -0.04381989 -0.36777214  0.00343035  0.02024967  0.11211591  0.34471373 -1.59134434  1.07078516 -0.00484443	-0.00573075  0.12441523  0.40063803 -0.05323305 -0.37050864  0.00279939  0.00163094  0.10354683  0.33950021 -1.58635083  1.08539023 -0.00077874	 0.26172790 -0.10414807  3.89367389	0.02546629 0.02411105 0.00378720	0.02626280 0.02440743 0.00417674	-0.00088304 -0.00421095 -0.99999074	0.35000000	0.00000000	0.00000000	0.15435570	-0.11982320	0.38846797	1.14721107	-0.88600731	0.18034834	-0.32319748	-0.27533755	0.22478636	-0.55710435	0.31935683	0.05522664	0.86389947	0.65394878	-0.08299887	-0.86335421	0.31084618	-0.22730312	0.63669580	2.79231405	-0.30150837	-0.62814194	0.50608355	0.12990066	
0.00852800	    7.77448303    45.34306002 -1032.79448067    65.95651396    32.44815626     9.49134788	-10.56718425   1.05879399   0.42944453  -0.06436881  -0.33418416  -0.03790701	  -3.59631357  106.07039094  -41.83870198 -137.32565919   51.32419565   83.29601979   -0.64380919    9.88515979   32.02119177   15.97749938   10.12171899    6.32696792	 0.01379902 -0.00035898 -0.23775430  0.82177630 -0.58255990  0.02260806  0.01619268 -0.07228872 -0.56229006  0.93706574 -0.42317990  0.08209064	-0.00041555  0.13707971  0.37582598 -0.08148267 -0.34889724 -0.02068409  0.01035566  0.11696347  0.36474638 -1.44498133  0.94579671 -0.00397274	-0.00206667  0.13397385  0.40833093 -0.06954732 -0.36320795 -0.00136670  0.00113974  0.11946737  0.39898429 -1.57488561  1.05396480 -0.00093020	 0.26501892 -0.10844573  3.89502353	0.02382334 0.02340955 0.00268202	0.02430709 0.02363257 0.00303815	-0.00068148 -0.00441935 -0.99999000	0.35000000	0.00000000	0.00000000	0.15257822	-0.10643739	0.38987410	1.12727451	-0.87507671	0.19950926	-0.32105327	-0.28202039	0.19814007	-0.55545813	0.32556877	0.06057584	0.87443262	0.65907073	-0.06689248	-0.86376244	0.33430919	-0.22696814	0.64982396	2.75797319	-0.27434173	-0.62989181	0.51187003	0.12247574	
0.00851400	    6.17157500    46.61092587 -1032.87039934    65.94787631    32.85568116     9.26079064	-10.72422954   0.92090160   0.43298177  -0.06095713  -0.33617225  -0.03541678	  -4.11433309  106.10066104  -41.82257919 -137.19329658   51.70068240   83.17428935   -0.56878089    9.56732893   32.10967507   16.14467736   10.20814365    5.51648907	 0.01376949  0.00083060 -0.23410355  0.82105666 -0.58563249  0.02261057  0.01618239 -0.07113659 -0.55839094  0.92358651 -0.41427448  0.08210320	-0.02982191  0.15822070  0.40267804 -0.09064303 -0.33647879  0.00727738 -0.00786311  0.12695746  0.43531296 -1.45521929  0.94663914  0.02800531	-0.00498370  0.14213767  0.42839559 -0.08630802 -0.35959651 -0.00113481 -0.00141850  0.13527305  0.46247275 -1.57124410  1.03341452  0.00304393	 0.26860679 -0.11288120  3.89633029	0.02241016 0.02223609 0.00218119	0.02285319 0.02263105 0.00233128	-0.00048742 -0.00461547 -0.99998923	0.35000000	0.00000000	0.00000000	0.15107277	-0.09525183	0.39332929	1.10558450	-0.86584538	0.21869257	-0.31676885	-0.28313237	0.17314029	-0.55504513	0.32802644	0.06437415	0.88544309	0.66170359	-0.04822552	-0.86940181	0.35468611	-0.22709456	0.65944266	2.72525048	-0.24614885	-0.63053375	0.51481855	0.11280324	
0.00844000	    5.47062062    47.84828824 -1033.84606019    65.96430849    34.10008894     9.33270725	-10.81506561   0.71511533   0.66393703  -0.05549445  -0.33474390  -0.03244752	  -4.18212667  105.98348022  -42.31022103 -136.75278267   53.26457995   82.61153215   -0.48085458    8.89843786   31.32801965   17.29423943    9.86187849    4.37756534	 0.01375416  0.00207955 -0.23033124  0.82015660 -0.58867592  0.02261299  0.01619199 -0.06987476 -0.55398393  0.91014244 -0.40553709  0.08210085	-0.01047675  0.15283954  0.46678724 -0.10236329 -0.39268336 -0.01521650  0.02151313  0.13925656  0.54435424 -1.62199318  1.02684180  0.02240421	-0.00443934  0.15100204  0.45091437 -0.10942099 -0.36349140 -0.00081414  0.00223973  0.15155354  0.53194244 -1.59725941  1.03510594  0.00205360	 0.27216173 -0.11728891  3.89761805	0.02177887 0.02170753 0.00177773	0.02197477 0.02188448 0.00193066	-0.00030108 -0.00480279 -0.99998842	0.35000000	0.00000000	0.00000000	0.14076141	-0.08688499	0.40089905	1.08427703	-0.86345053	0.23347689	-0.31351313	-0.28619218	0.15470381	-0.55799139	0.33112499	0.07837918	0.90165180	0.65475911	-0.03573910	-0.87639010	0.37682807	-0.22867784	0.66879243	2.69265413	-0.21482724	-0.63017130	0.51885653	0.10321116	
0.00804100	  32.06978161   53.40010798 -922.19971388   58.55924585   39.16562857   10.43692227	   1.06473819  -44.66815630 -334.49469544   24.74623041  -52.70704749   10.15320867	  -4.50799341  105.79214525  -42.92443891 -135.34377724   55.88978183   82.39897633   -1.07028116    8.05456030   31.14674605   19.42543949    9.47573387    3.91721489	 0.01372723  0.00343312 -0.22650085  0.81897930 -0.59140720  0.02261147  0.01618625 -0.06850035 -0.54949838  0.89874863 -0.39657984  0.08209818	-0.00623742  0.21619069  0.52531249 -0.18373764 -0.36245042  0.01129163  0.00910643  0.20086438  0.56300862 -1.28382430  1.30247218 -0.00425539	-0.00694954  0.17761657  0.48769617 -0.16024909 -0.33681962 -0.00011739 -0.00026213  0.17850306  0.55813918 -1.35243954  1.17172781  0.00002202	 0.27875221 -0.12252709  3.91035992	-0.00743017  0.00979642  0.00815066	0.00345453 0.01467450 0.00514200	-0.00016396 -0.00487927 -0.99998808	0.35000000	0.00000000	0.00000000	0.13620934	-0.08122480	0.40990287	1.06647539	-0.83771342	0.25832772	-0.32650983	-0.28209171	0.13139437	-0.55769581	0.32172829	0.08943900	0.91419542	0.64198774	-0.00452268	-0.85982704	0.39722523	-0.22684914	0.70576000	2.66871548	-0.17525068	-0.61809224	0.49473202	0.11442743	
0.00846900	  25.73259081   48.32236579 -943.97027273   59.81202373   41.97077008    8.86006495	 -25.92572676  -36.86419571 -259.69124793   19.29141278  -40.58123148    5.40904965	  -6.08380731   99.26234269  -38.95707299 -135.31861043   61.06306154   79.81534827   -0.44037170    4.68857431   21.84290772   18.70615278   -8.92479090    3.11100607	 0.01359881  0.00513936 -0.22183631  0.81686306 -0.59392174  0.02261449  0.01617956 -0.06675023 -0.54493243  0.89004689 -0.38533747  0.08208492	-0.02232953  0.22246727  0.60865101 -0.29345901 -0.30508786 -0.02080469  0.00400943  0.23474373  0.51663311 -0.91162366  1.40935211 -0.02067431	-0.01882791  0.20420600  0.56210511 -0.26653044 -0.29197187 -0.00064749 -0.00187841  0.20970242  0.53216946 -0.98120465  1.33849347 -0.00319630	 0.28455202 -0.12721362  3.92380508	-0.01981911 -0.00121205  0.02002827	-0.01666656  0.00185759  0.01644714	-0.00013676 -0.00474531 -0.99998873	0.35000000	0.00000000	0.00000000	0.13735463	-0.09243865	0.45772955	1.03748858	-0.78539240	0.23870988	-0.36911139	-0.28081268	0.10790181	-0.55835062	0.31057221	0.10984455	0.91973960	0.63064963	0.03097596	-0.81461650	0.43726349	-0.25490776	0.70852923	2.67801547	-0.13477989	-0.61063331	0.48706758	0.12995175	
0.00800600	  12.81216104   47.31362297 -957.38549863   60.47333716   46.93299803    5.83015060	 -16.27750881  -29.16862793 -184.33760922   13.74710630  -28.95780084    4.06927127	  -9.03292863   98.02606702  -29.99834227 -123.27867782   67.74279767   78.91981369   -0.34620510    2.10342881    7.97225681    9.91903354  -26.30812512    3.35428640	 0.01341428  0.00684676 -0.21701970  0.81418934 -0.59596064  0.02260562  0.01617982 -0.06504987 -0.54100793  0.88402487 -0.37499008  0.08209820	-0.03696669  0.23461255  0.63382597 -0.36567235 -0.27095595 -0.01678857 -0.02378912  0.22587234  0.45340163 -0.68328436  1.25010532 -0.01255325	-0.02479769  0.21528180  0.60892995 -0.34250343 -0.25213377 -0.00260820 -0.00249527  0.21476641  0.48425709 -0.72693256  1.27617125  0.00094937	 0.28759768 -0.13070903  3.93223379	-0.02166981 -0.00162519  0.02782951	-0.02128136 -0.00173150  0.02539615	-0.00015431 -0.00457473 -0.99998952	0.35000000	0.00000000	0.00000000	0.16654801	-0.12781581	0.49433985	0.99480838	-0.74342841	0.21416104	-0.41516075	-0.27484167	0.03666603	-0.54931784	0.30071545	0.11826828	0.90494037	0.62821901	0.07278226	-0.77432585	0.46119902	-0.27296871	0.67409253	2.68863153	-0.12163574	-0.59850097	0.50015748	0.15906712	
0.00802500	  -2.75739636   47.49128428 -970.93389692   61.17558295   51.34941069    3.11634485	  -0.72187648  -23.83285398 -126.45794614    9.43690963  -20.00919295    3.95315858	 -11.33757661   97.65158343  -17.58884500 -113.02296177   74.03152800   78.12028420   -0.98844069   -0.96890074   -2.62620953    1.25182807  -28.21418998    2.20384855	 0.01316999  0.00853121 -0.21199078  0.81098161 -0.59771813  0.02261005  0.01619227 -0.06336075 -0.53737432  0.87946485 -0.36580607  0.08209463	-0.05377870  0.19974983  0.63737030 -0.45185349 -0.22339683 -0.02951442  0.00933947  0.19246397  0.44207748 -0.50199914  1.10140716 -0.01892403	-0.03170298  0.21056247  0.62906104 -0.40770724 -0.21612405 -0.00240437  0.00180330  0.20899232  0.44788908 -0.54881701  1.12141489 -0.00027285	 0.28961764 -0.13296811  3.93768484	-0.01624489  0.00124141  0.02982534	-0.01822912  0.00020314  0.02932523	-0.00015760 -0.00442061 -0.99999022	0.35000000	0.00000000	0.00000000	0.19769585	-0.14784706	0.50153977	0.94806695	-0.70932591	0.21315095	-0.45310149	-0.25757086	-0.03913926	-0.52058417	0.30412012	0.12795000	0.88335705	0.63002300	0.09513713	-0.74162978	0.47812414	-0.25909057	0.64882219	2.68964958	-0.11890775	-0.59247696	0.51052904	0.19187003	
0.00846400	 -14.80845300   50.29897427 -971.31915637   61.12302393   53.64298808    1.59774916	 11.15464861 -21.89879561 -98.36531681   7.30354109 -15.58420475   4.30183245	 -12.69442819   99.11509228   -9.12434299 -104.47305930   76.69374704   76.81275791   -2.23296568   -2.82360421   -8.66546175   -6.62886292  -29.26650631    0.58483262	 0.01292655  0.01026682 -0.20641292  0.80713784 -0.59937012  0.02260995  0.01619448 -0.06160119 -0.53372019  0.87568104 -0.35766731  0.08208792	-0.01164508  0.18322921  0.71658115 -0.49490874 -0.18765154  0.00032681  0.01872562  0.22736301  0.44861690 -0.43932588  0.89616100 -0.02852000	-0.02890396  0.20385793  0.66457555 -0.46163461 -0.19307682 -0.00214340  0.00224126  0.20780232  0.43083862 -0.43275745  0.93119608 -0.00216274	 0.29152622 -0.13484777  3.94148854	-0.00866372  0.00449200  0.02723380	-0.01111937  0.00343815  0.02817487	-0.00013360 -0.00431582 -0.99999068	0.35000000	0.00000000	0.00000000	0.22652066	-0.16427043	0.49703839	0.91109586	-0.67576748	0.21659014	-0.47677034	-0.24489337	-0.10580634	-0.49058798	0.30131236	0.13264948	0.86165261	0.62845379	0.11297588	-0.70730990	0.49713188	-0.24209976	0.62278891	2.68626881	-0.10388412	-0.58858377	0.51615632	0.21610977	
0.00800500	 -19.83344987   53.10141241 -968.71931058   60.82634266   57.21071445    0.35753981	 17.02712092 -23.00933272 -84.84792110   6.23457853 -13.34564046   4.78952178	-14.26371912 100.12865663  -4.59726325 -97.44858244  80.71038419  75.39761549  -3.49200089  -5.46252961 -12.19596536 -12.34346095 -25.87342979  -1.46843937	 0.01272790  0.01185749 -0.20103453  0.80315249 -0.60075943  0.02261907  0.01618275 -0.06000781 -0.53034855  0.87283444 -0.35148882  0.08208748	 0.00067974  0.20396387  0.70133219 -0.53011388 -0.17730146 -0.01104673 -0.02119932  0.20148551  0.45077896 -0.31819886  0.73770672 -0.02952619	-0.02215032  0.19690624  0.67856715 -0.50582130 -0.17430126  0.00007610 -0.00158224  0.20005823  0.42361594 -0.35018928  0.75580724 -0.00271454	 0.29282071 -0.13619954  3.94399200	0.00004887 0.00833416 0.02383411	-0.00289918  0.00703327  0.02500559	-0.00008258 -0.00428277 -0.99999083	0.35000000	0.00000000	0.00000000	0.25123084	-0.17250751	0.48666206	0.87708801	-0.64787632	0.22928433	-0.49757439	-0.23655686	-0.15997383	-0.45574495	0.29838288	0.14340597	0.84289521	0.62762535	0.12021024	-0.67552412	0.51876241	-0.21691325	0.60722566	2.67212415	-0.09252796	-0.58592206	0.51915431	0.23493516	
0.00803200	 -22.92181439   56.18263736 -962.98626072   60.35701650   60.01996415   -0.48720284	 18.98452836 -24.60213174 -84.10342661   6.11355404 -13.05079396   5.11550575	-15.51239102 101.46461344  -0.94591294 -92.33275229  83.40213758  73.90027559  -4.38130048  -6.56067851 -13.14175951 -17.62158344 -22.91885287  -3.93143619	 0.01254012  0.01338396 -0.19552091  0.79891407 -0.60200012  0.02261240  0.01619359 -0.05847376 -0.52698608  0.87042508 -0.34662582  0.08209285	-0.02673388  0.16235833  0.64655518 -0.50198003 -0.13784137 -0.00920001  0.01922872  0.16985489  0.37233181 -0.25300651  0.50539532  0.00107304	-0.02183036  0.18840465  0.68806217 -0.53058434 -0.15196853 -0.00108181  0.00172005  0.19051415  0.41765072 -0.29240727  0.58775485 -0.00046253	 0.29421366 -0.13764795  3.94603013	0.00767829 0.01068878 0.02113294	0.00518475 0.00994542 0.02203473	-0.00000577 -0.00431631 -0.99999068	0.35000000	0.00000000	0.00000000	0.27840185	-0.17301917	0.47349861	0.85070723	-0.62045741	0.24517788	-0.51185650	-0.23072746	-0.20520489	-0.42099640	0.29439721	0.14954209	0.82834643	0.62802321	0.13377497	-0.64637667	0.54363292	-0.19194099	0.59322524	2.66080546	-0.08168149	-0.58465344	0.52258229	0.24865901	
0.00850900	 -20.93407077   61.00214049 -863.12578560   54.07023715   55.97159112   -2.17481437	 148.90192337  -57.25810652 -374.66382189   22.63558804   53.73923806    1.01397021	-16.11647669 102.35805154   0.94790067 -89.00392926  85.00636697  72.33930004  -5.49469349  -6.96850164 -13.57745493 -21.82286233 -18.56110534  -6.69812681	 0.01240072  0.01514702 -0.18964226  0.79376669 -0.60289154  0.02261907  0.01618841 -0.05667540 -0.52357818  0.86865216 -0.34415425  0.08205890	-0.00659136  0.20089658  0.60921376 -0.59116003 -0.04368160  0.00021532 -0.01450205  0.20155635  0.34444865 -0.16502829  0.09210819 -0.00147890	-0.01442215  0.21048219  0.68422539 -0.61837212 -0.08964184  0.00084638  0.00005432  0.21661661  0.39142551 -0.18878559  0.21626125 -0.00426118	 0.27935215 -0.14033963  3.97003273	-0.02059677  0.03813803  0.01099968	-0.01356223  0.03054405  0.01415060	 0.00021313 -0.00424193 -0.99999098	0.35000000	0.00000000	0.00000000	0.32823205	-0.18393457	0.43760869	0.82263827	-0.57403851	0.25904638	-0.51653922	-0.23794961	-0.29135507	-0.36916497	0.29490027	0.13264745	0.78132457	0.62998521	0.14905219	-0.59179801	0.55148965	-0.16194506	0.56389755	2.63028526	-0.05029163	-0.57324493	0.50992829	0.30173820	
0.00849800	 -40.79616483   55.38742948 -845.36152428   53.30206047   44.83604645   -3.55172547	 116.86697207  -54.21205442 -292.36225695   17.34650660   44.69350677   -1.19306054	-17.56779400  94.15925193  11.66442870 -86.78454739  86.15923172  67.85385513  -6.25949557 -14.14596325  -8.25542111 -20.26344171  -5.53035311 -10.63423252	 0.01234543  0.01708733 -0.18364983  0.78783032 -0.60326276  0.02261418  0.01619413 -0.05471412 -0.52032657  0.86769062 -0.34472100  0.08204271	-0.01557699  0.24135969  0.72175074 -0.71797881 -0.04215493 -0.00015438  0.01618835  0.22221200  0.38560513 -0.11301429 -0.17908968  0.00447248	-0.00577125  0.22695288  0.70844263 -0.70930767 -0.03900964  0.00004362  0.00179597  0.22803416  0.38185315 -0.10706761 -0.10537043 -0.00037758	 0.27229698 -0.14094751  3.98207515	-0.02488562  0.04205844  0.00535090	-0.02415404  0.04148525  0.00682307	 0.00056781 -0.00403580 -0.99999169	0.35000000	0.00000000	0.00000000	0.35909632	-0.19917499	0.40279460	0.79342610	-0.54744154	0.27779356	-0.51287043	-0.22011244	-0.33944523	-0.28180534	0.32781869	0.13890807	0.74963039	0.64399821	0.13488005	-0.55068731	0.57521850	-0.12256700	0.55334467	2.63990378	-0.02846357	-0.57198036	0.49907288	0.34432235	
0.00847100	 -50.19197293   53.97503448 -825.93536997   52.21842375   39.89074887   -4.03495838	  96.50068913  -50.84305714 -247.24016705   14.48910223   37.26382171   -1.62430058	-18.60860285  91.37575793  11.89589496 -80.25054771  84.03477055  64.29661107  -8.09676461 -15.04913992  -7.91661575 -25.29724288   4.37295632 -13.74011517	 0.01231219  0.01901011 -0.17739945  0.78126871 -0.60338385  0.02261710  0.01617907 -0.05274753 -0.51694959  0.86704643 -0.34698087  0.08202677	 0.00269312  0.20351965  0.75930283 -0.81801803 -0.01546276  0.02128234 -0.02032374  0.25058548  0.43034572 -0.09158565 -0.36367800  0.00223332	-0.00431167  0.22503614  0.74400804 -0.78468858 -0.01192029  0.00055441 -0.00204705  0.23299940  0.40311905 -0.07873904 -0.28879829 -0.00125355	 0.26858620 -0.14128123  3.98709686	-0.02301026  0.03949971  0.00330675	-0.02383672  0.04048216  0.00393053	 0.00091611 -0.00382969 -0.99999225	0.35000000	0.00000000	0.00000000	0.38461626	-0.20506223	0.38684857	0.77677709	-0.54260558	0.29627717	-0.50656772	-0.20971441	-0.37092888	-0.22343180	0.32631984	0.14686656	0.72568512	0.64960873	0.12588485	-0.51640499	0.58593160	-0.08673935	0.53666914	2.63829494	-0.00349689	-0.56823611	0.49025843	0.36615258	
0.00801100	 -52.94430751   52.22893497 -823.44427286   52.03371164   40.18717308   -4.14319790	  83.50312268  -49.69462840 -219.74555087   12.76278847   33.25534018   -2.56415172	-18.94558188  88.34699178  12.01260196 -76.89848715  85.01169956  60.75427783  -9.58072687 -17.24201608  -8.17813000 -24.58272555  10.54548119 -17.05671699	 0.01229382  0.02077944 -0.17130923  0.77468394 -0.60328456  0.02261492  0.01618362 -0.05097109 -0.51360635  0.86646502 -0.34987284  0.08202139	-0.00787404  0.22234958  0.79412323 -0.88039896  0.02737372 -0.01882939 -0.00655187  0.21827167  0.43500018 -0.06008474 -0.38017373  0.00055675	-0.00433635  0.22057049  0.76876329 -0.83418892  0.01643250 -0.00056570 -0.00122981  0.22004022  0.42249499 -0.07434816 -0.36820087  0.00015949	 0.26649405 -0.14081462  3.98861664	-0.01449231  0.03490944  0.00468029	-0.01749258  0.03651875  0.00417204	 0.00121353 -0.00367840 -0.99999250	0.35000000	0.00000000	0.00000000	0.39375001	-0.20472918	0.38094953	0.75839943	-0.54543066	0.30682006	-0.50702715	-0.20255548	-0.37895471	-0.17957228	0.32635826	0.16916510	0.71691620	0.64441991	0.10968832	-0.48960149	0.60682178	-0.06082256	0.53249407	2.64042044	0.01146770	-0.56913221	0.48848686	0.37500498	
0.00848200	 -53.59919099   52.62245012 -814.89914847   51.44895673   41.18468885   -4.24062142	  76.61538534  -50.94892813 -208.91683936   12.06741483   30.63763589   -2.38097602	-19.14893067  87.65062737  11.26794488 -71.85227484  85.22139072  58.77346432 -11.19320717 -15.91717374  -8.41858009 -26.24712199  13.49880932 -19.65899718	 0.01225858  0.02253975 -0.16467978  0.76740659 -0.60302233  0.02260399  0.01619350 -0.04915586 -0.50986765  0.86572824 -0.35329223  0.08187909	 0.00902198  0.20006073  0.81139810 -0.89141701  0.04435358 -0.02439456 -0.00109797  0.22113047  0.49093595 -0.08482366 -0.42530286 -0.03728510	-0.00361835  0.20857427  0.78835118 -0.86654631  0.03478194 -0.00288994  0.00266596  0.21184411  0.44837892 -0.08979735 -0.40620990 -0.02157822	 0.26461625 -0.14036318  3.98855688	-0.00540274  0.02997075  0.00740506	-0.00827573  0.03158777  0.00665336	 0.00148821 -0.00359653 -0.99999243	0.35000000	0.00000000	0.00000000	0.39951372	-0.20407449	0.37609887	0.74749881	-0.55657166	0.31731179	-0.50879049	-0.19598845	-0.39101964	-0.15145981	0.31395113	0.18494070	0.71183097	0.63509613	0.10540961	-0.47022092	0.62645638	-0.03756030	0.52706921	2.64277983	0.02784442	-0.57054520	0.49148571	0.37920561	
0.00854100	 -53.39719057   53.53681921 -813.89059750   51.30651137   43.27844290   -3.97824284	  72.89469577  -50.69649387 -197.16649457   11.29149066   29.52549882   -3.32974181	-19.19419358  87.40285230  10.48246157 -68.29186031  87.04967487  56.96235412 -12.79832064 -15.47315121  -9.38203621 -25.89388230  15.79761010 -21.01276234	 0.01218682  0.02420880 -0.15792979  0.75991870 -0.60258564  0.02261578  0.01619279 -0.04737080 -0.50598105  0.86481774 -0.35679488  0.08141162	 0.01680109  0.19436498  0.73628065 -0.82831279  0.04573124  0.00934021  0.00861498  0.20589897  0.42830637 -0.07421874 -0.38853261 -0.08188033	-0.00622919  0.19552445  0.78950209 -0.87714121  0.05383246  0.00108900  0.00212281  0.20899086  0.45744292 -0.10810148 -0.40756687 -0.06217562	 0.26273786 -0.14008462  3.98736933	0.00379910 0.02623163 0.01199670	0.00091327 0.02738222 0.01049819	 0.00172517 -0.00359183 -0.99999206	0.35000000	0.00000000	0.00000000	0.39554775	-0.20026402	0.37322164	0.73566270	-0.56827116	0.32425296	-0.51204282	-0.19288161	-0.39859670	-0.13294059	0.30255306	0.20108083	0.70964742	0.62396890	0.10224011	-0.45536882	0.64570576	-0.01703615	0.52688897	2.63810921	0.03833317	-0.57254213	0.49518862	0.38069409	
0.00847500	 -53.13179025   55.65153750 -811.69869657   51.11605649   44.77367360   -3.22628183	  72.07646194  -50.09325014 -194.21432647   11.07865748   29.15737744   -3.44556297	-18.59606862  88.30915070  10.14751790 -65.85701455  87.98749602  55.39283973 -13.66434371 -15.03402907  -9.05861147 -27.23881659  16.30949897 -21.08946598	 0.01206040  0.02577169 -0.15114058  0.75231416 -0.60202249  0.02262142  0.01617897 -0.04561504 -0.50191411  0.86364534 -0.36022103  0.08055130	-0.00429229  0.19388717  0.81825771 -0.93208644  0.08062447  0.01089121 -0.02585808  0.23954612  0.50613140 -0.16895746 -0.41327399 -0.12996312	-0.01416945  0.18408302  0.79990565 -0.89971188  0.06902321  0.00242547 -0.00342561  0.20865646  0.48267392 -0.14272801 -0.40154158 -0.10915003	 0.26095271 -0.14006444  3.98579025	0.01124964 0.02299021 0.01625184	0.00894007 0.02401713 0.01496091	 0.00193306 -0.00365876 -0.99999144	0.35000000	0.00000000	0.00000000	0.38236225	-0.19808517	0.37406364	0.72348469	-0.57924849	0.32445717	-0.51230407	-0.18909609	-0.41244471	-0.12184715	0.28615257	0.20520195	0.70729941	0.61761284	0.10432552	-0.44663543	0.66019607	0.00357961	0.52612734	2.63110518	0.05291661	-0.57544684	0.50173712	0.37937042	
0.00851900	 -50.76705197   57.91572783 -808.44070964   50.81501098   47.36994094   -2.04387292	  70.45058083  -49.28566355 -193.24209612   11.01841273   29.03942290   -3.43963870	-17.58679011  89.17110872   8.70008028 -62.41156033  89.78870702  53.84269357 -14.16760102 -14.66909391  -9.66639924 -26.10617020  17.26313925 -20.80304620	 0.01192270  0.02729251 -0.14430456  0.74464686 -0.60136619  0.02260363  0.01619372 -0.04384817 -0.49768416  0.86219899 -0.36351584  0.07931144	 0.00454595  0.18262222  0.72885391 -0.79946277  0.04990421 -0.01156417  0.00879497  0.21235920  0.44950976 -0.16722567 -0.31939243 -0.14628155	-0.01488843  0.17876967  0.79893531 -0.89540697  0.07757157 -0.00267649  0.00236650  0.20824509  0.49627052 -0.17475680 -0.37971153 -0.15267739	 0.25872816 -0.14025971  3.98389169	0.01681544 0.02148616 0.01909376	0.01514036 0.02189836 0.01826120	 0.00211980 -0.00378099 -0.99999061	0.35000000	0.00000000	0.00000000	0.36784673	-0.19482784	0.37268999	0.71236551	-0.59521991	0.32613003	-0.51624638	-0.18955979	-0.41971064	-0.11569005	0.27327532	0.21847716	0.70709985	0.60751045	0.10913943	-0.43549341	0.67387331	0.01951344	0.53117698	2.62085271	0.06587338	-0.57742614	0.50629652	0.37590119	
0.00847900	 -48.06914906   59.41642706 -807.61347921   50.64911969   50.44909606   -1.38185800	  70.11488948  -48.24702462 -194.72365115   11.09849795   29.25245530   -3.30845749	-17.26124125  89.41580701   8.16652337 -60.17295022  92.31683725  53.03162724 -15.28724129 -14.16598833  -8.78649043 -26.63875785  17.42640348 -20.28235739	 0.01175622  0.02874697 -0.13751030  0.73692172 -0.60060439  0.02262069  0.01618993 -0.04206546 -0.49332332  0.86048853 -0.36667546  0.07774677	-0.00756898  0.12943471  0.73284350 -0.89462786  0.10332460 -0.00302423  0.00397813  0.18568364  0.50917587 -0.20426318 -0.33251436 -0.18312023	-0.01795780  0.16964186  0.79769844 -0.91037948  0.09197712  0.00207040  0.00234838  0.21126878  0.51827268 -0.20728060 -0.36743580 -0.19093748	 0.25620788 -0.14072228  3.98210791	0.02075177 0.02067663 0.02174271	0.01954064 0.02093144 0.02092509	 0.00229797 -0.00394268 -0.99998959	0.35000000	0.00000000	0.00000000	0.35197946	-0.19276734	0.37296888	0.69782043	-0.60620266	0.32686102	-0.51985294	-0.18710247	-0.43578404	-0.10603542	0.25457108	0.22201449	0.70695692	0.60199064	0.11345422	-0.43015417	0.68754518	0.03653477	0.53770304	2.60735703	0.07945035	-0.57751125	0.51358438	0.37465534	
0.00800700	 -45.50189687   61.57655406 -803.28321483   50.26806758   53.27986544   -0.21886928	  69.47874978  -47.94603422 -195.76794308   11.15896102   29.43440468   -3.32190333	-16.30931454  90.28649759   7.55225504 -56.63737522  94.15822130  51.05070984 -15.59384119 -13.67375955  -8.87267720 -25.71372688  17.55624144 -20.13092157	 0.01157581  0.03013159 -0.13112699  0.72967877 -0.59984351  0.02261404  0.01615623 -0.04034353 -0.48912774  0.85863217 -0.36949724  0.07602251	-0.02405670  0.19321936  0.72949473 -0.84835345  0.11171542 -0.00017633 -0.00371009  0.21809345  0.48883347 -0.20889648 -0.32566775 -0.21684732	-0.02148972  0.17393218  0.79324263 -0.90270717  0.09757725 -0.00033280 -0.00313670  0.21620568  0.52486229 -0.23477183 -0.34879341 -0.21844738	 0.25345253 -0.14154395  3.98017654	0.02238518 0.02073320 0.02333762	0.02187341 0.02070523 0.02283131	 0.00246249 -0.00411706 -0.99998849	0.35000000	0.00000000	0.00000000	0.33792076	-0.18927084	0.37589273	0.68146008	-0.61811548	0.32938287	-0.51795501	-0.18629798	-0.44691861	-0.10144024	0.24372596	0.22753716	0.70834887	0.59624362	0.12185422	-0.42094979	0.69433433	0.04676113	0.54455680	2.59235573	0.09380038	-0.57486343	0.51950324	0.37592295	
0.00805700	 -41.88351206   62.12970314 -797.70491586   49.77925193   56.63628118    0.80438795	  70.72666431  -48.67280022 -201.20598318   11.46578986   30.23264622   -3.36003720	-15.47990796  89.39969707   7.28829190 -53.67216608  96.83295143  50.22050285 -15.76169617 -14.37830251  -7.71215928 -26.66811483  17.51278183 -19.78634021	 0.01139536  0.03148870 -0.12480800  0.72244622 -0.59904411  0.02261947  0.01610642 -0.03857669 -0.48481446  0.85651133 -0.37223360  0.07403426	 0.00713620  0.17380846  0.71690865 -0.86912556  0.10160819 -0.00561314 -0.01176394  0.20124315  0.53138254 -0.26709132 -0.33209920 -0.26125152	-0.02028225  0.16955592  0.78075077 -0.89660106  0.10069538  0.00124518 -0.00626526  0.21940109  0.53627726 -0.26778271 -0.33754260 -0.25070554	 0.25028298 -0.14218325  3.97833873	0.02420813 0.02127444 0.02428515	0.02361044 0.02108586 0.02399023	 0.00262959 -0.00430424 -0.99998728	0.35000000	0.00000000	0.00000000	0.32486948	-0.18828747	0.37905866	0.66591930	-0.62817627	0.33286703	-0.51803362	-0.18204051	-0.46322781	-0.09250880	0.23283932	0.23143223	0.70707637	0.59316188	0.12650189	-0.41744545	0.70605379	0.05841964	0.55012733	2.57337093	0.10472128	-0.57284904	0.52680272	0.37347794	
0.00845800	 -34.49478355   64.09459852 -780.29775505   48.51658106   60.40816590    1.91614586	  55.86650204  -56.43999723 -239.95924445   14.33992595   23.53453245   -2.00106506	-15.03543648  89.82306361   7.15183948 -51.00176260  99.22907031  48.43202108 -15.90785444 -13.92572892  -6.99075660 -26.39449252  17.35949139 -19.41060765	 0.01119181  0.03294421 -0.11814641  0.71480786 -0.59814191  0.02261023  0.01601514 -0.03660843 -0.48014318  0.85402705 -0.37501176  0.07166866	 0.00502910  0.18370101  0.76779870 -0.89921574  0.10214619  0.00685617  0.00075652  0.24189355  0.54838715 -0.31827760 -0.30226074 -0.32214098	-0.02207843  0.17359107  0.78879921 -0.90749733  0.10889426 -0.00127293 -0.01124975  0.23639261  0.55360093 -0.29831936 -0.32235405 -0.28986659	 0.24724737 -0.14336119  3.97713174	0.02263170 0.01916235 0.02628088	0.02345627 0.02021841 0.02546903	 0.00280524 -0.00450823 -0.99998590	0.35000000	0.00000000	0.00000000	0.30339840	-0.19024907	0.38137186	0.65025079	-0.63853115	0.33135521	-0.51498842	-0.18038192	-0.48119676	-0.08746576	0.22182620	0.23250645	0.70681161	0.58712119	0.13082427	-0.41099516	0.71224529	0.06995424	0.55760181	2.55505061	0.12736747	-0.56815010	0.53227770	0.37926942	
0.00800200	 -28.43376316   64.72321836 -767.74795363   47.54282071   64.52143459    3.27462941	  54.84673375  -56.39895208 -249.46637645   15.01711868   23.01673803   -2.48378676	-13.98647865  88.75997329   5.79260790 -46.34337926 102.00372362  47.10482478 -15.89400773 -15.63647008  -7.36348537 -26.15371110  16.70098776 -17.92518428	 0.01095934  0.03436117 -0.11187774  0.70759847 -0.59724400  0.02261131  0.01582205 -0.03464461 -0.47580784  0.85170506 -0.37738560  0.06910667	-0.03219089  0.20582198  0.82427724 -0.93132482  0.10914521  0.00436363 -0.05783318  0.27286314  0.58167660 -0.31865412 -0.28440822 -0.34926102	-0.02891382  0.18063732  0.79062465 -0.90956123  0.11489774 -0.00144204 -0.02576115  0.25010453  0.54774547 -0.29407780 -0.29404000 -0.32806810	 0.24382095 -0.14443129  3.97615839	0.02039915 0.01806822 0.02896622	0.02111170 0.01832641 0.02808009	 0.00295100 -0.00467989 -0.99998470	0.35000000	0.00000000	0.00000000	0.28372362	-0.19703190	0.38791463	0.63016796	-0.64448279	0.32739806	-0.51700795	-0.17796406	-0.50198472	-0.08252320	0.21257132	0.23548496	0.70250732	0.58728975	0.13377155	-0.40594631	0.71393359	0.07837836	0.56362307	2.53266382	0.14588572	-0.56310290	0.53605109	0.38428894	
0.00850000	 -22.92457050   65.25940255 -757.31707573   46.68853790   69.08307916    4.76378136	  54.74972837  -55.69545435 -256.32070174   15.53289686   21.75864417   -2.17226944	-12.63234133  87.79101896   5.91331131 -42.17109776 105.35427672  45.47570670 -14.96415983 -16.82365882  -6.99953126 -28.38737741  14.05980465 -16.63673434	 0.01072027  0.03588199 -0.10530594  0.69997997 -0.59624343  0.02260930  0.01559979 -0.03247645 -0.47131145  0.84925477 -0.37970149  0.06620698	-0.03353197  0.18495419  0.76362326 -0.89677162  0.08814686 -0.01626559 -0.03081976  0.24043672  0.51555884 -0.29097361 -0.26034060 -0.31405080	-0.02910318  0.18005049  0.77377869 -0.89786418  0.11648384 -0.00188356 -0.02654724  0.25671502  0.52838813 -0.28861216 -0.26989828 -0.34112851	 0.23957209 -0.14518596  3.97491797	0.01854392 0.01830378 0.02931561	0.01912722 0.01819767 0.02924393	 0.00310386 -0.00484560 -0.99998344	0.35000000	0.00000000	0.00000000	0.27289423	-0.20064779	0.39767602	0.61465961	-0.64682919	0.32662255	-0.51905382	-0.17709973	-0.52102834	-0.07272889	0.20497076	0.23780513	0.69768810	0.58596879	0.14552730	-0.39761052	0.72123873	0.08165019	0.56847364	2.51114345	0.15493675	-0.55569190	0.54348922	0.38247016	
0.00800100	 -18.99241080   65.90977916 -749.47545308   46.03489307   72.82178539    5.56927333	  53.08129659  -56.84806186 -261.54242356   15.94848490   19.83687376   -2.23491636	-12.28585618  87.12264299   6.65305395 -38.79108413 108.20854175  43.71513200 -15.06852988 -17.70505250  -6.12165837 -30.47701930  11.58644179 -16.54956369	 0.01048628  0.03734645 -0.09918881  0.69286584 -0.59524574  0.02261984  0.01535197 -0.03038537 -0.46712562  0.84693371 -0.38176602  0.06336409	-0.05354627  0.16606624  0.69588638 -0.80578896  0.11735060  0.00457245 -0.05619846  0.26749057  0.47903505 -0.28933482 -0.24273545 -0.35693013	-0.03172150  0.18155509  0.76192610 -0.88518389  0.12323489  0.00108527 -0.03288915  0.26342423  0.52043772 -0.29156192 -0.25795310 -0.35554174	 0.23560033 -0.14589183  3.97356530	0.01708325 0.01791043 0.03040693	0.01757005 0.01804782 0.03002704	 0.00324782 -0.00498842 -0.99998228	0.35000000	0.00000000	0.00000000	0.26137725	-0.20434837	0.40716612	0.59571880	-0.64710093	0.32808432	-0.51423240	-0.17431390	-0.54114282	-0.06243364	0.19708574	0.23487857	0.69326752	0.58448392	0.15099306	-0.39071414	0.72727644	0.08394697	0.57186389	2.48860955	0.16721572	-0.54822052	0.55098772	0.38470578	
0.00847200	 -14.83753511   66.37332978 -737.35716268   45.12065978   76.17244413    6.79013686	  51.39417187  -58.43123439 -269.75272905   16.56051082   18.03989577   -1.88830111	-11.20842341  86.10204005   6.90030351 -34.63411631 110.22019154  41.76480800 -14.55371835 -18.93936282  -6.26418623 -32.14587075   9.90395699 -16.13172564	 0.01023010  0.03892240 -0.09274781  0.68532865 -0.59415573  0.02262450  0.01509661 -0.02813850 -0.46272910  0.84446667 -0.38386929  0.06025697	-0.04461148  0.20400346  0.81371568 -0.92146077  0.11650244  0.00693516 -0.04867465  0.29437265  0.53866987 -0.28455620 -0.24887786 -0.40208009	-0.03177983  0.18488165  0.75990344 -0.88741815  0.12795745  0.00168266 -0.03315271  0.26689470  0.51660030 -0.29105578 -0.24679186 -0.36943060	 0.23111666 -0.14631357  3.97180999	0.01603894 0.01782355 0.02999867	0.01637162 0.01784340 0.03015155	 0.00339815 -0.00512966 -0.99998107	0.35000000	0.00000000	0.00000000	0.24829036	-0.20910726	0.41431892	0.57560879	-0.65047801	0.32716212	-0.51451528	-0.17010117	-0.56306815	-0.05172483	0.18800500	0.23627564	0.68702799	0.58426315	0.15625879	-0.38056749	0.73162192	0.09029042	0.57448387	2.46726251	0.18403953	-0.54183507	0.55758649	0.38433856	
0.00802500	  -9.11041736   66.48469748 -721.83229979   43.95062292   80.44756469    7.82261860	  48.64084701  -60.18298178 -280.13893585   17.33219183   15.77199481   -1.95506115	-10.66479953  84.80328131   6.75575051 -28.77558966 113.02619863  39.76732743 -14.84019946 -19.68523419  -6.02544630 -33.99401203   7.94393358 -15.74098951	 0.01000782  0.04042210 -0.08679097  0.67834288 -0.59311283  0.02262618  0.01486149 -0.02599308 -0.45863848  0.84211934 -0.38582072  0.05726411	-0.03298098  0.17776257  0.76316317 -0.87420156  0.13496557 -0.00086314 -0.00978636  0.25176006  0.50258025 -0.30016431 -0.26308311 -0.40332482	-0.02739838  0.18513705  0.74335840 -0.86844087  0.13099201  0.00271459 -0.02858492  0.26578749  0.50745115 -0.29168574 -0.24266956 -0.37663727	 0.22646453 -0.14672528  3.96972610	0.01485178 0.01817749 0.03094010	0.01526671 0.01805471 0.03059652	 0.00354077 -0.00525403 -0.99997993	0.35000000	0.00000000	0.00000000	0.24053276	-0.21444423	0.42176804	0.55709481	-0.65451682	0.33222419	-0.51514417	-0.16784137	-0.58454704	-0.03552724	0.17764431	0.23934871	0.68207639	0.58276987	0.16350335	-0.36847699	0.73825967	0.09297220	0.57912642	2.44341087	0.19695376	-0.53304815	0.56496882	0.38176501	
0.00849100	  -5.14306662   66.19007452 -710.06325530   43.05056709   83.90075596    8.65220752	  45.73730950  -62.17979458 -288.71110071   17.98430007   13.31690447   -2.14604641	-10.16081217  83.27938437   7.76142705 -24.89288150 115.33675790  37.43110070 -15.10948198 -19.93886381  -5.69104933 -36.20570260   6.11118686 -15.93180369	 0.00973041  0.04203799 -0.08058305  0.67104020 -0.59200566  0.02262406  0.01458430 -0.02366148 -0.45432778  0.83961778 -0.38785223  0.05397840	-0.05621694  0.15702911  0.69496214 -0.77785938  0.12495354 -0.00081619 -0.03811111  0.24430949  0.47859983 -0.29715463 -0.22865746 -0.38485623	-0.03420376  0.18835839  0.72723252 -0.85016135  0.13155666  0.00157487 -0.03291405  0.27290790  0.50541430 -0.29587336 -0.23797262 -0.39011300	 0.22154785 -0.14718070  3.96720124	0.01367794 0.01776314 0.03312159	0.01404878 0.01792525 0.03240945	 0.00369264 -0.00537591 -0.99997873	0.35000000	0.00000000	0.00000000	0.22892222	-0.21768819	0.43265504	0.53687692	-0.65693057	0.33968738	-0.50876582	-0.16341880	-0.60573828	-0.02208482	0.17204587	0.23617285	0.67608958	0.58326882	0.16867937	-0.35929579	0.74159586	0.09287102	0.58277422	2.41533351	0.21401611	-0.52520823	0.57418907	0.38365322	
0.00846600	   0.43906215   65.85421328 -691.48991245   41.71172482   87.38786159   10.32031593	  42.29613759  -64.30338761 -302.62621497   19.01301756   10.64119122   -1.82789274	 -8.58142588  81.56290102   7.81545201 -19.62007746 117.03801262  35.49194250 -14.65127546 -21.31604791  -5.80080744 -38.12045583   4.22711687 -15.11791870	 0.00945589  0.04367589 -0.07451357  0.66390274 -0.59091767  0.02261268  0.01429704 -0.02130396 -0.45008167  0.83714705 -0.38985644  0.05056926	-0.03775184  0.21944445  0.76704995 -0.85095544  0.14120161 -0.02993402 -0.03881824  0.27163544  0.52821723 -0.27109536 -0.23137359 -0.41843211	-0.03395616  0.19611680  0.72020877 -0.84263133  0.13032803 -0.00228186 -0.03422801  0.27900991  0.50375947 -0.29156955 -0.23783646 -0.40663403	 0.21629443 -0.14714431  3.96420047	0.01295847 0.01751816 0.03348079	0.01320432 0.01759319 0.03338482	 0.00384083 -0.00549001 -0.99997755	0.35000000	0.00000000	0.00000000	0.21505448	-0.22624664	0.44184110	0.51815158	-0.66145760	0.34344873	-0.50840956	-0.15762484	-0.63181770	-0.01030539	0.16590536	0.23648766	0.66510600	0.58547348	0.17495608	-0.34905252	0.74559408	0.09535352	0.58558369	2.38574052	0.23639050	-0.51750129	0.58130765	0.38139072	
0.00800900	   7.48505189   65.22260942 -668.74989005   40.08258621   91.38995066   11.56008122	  38.86670025  -66.96550718 -321.18319144   20.33298124    8.08807704   -1.76595688	 -7.80231810  79.57890272   7.50281483 -13.12369019 119.13018715  33.52006856 -14.80307313 -22.43417478  -5.39621716 -40.86938286   2.67102758 -14.26088189	 0.00919908  0.04520913 -0.06897165  0.65739900 -0.58994935  0.02261172  0.01402924 -0.01904627 -0.44616152  0.83481896 -0.39171967  0.04723648	-0.02917639  0.18726754  0.69449094 -0.82973689  0.11724734 -0.01913099 -0.02520041  0.27634020  0.52289161 -0.32712997 -0.23520257 -0.44689287	-0.03093594  0.19426511  0.69239840 -0.81251840  0.11967322 -0.00271700 -0.03320617  0.28248947  0.49224774 -0.29242565 -0.23474681 -0.41974970	 0.21083412 -0.14696130  3.96101880	0.01190851 0.01774133 0.03477837	0.01229431 0.01764930 0.03428914	 0.00398004 -0.00559070 -0.99997645	0.35000000	0.00000000	0.00000000	0.20618671	-0.23198612	0.45301113	0.50293529	-0.66734058	0.35674384	-0.50692213	-0.15280488	-0.65415609	0.00533927	0.15877151	0.23605886	0.65366536	0.58872724	0.18253709	-0.33945009	0.75236517	0.09432518	0.59135318	2.34766150	0.25447714	-0.50599957	0.58903253	0.37288359	
0.00854900	  13.57280483   64.68291842 -650.42605210   38.75909822   94.74545228   12.85824870	  33.42806731  -69.83986962 -336.59137319   21.50180417    4.23881639   -1.57312374	 -6.86756270  77.89712834   8.07277244  -9.54331426 120.77536368  30.89598241 -14.64190952 -23.35704982  -4.38361818 -43.54114717  -0.13349481 -13.94401465	 0.00890113  0.04685178 -0.06326698  0.65077610 -0.58896390  0.02261617  0.01371484 -0.01662632 -0.44208006  0.83243308 -0.39368785  0.04359948	-0.02182626  0.19307726  0.58965954 -0.68596473  0.07727236 -0.00726558 -0.04315674  0.26468232  0.43011147 -0.23797871 -0.22703089 -0.38803175	-0.03288806  0.19305803  0.66132587 -0.76737802  0.11040654 -0.00198328 -0.03759794  0.28414419  0.47661179 -0.27528542 -0.23012402 -0.42562575	 0.20511139 -0.14652456  3.95726970	0.01083419 0.01678810 0.03662160	0.01119549 0.01711038 0.03602861	 0.00412555 -0.00568850 -0.99997531	0.35000000	0.00000000	0.00000000	0.19986293	-0.23065560	0.46781078	0.49084282	-0.67006576	0.37372723	-0.50229019	-0.14858529	-0.66847467	0.01836994	0.15690464	0.22775167	0.63939983	0.59618539	0.19249949	-0.33071911	0.76254326	0.08690473	0.59865427	2.30134344	0.27402264	-0.49246112	0.60046625	0.36110255	
0.00845300	  14.77381510   64.95589097 -639.23324269   38.03869888   95.61580985   12.52832515	  28.16718928  -72.81871912 -351.13217957   22.62583335    0.11868664   -0.89037105	 -5.64443748  76.05541611   7.99045863  -5.83493169 121.41657114  28.33249435 -13.90650594 -24.55924398  -3.61310375 -47.06611973  -2.99748574 -13.65620348	 0.00862267  0.04849421 -0.05776108  0.64447274 -0.58803545  0.02262819  0.01340944 -0.01418261 -0.43806387  0.83008102 -0.39565667  0.03979487	-0.01191968  0.21503234  0.66956912 -0.74561226  0.11022126  0.00197510 -0.02542111  0.32539095  0.50182942 -0.25739322 -0.27486328 -0.48694644	-0.02914045  0.19614772  0.64947277 -0.73827539  0.10676283  0.00161625 -0.03619901  0.29224906  0.47563865 -0.27355038 -0.23561407 -0.45337811	 0.20003477 -0.14552901  3.95356672	0.01090446 0.01377834 0.03827745	0.01087386 0.01478877 0.03774609	 0.00425418 -0.00578168 -0.99997424	0.35000000	0.00000000	0.00000000	0.17376457	-0.22917475	0.47793254	0.48144639	-0.68141174	0.39631984	-0.51088077	-0.13944146	-0.68078190	0.03294978	0.16087489	0.21293178	0.61180258	0.59596920	0.20352332	-0.32254398	0.78282017	0.07742450	0.59812897	2.22064519	0.32127866	-0.47232527	0.61542702	0.34491420	
0.00800800	  14.21561086   63.76529981 -624.52053471   37.14610588   95.15952329   10.91245784	  22.60331498  -75.04985711 -372.68429707   24.23198766   -4.10053991   -0.56450971	 -4.61927658  73.08754277   5.73850358   0.83483484 121.18595982  24.43666738 -14.05254512 -26.28257751  -2.68339517 -50.86381024  -6.07199547 -12.00242367	 0.00846837  0.05001646 -0.05284566  0.63896433 -0.58719213  0.02261828  0.01307506 -0.01189010 -0.43431839  0.82789367 -0.39750548  0.03609191	 0.00858724  0.19124847  0.62913817 -0.65037728  0.11487123  0.00163919 -0.05131602  0.27077939  0.48708608 -0.30366032 -0.26480171 -0.50486318	-0.01657007  0.19051469  0.61127138 -0.67564077  0.10389994 -0.00117228 -0.04365450  0.28573298  0.46995559 -0.27346794 -0.23425581 -0.46605298	 0.19573159 -0.14403341  3.95032262	0.01256173 0.00947732 0.04419066	0.01201224 0.01095854 0.04201746	 0.00434511 -0.00587680 -0.99997329	0.35000000	0.00000000	0.00000000	-0.02013174	-0.15340392	0.45619914	0.38567457	-0.67221403	0.50821012	-0.58624321	-0.09905564	-0.72799712	0.14680344	0.18237726	0.15481977	0.51201290	0.48978168	0.25499463	-0.31126803	0.84926236	0.02036415	0.59136826	1.91273391	0.44014162	-0.40082198	0.63042510	0.30843115	
0.00802000	   4.17713902   36.89064479 -568.37610138   33.69653169   87.29872639    5.89555567	   6.16816862  -91.58076775 -420.59891077   27.83036021  -19.04929918    4.13435864	  0.64121697  61.52484870  -0.92378746  22.70863153 116.90861464   7.48160021  -9.51537991 -28.34907013   2.73161510 -67.69515629 -18.59304464 -15.96340013	 0.00840912  0.05155172 -0.04841585  0.63435137 -0.58625749  0.02218894  0.01267194 -0.00958749 -0.43049875  0.82569349 -0.39937511  0.03202330	 0.02378306  0.22904162  0.50882570 -0.53916701  0.14874418 -0.10499002 -0.08003668  0.30068676  0.49571056 -0.28266914 -0.25896390 -0.57916392	-0.00485973  0.19558675  0.53707469 -0.54973974  0.12123888 -0.07521021 -0.05448619  0.28805780  0.48074530 -0.27799064 -0.23592697 -0.52486580	 0.19360466 -0.14056591  3.94552678	 0.02160838 -0.00165561  0.05750678	0.01857436 0.00221723 0.05295763	 0.00437531 -0.00601442 -0.99997234	0.35000000	0.00000000	0.00000000	-0.48160625	0.03149491	0.44281474	0.15533896	-0.62587380	0.71164382	-0.71711630	-0.01794777	-0.85848135	0.42463240	0.24331376	0.00235359	0.28854948	0.26312706	0.35078460	-0.28687835	0.98173887	-0.10780196	0.52211517	1.35390043	0.67560780	-0.23853068	0.69115722	0.30912417	
0.00800500	 -11.90496316  -19.00004411 -332.51260621   19.58355178   52.30407834   -3.60005829	 -15.48089185 -142.68273729 -611.47927260   40.93964451  -43.36538581   18.41638318	  10.57667287   31.06027508  -15.32832252   85.90871313   81.31685704  -25.53440332    5.94342243  -44.05031359    8.77557012 -109.26352963  -33.65895206  -19.27945158	 0.00854925  0.05319402 -0.04514349  0.63188084 -0.58497679  0.01995741  0.01222678 -0.00727390 -0.42636388  0.82319898 -0.40130718  0.02665194	 0.01229360  0.20653344  0.25332245 -0.13146063  0.19285275 -0.41088140 -0.04438617  0.26262534  0.51140372 -0.30949802 -0.24764615 -0.75873130	 0.02541385  0.20844968  0.37190603 -0.25044207  0.17026239 -0.33166515 -0.05406049  0.28840222  0.52265914 -0.31656745 -0.23982176 -0.70707684	 0.19321840 -0.12755096  3.93562534	 0.04792610 -0.01839361  0.05813412	 0.03922850 -0.01263624  0.05805157	 0.00429203 -0.00629447 -0.99997098	0.35000000	0.00000000	0.00000000	-0.77063906	0.09483404	0.56544304	-0.05401899	-0.61065274	0.80742866	-0.69312763	0.07857530	-1.01998472	0.63584131	0.29602891	-0.11190521	0.05680957	0.30224460	0.46118584	-0.21425748	1.01992762	-0.17407009	0.38217202	1.04246068	0.88206869	-0.14093165	0.73218942	0.30834457	
0.00850800	-26.89961082 -27.35910077 -51.31858576   3.23149015  10.15127965  -5.78447752	 -23.46535431 -181.27243802 -850.51485082   57.06483529  -56.37654161   28.69622431	   5.64460681   18.06059134  -26.90731102  120.10902926   23.23906955  -36.05385125   15.56121547  -58.12181330    8.57399804 -140.45979688  -36.30407837   -9.16734502	 0.00912932  0.05515298 -0.04362894  0.63319370 -0.58330963  0.01477340  0.01180355 -0.00474973 -0.42151846  0.82017249 -0.40331041  0.01879121	 0.08948228  0.23832601  0.04925327  0.38838350  0.18488918 -0.70704723 -0.01939229  0.30304186  0.57027673 -0.35103154 -0.20064357 -0.96117753	 0.07259346  0.23336809  0.13539968  0.24436056  0.19184793 -0.64837857 -0.04453923  0.29975911  0.57742253 -0.35854815 -0.23163625 -0.95694165	 0.19689265 -0.10851235  3.91868574	 0.06281780 -0.05350915  0.04361014	 0.05859403 -0.04226999  0.04825545	 0.00398387 -0.00677935 -0.99996908	0.35000000	0.00000000	0.00000000	-0.89498037	0.07623301	0.62332857	-0.12006120	-0.65452820	0.82504821	-0.60100985	0.18553397	-1.09164524	0.66556424	0.29606056	-0.16641697	-0.12665434	0.38044125	0.59901422	-0.17998871	0.98429012	-0.17073850	0.26389372	0.90382648	1.00032043	-0.11881869	0.66767097	0.23723301	
0.00848000	-2.00751349 -5.53985026  6.75252292  0.18991861  1.09730859 -0.50478783	 -32.87575428 -174.35681986 -945.54800423   63.98071588  -63.75354506   30.83169657	   3.02984764   19.63774097  -37.71593182  105.00027898  -20.76130119  -29.65061998   17.23978519  -60.17716551   -0.81846401 -143.85083067  -39.70032236    6.88663808	 0.00975079  0.05718288 -0.04427055  0.63909241 -0.58218200  0.00758093  0.01154365 -0.00213259 -0.41640930  0.81712678 -0.40527184  0.00936104	 0.08118428  0.25864819 -0.19328667  0.98650171  0.05789469 -0.95978204 -0.01200474  0.34045469  0.62401938 -0.32935140 -0.24301574 -1.16264745	 0.07166140  0.23840757 -0.11372335  0.77765167  0.11021759 -0.87358928 -0.02616794  0.31024930  0.59945584 -0.35068009 -0.22971015 -1.11594509	 0.19802251 -0.09086374  3.90689445	 0.06083658 -0.06955235  0.02458212	 0.06164749 -0.06481197  0.03048995	 0.00344454 -0.00731257 -0.99996733	0.35000000	0.00000000	0.00000000	-0.96094763	0.09431779	0.60782224	-0.13159376	-0.69791353	0.80356491	-0.54178482	0.23966026	-1.06193233	0.57028180	0.27355951	-0.18817955	-0.23110507	0.41096675	0.71994311	-0.16893253	0.91476756	-0.19874845	0.22370777	0.78833616	1.03397548	-0.14216591	0.58945417	0.12579784	
0.00801200	 5.79584023  0.82737924  9.46049458 -0.13672352  0.32770330 -0.02651538	 -35.95273593 -163.62937795 -978.78215613   66.44140712  -63.74556429   26.73850196	   7.06446512   23.99587131  -40.71015383   81.89744925  -34.77501136  -22.66330668   17.41420750  -59.71841240   -2.70903599 -142.15437928  -38.38971618   16.28042814	 0.01025751  0.05910194 -0.04664690  0.64828291 -0.58225489 -0.00006398  0.01142934  0.00031866 -0.41173993  0.81453450 -0.40706701  0.00020751	 0.06631399  0.24808558 -0.35852823  1.23919933 -0.09108527 -0.90451380  0.00964728  0.29713311  0.51791911 -0.30650793 -0.21861124 -1.04272924	 0.06714695  0.24302197 -0.32037834  1.18893443 -0.03925902 -0.94794639 -0.01048084  0.30452960  0.57402833 -0.31605835 -0.22334260 -1.12855622	 0.19780406 -0.07517508  3.89943636	 0.04774483 -0.07506309  0.01238355	 0.05217715 -0.07332836  0.01592167	 0.00285991 -0.00774896 -0.99996589	0.35000000	0.00000000	0.00000000	-0.99901748	0.13509788	0.57630789	-0.15615900	-0.72627670	0.81114662	-0.50224555	0.26856300	-1.03649366	0.48062524	0.25809535	-0.19487152	-0.26686132	0.42002901	0.79631102	-0.16336983	0.86658591	-0.23210070	0.26050669	0.68401319	1.00410771	-0.16085571	0.54281187	0.04718942	
0.00850100	 9.60641831  1.94133108  8.72794636 -0.14423637  0.30643375  0.01439466	  -48.50397862   -73.78230228 -1113.45582226    33.63954280   -67.63741461    22.05136191	   9.43169121   26.80190194  -40.95230918   64.45862879  -34.53821066  -20.10987625   16.83002847  -60.41194201   -4.35736476 -141.90012732  -38.76686454   16.34421715	 0.01088230  0.06146582 -0.05076756  0.66100352 -0.58395043 -0.00817158  0.01137429  0.00281150 -0.40716555  0.81248400 -0.40901447 -0.00779826	 0.07466607  0.28653493 -0.55194135  1.57657191 -0.27080456 -0.90105663  0.00324835  0.27255338  0.47163146 -0.16809087 -0.22597234 -0.69109289	 0.07710332  0.29182379 -0.50734153  1.53350260 -0.22968666 -0.94134551 -0.00322057  0.28776988  0.52131799 -0.21786245 -0.23202029 -0.84965428	 0.19830765 -0.06736702  3.90163969	-0.01551661 -0.08332398  0.00572380	 0.00544301 -0.08083637  0.00760886	 0.00218540 -0.00790360 -0.99996638	0.35000000	0.00000000	0.00000000	-1.00281572	0.16919476	0.57119161	-0.20222446	-0.72987694	0.86343718	-0.45666918	0.27629966	-1.01787710	0.43076426	0.24921334	-0.19072482	-0.27130139	0.39842558	0.84676689	-0.13501191	0.81937969	-0.30582434	0.32018885	0.57430243	0.95031154	-0.13721086	0.49713033	0.02673781	
0.00847800	11.09427350  0.53263292  7.62333739 -0.08487224  0.31238206  0.05273310	  -40.41181823   -81.83425675 -1117.90323396    20.08491476   -69.70101117    17.77063428	  11.28175809   15.16406500  -40.40428722   51.13989583  -29.69282565  -20.13902630   18.28352538  -74.51071453  -10.10758813 -142.94438627  -41.91483879   -6.00832589	 0.01167193  0.06424723 -0.05627802  0.67598873 -0.58716503 -0.01595467  0.01134062  0.00495986 -0.40317159  0.81150129 -0.41125015 -0.01213993	 0.12083127  0.35324512 -0.76560242  1.94641570 -0.49025684 -0.93491130 -0.01463425  0.21940157  0.46803253 -0.09219473 -0.28944229 -0.37699326	 0.10008523  0.32647247 -0.67435021  1.80060203 -0.40441766 -0.90924752 -0.00292287  0.24215768  0.45923997 -0.10239017 -0.26988538 -0.46622041	 0.19712238 -0.05821777  3.90693778	-0.03204233 -0.08050837  0.00254194	-0.02818657 -0.08177574  0.00343351	 0.00148224 -0.00766640 -0.99996951	0.35000000	0.00000000	0.00000000	-0.97669595	0.22150467	0.60164231	-0.31674492	-0.70049715	0.93070817	-0.41579744	0.31018436	-1.00230753	0.41180518	0.27162442	-0.14033312	-0.27488756	0.38056257	0.79979348	-0.09933568	0.82997870	-0.37728143	0.33539763	0.48466420	0.89830965	-0.13226053	0.47574082	0.02661169	
0.00800300	 9.59371371  2.02910123  8.25705433 -0.12072006  0.29274977 -0.00263823	  -30.42303333   -85.27915993 -1106.84253806     1.64511816   -69.38201262    16.30769615	   8.33473512   14.89367378  -36.80894856   54.30755912  -26.82794340  -17.34812106   20.90044058  -81.03118300  -14.43069883 -154.33849996  -39.96326995  -33.23920941	 0.01251713  0.06677820 -0.06266001  0.69177673 -0.59131515 -0.02279599  0.01133866  0.00654967 -0.39982013  0.81112749 -0.41351135 -0.01436763	 0.10331480  0.32368724 -0.88173318  2.13323197 -0.60080656 -0.85911235  0.01087015  0.21162401  0.40200863 -0.03538247 -0.26627021 -0.21857150	 0.10537576  0.31286889 -0.81872891  2.00357134 -0.53819643 -0.84226816  0.00063711  0.19551518  0.41225024 -0.04323942 -0.28173059 -0.26769631	 0.19502999 -0.05008990  3.91188270	-0.02910640 -0.07177415  0.00120502	-0.03024637 -0.07478062  0.00161625	 0.00087277 -0.00741704 -0.99997211	0.35000000	0.00000000	0.00000000	-0.93491083	0.28395358	0.62338078	-0.43529916	-0.67393523	1.00653374	-0.37568870	0.37075821	-1.03445923	0.37388757	0.27314991	-0.11515640	-0.27180487	0.35679498	0.75258160	-0.08434609	0.85396087	-0.39664271	0.33426052	0.41754815	0.85416192	-0.11973895	0.46186697	0.04049196	
0.00800200	 7.95864097  3.47577054  8.15666881 -0.16157955  0.26949208 -0.04607635	  -26.48419609   -85.40522897 -1083.81320093   -12.96487681   -70.03896864    15.80134613	   6.31191815   17.16250348  -33.45101149   55.05515203  -22.69320694  -15.94816527   22.85704594  -88.10901403  -17.42953351 -158.78320658  -40.51964888  -50.79964513	 0.01337847  0.06916764 -0.07023201  0.70921427 -0.59637222 -0.02876770  0.01132380  0.00784962 -0.39672334  0.81095396 -0.41584276 -0.01592616	 0.08866903  0.31297495 -1.03604892  2.35033622 -0.69350998 -0.70185338 -0.02535709  0.15235264  0.35523330 -0.02646076 -0.30651764 -0.17370284	 0.10485672  0.29724104 -0.96713656  2.21053969 -0.64585292 -0.73059632 -0.00279430  0.16003978  0.38093552 -0.02106304 -0.29098139 -0.19182797	 0.19261611 -0.04259306  3.91515538	-0.02256648 -0.06082498  0.00060472	-0.02436440 -0.06449961  0.00078761	 0.00034421 -0.00721508 -0.99997391	0.35000000	0.00000000	0.00000000	-0.91320074	0.32996920	0.65383637	-0.52883536	-0.65174758	1.05785465	-0.34188569	0.41756272	-1.05089355	0.33117643	0.28065869	-0.09846371	-0.26797938	0.33157837	0.71601963	-0.08364204	0.87531263	-0.42060402	0.34361902	0.35712078	0.80638331	-0.10863055	0.44299126	0.04449279	
0.00847500	 6.75193472  3.77925369  6.89274575 -0.17738615  0.22690601 -0.06460555	  -22.89642383   -81.95982566 -1058.71647340   -21.91666046   -68.36150225    15.73448932	   4.91912121   20.74367476  -28.10077357   49.79841961  -18.53856589  -17.42816281   24.41097300  -90.77106118  -19.34186314 -160.95396018  -39.11245403  -59.47336739	 0.01420329  0.07153984 -0.07942274  0.72935052 -0.60250604 -0.03418752  0.01133351  0.00906113 -0.39362993  0.81088912 -0.41829569 -0.01733139	 0.11673837  0.26668284 -1.17669265  2.51613627 -0.77396258 -0.63130530  0.01756569  0.12133036  0.39853309 -0.00454762 -0.28058193 -0.17768649	 0.09703217  0.27969068 -1.11017597  2.41368608 -0.73675904 -0.62990586  0.00098325  0.14179107  0.36498936 -0.00820791 -0.28982835 -0.16617552	 0.19025841 -0.03561673  3.91666298	-0.02120050 -0.04949310 -0.00182626	-0.02148236 -0.05306204 -0.00104778	-0.00012155 -0.00703216 -0.99997527	0.35000000	0.00000000	0.00000000	-0.90683025	0.37525719	0.69052422	-0.59117037	-0.63582957	1.09580731	-0.31572285	0.45026517	-1.04512513	0.29534647	0.29759949	-0.09527104	-0.26153767	0.30659568	0.70610577	-0.08693018	0.87929684	-0.44147441	0.36431840	0.29982615	0.75866091	-0.09508009	0.42333040	0.04402421	
0.00804300	 6.22512657  3.63070339  5.04942175 -0.17908885  0.18639527 -0.06161073	  -20.36070465   -79.12874750 -1040.20602073   -26.32421302   -66.02486209    15.34968870	   4.82681957   23.24573910  -23.16234278   40.76136453  -14.31272386  -19.25295693   24.38456230  -92.50503039  -20.13889282 -159.66447556  -37.33590460  -63.15339071	 0.01485431  0.07373769 -0.08896860  0.74947945 -0.60874562 -0.03867957  0.01135605  0.01013270 -0.39091062  0.81085949 -0.42057690 -0.01855237	 0.07239811  0.23141857 -1.13595560  2.38956125 -0.71907417 -0.49743869 -0.00757954  0.11846896  0.28863614 -0.00594488 -0.25775202 -0.14722339	 0.07895746  0.27050797 -1.19277640  2.50723977 -0.77472236 -0.55269810  0.00158137  0.13150201  0.33509024 -0.00560543 -0.28092771 -0.15010006	 0.18843985 -0.02952283  3.91686287	-0.02176150 -0.03991291 -0.00626666	-0.02154227 -0.04304845 -0.00479588	-0.00047601 -0.00686087 -0.99997635	0.35000000	0.00000000	0.00000000	-0.91649294	0.41422963	0.71735907	-0.63802069	-0.61177510	1.10771799	-0.30142939	0.47100756	-1.04218614	0.27362904	0.30897912	-0.10196894	-0.25605273	0.28928509	0.69923800	-0.09168573	0.87626702	-0.45380604	0.39364976	0.25499326	0.72693741	-0.08451605	0.40306446	0.04784546	
0.00850400	 6.16135986  3.13980431  3.76586088 -0.16851225  0.16359509 -0.03711478	  -22.29176101   -75.92183472 -1027.76996699   -29.18526123   -65.78055939    14.86740883	   6.27434709   24.96196663  -20.64585144   34.93362460  -11.97855002  -21.03913826   24.29318299  -92.85339236  -19.16495532 -158.72596544  -37.46921933  -65.21690631	 0.01551024  0.07609015 -0.09981171  0.77164155 -0.61563555 -0.04315764  0.01143696  0.01117259 -0.38813676  0.81085590 -0.42298674 -0.01975003	 0.06193284  0.25537768 -1.19661874  2.44767846 -0.74083164 -0.49961744 -0.01098293  0.09899926  0.29092650 -0.01326483 -0.26266564 -0.10498163	 0.07500486  0.27367118 -1.27867667  2.60527552 -0.80586686 -0.52412266  0.00739765  0.12000390  0.32142283 -0.00101955 -0.28229720 -0.13693471	 0.18729692 -0.02349758  3.91615036	-0.02365090 -0.03227362 -0.01302231	-0.02302707 -0.03459979 -0.01091542	-0.00077905 -0.00666816 -0.99997746	0.35000000	0.00000000	0.00000000	-0.92000425	0.44566581	0.74332196	-0.66576821	-0.58880091	1.11909080	-0.28342164	0.48245233	-1.03591919	0.26063979	0.32855123	-0.10759149	-0.25722617	0.26926243	0.70688373	-0.08991562	0.87291723	-0.47828171	0.42227250	0.21623941	0.70350975	-0.08079396	0.38028148	0.05142680	
0.00800100	 6.28342141  3.40692427  2.26529165 -0.17052276  0.13721655 -0.03925231	  -22.44480423   -72.04873794 -1019.72986500   -32.04830633   -64.24728634    14.18821418	   6.45906759   24.84104872  -18.08708579   27.44145592   -9.97244371  -20.52715279   23.84445653  -92.70269871  -18.72839967 -156.85552543  -36.00646895  -67.43021774	 0.01613198  0.07837847 -0.11051473  0.79292918 -0.62223620 -0.04724248  0.01158528  0.01210102 -0.38563313  0.81084886 -0.42521045 -0.02080858	 0.10579239  0.28543789 -1.30454846  2.54161816 -0.75914481 -0.45674912  0.03207154  0.08372880  0.29559572 -0.01785532 -0.24126739 -0.13159666	 0.07894187  0.28379430 -1.33517426  2.64612742 -0.81647693 -0.50318625  0.02019891  0.11178864  0.30810478 -0.00060525 -0.27613312 -0.13125563	 0.18671947 -0.01819583  3.91515701	-0.02559783 -0.02652867 -0.02007562	-0.02494195 -0.02839668 -0.01775932	-0.00101128 -0.00647092 -0.99997855	0.35000000	0.00000000	0.00000000	-0.92443454	0.47454172	0.75632328	-0.68522954	-0.56322050	1.12793291	-0.27338442	0.49635464	-1.03004825	0.25358132	0.34579954	-0.10906669	-0.25960904	0.24545139	0.70885140	-0.09162442	0.87305290	-0.49802119	0.45164508	0.18458164	0.68554759	-0.07728256	0.35440490	0.06279710	
0.00850500	 6.44870536  3.41488934  1.21431904 -0.16448009  0.12131200 -0.03959510	  -24.52149584   -68.10376099 -1015.17365051   -34.39641158   -63.86632737    13.00467560	   6.46148847   24.06736350  -16.97005364   23.03093809   -8.73919480  -20.23373522   22.66875708  -92.12738705  -17.73695989 -155.08947343  -35.74884403  -68.97805852	 0.01678040  0.08085026 -0.12223643  0.81565983 -0.62925469 -0.05137315  0.01177160  0.01303916 -0.38302352  0.81084697 -0.42758478 -0.02182542	 0.07098910  0.25740673 -1.30066879  2.41939723 -0.74949977 -0.44314281  0.02585291  0.09411849  0.28033822 -0.00146828 -0.27248521 -0.12697823	 0.07719713  0.28826445 -1.37598843  2.65087161 -0.81774232 -0.47690332  0.02398832  0.10613421  0.30332479  0.00064523 -0.27789672 -0.11972918	 0.18667746 -0.01309524  3.91394492	-0.02773903 -0.02212525 -0.02541299	-0.02705524 -0.02344957 -0.02380921	-0.00121480 -0.00624411 -0.99997977	0.35000000	0.00000000	0.00000000	-0.92942899	0.49674994	0.76981050	-0.70631534	-0.53179860	1.13239193	-0.26476923	0.50989276	-1.02937961	0.25358665	0.35433963	-0.11762773	-0.25893885	0.22801560	0.71224505	-0.09079048	0.87163484	-0.51709318	0.48056597	0.15286189	0.67145234	-0.07255062	0.32903773	0.07513511	
0.00843600	 6.50168274  3.14468692  0.28048051 -0.15263168  0.10947514 -0.03237975	  -25.27237671   -64.70979727 -1013.63726801   -36.69450106   -62.65751292    12.52982526	   7.01396906   23.43250382  -16.25240929   19.23320882   -7.01486224  -20.48544678   22.50069617  -91.95661473  -17.34080331 -153.20890468  -34.27534908  -70.66034895	 0.01743952  0.08337224 -0.13421446  0.83833723 -0.63615668 -0.05525665  0.01200522  0.01393641 -0.38047343  0.81084624 -0.42994385 -0.02274543	 0.10434561  0.31432415 -1.54393840  2.86521399 -0.83502123 -0.47224280  0.02833303  0.12340690  0.32439278  0.01516640 -0.31375207 -0.09832994	 0.07990660  0.30034992 -1.43095309  2.69281660 -0.81615022 -0.45978461  0.02840926  0.10621435  0.30441571  0.00059231 -0.28224115 -0.10801545	 0.18689132 -0.00822960  3.91286604	-0.02968677 -0.01842867 -0.03128362	-0.02905681 -0.01957181 -0.02942749	-0.00138437 -0.00599992 -0.99998104	0.35000000	0.00000000	0.00000000	-0.93093044	0.51380920	0.78795445	-0.72097516	-0.50566810	1.14163160	-0.25216782	0.52026725	-1.02131343	0.25068843	0.37635574	-0.11975525	-0.26008439	0.20732839	0.71634299	-0.08900202	0.86779386	-0.53970563	0.50812519	0.12178700	0.65560573	-0.07047971	0.30156475	0.09172182	
0.00804000	 6.74033748  3.11402576 -0.94330016 -0.14476293  0.08722183 -0.03978217	  -24.63407227   -62.44464217 -1012.55012898   -38.00065840   -60.32284551    11.87278620	   6.61326196   21.80939937  -14.80695764   13.67805226   -6.37186430  -19.95180872   21.89557962  -92.02256870  -16.80838879 -151.20570588  -31.86524704  -71.30822742	 0.01806266  0.08577366 -0.14561316  0.85938895 -0.64250806 -0.05866865  0.01228878  0.01469722 -0.37811452  0.81083707 -0.43216746 -0.02353103	 0.09998023  0.28081254 -1.46150302  2.67226377 -0.83458605 -0.42087745  0.06700647  0.09988959  0.30767667 -0.03587192 -0.28422992 -0.10733394	 0.07908122  0.29920509 -1.43073155  2.63117977 -0.79425828 -0.42275380  0.03839441  0.09569232  0.29719607 -0.00310687 -0.28034667 -0.09738442	 0.18732822 -0.00353998  3.91217162	-0.03006971 -0.01566374 -0.03640350	-0.02995384 -0.01656219 -0.03471659	-0.00151805 -0.00576051 -0.99998226	0.35000000	0.00000000	0.00000000	-0.93962419	0.53216827	0.79114759	-0.74056685	-0.47024280	1.13751280	-0.25582033	0.53663772	-1.02143741	0.26186562	0.37803215	-0.12677068	-0.25821209	0.19130073	0.71601534	-0.08655477	0.86704350	-0.54324245	0.53631371	0.09929930	0.64338642	-0.06493702	0.27388820	0.10423076	
0.00850400	 6.92139405  2.34057749 -1.40871629 -0.12387772  0.09399285 -0.01989585	  -27.14587115   -58.91744901 -1011.40958024   -40.25810630   -59.58906359    10.78268242	   7.17644887   22.07078147  -16.54355808   13.23920494   -4.97795212  -21.47288275   20.74137841  -91.02568817  -15.26260962 -149.20314443  -30.99879393  -73.14924830	 0.01871264  0.08835355 -0.15780476  0.88126886 -0.64898451 -0.06209944  0.01260900  0.01545970 -0.37563833  0.81084360 -0.43451979 -0.02425462	 0.07718891  0.27091774 -1.29951282  2.34388028 -0.71837101 -0.39393865  0.05222260  0.10163070  0.28036293  0.01148953 -0.25937499 -0.04561439	 0.07614277  0.30140956 -1.42885614  2.55450493 -0.75652826 -0.40379974  0.03944227  0.09004443  0.29195825 -0.00096405 -0.27794917 -0.08189046	0.18790869 0.00063007 3.91143958	-0.03182552 -0.01322690 -0.03911467	-0.03123984 -0.01396166 -0.03832171	-0.00163807 -0.00549843 -0.99998354	0.35000000	0.00000000	0.00000000	-0.94564813	0.54676092	0.79710048	-0.76122975	-0.43167230	1.13181269	-0.25403944	0.54098183	-1.02947080	0.27469531	0.37485304	-0.13739812	-0.25323790	0.17805131	0.71646971	-0.07135299	0.86596626	-0.54698998	0.56382406	0.07851180	0.64130878	-0.06041598	0.24653928	0.12477602	
0.00801300	 7.17809782  1.78518648 -1.68819735 -0.10518850  0.09751993 -0.00683810	  -29.12113669   -57.03403614 -1013.67990597   -42.48874581   -58.75481044    10.55124013	   7.83679344   20.93472278  -17.49645445   12.36286252   -4.63445498  -21.90438864   20.74418199  -92.07853174  -13.97349590 -147.85429990  -29.67809486  -75.07708734	 0.01935546  0.09081473 -0.16936627  0.90141567 -0.65478349 -0.06528816  0.01291895  0.01610905 -0.37332305  0.81083646 -0.43673333 -0.02489165	 0.09503411  0.27524146 -1.31246357  2.28411358 -0.65818592 -0.36617490  0.03075956  0.07030054  0.27263911 -0.02776732 -0.27451935 -0.08722752	 0.08105760  0.30530203 -1.43353129  2.49015264 -0.71567045 -0.39551873  0.03824696  0.07795017  0.28848281 -0.00325536 -0.27567961 -0.07820493	0.18860885 0.00463227 3.91098920	-0.03221531 -0.01158837 -0.04165827	-0.03209938 -0.01210620 -0.04081885	-0.00173479 -0.00524204 -0.99998476	0.35000000	0.00000000	0.00000000	-0.94989735	0.55912590	0.80157506	-0.78145218	-0.39377403	1.12775254	-0.25181952	0.54996842	-1.03596807	0.28803939	0.37831384	-0.14362812	-0.25347412	0.16407049	0.71422148	-0.06018605	0.86605537	-0.55241877	0.58640015	0.06197122	0.63558453	-0.06074220	0.21764997	0.14377682	
0.00800300	 7.40003288  1.56962090 -1.94943985 -0.09725454  0.09866738 -0.00430203	  -30.99577712   -54.18325684 -1013.69424438   -44.84535040   -58.02658622    10.43336994	   7.76561603   20.67201662  -18.50778318   11.84649506   -4.60136944  -22.09846178   20.72687423  -91.92458153  -12.99731477 -146.44402838  -28.61745876  -76.98304003	 0.02002007  0.09328669 -0.18100070  0.92109887 -0.66028066 -0.06853907  0.01327070  0.01672631 -0.37102834  0.81084924 -0.43896081 -0.02545649	 0.08735283  0.28542407 -1.32418478  2.22677314 -0.62576590 -0.37191579  0.04266680  0.07283520  0.24632215  0.01750190 -0.26225135 -0.06917959	 0.08438140  0.30749361 -1.44205074  2.43272095 -0.67706330 -0.40385538  0.04316132  0.07433553  0.28426614  0.00142593 -0.27737836 -0.07076573	0.18942094 0.00832210 3.91061066	-0.03281739 -0.01030085 -0.04376484	-0.03260084 -0.01070859 -0.04308624	-0.00182006 -0.00498265 -0.99998593	0.35000000	0.00000000	0.00000000	-0.95145941	0.57004672	0.80467594	-0.79666775	-0.35722283	1.12439752	-0.25104100	0.55789179	-1.04249299	0.29691511	0.38276136	-0.14960456	-0.25293869	0.15033713	0.71603376	-0.04765396	0.86568683	-0.55779892	0.60813808	0.04651096	0.63365799	-0.06211060	0.18917820	0.16391879	
0.00845500	 7.60871037  1.83789134 -2.29082623 -0.09969097  0.09708199 -0.01061207	  -32.24877900   -50.85301315 -1014.69928000   -47.13590971   -56.59655205    10.04192935	   7.60426634   19.84928250  -19.30156989   10.76239296   -4.51397882  -21.16293663   20.32865437  -92.76618433  -11.92359253 -145.89459610  -26.84012532  -78.10983574	 0.02073894  0.09591623 -0.19344295  0.94144783 -0.66578924 -0.07196096  0.01365193  0.01731512 -0.36858808  0.81085405 -0.44131743 -0.02599255	 0.05754386  0.33722380 -1.48210101  2.37677141 -0.62621298 -0.41587900  0.05912266  0.04872686  0.26452864  0.01744617 -0.26157918 -0.08169805	 0.08491182  0.31249620 -1.47145619  2.39403997 -0.64453113 -0.40431769  0.04665451  0.06723276  0.28671053  0.00222039 -0.27863393 -0.06182758	0.19037717 0.01217350 3.91040186	-0.03261684 -0.00932910 -0.04473370	-0.03265213 -0.00961360 -0.04445035	-0.00190113 -0.00470523 -0.99998712	0.35000000	0.00000000	0.00000000	-0.95247024	0.57776856	0.81072134	-0.81071997	-0.32153416	1.12633049	-0.24943645	0.56963140	-1.04583848	0.30489787	0.38985795	-0.15315551	-0.25361091	0.13584471	0.71896285	-0.04237789	0.86425817	-0.56725645	0.63076454	0.02671031	0.62489384	-0.06476548	0.15754598	0.18271357	
0.00800200	 7.58623730  1.98984742 -2.91201901 -0.09910253  0.08594061 -0.01675629	  -31.83485831   -47.16137674 -1012.98982304   -49.38495563   -54.74341730     9.60722985	   7.47681762   19.01553762  -19.18589260    8.81380084   -3.90095023  -20.52882865   19.94651911  -92.34903359  -11.92346614 -144.61778963  -24.93373463  -79.56819677	 0.02144338  0.09837744 -0.20521002  0.96003763 -0.67064434 -0.07501929  0.01399457  0.01779380 -0.36627594  0.81084686 -0.44355505 -0.02635110	 0.08861456  0.32084444 -1.51467945  2.34515504 -0.59179994 -0.38519203  0.04261612  0.05062192  0.30453031  0.00132622 -0.30655341 -0.00654874	 0.08921706  0.31048412 -1.47750445  2.32014394 -0.60184085 -0.38190477  0.04217502  0.05872761  0.29031767  0.00075345 -0.28157763 -0.04087261	0.19125665 0.01555923 3.91030950	-0.03241856 -0.00815205 -0.04522370	-0.03246456 -0.00853882 -0.04506926	-0.00196921 -0.00444596 -0.99998818	0.35000000	0.00000000	0.00000000	-0.95653194	0.58826810	0.81420785	-0.83525598	-0.28382900	1.12374175	-0.25626701	0.58213490	-1.05187845	0.31595698	0.38707691	-0.15920919	-0.24991684	0.12117853	0.71990693	-0.03630967	0.86194038	-0.57017988	0.65393907	0.01166870	0.61623907	-0.06226204	0.12886825	0.20497173	
0.00806000	 7.64009942  1.44784610 -3.12970219 -0.08369839  0.08715319 -0.01097629	  -31.37335358   -45.37318925 -1012.52552893   -51.57020039   -52.39519380     9.54584731	   7.45182979   18.55290914  -20.25915338    8.85740135   -3.43776694  -21.41735059   20.03641972  -92.16385913  -11.32520155 -143.00941345  -22.42053200  -81.84954190	 0.02212143  0.10080160 -0.21702411  0.97802695 -0.67513541 -0.07790147  0.01436508  0.01821603 -0.36399736  0.81084890 -0.44578755 -0.02662135	 0.08612855  0.28510080 -1.48705821  2.15816605 -0.52656395 -0.33653478  0.05204691  0.07311693  0.24900447  0.02161848 -0.28945294 -0.04564013	 0.08346075  0.29858308 -1.46439392  2.21242022 -0.54900817 -0.35485105  0.04400144  0.05267525  0.27975201  0.00187141 -0.27782823 -0.03279713	0.19190616 0.01874344 3.91026908	-0.03227056 -0.00645099 -0.04598229	-0.03230158 -0.00700673 -0.04573127	-0.00202581 -0.00418811 -0.99998918	0.35000000	0.00000000	0.00000000	-0.96047497	0.60131067	0.81387603	-0.86401218	-0.24210188	1.11587620	-0.26353985	0.59242380	-1.06336200	0.33111432	0.37758520	-0.16811922	-0.24273543	0.11142178	0.71464574	-0.02310484	0.86056876	-0.56157339	0.67657280	-0.00128430	0.61432844	-0.05956335	0.10163108	0.22674413	
0.00847500	 7.82584067  0.82765935 -3.07918462 -0.06825783  0.09847053  0.00643214	  -33.28782864   -44.71680923 -1013.36465021   -53.28885795   -51.06462069     9.02419156	   8.00505036   18.85581410  -21.95452687    9.59097035   -3.00498945  -22.59803352   19.44930314  -93.03089905   -9.44243788 -142.21788198  -21.04459168  -83.45739698	 0.02287530  0.10338166 -0.22962564  0.99651057 -0.67948469 -0.08100008  0.01476563  0.01860128 -0.36155752  0.81083794 -0.44813804 -0.02683573	 0.10259210  0.32635780 -1.48175974  2.12690389 -0.49117954 -0.36360514  0.05022927  0.04332738  0.30442073 -0.00639010 -0.25369821 -0.02214485	 0.08877635  0.30426707 -1.48025888  2.15585866 -0.50255117 -0.36626602  0.04752205  0.04546464  0.28652982 -0.00267636 -0.27612676 -0.02445053	0.19268334 0.02191602 3.91018823	-0.03187777 -0.00540221 -0.04530959	-0.03198890 -0.00570233 -0.04554729	-0.00207384 -0.00391636 -0.99999018	0.35000000	0.00000000	0.00000000	-0.96124744	0.60562783	0.82025695	-0.87933171	-0.20708488	1.11264491	-0.26252303	0.59713662	-1.06935370	0.34398055	0.38161197	-0.16951188	-0.23934467	0.09739072	0.71601754	-0.00825990	0.85962373	-0.56509954	0.69836479	-0.01207684	0.61355901	-0.06352820	0.06886691	0.24913864	
0.00848900	 7.87637899  1.15260719 -3.40573590 -0.07145747  0.09035522 -0.00557843	  -32.34062980   -42.83211456 -1013.01881005   -55.07123775   -48.55501848     8.71925689	   7.54701006   17.60201281  -22.13614142    8.54102152   -3.24489890  -21.31140414   19.16730031  -92.98760962   -9.26052549 -140.71432444  -18.53991558  -84.91191900	 0.02363300  0.10591547 -0.24233798  1.01433469 -0.68338069 -0.08411640  0.01514061  0.01892369 -0.35915400  0.81084769 -0.45051874 -0.02701449	 0.11766286  0.31888497 -1.48585175  2.06830046 -0.44055278 -0.36343000  0.05825289  0.05478911  0.25401989  0.01496960 -0.30359490 -0.00441277	 0.09130342  0.30023342 -1.49791257  2.08668762 -0.45087757 -0.36584886  0.04564923  0.03953762  0.28214843  0.00107882 -0.28162083 -0.02085157	0.19332856 0.02508296 3.91023467	-0.03074821 -0.00404019 -0.04392296	-0.03109482 -0.00446338 -0.04436678	-0.00211235 -0.00365105 -0.99999110	0.35000000	0.00000000	0.00000000	-0.96196139	0.61475605	0.82031471	-0.90223402	-0.16825701	1.10952723	-0.26879597	0.61176950	-1.07808161	0.35387179	0.38102946	-0.17347869	-0.23659168	0.08469883	0.71606022	-0.00272764	0.85674185	-0.56592035	0.71927643	-0.02553295	0.60809767	-0.06662570	0.03691354	0.27261138	
0.00800700	 7.80157950  1.29624318 -3.69613436 -0.07304361  0.08245818 -0.01070631	  -31.30442370   -40.56028176 -1011.76852869   -56.71764003   -45.73020586     8.55866333	   7.43999522   17.40222704  -22.07638638    7.84195030   -3.07170223  -20.96575665   19.06818759  -92.61815953   -8.53743470 -140.21091074  -15.74818110  -86.05845892	 0.02432906  0.10823972 -0.25436962  1.03048152 -0.68665054 -0.08690469  0.01547417  0.01917397 -0.35687351  0.81083761 -0.45274379 -0.02716230	 0.10495635  0.26427508 -1.53560999  2.00049527 -0.37128424 -0.34660960  0.00619096  0.03661140  0.27857102 -0.00827715 -0.25929953  0.00322129	 0.08721521  0.28838726 -1.50342459  2.00546616 -0.40111394 -0.34554567  0.03948565  0.03222159  0.28273386 -0.00139632 -0.27686052 -0.01665825	0.19391583 0.02787658 3.91025240	-0.03004384 -0.00309624 -0.04276012	-0.03025909 -0.00339628 -0.04314332	-0.00213921 -0.00340908 -0.99999190	0.35000000	0.00000000	0.00000000	-0.96281415	0.62510043	0.82157719	-0.92706460	-0.12981796	1.10554183	-0.27456325	0.62453854	-1.08746243	0.36690614	0.37556848	-0.18280545	-0.22936915	0.07482767	0.71566981	0.00157904	0.85176241	-0.56142282	0.74052513	-0.03741277	0.60045439	-0.06687059	0.00890727	0.29461411	
0.00804600	 7.84732164  1.02490682 -3.90442626 -0.06613307  0.08277967 -0.00356866	  -31.31162251   -39.16199294 -1010.36342520   -58.19518082   -43.86576973     8.59503588	   7.79701735   17.64688039  -22.93394902    7.46344260   -2.65397640  -21.63717136   19.23307277  -92.69262481   -7.92998348 -138.38917652  -14.00421439  -87.30609953	 0.02502205  0.11054839 -0.26646214  1.04599266 -0.68950441 -0.08960289  0.01582352  0.01938107 -0.35458933  0.81084486 -0.45499724 -0.02730294	 0.08163987  0.27841688 -1.36988510  1.72733665 -0.30225662 -0.31214213  0.03196090  0.03482823  0.25321218 -0.00992850 -0.26623744 -0.00537423	 0.08501746  0.28410821 -1.49016638  1.89889600 -0.34232773 -0.33234866  0.04117274  0.02560041  0.28083483  0.00032976 -0.27797434 -0.01669369	0.19443804 0.03053130 3.91020844	-0.02962211 -0.00199701 -0.04221684	-0.02974450 -0.00235785 -0.04237815	-0.00215833 -0.00317145 -0.99999264	0.35000000	0.00000000	0.00000000	-0.96569550	0.63283503	0.82012719	-0.95182681	-0.08948440	1.09400320	-0.28303486	0.63222504	-1.09995329	0.38096806	0.36783835	-0.18920088	-0.22288628	0.06452072	0.71370250	0.01436039	0.84819543	-0.55471849	0.76145476	-0.04296870	0.60003525	-0.06794637	-0.01991184	0.31871828	
0.00844600	 7.99413741  0.68126898 -3.78470932 -0.05553833  0.08973188  0.00409818	  -31.36464356   -36.96539546 -1010.89598234   -59.94014290   -41.23771021     8.19351481	   8.02517038   17.32445681  -24.32768059    8.31382798   -2.80092074  -21.98263332   18.75429840  -92.83569908   -6.65209673 -137.40196922  -11.26106619  -88.35278547	 0.02578980  0.11293568 -0.27938575  1.06176787 -0.69209798 -0.09241695  0.01617469  0.01955521 -0.35218076  0.81084521 -0.45738277 -0.02741065	 0.11492581  0.24746021 -1.47071136  1.70544554 -0.27472059 -0.32893305  0.02059510  0.00872339  0.26182051  0.01438204 -0.28904856  0.00151934	 0.09205182  0.27994274 -1.52284177  1.83897209 -0.29621424 -0.33268389  0.04001442  0.02053266  0.28254676  0.00091394 -0.28290073 -0.01100395	0.19481715 0.03315440 3.91014448	-0.02932580 -0.00083863 -0.04082127	-0.02940120 -0.00118822 -0.04127452	-0.00216891 -0.00292194 -0.99999338	0.35000000	0.00000000	0.00000000	-0.96312439	0.63931012	0.82308179	-0.97159839	-0.05462771	1.09369481	-0.28315508	0.64047676	-1.10543859	0.39430839	0.36809576	-0.19168553	-0.21775983	0.05327579	0.71576387	0.02373812	0.84336650	-0.55487365	0.78105050	-0.05506457	0.59408748	-0.07153662	-0.05194776	0.34150693	
0.00800300	 7.70521842  0.93094797 -4.20155325 -0.05962128  0.07431230 -0.00814116	  -28.97797654   -35.20068997 -1009.63302373   -61.66152626   -37.91367058     7.99121574	   7.43209434   16.59212852  -23.09383269    6.76997297   -2.31442743  -21.19980058   18.59224905  -93.05265093   -6.65329154 -136.26527694   -8.14907616  -89.51379097	 0.02650823  0.11513917 -0.29161612  1.07598090 -0.69406734 -0.09500521  0.01650462  0.01966009 -0.34991098  0.81084276 -0.45961931 -0.02747810	 0.09302795  0.24824371 -1.45767982  1.63978770 -0.21012607 -0.28963206  0.04647794  0.01764006  0.28019057  0.00783074 -0.25638320  0.02397052	 0.09103177  0.27332680 -1.52895742  1.76168179 -0.23814113 -0.32034060  0.04151313  0.01199054  0.28386536  0.00046867 -0.27951563 -0.00508191	0.19515745 0.03564722 3.91011644	-0.02846501 -0.00006752 -0.03970459	-0.02875436 -0.00031306 -0.04006816	-0.00217126 -0.00269140 -0.99999402	0.35000000	0.00000000	0.00000000	-0.96344328	0.64719331	0.82387817	-0.99591488	-0.01732173	1.08911598	-0.29175553	0.65451896	-1.11414182	0.40821171	0.36550894	-0.19509247	-0.21115126	0.04115321	0.71425694	0.02752897	0.83830285	-0.54999787	0.80121350	-0.06091106	0.58586609	-0.07276073	-0.08097982	0.36593565	
0.00851300	 7.80657399  0.78548577 -4.31066362 -0.05451917  0.07068592 -0.00700897	  -28.23354448   -34.08285081 -1008.77332971   -62.95254229   -35.44636417     7.65509893	   7.49546887   16.58520746  -23.79011454    6.64339929   -2.89273754  -21.46902394   18.22726525  -92.38891435   -6.15365656 -134.79185584   -5.93313809  -90.92516363	 0.02724100  0.11740971 -0.30467512  1.09034129 -0.69571454 -0.09765082  0.01683869  0.01974672 -0.34749661  0.81084700 -0.46201843 -0.02755625	 0.08954921  0.25398327 -1.47558714  1.58456784 -0.14955088 -0.27876172  0.04482644  0.02835071  0.28603454  0.01827724 -0.29580400 -0.04022929	 0.08543110  0.26240077 -1.52815787  1.66328729 -0.18297170 -0.30524713  0.03893299  0.01051889  0.28379205  0.00115660 -0.28307168 -0.01117107	0.19538044 0.03799161 3.91006130	-0.02821529  0.00103053 -0.03803313	-0.02826806  0.00069601 -0.03856411	-0.00216612 -0.00245178 -0.99999465	0.35000000	0.00000000	0.00000000	-0.96240616	0.65544999	0.82265294	-1.02195239	0.02292279	1.08080721	-0.29688022	0.66519964	-1.12491703	0.42041102	0.35723674	-0.20355660	-0.20228793	0.03266486	0.71230245	0.03700992	0.83148140	-0.54292083	0.81930721	-0.06759980	0.58460754	-0.07431696	-0.11029397	0.39031345	
0.00802000	 7.65307063  0.57033701 -4.36900523 -0.04711242  0.06964480 -0.00263857	  -27.10725842   -31.67582620 -1009.36309425   -63.94485619   -32.45778374     7.54198168	   7.78940551   16.30826509  -23.94629866    6.66435333   -2.24078965  -21.61257643   18.20215957  -92.98724318   -5.46049816 -133.66521478   -2.81591596  -91.05571985	 0.02793210  0.11949801 -0.31699899  1.10312876 -0.69682139 -0.10006571  0.01713844  0.01978518 -0.34524702  0.81083581 -0.46425796 -0.02759154	 0.08251023  0.22446456 -1.44748716  1.46161832 -0.10500401 -0.25715428  0.05862271  0.01248888  0.25999024 -0.01179079 -0.25787472 -0.00912158	 0.08326869  0.25497392 -1.52385627  1.56673228 -0.12861377 -0.29489970  0.03892377  0.00628558  0.27838328 -0.00216205 -0.27710359 -0.00449926	0.19552736 0.04005450 3.91005075	-0.02866734  0.00182772 -0.03700640	-0.02842251  0.00157668 -0.03732471	-0.00215362 -0.00222589 -0.99999520	0.35000000	0.00000000	0.00000000	-0.96174085	0.65872204	0.82124901	-1.04164016	0.05953077	1.07221711	-0.30542037	0.67444539	-1.13516104	0.43667737	0.35325563	-0.20787448	-0.19359444	0.02569462	0.71022427	0.04411150	0.82373548	-0.53540528	0.83963001	-0.07293685	0.58017826	-0.07641825	-0.13912556	0.41375944	
0.00844100	 7.69242847  0.44393073 -4.42781476 -0.04181503  0.06798587 -0.00209439	  -27.36734000   -32.50476607 -1008.54826636   -64.29208012   -30.76340446     7.25225807	   7.72898963   15.88271713  -24.28640562    6.43501841   -2.22570945  -21.58731115   17.86376014  -93.04637980   -4.77868283 -132.46245316   -1.46631274  -91.98848200	 0.02867161  0.12166811 -0.33014514  1.11598231 -0.69751576 -0.10255343  0.01744899  0.01978885 -0.34283509  0.81085041 -0.46664486 -0.02764808	 0.08983156  0.27016567 -1.69751594  1.57623799 -0.05646390 -0.28738927  0.03133585 -0.00698953  0.34235177  0.01863394 -0.29892773 -0.00945808	 0.08526295  0.25662936 -1.55671257  1.50548986 -0.07326142 -0.29041881  0.03692155 -0.00044211  0.28622553  0.00177252 -0.28356074 -0.00599729	0.19576075 0.04210226 3.90996425	-0.02929297  0.00227634 -0.03529306	-0.02908964  0.00215041 -0.03585098	-0.00213516 -0.00197995 -0.99999576	0.35000000	0.00000000	0.00000000	-0.95682943	0.66156614	0.82653105	-1.06173170	0.09701528	1.06981039	-0.30423829	0.68216300	-1.14059103	0.44935608	0.35402679	-0.21017262	-0.18799551	0.01303535	0.71140301	0.05147226	0.81619656	-0.53943032	0.85545903	-0.07806045	0.57270658	-0.08022797	-0.16946460	0.43970504	
0.00801700	 8.04266242  0.38959467 -4.68043564 -0.03445954  0.03775679 -0.01290309	  -24.27201099   -33.84310946 -1008.81393314   -64.48478756   -27.42889498     7.07706729	   7.58717443   14.57289577  -22.75101377    4.77600717   -2.29670657  -21.15927818   17.77351219  -92.85648990   -5.50961505 -131.47837234    1.77849953  -92.81629455	 0.02935063  0.12360872 -0.34252892  1.12732497 -0.69780137 -0.10479406  0.01772050  0.01979752 -0.34057625  0.81083643 -0.46887269 -0.02782777	 0.05908531  0.22046519 -1.55012857  1.37607474 -0.03259417 -0.28695394  0.02007326 -0.02556937  0.31876115 -0.00100694 -0.27795628 -0.05859846	 0.08253461  0.24145142 -1.55267249  1.40984807 -0.03435132 -0.27935817  0.03335292 -0.00095761  0.28651134 -0.00203187 -0.27886229 -0.02577507	0.19590524 0.04438593 3.91008745	-0.02866344  0.00293963 -0.03481936	-0.02888067  0.00271523 -0.03496241	-0.00211377 -0.00174832 -0.99999624	0.35000000	0.00000000	0.00000000	-0.95399493	0.66892040	0.82412225	-1.08342659	0.13387674	1.06270075	-0.31321862	0.69716364	-1.14632201	0.46147278	0.35268438	-0.21248963	-0.17828758	0.00613530	0.70724690	0.05586120	0.80751806	-0.53144306	0.87009895	-0.08060756	0.56627351	-0.08293781	-0.19438580	0.46331716	
0.00851100	 8.23801365  0.48945785 -4.62056400 -0.03564689  0.02555952 -0.01955420	  -23.71064409   -31.44233332 -1007.74659831   -64.50140098   -25.37480246     6.72757093	   7.35198765   14.99901241  -22.68744358    4.93102055   -0.25378096  -21.04996765   17.34579273  -92.96411538   -5.09366113 -130.46157122    3.33369068  -91.61076438	 0.03006083  0.12559865 -0.35565350  1.13853806 -0.69792143 -0.10700090  0.01801903  0.01980531 -0.33819066  0.81083454 -0.47126468 -0.02814526	 0.09165604  0.24266722 -1.41279738  1.15521967 -0.00357891 -0.25376704  0.04064858 -0.00671875  0.25910827 -0.00722921 -0.26304817 -0.05331518	 0.08271784  0.23447641 -1.54240387  1.30512821 -0.01387131 -0.25862641  0.03389729 -0.00033134  0.27972010 -0.00233371 -0.28087522 -0.04066951	0.19610764 0.04619778 3.91014691	-0.02987360  0.00334366 -0.03351367	-0.02946692  0.00322859 -0.03394372	-0.00208628 -0.00150080 -0.99999670	0.35000000	0.00000000	0.00000000	-0.94766235	0.66636074	0.82018501	-1.09323037	0.17017347	1.05387235	-0.32332629	0.70328760	-1.15311706	0.47559360	0.34920511	-0.21399364	-0.16629975	-0.00047011	0.70851564	0.06551553	0.80126613	-0.52793747	0.89020801	-0.08561830	0.55717385	-0.08306284	-0.22097862	0.48377305	
0.00848400	 8.27365756  0.14802724 -4.97700049 -0.02304039  0.01113384 -0.02347250	  -23.19914887   -28.68213829 -1005.26602603   -64.41444578   -23.60790068     6.26793406	   6.90090792   14.07964802  -21.84709518    3.46255400    2.77586613  -21.28632191   16.79849193  -93.41116977   -5.11791781 -130.17447838    4.67590825  -90.61103714	 0.03070206  0.12747616 -0.36872246  1.14885229 -0.69797293 -0.10902933  0.01830297  0.01980140 -0.33577981  0.81084816 -0.47365583 -0.02851958	 0.07220325  0.19125543 -1.58395299  1.18834825 -0.02840659 -0.23114227  0.06329319 -0.02367702  0.27178409 -0.00471547 -0.32698331 -0.05330981	 0.07346240  0.21952346 -1.54237076  1.19988986 -0.00751811 -0.23844968  0.03526978 -0.00251847  0.28361069  0.00026773 -0.28532296 -0.04602003	0.19651111 0.04775581 3.91014472	-0.03240588  0.00340881 -0.03105701	-0.03160975  0.00339810 -0.03184830	-0.00205700 -0.00123648 -0.99999712	0.35000000	0.00000000	0.00000000	-0.94081813	0.66635066	0.82241583	-1.10372317	0.20892487	1.04833508	-0.33299726	0.70855224	-1.15426970	0.49351993	0.34849328	-0.21493012	-0.15190174	-0.00541577	0.70676512	0.07249419	0.79425818	-0.52732921	0.90791374	-0.09211755	0.54190111	-0.08303456	-0.24206814	0.50343823	
0.00801300	 8.04690806 -0.01758265 -5.33067831 -0.01736958 -0.00697340 -0.02426285	  -21.13776962   -29.06923167 -1002.93053919   -64.35097193   -21.61412603     5.58952795	   6.94247408   13.81686753  -20.55710752    2.14915359    7.36887570  -21.48532492   16.06095466  -93.83271098   -6.27994749 -129.16834861    6.32751813  -90.65975702	 0.03124167  0.12919241 -0.38089386  1.15768480 -0.69797707 -0.11081211  0.01853652  0.01980920 -0.33350125  0.81084364 -0.47589790 -0.02887796	 0.06020171  0.20340526 -1.42274973  0.96172628  0.02508222 -0.19604131  0.01790645  0.01027962  0.26710645 -0.00197016 -0.24203446 -0.04181723	 0.06568033  0.21346846 -1.51984995  1.08571424 -0.00031456 -0.22234862  0.02901927  0.00143202  0.28637174  0.00081461 -0.27923085 -0.04539970	0.19685566 0.04917763 3.91015472	-0.03447247  0.00401947 -0.02833530	-0.03380423  0.00381308 -0.02924615	-0.00202714 -0.00096865 -0.99999748	0.35000000	0.00000000	0.00000000	-0.93308866	0.66142023	0.82365137	-1.11247456	0.24561089	1.04268932	-0.34612051	0.71051157	-1.15546227	0.50765049	0.35291567	-0.21095586	-0.13674532	-0.01198015	0.69833618	0.08000118	0.78735310	-0.52670783	0.92522442	-0.09309016	0.52974021	-0.08192223	-0.26111472	0.53113258	
0.00856600	 7.50699529 -0.49966444 -5.48479418  0.00039093 -0.00889288 -0.02238390	  -20.92875899   -27.43164720 -1001.63021360   -64.31770139   -20.44425581     5.43816227	   6.69877360   12.05598330  -19.85956571    2.10429668   11.58039218  -21.39650315   15.96494573  -94.54271698   -6.58261864 -128.94534415    7.24376082  -90.16801667	 0.03173329  0.13089088 -0.39367477  1.16610231 -0.69793467 -0.11258400  0.01876725  0.01981839 -0.33108955  0.81084476 -0.47832224 -0.02933393	 0.05150250  0.18366147 -1.30629396  0.80762549  0.02557640 -0.15682797  0.03232582  0.02928153  0.25080844  0.01337987 -0.23321373 -0.04109363	 0.05386844  0.19589186 -1.47370634  0.95384404  0.00944223 -0.20070609  0.02738667  0.00329565  0.27952971  0.00112578 -0.27899846 -0.05275108	0.19733538 0.05067412 3.91010148	-0.03670832  0.00454185 -0.02540918	-0.03602639  0.00439518 -0.02631550	-0.00199026 -0.00066605 -0.99999780	0.35000000	0.00000000	0.00000000	-0.92181170	0.65322602	0.82170057	-1.12081039	0.28791910	1.03231168	-0.36344716	0.71488768	-1.16229522	0.52914500	0.35290900	-0.20995039	-0.12089260	-0.01316843	0.68760246	0.08880853	0.78134173	-0.52329212	0.94259578	-0.09299411	0.51905173	-0.08171013	-0.27925315	0.55369824	
0.00842800	 6.70714263 -0.79030554 -5.84400880  0.00744821  0.00006262 -0.01289355	 -21.40473169  -26.68017266 -998.88292601  -64.17287002  -19.59639742    5.07835860	   6.78616153   11.87611717  -19.57866120    1.35500650   16.03287917  -21.72547367   15.53952867  -95.40023613   -6.66471593 -128.61563483    7.96102631  -89.61604929	 0.03211567  0.13246397 -0.40626807  1.17344791 -0.69767741 -0.11425010  0.01895735  0.01979954 -0.32865139  0.81084715 -0.48076607 -0.02981988	 0.03440530  0.19128730 -1.45512010  0.79568382  0.03075456 -0.20127765 -0.00799760 -0.02421509  0.29546045 -0.00735017 -0.26811646 -0.05845114	 0.04250353  0.18572153 -1.48566474  0.84861338  0.03866300 -0.19688591  0.02012925 -0.00302803  0.28843361  0.00114389 -0.28846304 -0.05938963	0.19797672 0.05197858 3.90988941	-0.03933646  0.00488963 -0.02181121	-0.03850631  0.00479085 -0.02296749	-0.00194986 -0.00034283 -0.99999804	0.35000000	0.00000000	0.00000000	-0.91218090	0.64669508	0.82865751	-1.12987304	0.33092439	1.02679574	-0.36818084	0.71221054	-1.16554677	0.54958969	0.35921839	-0.20870772	-0.11155391	-0.02099138	0.68043798	0.09344981	0.77173591	-0.52750468	0.95638365	-0.09342380	0.50156176	-0.08501366	-0.29845440	0.58192980	
0.00800800	 5.45596133 -0.63343900 -6.46364220  0.00591963 -0.01901460 -0.01139413	 -17.98733228  -27.16723847 -999.41039473  -64.32018098  -17.20353841    4.64182400	   7.35640639   11.06682760  -16.29493050   -0.40049528   19.58131698  -20.90094605   15.26650225  -96.49786949   -8.63812277 -127.63640305   10.14912707  -89.94821322	 0.03238579  0.13380814 -0.41788412  1.17933762 -0.69696274 -0.11565685  0.01914370  0.01981576 -0.32634370  0.81083422 -0.48307136 -0.03030859	 0.01307441  0.13941591 -1.35879461  0.63950395  0.12507826 -0.14701689  0.04951039  0.02186758  0.27899097 -0.02561276 -0.27219017 -0.06177501	 0.03117839  0.16605595 -1.44363445  0.71536322  0.10082926 -0.17080854  0.02361922  0.00246210  0.28872674 -0.00305366 -0.28653022 -0.06330144	0.19870197 0.05346741 3.90993399	-0.04108961  0.00503936 -0.02047023	-0.04052554  0.00499548 -0.02089348	-0.00190999 -0.00002059 -0.99999818	0.35000000	0.00000000	0.00000000	-0.90421009	0.63781023	0.82923394	-1.14509177	0.37612066	1.01289761	-0.38575310	0.71928042	-1.17502153	0.56956309	0.36065188	-0.20884061	-0.10170971	-0.02915683	0.66524142	0.09430262	0.76366812	-0.51705384	0.96804380	-0.08290757	0.48926133	-0.08323777	-0.31746992	0.61438614	
0.00802000	 4.89827089 -0.97780801 -6.44129056  0.01578910 -0.02209623 -0.00288236	 -16.60744009  -26.06436789 -996.22033805  -64.19849037  -15.08601174    3.54509773	   7.47135437   10.87425414  -15.76775765    0.40339997   20.47028473  -21.33850977   13.91591902  -98.19146705   -8.81379708 -127.22489730   11.87297004  -89.15830600	 0.03259504  0.13502950 -0.42924873  1.18416929 -0.69568297 -0.11690236  0.01929129  0.01980715 -0.32402578  0.81084792 -0.48540254 -0.03085951	 0.03815869  0.13146445 -1.36149339  0.51802526  0.21725786 -0.15533067 -0.00015051 -0.01434187  0.30098945  0.01346502 -0.27666684 -0.08165560	 0.02420090  0.14711139 -1.40283948  0.57937835  0.17229931 -0.15193542  0.01849153 -0.00058666  0.28950895  0.00221222 -0.28835046 -0.06920523	0.19944689 0.05466254 3.90972139	-0.04344272  0.00506870 -0.01742825	-0.04266541  0.00506294 -0.01846483	-0.00186951  0.00031753 -0.99999820	0.35000000	0.00000000	0.00000000	-0.89417118	0.62364501	0.82908076	-1.15955222	0.42213458	0.99761999	-0.39642081	0.72038919	-1.18611825	0.59875983	0.35603526	-0.21443215	-0.09596144	-0.03195894	0.65175354	0.09935621	0.75121343	-0.50550842	0.97641438	-0.07179306	0.48191875	-0.08417085	-0.34268087	0.64132327	
0.00843800	 4.37437405 -1.10981825 -6.49544450  0.01955613 -0.02940970  0.00620259	 -14.94180522  -26.93495355 -996.30232723  -64.29857531  -12.99425779    3.33355094	   8.30435474   10.89734909  -14.49307960    0.17065381   21.29456837  -21.43873480   13.99167024 -100.27042413   -9.48332388 -126.34430012   13.69315110  -89.35380888	 0.03275135  0.13619512 -0.44099397  1.18813759 -0.69366177 -0.11806112  0.01942709  0.01980445 -0.32154915  0.81083811 -0.48787369 -0.03149119	 0.02678536  0.11444804 -1.44955593  0.42440358  0.26658787 -0.13874045 -0.01063167  0.00423476  0.35111496  0.01037258 -0.30693835 -0.10257837	 0.01955475  0.13350193 -1.38958763  0.44834958  0.25297081 -0.13433491  0.01334141 -0.00192785  0.29863277 -0.00053634 -0.29268153 -0.07880378	0.20030620 0.05609860 3.90952911	-0.04561219  0.00496362 -0.01599458	-0.04494339  0.00500173 -0.01642302	-0.00182689  0.00069657 -0.99999809	0.35000000	0.00000000	0.00000000	-0.88521534	0.61217934	0.83224350	-1.17872930	0.46967652	0.98505223	-0.39962271	0.72339970	-1.19509649	0.62220442	0.35687080	-0.21855557	-0.09308738	-0.03982522	0.63657379	0.10010885	0.73663795	-0.49810636	0.98102659	-0.05916208	0.47038764	-0.08605051	-0.36698407	0.67374533	
0.00802000	 3.56508616 -1.28145544 -6.57474519  0.02647132 -0.04904566  0.00886367	 -11.30653737  -26.49512192 -995.07231101  -64.34763609  -10.04453724    2.57493300	   8.55856740   10.27425814  -11.92132538    0.36196829   21.80395634  -21.31609160   13.18703315 -102.46226144  -10.92993949 -125.33931586   16.17944433  -89.05009127	 0.03284290  0.13715668 -0.45170957  1.19074540 -0.69105577 -0.11900962  0.01955626  0.01981246 -0.31920698  0.81083766 -0.49021657 -0.03213657	-0.00498129  0.09208090 -1.42803825  0.29185877  0.39454969 -0.11407223  0.02633364 -0.00746512  0.34217176  0.00531504 -0.29016428 -0.10620937	 0.01032634  0.11524506 -1.33636983  0.30722002  0.33755081 -0.11363296  0.01581780  0.00055222  0.29624740 -0.00164195 -0.29155644 -0.08477976	0.20114578 0.05749359 3.90932056	-0.04760616  0.00469621 -0.01540883	-0.04694856  0.00478935 -0.01560603	-0.00178835  0.00106976 -0.99999783	0.35000000	0.00000000	0.00000000	-0.87567890	0.59582335	0.83092225	-1.19555795	0.51589763	0.96755439	-0.41116843	0.72952497	-1.20735157	0.64928049	0.35490358	-0.22229552	-0.08839212	-0.04305170	0.61871040	0.10167662	0.72094995	-0.48334458	0.98648846	-0.04033141	0.46398759	-0.08640607	-0.39029667	0.70412040	
0.00800200	 2.93881782 -1.51140316 -5.99723953  0.03287237 -0.05463767  0.01754525	  -9.46754813  -27.70849208 -993.92190014  -64.34872334   -7.98375056    1.61181099	   9.12295762    9.96057835  -10.98532287    1.06065301   21.44661829  -21.44484457   12.20801593 -104.65218353  -11.41264240 -124.83240533   17.66764028  -88.51909995	 0.03294279  0.13796595 -0.46205982  1.19226106 -0.68781127 -0.11983438  0.01968767  0.01978378 -0.31685695  0.81084322 -0.49256078 -0.03277896	 0.00346064  0.08066605 -1.34651535  0.13355503  0.46481548 -0.12654992  0.03603194 -0.01714220  0.29234165  0.00067425 -0.29565324 -0.05319527	 0.01194926  0.09646660 -1.29434399  0.17280712  0.41879916 -0.10221484  0.01750137 -0.00544225  0.29536994  0.00036130 -0.29293314 -0.07905003	0.20203107 0.05943269 3.90889895	-0.04730351  0.00423788 -0.01429744	-0.04739926  0.00444981 -0.01468725	-0.00175238  0.00144998 -0.99999741	0.35000000	0.00000000	0.00000000	-0.86173743	0.57908916	0.82765567	-1.20947635	0.56099677	0.95096570	-0.42120713	0.73200017	-1.21708822	0.68089300	0.35190392	-0.22571385	-0.08566055	-0.04623286	0.60311788	0.10543657	0.70720559	-0.47180045	0.98950899	-0.02091327	0.45713592	-0.08974661	-0.41501921	0.72834790	
0.00851000	 0.35512980 -1.82824805 -2.23969060  0.04151802 -0.04292706  0.02414406	   -7.16036819   -29.09588098 -1003.63050911   -65.05763183    -6.02952984     0.82706468	   9.11198397    9.96032944   -9.32019528    1.48818786   21.15492202  -20.81433073   11.47967836 -106.35820580  -12.38116188 -124.70091262   19.29101340  -89.13429236	 0.03299113  0.13864712 -0.47270899  1.19294529 -0.68368214 -0.12048475  0.01978968  0.01971053 -0.31430018  0.81083701 -0.49508179 -0.03343774	-0.00273077  0.05662570 -1.20735606  0.04797224  0.50199706 -0.05725139 -0.00708244 -0.01013455  0.30960517 -0.01421166 -0.30152093 -0.05876656	 0.00471272  0.07513814 -1.24924023  0.07092796  0.49653783 -0.07062697  0.01090872 -0.01108201  0.30298318 -0.00162287 -0.29555667 -0.07444026	0.20342817 0.06188626 3.90763319	-0.04689377  0.00070129 -0.01266019	-0.04695514  0.00195178 -0.01315467	-0.00173016  0.00184944 -0.99999679	0.35000000	0.00000000	0.00000000	-0.84309077	0.56553102	0.82777935	-1.22969019	0.60579956	0.93987662	-0.42462304	0.73737526	-1.22588408	0.70696926	0.34855664	-0.23469457	-0.07925618	-0.04904789	0.58230233	0.10185619	0.68876266	-0.46450311	0.99261498	-0.00171490	0.44469768	-0.09071624	-0.43683192	0.75245315	
0.00800300	-0.10891349 -2.09619497 -1.64966895  0.04792566 -0.05011650  0.02919509	   -5.09539859   -31.12693248 -1008.91568034   -65.47437769    -4.44110430     0.72098875	   9.66355960    9.93667704   -8.72927393    0.37610471   20.11175247  -21.27659079   11.66301754 -108.20880961  -14.20600559 -123.58674300   20.81947504  -89.64694941	 0.03301734  0.13909435 -0.48248977  1.19312631 -0.67922930 -0.12089049  0.01989084  0.01959430 -0.31185224  0.81084917 -0.49748431 -0.03400590	-0.01018866  0.01538266 -1.15701183  0.01285940  0.55679481 -0.03618341 -0.00889439  0.00246916  0.28150872  0.02656565 -0.29773157 -0.06268710	 0.00112413  0.05118954 -1.21835756  0.01482409  0.56255812 -0.04735407  0.01082980 -0.01395640  0.30733942  0.00284044 -0.30124513 -0.06849267	0.20475327 0.06475547 3.90662056	-0.04542341 -0.00216239 -0.01278132	-0.04596719 -0.00127242 -0.01270411	-0.00173806  0.00221934 -0.99999603	0.35000000	0.00000000	0.00000000	-0.82037061	0.55453777	0.83015817	-1.24496341	0.64490324	0.92879283	-0.42698830	0.73983681	-1.22406352	0.72775674	0.35356814	-0.23902360	-0.07384366	-0.05246364	0.56127036	0.10151129	0.66921842	-0.45979002	0.99199426	0.01532422	0.43249714	-0.09495933	-0.45785674	0.76814920	
0.00800200	 0.09642317 -1.76367098 -1.91064679  0.03640030 -0.06283235  0.02463176	   -3.51906739   -32.92083687 -1010.82234953   -65.69968215    -2.13521807     0.23862730	   9.56348424   10.04913032   -8.29410757   -1.65020135   18.52454799  -20.77630419   11.25103781 -110.13116837  -14.62256843 -123.71205166   23.10394531  -89.53595436	 0.03303731  0.13935564 -0.49206287  1.19283263 -0.67427875 -0.12110417  0.02000650  0.01936272 -0.30936601  0.81083489 -0.49987745 -0.03449300	 0.02123343  0.02403129 -1.14031857 -0.05295024  0.62541730 -0.03259363  0.00599136 -0.06214754  0.28407627 -0.00476627 -0.27008101 -0.05576274	 0.00279939  0.02744980 -1.19229306 -0.04337628  0.62546479 -0.02490452  0.01413991 -0.03225534  0.31071666 -0.00154516 -0.29883596 -0.05725234	0.20599103 0.06810850 3.90610802	-0.04235647 -0.00406138 -0.01322011	-0.04326731 -0.00342909 -0.01307450	-0.00176394  0.00256921 -0.99999514	0.35000000	0.00000000	0.00000000	-0.79744184	0.54866683	0.82762009	-1.25773299	0.68264645	0.92039168	-0.42959282	0.74516511	-1.22216094	0.75489593	0.35285074	-0.24340165	-0.06959338	-0.05732363	0.54447091	0.09789161	0.65092212	-0.45307037	0.99355423	0.03179225	0.41484293	-0.10014226	-0.48116133	0.77646124	
0.00851300	 0.19203779 -0.59985107 -2.39320201 -0.00692506 -0.08113211  0.00956875	   -2.79092612   -37.35843856 -1007.70706311   -65.56287089    -1.16904888    -0.40659061	   9.50267883   11.31197357   -7.36363086   -4.16150034   17.28232764  -20.47593334   10.67412329 -110.45488834  -15.51698246 -121.87316921   23.55226158  -90.91756475	 0.03303434  0.13947866 -0.50190399  1.19189583 -0.66859747 -0.12119646  0.02010401  0.01907389 -0.30668894  0.81083794 -0.50247722 -0.03496000	-0.01391971  0.00714268 -1.06415716 -0.13569082  0.67213297 -0.02092302 -0.01673684 -0.01756052  0.30228809 -0.01757386 -0.29540430 -0.04500919	-0.00113198  0.01212773 -1.14201585 -0.12073796  0.67240022 -0.01023614  0.01031159 -0.03487642  0.31224437 -0.00126582 -0.30414760 -0.05471570	0.20744996 0.07078970 3.90552590	-0.04219227 -0.00554489 -0.01328424	-0.04209268 -0.00508672 -0.01328263	-0.00180571  0.00292609 -0.99999409	0.35000000	0.00000000	0.00000000	-0.77258217	0.54397756	0.82059103	-1.26903045	0.72240031	0.90929574	-0.42866087	0.74837279	-1.22055912	0.77106488	0.35325527	-0.25099701	-0.06067747	-0.06270026	0.52602220	0.09965204	0.63193208	-0.45150581	0.99419475	0.05323186	0.40520069	-0.10408738	-0.50108469	0.79215157	
0.00846800	 0.09493952  0.32325278 -2.71849349 -0.04075748 -0.09254065 -0.00467986	   -1.76026851   -40.04110118 -1004.93936196   -65.45754496     0.54835285    -0.60347339	   9.58160826   10.21440071   -6.63013316   -5.74222974   16.98207508  -19.77649036   10.75416919 -112.29032254  -16.07382120 -121.30209279   25.20924953  -90.68678844	 0.03304073  0.13952500 -0.51138419  1.19024024 -0.66251198 -0.12123852  0.02022454  0.01874806 -0.30398231  0.81083360 -0.50508346 -0.03548890	 0.00289525  0.00058048 -1.12653164 -0.24653201  0.75326115 -0.02999905 -0.00297511 -0.03192022  0.30788256 -0.00177147 -0.30203495 -0.07583725	 0.00045933  0.00546943 -1.11182768 -0.21151384  0.72503158 -0.00665837  0.01260542 -0.04013855  0.31866253 -0.00137970 -0.30742265 -0.06240220	0.20897411 0.07315637 3.90491035	-0.04318828 -0.00657683 -0.01409861	-0.04285989 -0.00626168 -0.01381546	-0.00185815  0.00328887 -0.99999287	0.35000000	0.00000000	0.00000000	-0.75093931	0.53105819	0.81532270	-1.27427971	0.76021850	0.89959735	-0.43082556	0.75335097	-1.22119403	0.79462492	0.35812008	-0.24934459	-0.05683874	-0.06716260	0.51053596	0.09986394	0.61281765	-0.44876069	0.99368322	0.07434633	0.39426833	-0.11091867	-0.52298665	0.81111670	
0.00804200	-0.40464390  0.82159432 -3.17055756 -0.05843630 -0.11705248 -0.01123269	    0.78412606   -41.35787802 -1000.17345698   -65.22065053     2.35515578    -1.83703086	   9.26527027    8.97143734   -4.32971275   -7.09332438   16.90619816  -18.89475596    9.45894175 -113.09826040  -17.70939752 -120.39608765   26.41961825  -90.10920453	 0.03304143  0.13953501 -0.51991680  1.18796339 -0.65642270 -0.12123988  0.02034174  0.01842925 -0.30138870  0.81084663 -0.50757611 -0.03597645	-0.00062073 -0.01663491 -0.93998118 -0.27824682  0.68372936  0.02129493 -0.00306987 -0.03863699  0.31639571  0.00362378 -0.29042744 -0.04909020	 0.00020065  0.00034945 -1.04757602 -0.29420898  0.75698602  0.00025014  0.01363934 -0.03911499  0.32208311  0.00193602 -0.30959492 -0.05836255	0.21046803 0.07530184 3.90418595	-0.04402291 -0.00719372 -0.01436712	-0.04374342 -0.00698770 -0.01429411	-0.00191388  0.00363776 -0.99999155	0.35000000	0.00000000	0.00000000	-0.72568649	0.51186514	0.80838317	-1.27420747	0.79408735	0.89007896	-0.44009802	0.75809914	-1.21750188	0.81740069	0.36400560	-0.24660796	-0.04851359	-0.06875522	0.49500126	0.10138638	0.59234416	-0.44901448	0.99432826	0.10026279	0.38641444	-0.11477797	-0.54142594	0.82918411	
0.00843900	-0.74983840  1.10119360 -3.44489008 -0.06839013 -0.12675234 -0.01537562	   2.07767404  -41.82883816 -998.71040059  -65.19509319    4.08179329   -2.41070374	   8.95663344    6.36912316   -3.44262090   -8.00463344   17.37505911  -18.20231819    9.10243257 -113.77768517  -18.50350951 -120.33928576   27.92335546  -89.48367250	 0.03303733  0.13954449 -0.52851963  1.18468830 -0.64956955 -0.12124561  0.02046963  0.01803231 -0.29863713  0.81083097 -0.51021633 -0.03643236	 0.01048353 -0.00774468 -1.07513053 -0.46676631  0.86836184  0.00661491  0.01024083 -0.06613570  0.34889383 -0.03358022 -0.30899607 -0.04949515	-0.00092879 -0.00054558 -1.01272747 -0.40515830  0.81972386  0.00166563  0.01503634 -0.04811589  0.32792194 -0.00414597 -0.31346584 -0.05162815	0.21205735 0.07763423 3.90348584	-0.04474327 -0.00740669 -0.01474218	-0.04452153 -0.00734091 -0.01462427	-0.00197666  0.00401508 -0.99998999	0.35000000	0.00000000	0.00000000	-0.70522636	0.49316439	0.80479592	-1.27855587	0.83261842	0.88089806	-0.44626221	0.76124579	-1.21884072	0.84963965	0.36656857	-0.24136251	-0.04488207	-0.07251993	0.48064083	0.10194831	0.56997424	-0.44859302	0.99360156	0.12617181	0.37814400	-0.12162747	-0.56036556	0.85388428	
0.00803700	-1.46783461  1.23159247 -3.80398823 -0.07219797 -0.15913509 -0.01878437	   5.22644206  -43.52615430 -995.20825068  -65.04392349    5.64719428   -3.61136479	   8.89400322    3.89214417   -0.11414036   -8.66827239   16.76793292  -17.38525958    7.89453786 -113.49605155  -20.84576382 -119.14986548   28.77976862  -89.83475447	 0.03303603  0.13955281 -0.53610525  1.18076183 -0.64274913 -0.12124663  0.02058421  0.01762167 -0.29601507  0.81084426 -0.51274309 -0.03677311	 0.00618507 -0.01479739 -0.88371040 -0.52919077  0.82440035  0.02885854  0.01029486 -0.01553664  0.31628344  0.00908224 -0.28058033 -0.05884536	-0.00109899 -0.00006664 -0.93752224 -0.50412391  0.85405026  0.00330815  0.01459186 -0.04951822  0.32777152  0.00078933 -0.31297689 -0.04442964	0.21368753 0.07983179 3.90276571	-0.04521483 -0.00753819 -0.01509518	-0.04506604 -0.00748861 -0.01498124	-0.00203694  0.00437492 -0.99998836	0.35000000	0.00000000	0.00000000	-0.67788053	0.47228718	0.79500639	-1.27826512	0.86816126	0.87312984	-0.45836148	0.76842761	-1.21322620	0.87696236	0.37353244	-0.23396629	-0.03719473	-0.07586080	0.46460712	0.10688839	0.54834044	-0.45173228	0.99058545	0.16005754	0.37462801	-0.12540825	-0.57544887	0.87773901	
0.00851800	-1.97510253  0.92358539 -4.00199198 -0.06133086 -0.17091488 -0.01407200	   6.33288173  -44.07816884 -993.77916345  -65.00091932    6.82048914   -4.25179753	   8.40438049    0.14672494    1.16089990   -8.89287561   17.29838826  -16.51798581    7.41384564 -113.57868242  -21.89804813 -119.79718304   29.65662557  -89.51079297	 0.03304062  0.13954480 -0.54355126  1.17564412 -0.63513421 -0.12125652  0.02072594  0.01710906 -0.29322270  0.81084909 -0.51544466 -0.03708926	-0.00821267 -0.00136920 -0.76506790 -0.61469248  0.84409633 -0.01411272  0.02765777 -0.08714347  0.30139648  0.01188230 -0.28917543 -0.05818300	-0.00080246 -0.00054361 -0.85690704 -0.61618939  0.89624291 -0.00006690  0.01909487 -0.06157196  0.32614975  0.00375594 -0.31459980 -0.03774065	0.21551489 0.08258347 3.90202678	-0.04424431 -0.00750651 -0.01547313	-0.04458016 -0.00751040 -0.01536405	-0.00210149  0.00475546 -0.99998648	0.35000000	0.00000000	0.00000000	-0.64899564	0.45055935	0.78372902	-1.27479780	0.90633726	0.86449134	-0.47346014	0.77283990	-1.21258700	0.91502422	0.37728298	-0.22432065	-0.03192633	-0.07660967	0.44790819	0.11323047	0.52687865	-0.45310336	0.98899996	0.19394830	0.37042016	-0.13356480	-0.58978605	0.89891779	
0.00800800	-2.35124912  0.12477528 -4.31326368 -0.03249303 -0.18896996 -0.00150313	   7.33892054  -44.75320414 -993.74418319  -65.03291450    7.35055668   -5.20038489	   8.12039530   -2.64604048    3.09013183   -9.64827609   16.96243514  -15.44313307    6.36351889 -112.55787206  -23.63181415 -119.43079150   29.84640554  -89.94883657	 0.03304886  0.13946186 -0.54996823  1.16988047 -0.62761970 -0.12125677  0.02084023  0.01657772 -0.29056206  0.81082986 -0.51802569 -0.03735398	 0.00519909 -0.03430844 -0.67407249 -0.69173827  0.83968596  0.01591579  0.00001057 -0.05483451  0.28056900 -0.00288822 -0.28238953 -0.03021253	 0.00185162 -0.01288278 -0.77957643 -0.72816924  0.93116406  0.00056864  0.01485789 -0.06785000  0.32569114 -0.00252230 -0.31932522 -0.03429433	0.21736399 0.08569981 3.90155460	-0.04128600 -0.00717698 -0.01491617	-0.04228105 -0.00727873 -0.01512080	-0.00216082  0.00509752 -0.99998467	0.35000000	0.00000000	0.00000000	-0.61893833	0.43222302	0.76973957	-1.27396834	0.94382292	0.85577649	-0.48706675	0.77839166	-1.20779419	0.94813293	0.37944102	-0.21967626	-0.02381383	-0.07753628	0.42915335	0.11643692	0.50670511	-0.45595700	0.98410487	0.22750090	0.36609048	-0.14077105	-0.60072112	0.91858989	
0.00800300	-3.07817922 -0.58896415 -4.37870518 -0.00739709 -0.20706819  0.00871741	   8.62475828  -44.24840382 -995.27880079  -65.16995047    8.22634662   -5.71329562	   7.59589034   -4.89099091    5.52233859   -9.07227957   17.17217593  -14.03736681    5.99850222 -112.34623718  -25.31721965 -120.02031669   30.62147024  -89.47309542	 0.03304398  0.13928659 -0.55574358  1.16320356 -0.61975127 -0.12125527  0.02094755  0.01597620 -0.28787180  0.81083460 -0.52061777 -0.03763124	 0.00028205 -0.01278965 -0.61762461 -0.84231564  0.92701871  0.01822877 -0.01736377 -0.05971058  0.30757602  0.00478220 -0.29161093 -0.02414366	 0.00058079 -0.02379597 -0.70825217 -0.85064349  0.98699717  0.00080937  0.01065872 -0.07547587  0.33388669 -0.00084744 -0.32358910 -0.03400681	0.21944084 0.08952832 3.90128934	-0.03644487 -0.00718529 -0.01478779	-0.03810025 -0.00716433 -0.01481557	-0.00221861  0.00540819 -0.99998291	0.35000000	0.00000000	0.00000000	-0.59353340	0.40948093	0.75921601	-1.27508378	0.98163956	0.84585816	-0.50322157	0.78540826	-1.21154404	0.98329395	0.38005140	-0.21689919	-0.02017688	-0.07723632	0.41412988	0.11409555	0.48547587	-0.45240548	0.97777021	0.26350382	0.36038083	-0.14865956	-0.61067712	0.94150811	
0.00849800	-3.75832534 -1.32913896 -4.18549833  0.01907673 -0.22823085  0.01906501	  10.83467732  -42.69253714 -997.08513333  -65.34940402    9.80434863   -6.46478696	   7.41639801   -6.95129278    7.55089955   -7.60401112   16.04784317  -12.60431558    5.28348972 -111.59388900  -27.28347871 -121.09970754   32.01346788  -88.69448757	 0.03303414  0.13891090 -0.56113031  1.15507624 -0.61106919 -0.12125161  0.02108473  0.01518990 -0.28498131  0.81084704 -0.52341376 -0.03786141	-0.00196037 -0.05619801 -0.56476456 -1.01368741  1.02674822  0.00698086  0.01858913 -0.11558644  0.34207235  0.03357946 -0.32760435 -0.02300869	-0.00220493 -0.04744933 -0.61269869 -0.96836706  1.01989324  0.00055962  0.01503354 -0.09368970  0.33821813  0.00289136 -0.32517973 -0.02414353	0.22170865 0.09429264 3.90122495	-0.02994715 -0.00706339 -0.01486553	-0.03198338 -0.00709376 -0.01485333	-0.00227987  0.00568904 -0.99998122	0.35000000	0.00000000	0.00000000	-0.56373698	0.39229983	0.74085921	-1.27550316	1.01690042	0.83688915	-0.52769125	0.79439342	-1.21277046	1.02304983	0.37353632	-0.21301955	-0.01433886	-0.07399020	0.40310216	0.11541215	0.46398401	-0.44402424	0.97267163	0.30250689	0.35355902	-0.15685216	-0.61799538	0.95284849	
0.00847900	-4.41251952 -1.52296382 -4.12407171  0.02576163 -0.23841134  0.02651125	  11.70505836  -43.90219776 -996.14671606  -65.33786356   10.65931852   -7.62751193	   7.32732484   -7.18885741    8.68773738   -6.67118657   16.57658990  -10.94253494    3.99153788 -110.40541077  -28.55981647 -121.72631115   32.56943661  -89.25401425	 0.03303307  0.13833529 -0.56574338  1.14594191 -0.60208473 -0.12126072  0.02121194  0.01426538 -0.28206549  0.81084739 -0.52625914 -0.03803860	-0.03599393 -0.06865208 -0.53658795 -1.16692565  1.10366981  0.00445833  0.03024006 -0.14803499  0.34726990  0.01283486 -0.35731770 -0.01572314	-0.00311656 -0.07073752 -0.52824963 -1.09343385  1.06287270 -0.00135026  0.01695709 -0.11211638  0.34342674  0.00289319 -0.33550121 -0.01917883	0.22407543 0.09907082 3.90108175	-0.02392673 -0.00680077 -0.01317451	-0.02580787 -0.00687239 -0.01374267	-0.00233939  0.00591601 -0.99997976	0.35000000	0.00000000	0.00000000	-0.53300703	0.37915573	0.72013313	-1.27765918	1.05459046	0.82902664	-0.54773760	0.79680800	-1.21868551	1.05857277	0.36362869	-0.21169657	-0.00812010	-0.07570450	0.38990444	0.11683961	0.44749412	-0.43520355	0.96847206	0.34268028	0.34539750	-0.16611321	-0.62441623	0.96760660	
0.00800900	-5.25435119 -1.59695304 -4.05628784  0.02856178 -0.26004583  0.02907184	  14.20453638  -45.46562546 -996.18899921  -65.41993704   12.20916300   -8.78730180	   7.55205154   -7.23635581   11.10884894   -5.53011679   16.39345582   -8.94309033    2.88752073 -110.01192713  -30.60829627 -122.55949447   33.86238438  -89.73001266	 0.03304639  0.13760077 -0.56933155  1.13640909 -0.59331723 -0.12125868  0.02129383  0.01330332 -0.27928806  0.81083127 -0.52895189 -0.03823035	 0.01766987 -0.11115929 -0.36817758 -1.17440015  1.03377333 -0.02169857  0.01482572 -0.13186423  0.33928346 -0.02311448 -0.33299514 -0.03940905	 0.00154923 -0.09613290 -0.43214668 -1.19718777  1.08999940 -0.00096135  0.00953886 -0.12297723  0.34624796 -0.00228266 -0.33685356 -0.02615292	0.22638951 0.10371866 3.90095030	-0.01837556 -0.00655963 -0.01100097	-0.02021097 -0.00662889 -0.01172734	-0.00239329  0.00608363 -0.99997863	0.35000000	0.00000000	0.00000000	-0.49958938	0.36464104	0.69657999	-1.27665246	1.08737290	0.82267630	-0.56847841	0.80319899	-1.22191966	1.08740032	0.35856587	-0.21174756	-0.00086965	-0.07348241	0.37512457	0.11527488	0.43013999	-0.42556107	0.96109617	0.38266507	0.33594984	-0.17457245	-0.62933540	0.97928244	
0.00848700	-6.03368896 -1.61052040 -3.82918551  0.02902471 -0.27280872  0.03028983	  15.00476483  -45.45701639 -996.41135199  -65.45879460   12.90491037   -9.36807789	   7.29132242   -7.08563018   12.56608015   -3.91085987   16.46431938   -6.95342693    2.53273929 -110.15016150  -32.02053925 -124.16408959   34.25590101  -88.97110450	 0.03304077  0.13663708 -0.57233483  1.12534384 -0.58370604 -0.12124995  0.02138819  0.01218463 -0.27630411  0.81083171 -0.53184785 -0.03845784	-0.01470983 -0.13657225 -0.32648458 -1.40380569  1.18796825 -0.00217588  0.00946739 -0.11573936  0.37225161 -0.02359379 -0.35180775 -0.03980645	-0.00035845 -0.11832114 -0.33747669 -1.32048407  1.13605816  0.00221774  0.01042227 -0.13372835  0.35311033 -0.00219976 -0.34260164 -0.02584171	0.22903960 0.10897378 3.90074656	-0.01252560 -0.00653093 -0.00886884	-0.01436390 -0.00652144 -0.00954431	-0.00244920  0.00621337 -0.99997770	0.35000000	0.00000000	0.00000000	-0.47058719	0.34656191	0.67559296	-1.27529478	1.12213445	0.81179661	-0.59044248	0.80750746	-1.23298192	1.11964023	0.34636280	-0.21497706	0.00349890	-0.06904517	0.36551681	0.11186849	0.41247436	-0.41168079	0.95297378	0.42421332	0.32788584	-0.18412054	-0.63319302	0.99047077	
0.00801000	-6.81592708 -1.71434787 -3.37257053  0.03309446 -0.29106360  0.03319145	  16.76158856  -45.25348911 -996.99149233  -65.54252849   14.04344581  -10.44617447	   7.51378393   -7.07545516   14.15779105   -1.21692818   15.26181225   -5.10623444    1.43717676 -109.60977316  -33.97519414 -126.15933871   35.20078155  -88.52095020	 0.03303449  0.13554256 -0.57439644  1.11411893 -0.57442280 -0.12125879  0.02144578  0.01100816 -0.27345899  0.81083315 -0.53459525 -0.03865113	-0.02062465 -0.15687347 -0.20895063 -1.44009197  1.17934129  0.00490262 -0.01026849 -0.13559245  0.38224982 -0.02186470 -0.34439830 -0.02114982	-0.00228465 -0.14105939 -0.24411521 -1.41099817  1.16013989 -0.00037448  0.00693199 -0.14610818  0.35813252 -0.00145260 -0.34234738 -0.02347077	0.23161493 0.11401966 3.90046073	-0.00762667 -0.00642173 -0.00611952	-0.00925265 -0.00644921 -0.00704847	-0.00250136  0.00629241 -0.99997707	0.35000000	0.00000000	0.00000000	-0.43617135	0.33042982	0.65301740	-1.27145183	1.15138102	0.80741054	-0.61158985	0.81286383	-1.23850429	1.14913273	0.33640492	-0.21678832	0.00956855	-0.06234863	0.35822248	0.10942244	0.39240822	-0.40097782	0.94310838	0.46452272	0.31992841	-0.19344015	-0.63550091	0.99727404	
0.00850700	-7.53877552 -1.72575136 -3.19689815  0.03385470 -0.30340190  0.03444571	  17.24674758  -46.12712888 -995.94921835  -65.49166747   14.41066754  -10.97771838	   7.81856770   -6.96146953   15.45551188    0.18389880   15.40070933   -2.97500362    1.00628451 -109.29130793  -35.41054554 -128.06336892   35.25994948  -88.36112642	 0.03304167  0.13420985 -0.57575703  1.10137775 -0.56435117 -0.12124977  0.02147391  0.00962478 -0.27040917  0.81082959 -0.53757484 -0.03876158	 0.01170182 -0.15788693 -0.11414594 -1.45380469  1.11476221  0.01326986 -0.02015858 -0.17136922  0.31679104 -0.02053120 -0.34972294  0.01009485	 0.00036891 -0.16082658 -0.14383091 -1.50983215  1.18654753  0.00280655  0.00140876 -0.16475764  0.35956339 -0.00346093 -0.35037085 -0.01001646	0.23454022 0.11958716 3.89998707	-0.00265084 -0.00640045 -0.00310519	-0.00422391 -0.00639092 -0.00402016	-0.00255592  0.00633486 -0.99997667	0.35000000	0.00000000	0.00000000	-0.40195459	0.31816918	0.62819731	-1.26994395	1.18236685	0.80145061	-0.63360339	0.81592053	-1.24705994	1.17970896	0.32287583	-0.21937305	0.01535133	-0.05731681	0.35133007	0.10749776	0.37508172	-0.39071870	0.93498451	0.50715810	0.30790719	-0.20334372	-0.63502765	1.00286651	
0.00800500	-5.86369245 -1.71450620 -2.03753008  0.03481114 -0.22756516  0.03043173	   13.66552099   -47.04972721 -1003.55302815   -65.93938952    13.32791466    -8.34948749	   8.00001632   -6.56147277   16.99991059    1.81390943   14.79826239   -1.29069272    0.59542551 -107.91199255  -37.41286729 -129.88096035   35.45758608  -89.24995756	 0.03303810  0.13279231 -0.57636589  1.08870375 -0.55467090 -0.12125213  0.02150348  0.00822828 -0.26751968  0.81083794 -0.54039896 -0.03886629	-0.02214581 -0.23567117 -0.05246981 -1.92271583  1.47848808 -0.00256340  0.03655090 -0.21927879  0.42591026  0.00882096 -0.42276187  0.01297225	-0.00080146 -0.17883805 -0.06799328 -1.59403956  1.21562384  0.00135526  0.00339373 -0.17570870  0.35868525 -0.00023385 -0.35343814 -0.01059477	0.23551862 0.12466324 3.90014350	-0.00039775  0.00173199 -0.00143482	-0.00100947 -0.00178164 -0.00193691	-0.00258326  0.00634424 -0.99997654	0.35000000	0.00000000	0.00000000	-0.36381406	0.31011614	0.60613030	-1.26652384	1.21213841	0.80061179	-0.65057808	0.81822944	-1.25224912	1.20489490	0.31329563	-0.22217754	0.01932234	-0.05609890	0.34637719	0.10743275	0.35713238	-0.38106206	0.92190421	0.54724687	0.29698867	-0.21170022	-0.63382936	1.01143372	
0.00844800	-5.34912418 -1.86271538 -1.21384486  0.04073252 -0.18980404  0.03234397	    9.44748627   -47.30213753 -1010.27411445   -66.35597164    12.94551715    -6.91856767	   8.40301095   -6.85307226   20.62267248    3.52673066   14.56203398    0.80184431   -0.41448341 -107.88011837  -36.79580422 -131.19888467   36.28990003  -89.03596210	 0.03304268  0.13114607 -0.57656889  1.07472570 -0.54422787 -0.12125175  0.02150562  0.00668255 -0.26456914  0.81084193 -0.54343023 -0.03897424	 0.01620968 -0.17865077 -0.01792888 -1.73514555  1.27226336 -0.00547723  0.00695073 -0.18757644  0.32944168 -0.00647759 -0.39779316 -0.00424334	 0.00034857 -0.19750833 -0.01725435 -1.67659715  1.24922207  0.00119372 -0.00009587 -0.18553490  0.34939778  0.00072817 -0.36259676 -0.01052800	0.23502576 0.13015201 3.90097516	 0.00064851  0.01587039 -0.00060781	 0.00028966  0.01155134 -0.00084151	-0.00250343  0.00634301 -0.99997675	0.35000000	0.00000000	0.00000000	-0.32684737	0.29754466	0.58693081	-1.26101613	1.24088264	0.80346954	-0.66098249	0.82283831	-1.25785434	1.23475945	0.30987883	-0.22775578	0.02109153	-0.05451302	0.34641925	0.09989444	0.34192955	-0.36995453	0.91133147	0.58948231	0.27853346	-0.22147891	-0.63360870	1.01943827	
0.00803800	-6.74071078 -1.90607603 -1.22574966  0.04292258 -0.22850555  0.03484989	   10.23810976   -48.92916900 -1007.96246777   -66.31820011    15.22889000    -8.00778955	   8.97332838   -6.83913162   26.60656851    5.33540346   14.18237150    2.65800868   -1.31977860 -107.50577998  -35.51594327 -131.73161659   38.40885991  -89.13697374	 0.03303228  0.12946270 -0.57636569  1.06116172 -0.53422124 -0.12125624  0.02151265  0.00514777 -0.26186727  0.81083040 -0.54626787 -0.03905601	 0.00025205 -0.22505600  0.04923402 -1.75643138  1.30086087  0.01932676 -0.00864975 -0.19322552  0.35204633 -0.02201238 -0.36230119  0.00471602	-0.00254149 -0.21116871  0.03332890 -1.69844252  1.25180128  0.00044322  0.00076874 -0.19186822  0.33704126 -0.00290321 -0.35458597 -0.00959979	0.23581024 0.13555796 3.90114461	 0.00209218  0.02231097 -0.00031252	 0.00158698  0.02027715 -0.00040010	-0.00234584  0.00633207 -0.99997720	0.35000000	0.00000000	0.00000000	-0.28448185	0.28458154	0.56612593	-1.24430513	1.26070917	0.81645691	-0.66441965	0.83199042	-1.25161183	1.26010251	0.32071957	-0.23108590	0.02991523	-0.05126569	0.34698415	0.08893242	0.32580072	-0.36616376	0.90630889	0.63414001	0.25752047	-0.23057762	-0.63000059	1.02272451	
0.00846100	-7.26063558 -2.05106038 -1.33494475  0.04958471 -0.25045078  0.03761036	    8.62464802   -49.61845398 -1008.37578421   -66.32216924    14.88307412    -8.24747297	   9.31792917   -7.42506427   29.16135049    5.23087873   13.26448222    4.60779220   -2.05864199 -107.30287766  -34.91434459 -133.54790747   37.97078374  -88.72957301	 0.03303296  0.12751661 -0.57556866  1.04630415 -0.52349984 -0.12125489  0.02151963  0.00344153 -0.25900918  0.81080673 -0.54930127 -0.03913283	-0.03127238 -0.24663226  0.14787027 -1.87591497  1.34826750  0.02044654  0.02444968 -0.19909252  0.34515982 -0.02946069 -0.38818635 -0.00022061	-0.00328476 -0.23527923  0.10560021 -1.77499477  1.27878406 -0.00014207  0.00242925 -0.20348648  0.34139299 -0.00693155 -0.36133208 -0.00724228	0.23766538 0.14165188 3.90119647	 0.00430782  0.02528465 -0.00021926	 0.00359020  0.02445661 -0.00024246	-0.00214050  0.00630468 -0.99997783	0.35000000	0.00000000	0.00000000	-0.24936484	0.27432844	0.54486585	-1.23519862	1.28756058	0.81457961	-0.67517573	0.83870870	-1.25574136	1.29093194	0.31210044	-0.23819104	0.03449973	-0.04668210	0.34899411	0.08014806	0.31206742	-0.35370800	0.89540237	0.68253022	0.24250576	-0.24301237	-0.62523675	1.02293086	
0.00800000	-8.19450460 -1.79218027 -0.97430766  0.04207824 -0.27256445  0.03401735	    8.65318996   -50.25732232 -1009.23481983   -66.39908432    15.29220536    -8.89318996	   9.72775536   -6.05475196   31.39026129    8.01870041   12.37170607    6.54177472   -2.90409317 -106.21430874  -35.85074390 -134.27307677   38.60722098  -88.71925318	 0.03303455  0.12556909 -0.57423866  1.03191021 -0.51337979 -0.12125995  0.02152173  0.00175762 -0.25625752  0.81073328 -0.55217108 -0.03919090	-0.00102412 -0.27078641  0.19407229 -1.85558709  1.26679471  0.00129248  0.02145324 -0.20042501  0.34289772  0.00411201 -0.38148460 -0.00865998	-0.00177269 -0.24877468  0.17655795 -1.82169975  1.27584464 -0.00042515  0.00152665 -0.21044311  0.34924880 -0.00979256 -0.36255810 -0.00721887	0.24008577 0.14707037 3.90105357	 0.00434068  0.02573810 -0.00022718	 0.00434949  0.02562517 -0.00022345	-0.00193530  0.00626908 -0.99997848	0.35000000	0.00000000	0.00000000	-0.21042590	0.26219857	0.51975727	-1.22152150	1.30501842	0.82105607	-0.68433827	0.84429139	-1.25462878	1.31079161	0.30650005	-0.23903710	0.04216642	-0.04415642	0.35100466	0.07385140	0.29505363	-0.34651321	0.88556707	0.72834492	0.22885951	-0.25122038	-0.62026381	1.02543306	
0.00800500	-8.86601919 -1.94171448 -0.84229291  0.04807714 -0.28280090  0.03842098	    7.63504396   -51.80635961 -1013.07423017   -66.65144753    15.24627449    -9.16950524	   9.80136791   -6.68706724   32.80106404    8.99094930   12.84572346    8.58229642   -3.30094350 -106.54810262  -36.43035696 -135.59210354   38.92418584  -88.40329623	 0.03303094  0.12352196 -0.57229291  1.01719526 -0.50323733 -0.12126623  0.02152683  0.00001111 -0.25342907  0.81057091 -0.55504823 -0.03922089	-0.00633268 -0.28606002  0.32100528 -2.00191553  1.33315935 -0.00860112  0.02625082 -0.22082055  0.35412624  0.00261819 -0.40249811 -0.01259107	-0.00337209 -0.26071437  0.25613029 -1.86213630  1.27616635 -0.00297083  0.00259182 -0.22024147  0.35742251 -0.01895450 -0.36365003 -0.00566404	0.24307054 0.15275213 3.90107892	 0.00485740  0.02473334 -0.00027117	 0.00465658  0.02510409 -0.00025379	-0.00173293  0.00623264 -0.99997908	0.35000000	0.00000000	0.00000000	-0.17482017	0.24941595	0.49677476	-1.20658255	1.32270932	0.82410443	-0.69537252	0.84877640	-1.25363898	1.33340073	0.30111083	-0.23515591	0.04901741	-0.03883863	0.34824863	0.06671674	0.27940693	-0.33943915	0.87624151	0.77329791	0.21493125	-0.26326677	-0.61266935	1.02590644	
0.00806000	-9.31319151 -1.92068638 -0.60388382  0.04904353 -0.29116886  0.03865104	    6.57104189   -52.62101213 -1013.93282718   -66.69762579    14.95706391    -9.30350659	   9.94455637   -6.40829435   33.26113568   10.55216247   12.25221241   10.45319398   -3.65039287 -105.56816864  -37.51967195 -136.35329187   38.82627726  -88.32556605	 0.03304002  0.12137517 -0.56976369  1.00220582 -0.49308017 -0.12125057  0.02151358 -0.00178909 -0.25048257  0.81031056 -0.55793745 -0.03921981	-0.00084460 -0.26155944  0.33637911 -1.78343710  1.20152442  0.02119697 -0.03565902 -0.19046761  0.34310611 -0.03720159 -0.35462352  0.01539536	-0.00064447 -0.26700496  0.32534042 -1.86362727  1.25697323  0.00303799 -0.00303447 -0.22266216  0.36522170 -0.03167922 -0.35928018  0.00020681	0.24636694 0.15836020 3.90105920	 0.00445904  0.02346958 -0.00033727	 0.00459259  0.02390512 -0.00031419	-0.00154028  0.00619504 -0.99997962	0.35000000	0.00000000	0.00000000	-0.13422847	0.23622821	0.47373280	-1.18703973	1.33287120	0.83212751	-0.70049059	0.85139209	-1.24403548	1.34694111	0.29709026	-0.22958687	0.05877504	-0.03390250	0.34602213	0.06004671	0.26057312	-0.33942884	0.86501974	0.81385100	0.20184183	-0.27260771	-0.60481358	1.02434051	
0.00847200	-9.47766848 -2.31036688 -0.38433899  0.06425647 -0.29254949  0.04601614	    3.97272310   -54.09528908 -1017.60586783   -66.90919796    14.23598540    -9.04146643	   9.50776745   -7.87282389   33.27566735   11.30960312   11.73560212   12.08291067   -2.91140605 -105.51395488  -37.83283183 -137.53980961   38.67411983  -87.90637124	 0.03304111  0.11895135 -0.56643193  0.98599456 -0.48231718 -0.12125253  0.02153322 -0.00376694 -0.24721435  0.80991110 -0.56100634 -0.03923720	-0.00151061 -0.32515567  0.43228774 -1.98184024  1.29802072  0.01074916  0.02429320 -0.23510648  0.41296412 -0.07952775 -0.37975816 -0.04128435	 0.00103391 -0.28919270  0.40584611 -1.91477254  1.26643032  0.00168241  0.00257577 -0.23284799  0.38737842 -0.05047878 -0.36250253 -0.00423575	0.25032756 0.16476317 3.90123242	 0.00513397  0.02159801 -0.00040724	 0.00488816  0.02222082 -0.00038859	-0.00134875  0.00615482 -0.99998015	0.35000000	0.00000000	0.00000000	-0.10690708	0.22510105	0.44985643	-1.17864692	1.34645128	0.82948202	-0.71219248	0.85855603	-1.24434948	1.37172019	0.28015676	-0.22275266	0.06569382	-0.02862366	0.34397030	0.05310485	0.24515545	-0.32544506	0.85208350	0.86013198	0.19254857	-0.28514707	-0.59452569	1.02298629	
0.00848400	-10.01933502  -1.88461529   0.07632304   0.05167856  -0.29814890   0.03940040	    4.02653401   -54.94980597 -1013.92582389   -66.70285707    14.95095572    -9.40039528	   9.22405270   -5.98875391   32.82051015   14.40192963   11.06814274   13.85089625   -3.66336655 -104.18575573  -39.39885463 -136.48711005   39.32136780  -87.32939088	 0.03304433  0.11644011 -0.56247839  0.96960822 -0.47162799 -0.12125986  0.02152158 -0.00581992 -0.24382543  0.80941755 -0.56409286 -0.03922574	 0.01429059 -0.29448790  0.48425027 -1.99620509  1.28333783 -0.01898716  0.00344327 -0.24543589  0.40166372 -0.08372718 -0.41358224  0.01471445	 0.00182543 -0.29691172  0.47732345 -1.94143653  1.26274178 -0.00193162 -0.00250489 -0.24433222  0.40243476 -0.06142296 -0.36808441  0.00096136	0.25419687 0.17071249 3.90085356	 0.00334264  0.02065793 -0.00045683	 0.00392889  0.02095934 -0.00043874	-0.00116978  0.00611805 -0.99998060	0.35000000	0.00000000	0.00000000	-0.07863045	0.21387525	0.42237878	-1.17089629	1.35339785	0.83206624	-0.71909732	0.85856837	-1.24143624	1.38628769	0.26208141	-0.21390155	0.07220004	-0.02777819	0.34573001	0.04717494	0.22352615	-0.31752774	0.84147066	0.90463299	0.18223396	-0.29349634	-0.58567226	1.02600157	
0.00800400	-10.31670606  -2.01855793   0.09969050   0.05803568  -0.30357618   0.04272154	    3.84865111   -56.30336845 -1012.81110049   -66.67888399    15.95239800    -9.58357077	   9.34253492   -6.75079226   33.18912788   14.88865805   11.19537561   15.70657688   -2.95418854 -103.88232875  -40.06023382 -135.76198381   40.33236319  -87.37960482	 0.03303859  0.11398029 -0.55821444  0.95410686 -0.46166561 -0.12125510  0.02153441 -0.00777254 -0.24052187  0.80886647 -0.56699662 -0.03923001	 0.01414675 -0.29487694  0.58707176 -1.99398240  1.27353647 -0.01729160  0.02224874 -0.26917587  0.45989715 -0.06268262 -0.38809315  0.00677371	 0.00048550 -0.30664627  0.54102919 -1.94506744  1.24699570 -0.00079753  0.00191696 -0.24618928  0.41860904 -0.06976172 -0.36638346 -0.00087036	0.25791248 0.17650027 3.90031311	 0.00212567  0.01988051 -0.00052323	 0.00250031  0.02015739 -0.00050166	-0.00100775  0.00609697 -0.99998091	0.35000000	0.00000000	0.00000000	-0.04970854	0.20201726	0.39764029	-1.15842474	1.35858178	0.83709854	-0.72489017	0.86213845	-1.23052108	1.39866960	0.25302973	-0.19911417	0.08105549	-0.02577683	0.34167543	0.03814936	0.20642608	-0.31126285	0.83018255	0.94688302	0.17055957	-0.30390289	-0.57381749	1.02800918	
0.00848300	-10.49787853  -2.08680742   0.47469387   0.06252522  -0.29957122   0.04478836	    2.87272422   -57.73987073 -1014.52357499   -66.83227168    16.88861628    -9.46725180	   8.82513938   -6.91617414   32.17880241   16.64631897   10.85204469   17.34142628   -3.21353107 -103.47388983  -40.30171509 -135.69942853   41.57098934  -86.42917132	 0.03304432  0.11125647 -0.55315128  0.93762075 -0.45116779 -0.12126378  0.02152828 -0.00991867 -0.23692739  0.80821208 -0.57009803 -0.03922180	 0.03127210 -0.32776419  0.64997898 -1.97269018  1.27401633 -0.00282388 -0.02002108 -0.27970454  0.45829835 -0.07165625 -0.37915712  0.02871947	 0.00310892 -0.32352020  0.60867720 -1.95157393  1.24279533 -0.00263120 -0.00121389 -0.25679824  0.42955606 -0.07778338 -0.36955832  0.00310959	0.26186820 0.18275667 3.89970847	 0.00066867  0.01948474 -0.00059315	 0.00111649  0.01962627 -0.00057070	-0.00084062  0.00608542 -0.99998113	0.35000000	0.00000000	0.00000000	-0.02427812	0.19029872	0.37212944	-1.15127969	1.36205411	0.83865666	-0.73124820	0.86342359	-1.22537041	1.41631198	0.23360503	-0.18566376	0.08757986	-0.02202199	0.34205472	0.02905793	0.18693283	-0.29876199	0.81926018	0.98992264	0.15779354	-0.31535003	-0.56248260	1.02681923	
0.00803000	-10.56455969  -1.77122442   0.57424845   0.05410250  -0.30067803   0.03963165	    2.35567674   -59.11877336 -1011.01960709   -66.65687463    17.99642423    -9.60083571	   8.58157412   -5.86239111   31.62552898   17.37171005   10.41358479   18.87965839   -2.54002239 -102.74609375  -40.60918850 -134.09473866   42.52301860  -86.33488786	 0.03303484  0.10862501 -0.54792816  0.92213192 -0.44143998 -0.12125618  0.02154024 -0.01196063 -0.23343788  0.80749764 -0.57300952 -0.03923527	-0.02036408 -0.36017783  0.70393348 -1.99613659  1.22181171 -0.01162329 -0.00693054 -0.25892781  0.46391837 -0.10496899 -0.38125548 -0.00262943	-0.00170891 -0.33047588  0.65970845 -1.93365061  1.21203568 -0.00026779  0.00098357 -0.25550718  0.43770203 -0.09080241 -0.36277212 -0.00128095	0.26554008 0.18844850 3.89876087	-0.00176003  0.01950019 -0.00065446	-0.00095668  0.01950832 -0.00063588	-0.00068478  0.00608997 -0.99998122	0.35000000	0.00000000	0.00000000	0.00318905	0.17951778	0.34560451	-1.13615429	1.36111331	0.84443885	-0.72922021	0.86411810	-1.20974898	1.42045760	0.22217375	-0.16929162	0.09774292	-0.02099848	0.33968684	0.01969927	0.16830678	-0.29494330	0.80784762	1.02835846	0.14559521	-0.32490090	-0.54993677	1.02652454	
0.00802400	-10.54803130  -1.84754806   0.77181839   0.05875795  -0.29486493   0.04182789	    0.16517864   -61.62763600 -1010.92514640   -66.67081306    18.31330632    -9.34208224	   8.19302785   -6.50318918   30.77268287   18.10655484   10.26443191   20.58466135   -2.36127966 -103.33552408  -40.13417369 -133.58281544   42.97969598  -84.97826076	 0.03303876  0.10593046 -0.54230294  0.90675661 -0.43183467 -0.12126341  0.02153272 -0.01405028 -0.22987972  0.80674348 -0.57596782 -0.03923683	-0.01134465 -0.35991124  0.71581747 -1.98208833  1.22316436  0.00574591  0.00405714 -0.24586998  0.47550022 -0.10724273 -0.36828720 -0.03071429	-0.00042437 -0.33760511  0.70585353 -1.91604935  1.19346447 -0.00162410 -0.00058127 -0.25964876  0.44559705 -0.09747356 -0.36853287 -0.00270729	0.26940039 0.19452494 3.89763811	-0.00293782  0.01920264 -0.00072392	-0.00258243  0.01932884 -0.00069961	-0.00052975  0.00610983 -0.99998119	0.35000000	0.00000000	0.00000000	0.02633988	0.16414997	0.32259637	-1.12220895	1.36035001	0.84614587	-0.72934258	0.86543691	-1.19926655	1.43070912	0.20821927	-0.15076560	0.10322428	-0.01643763	0.34037599	0.00906555	0.15203859	-0.28828955	0.79513288	1.06686246	0.13189709	-0.33733326	-0.53766608	1.02409875	
0.00848800	-10.51442615  -1.50069880   0.86417500   0.05200575  -0.29552150   0.03577951	   -0.53001902   -62.95521366 -1010.14362473   -66.68049094    19.63670174    -9.35340962	   7.67602059   -5.94345853   30.22701427   18.51908983    9.71337564   22.11759996   -1.81306212 -102.42983413  -40.35575034 -132.66754285   44.56429535  -84.02947962	 0.03304605  0.10296899 -0.53588255  0.89056763 -0.42178694 -0.12123369  0.02153139 -0.01634477 -0.22599846  0.80588499 -0.57913148 -0.03924000	-0.00008949 -0.35282194  0.72981882 -1.77350049  1.10526952  0.01717307 -0.02614788 -0.27000851  0.42035852 -0.09248817 -0.34771126 -0.02881972	 0.00253078 -0.34956885  0.75985603 -1.89295264  1.17280870  0.00497397 -0.00220868 -0.26953331  0.45425605 -0.10207450 -0.37029724 -0.00246373	0.27347949 0.20086074 3.89631580	-0.00511916  0.01922572 -0.00079129	-0.00443850  0.01923511 -0.00076878	-0.00036650  0.00614416 -0.99998106	0.35000000	0.00000000	0.00000000	0.04826902	0.15651244	0.29564422	-1.11388338	1.35665333	0.84947062	-0.72972482	0.86656308	-1.18618119	1.44099462	0.18868859	-0.13223425	0.11002417	-0.01637246	0.34333333	-0.00158578	0.13234706	-0.27890104	0.78361815	1.10687792	0.11489944	-0.34676614	-0.52369702	1.02208626	
0.00847700	 -54.69678690   83.69772411 -433.54449723  -25.18253045  -69.24149725  -11.71724904	  35.42626593  -72.82702261 -853.08816005  -56.90602189   25.70368058  -17.12109666	   7.03572161   -4.88068625   29.00390053   18.53235365    9.50832155   23.18258306   -1.20481946 -101.70747256  -40.09633569 -130.22094482   45.43140346  -83.15596497	 0.03302842  0.09960232 -0.52955522  0.87686640 -0.41025635 -0.11943422  0.02157375 -0.01883651 -0.22163882  0.80452287 -0.58211315 -0.03952651	-0.03009377 -0.47753785  0.73074878 -1.42860692  1.54222618  0.41206805  0.03767301 -0.33978122  0.57595821 -0.21928729 -0.33455023 -0.06887389	-0.00318358 -0.41435435  0.72943517 -1.51926161  1.42078765  0.28246378  0.00689503 -0.30186208  0.53000000 -0.17830237 -0.34208170 -0.04640999	0.28380648 0.20745621 3.91395976	 0.03777242 -0.00835547 -0.00647581	 0.02638810 -0.00011659 -0.00472839	-0.00032310  0.00598657 -0.99998203	0.35000000	0.00000000	0.00000000	0.06220944	0.15290803	0.32329276	-1.16904461	1.33683062	0.85615432	-0.71057039	0.85640925	-1.16499031	1.45633888	0.14712493	-0.15646219	0.13604721	-0.03532746	0.29413968	-0.06823631	0.11407931	-0.26639470	0.79735279	1.13949347	0.05619508	-0.34495673	-0.50209630	0.97550088	
0.00800000	 -49.51963786   56.22945295 -333.83849911  -19.62660347  -53.35179778   -6.83164439	  25.03455961  -52.75529522 -865.86235544  -57.47342810   25.35223562  -10.83724629	   4.57274275    6.02437901   10.56875121   13.20491495  -17.87579320   12.20904782    5.75372620  -88.77557158  -39.88820124 -130.67057976   48.49496269  -73.81914175	 0.03304631  0.09610982 -0.52437358  0.86753170 -0.39782333 -0.11572609  0.02166403 -0.02136000 -0.21689369  0.80237959 -0.58457617 -0.03993957	 0.00383486 -0.42046055  0.64686223 -1.00704019  1.58868124  0.53842146  0.01784715 -0.32801265  0.62154396 -0.33968921 -0.29715410 -0.03438740	 0.00383012 -0.43105308  0.63364222 -1.11828567  1.54957887  0.46625419  0.01208894 -0.31455834  0.59682873 -0.28178509 -0.29958714 -0.04166839	0.28841576 0.21022476 3.92593515	 0.03781310 -0.01216496 -0.01801603	 0.03831449 -0.01152448 -0.01433003	-0.00042007  0.00566837 -0.99998385	0.35000000	0.00000000	0.00000000	0.07768743	0.18226725	0.34532616	-1.17596531	1.28200400	0.86506754	-0.66123289	0.81451547	-1.08612657	1.44281662	0.08112489	-0.20010248	0.15536577	-0.04391173	0.32004511	-0.07865736	0.01999751	-0.25727269	0.77370447	1.13008523	0.05742041	-0.33402371	-0.51946795	0.89503270	
0.00800000	 -29.72611019   29.64829459 -253.83846678  -15.06691440  -40.63761461   -3.37882653	   7.47824529  -52.08557623 -866.12673006  -57.51846859   26.31608345   -4.66213854	   1.96962588    2.82696967   -0.26718579    0.37366780  -28.80885637    6.08665406   11.69472279  -85.53787398  -30.88369261 -115.96005419   49.80994874  -66.03466618	 0.03302826  0.09276854 -0.51999636  0.86061111 -0.38566812 -0.11209498  0.02187650 -0.02392543 -0.21184210  0.79956756 -0.58668315 -0.04013201	-0.01141968 -0.39204304  0.54939712 -0.77974199  1.51830914  0.42862056  0.03230791 -0.31994115  0.64956673 -0.41467871 -0.26810695 -0.00870262	-0.00157501 -0.40944989  0.53828652 -0.83428752  1.50232398  0.43873572  0.02683574 -0.31992867  0.63135765 -0.36148619 -0.26010774 -0.02124686	0.29060228 0.21340328 3.93285443	 0.03496216 -0.00529942 -0.03372443	 0.03599747 -0.00778938 -0.02862589	-0.00049382  0.00537759 -0.99998542	0.35000000	0.00000000	0.00000000	0.06208876	0.19169196	0.33599392	-1.14996612	1.22430885	0.86777639	-0.63410509	0.78727829	-1.00411856	1.42788851	0.07724211	-0.17793912	0.19048142	-0.03100076	0.32657573	-0.08368538	-0.03281415	-0.28296354	0.78659308	1.13312733	0.07816546	-0.35512084	-0.51220250	0.83306944	
0.00846800	  -9.44328197   20.09186098 -187.76441080  -11.12620054  -30.18560514   -2.86958512	  -5.81442887  -46.65688875 -873.93052657  -58.13084315   29.40143672   -1.53517068	   1.88967363    2.01804568   -7.78579249   -5.81437492  -34.69072536    9.05017711   13.07756207  -77.13327503  -22.77630115 -106.44976491   54.11777106  -61.10559231	 0.03303855  0.08949524 -0.51599866  0.85511661 -0.37399728 -0.10905962  0.02223090 -0.02658077 -0.20636945  0.79614917 -0.58867609 -0.04021398	-0.00134757 -0.40087571  0.46177970 -0.57752524  1.34297841  0.31620868  0.04286393 -0.33763204  0.67870094 -0.44334567 -0.23959851 -0.02212747	 0.00056886 -0.38202350  0.46639651 -0.62538366  1.35591477  0.34617282  0.04237785 -0.31401447  0.65118663 -0.41480699 -0.23345181 -0.01189810	0.29139460 0.21467029 3.93610449	 0.02123421  0.00712769 -0.04365939	 0.02586717  0.00305070 -0.04075726	-0.00048734  0.00513573 -0.99998669	0.35000000	0.00000000	0.00000000	0.06328790	0.19527394	0.29216117	-1.11115623	1.16259956	0.88842314	-0.62839490	0.77781963	-0.95628095	1.38919306	0.07046361	-0.14671242	0.22442910	-0.01489391	0.35128307	-0.09379090	-0.07563742	-0.30481628	0.80916458	1.13448346	0.10153358	-0.37117979	-0.50334871	0.79790258	
0.00801100	   0.73310690   21.43577336 -158.46353885   -9.23396147  -25.31178901   -3.59089469	 -10.37616399  -46.80911805 -867.86504359  -57.99510475   35.01125833   -1.37615634	  2.17153690  -0.23615284  -9.23313458 -14.58929941 -33.92225692  14.02214926  12.43610320 -75.41475201 -16.44845558 -95.00675595  59.22700346 -58.30010772	 0.03304014  0.08670690 -0.51266296  0.85118796 -0.36449355 -0.10678780  0.02258006 -0.02894724 -0.20122679  0.79267430 -0.59039091 -0.04023637	-0.00606543 -0.33105057  0.43275056 -0.47689126  1.15321625  0.25875748  0.01872689 -0.28829148  0.65736347 -0.45672056 -0.20044912 -0.00903960	 0.00193962 -0.34657477  0.41617165 -0.48052384  1.16851569  0.28231390  0.04193737 -0.29597139  0.64423824 -0.43803872 -0.21260407 -0.00486956	0.29144152 0.21512202 3.93660983	 0.00679577  0.01859250 -0.04563003	 0.01163581  0.01474818 -0.04509345	-0.00038320  0.00502692 -0.99998729	0.35000000	0.00000000	0.00000000	0.06591365	0.19169267	0.24508265	-1.06885684	1.11405444	0.90767324	-0.62638825	0.77457136	-0.90983111	1.34155107	0.08488809	-0.10986880	0.25778294	0.00710155	0.35554108	-0.10682598	-0.09737668	-0.32748827	0.83053511	1.13468683	0.10833228	-0.38310048	-0.49361369	0.77375114	
0.00801200	   5.95127888   22.86071333 -141.74759383   -8.14045795  -22.48814238   -4.09877660	 -12.32756176  -47.54200258 -871.70832947  -58.48419542   40.30253985   -1.09600684	  2.86180906  -2.93573771  -8.92460206 -19.89037950 -32.03012064  17.63898094  12.56050272 -74.62089825 -11.90993773 -89.55114803  64.51052749 -56.69002146	 0.03302736  0.08404143 -0.50954066  0.84803788 -0.35647255 -0.10460429  0.02293907 -0.03119610 -0.19610439  0.78905611 -0.59200241 -0.04023778	-0.00432323 -0.36065991  0.41759495 -0.36130220  0.94910227  0.27534084  0.03915115 -0.29913196  0.64223281 -0.45263661 -0.18001507  0.03375719	-0.00122073 -0.33519663  0.39323596 -0.38691501  0.98613828  0.27738554  0.04190803 -0.28095291  0.64229512 -0.45528170 -0.19900818  0.00191564	0.29138320 0.21549865 3.93627210	-0.00697035  0.02795960 -0.04390426	-0.00237100  0.02484882 -0.04452899	-0.00019548  0.00503124 -0.99998732	0.35000000	0.00000000	0.00000000	0.07580736	0.18995248	0.20858893	-1.03724873	1.07928967	0.92689687	-0.62660027	0.77969706	-0.87654620	1.30597103	0.09178613	-0.08525813	0.29199547	0.03689376	0.35632360	-0.11839598	-0.11653476	-0.33746889	0.84096229	1.13373113	0.10167672	-0.38519016	-0.48036334	0.75108409	
0.00852400	   5.92868763   22.71611545 -139.23842225   -7.94198910  -21.91176258   -4.04328717	 -10.90559991  -49.68953814 -869.70090982  -58.60897433   45.74580198   -1.71738149	  3.83114153  -4.31409937  -7.87969480 -24.10343865 -28.57523802  18.20590243  12.15447997 -75.13996339  -9.35707116 -84.00295174  69.19624579 -55.86439556	 0.03304436  0.08131021 -0.50634043  0.84525884 -0.34945744 -0.10208925  0.02330452 -0.03347884 -0.19070380  0.78509556 -0.59362756 -0.04024738	 0.01834050 -0.29488098  0.32116494 -0.27651936  0.70006416  0.29442930  0.04974579 -0.26449765  0.56347016 -0.43362320 -0.14618646  0.02450446	 0.00276585 -0.31938713  0.37315958 -0.31604030  0.79704178  0.29873662  0.04193133 -0.26767155  0.62974151 -0.46446053 -0.18541705  0.00170505	0.29120453 0.21616722 3.93558251	-0.01902604  0.03578896 -0.04113276	-0.01537645  0.03341924 -0.04200617	 0.00007702  0.00514677 -0.99998675	0.35000000	0.00000000	0.00000000	0.09081496	0.18944673	0.17864427	-1.00278866	1.05168629	0.94612765	-0.62034351	0.77852291	-0.83770680	1.27636337	0.10736133	-0.05845689	0.32742858	0.06465479	0.35163221	-0.11863499	-0.13171715	-0.34877199	0.84551024	1.13225901	0.08674714	-0.38153711	-0.46900216	0.73063660	
0.00845200	   2.89000998   21.54990557 -143.78122570   -8.17259925  -22.45071601   -3.66367392	  -8.84939191  -52.22754656 -869.03042694  -58.77755870   50.24769859   -2.51064801	  4.38132901  -6.93361679  -5.40479048 -28.19756696 -24.30243149  18.14665741  11.77740977 -76.18855476  -7.36036633 -81.10689965  73.04059267 -54.45518976	 0.03303125  0.07855825 -0.50309809  0.84281718 -0.34372433 -0.09931084  0.02362999 -0.03568438 -0.18529424  0.78103514 -0.59520559 -0.04025702	 0.00348432 -0.34926804  0.41142552 -0.28692056  0.65736155  0.35299270  0.02549486 -0.26079322  0.65093421 -0.48775592 -0.18074402  0.00841771	-0.00140900 -0.32988041  0.38620767 -0.28514648  0.66300199  0.33631228  0.03681965 -0.26356387  0.64381329 -0.48557230 -0.18604319 -0.00115922	0.29141721 0.21782720 3.93516753	-0.02582190  0.04001277 -0.03892292	-0.02376371  0.03874159 -0.03961534	 0.00040018  0.00534166 -0.99998565	0.35000000	0.00000000	0.00000000	0.09608075	0.18877783	0.16116497	-0.98620802	1.03724301	0.95513231	-0.61751628	0.78122115	-0.81324649	1.26500618	0.11296898	-0.04579474	0.36093551	0.09402882	0.34229621	-0.12778062	-0.15070924	-0.35223350	0.84745198	1.13747144	0.06567143	-0.37781754	-0.45210245	0.71292853	
0.00805100	 145.97336300   96.39122737 -463.09496000  -33.31070598   53.19575931   -5.45478294	   4.57239554  -52.64829142 -756.45936349  -51.61266442   52.47528761    1.66099918	  5.66312160  -6.49041617  -4.61743731 -29.40086688 -21.06951128  16.65215966  11.82688301 -75.51512456  -7.62043496 -76.03121409  77.81586671 -52.90283221	 0.03303785  0.07566103 -0.50016564  0.84109249 -0.34073992 -0.09558012  0.02385388 -0.03785470 -0.18029886  0.77685047 -0.59634954 -0.04026041	 0.01067940 -0.33504591  0.32670729 -0.15559267  0.15660497  0.52199593  0.01485568 -0.27181272  0.53736289 -0.50167505 -0.10577062 -0.00970118	 0.00110238 -0.37014124  0.35791904 -0.19754755  0.29919236  0.50095909  0.02366510 -0.27361092  0.61350372 -0.53154948 -0.13102623 -0.00111279	0.27445731 0.21737463 3.95625125	-0.00508532  0.07342891 -0.02036753	-0.01125723  0.06305799 -0.02610529	 0.00085781  0.00546185 -0.99998472	0.35000000	0.00000000	0.00000000	0.13881935	0.21353997	0.13565475	-0.95628351	0.99573833	0.99159181	-0.62178183	0.78878719	-0.73511028	1.24338102	0.12086213	-0.02782822	0.42524177	0.13955951	0.32586020	-0.13167974	-0.16062295	-0.37845209	0.86099792	1.10180008	0.00060107	-0.35743564	-0.43082398	0.63471615	
0.00847900	 109.16992248   64.97785976 -368.49126837  -26.46265638   41.97448086   -4.72512692	  -8.04206725  -49.57089300 -785.19565626  -53.38403866   52.12266707    4.92226614	  7.61485667  -4.74828655   3.83434214 -27.84366839 -10.00771505  11.54341885  12.80154600 -70.24702096   5.46102183 -78.84802777  84.54525018 -49.89167333	 0.03306701  0.07208045 -0.49711910  0.83993083 -0.34100114 -0.09022164  0.02395852 -0.04034480 -0.17496638  0.77161790 -0.59697816 -0.04025431	 0.01128599 -0.46905057  0.41787427 -0.12196559 -0.16528981  0.66249364  0.01990143 -0.30970609  0.68383653 -0.68695016 -0.07927573  0.02341424	 0.00502132 -0.42566325  0.36601623 -0.13166082 -0.07708404  0.64074607  0.00984498 -0.29456977  0.63547734 -0.63139373 -0.06597025  0.00077675	0.26382407 0.21717272 3.97056043	 0.00354240  0.07916333 -0.00987401	 0.00133432  0.07820839 -0.01266781	 0.00152485  0.00545797 -0.99998394	0.35000000	0.00000000	0.00000000	0.16686508	0.24291821	0.12310221	-0.91467673	0.95136535	1.04401147	-0.60708898	0.80787808	-0.69326234	1.25500846	0.13013075	-0.04370721	0.51736343	0.19688736	0.33884129	-0.14215678	-0.17332157	-0.38912913	0.91014481	1.08103228	-0.06848186	-0.33231264	-0.39033547	0.56675345	
0.00851800	  83.20660074   45.23489264 -330.89193056  -23.49453498   32.87395930   -1.28467560	 -17.56146665  -48.52271580 -763.39067977  -51.65589227   45.21649713    4.02929317	 10.71726863  -2.34113301   2.71723308 -28.89128636   2.48705925   5.28814369  12.46746855 -67.03294897   5.96053679 -73.15471321  86.15031981 -46.49091864	 0.03315513  0.06843054 -0.49390049  0.83901322 -0.34327604 -0.08467438  0.02399053 -0.04285704 -0.16936570  0.76564724 -0.59722635 -0.04025077	 0.04177558 -0.39151813  0.36053352 -0.08283543 -0.32884472  0.57486441 -0.02798283 -0.26150295  0.65912019 -0.71435005 -0.04427530  0.01035405	 0.01313393 -0.42531706  0.37913433 -0.10495076 -0.29054170  0.63732707  0.00166270 -0.29355318  0.66322529 -0.71007152 -0.02821268  0.00174164	0.25709119 0.21731788 3.97774068	 0.00709150  0.07692456 -0.00662804	 0.00608403  0.07790626 -0.00751820	 0.00219097  0.00541042 -0.99998296	0.35000000	0.00000000	0.00000000	0.16612466	0.26765531	0.11926187	-0.88074172	0.91727805	1.04878259	-0.60664988	0.78714538	-0.67357641	1.24195147	0.14600858	-0.04038104	0.57617396	0.24803722	0.34299603	-0.12840000	-0.19779843	-0.40477154	0.93613285	1.06662691	-0.09350620	-0.32379079	-0.35230950	0.53514308	
0.00848200	  60.47143673   33.13554301 -277.16856099  -19.50521586   25.23672038    0.69848072	 -22.83719746  -47.29490076 -776.39110903  -52.44779611   44.58213273    2.66181940	 11.71461084  -3.92551181   3.71193593 -24.65456766   6.92907190   7.02650181  12.58470281 -64.22785521   5.58879023 -71.99277230  87.87879324 -42.18198436	 0.03326095  0.06484349 -0.49050673  0.83816132 -0.34655640 -0.07960818  0.02401286 -0.04540108 -0.16349515  0.75917796 -0.59725464 -0.04025991	 0.00429742 -0.38163723  0.37453249 -0.11166149 -0.36562435  0.56021216  0.00569682 -0.29295817  0.66590675 -0.73688800  0.00405834 -0.02118586	 0.01465528 -0.41705094  0.39920530 -0.10106434 -0.39401243  0.58828174  0.00109050 -0.29642598  0.69678093 -0.76905652 -0.00150077 -0.00119053	0.25329986 0.21772985 3.98023298	 0.00524574  0.06932675 -0.00532110	 0.00600681  0.07188650 -0.00568257	 0.00281334  0.00535515 -0.99998170	0.35000000	0.00000000	0.00000000	0.16292934	0.27169344	0.10484482	-0.85728061	0.88907278	1.04842174	-0.61669046	0.78940630	-0.68297845	1.23324978	0.14588179	-0.04358273	0.61063433	0.29283625	0.35505682	-0.13873222	-0.22531724	-0.41527072	0.94848192	1.06445348	-0.10147010	-0.31916171	-0.32778671	0.51832229	
0.00850600	  47.11010618   30.17679251 -256.07983384  -17.80167605   20.46256139    1.61957445	 -21.72861346  -45.50020873 -771.05300474  -52.11472929   45.03101688    1.04559918	 12.31012202  -4.12459061   4.06506917 -23.99017939   9.64721780   8.55991288  11.88084570 -61.04522872   1.89131739 -68.01478855  87.11811197 -39.18800953	 0.03337785  0.06139378 -0.48694738  0.83733779 -0.35030120 -0.07501347  0.02401488 -0.04788872 -0.15739823  0.75235943 -0.59712034 -0.04026490	 0.03178456 -0.36192178  0.39886194 -0.07325475 -0.44528493  0.51303023 -0.00568050 -0.24919819  0.69372326 -0.74920474  0.00067808 -0.01909697	 0.01594659 -0.40094594  0.41883119 -0.09673883 -0.44268585  0.53441559 -0.00163415 -0.28837781  0.71997031 -0.80275196  0.01629844 -0.00120552	0.25024183 0.21776703 3.98010763	-0.00076667  0.06253827 -0.00482477	 0.00118443  0.06470304 -0.00496465	 0.00337156  0.00533593 -0.99998008	0.35000000	0.00000000	0.00000000	0.15701349	0.27328396	0.09083470	-0.83834571	0.86957389	1.03572905	-0.62728423	0.77896577	-0.68461353	1.21490300	0.14658509	-0.04163110	0.63761097	0.31905171	0.36043164	-0.14262523	-0.25176576	-0.43134344	0.95108199	1.06833363	-0.10199139	-0.31423375	-0.31140321	0.51230597	
0.00800700	  37.78734039   28.82427225 -242.50069581  -16.67716466   17.08185813    1.74367905	 -19.35172018  -44.77012102 -765.54336623  -51.80168705   46.09495788   -0.06746544	 12.22141480  -5.90359420   5.10303833 -23.03867245  10.15303141  10.49734761  12.14806648 -59.23727131  -1.30585693 -64.69733021  86.92166626 -36.04293033	 0.03348178  0.05826866 -0.48352908  0.83649954 -0.35391538 -0.07095453  0.02402194 -0.05018214 -0.15154300  0.74575383 -0.59686929 -0.04024732	 0.03833972 -0.40248366  0.43734978 -0.10985947 -0.47534408  0.51742854 -0.01000673 -0.30044832  0.77934765 -0.83848803  0.06863868  0.03050595	 0.01479536 -0.38930929  0.42904845 -0.10584732 -0.45289005  0.50630555 -0.00210574 -0.28528406  0.73425118 -0.82446834  0.03382174  0.00401568	0.24768585 0.21789797 3.97828047	-0.00712485  0.05716575 -0.00458279	-0.00501025  0.05897445 -0.00465848	 0.00384855  0.00536908 -0.99997818	0.35000000	0.00000000	0.00000000	0.14727353	0.26754412	0.07951394	-0.82913160	0.85566789	1.02181768	-0.63675100	0.77338588	-0.68476301	1.20379424	0.14344424	-0.03997904	0.65803331	0.33904290	0.36046612	-0.15064348	-0.27817148	-0.44420820	0.94952625	1.07207119	-0.10503252	-0.30762342	-0.30155388	0.50677270	
0.00800600	  31.07235382   28.08660335 -243.82688484  -16.58810232   14.25964123    1.58862254	 -15.96236484  -43.37930399 -752.27386460  -50.96716218   46.82686475   -1.03801440	 12.08257189  -7.23001122   6.33963345 -23.25390594   9.63856805  10.69661653  11.96513171 -56.85294437  -4.22059441 -61.41068871  85.90606606 -33.58831003	 0.03357987  0.05520312 -0.48005130  0.83563421 -0.35751235 -0.06700614  0.02402834 -0.05241675 -0.14562606  0.73908630 -0.59660060 -0.04025147	 0.03465750 -0.36715237  0.40164926 -0.07955714 -0.42089741  0.48222969  0.00350207 -0.28065220  0.74033225 -0.81032944  0.00595172 -0.00216015	 0.01554242 -0.38176608  0.43150287 -0.10800244 -0.44598014  0.49135992 -0.00036587 -0.27812951  0.73758663 -0.82978056  0.03162435  0.00141294	0.24520260 0.21800206 3.97539916	-0.01304736  0.05281212 -0.00444713	-0.01110974  0.05426288 -0.00448854	 0.00428683  0.00545175 -0.99997595	0.35000000	0.00000000	0.00000000	0.14030613	0.26097625	0.07210772	-0.82243347	0.84706384	1.00721908	-0.63999557	0.76214170	-0.67977983	1.19600630	0.14262836	-0.03858264	0.67453557	0.35229397	0.35872963	-0.15137319	-0.30272636	-0.45611563	0.94358820	1.07938349	-0.10803506	-0.30021486	-0.29532060	0.50293732	
0.00800100	  25.07265879   27.59284430 -251.30145326  -16.92295872   11.55994161    1.03998270	 -10.65047760  -42.70614153 -740.33470825  -50.27773155   48.88477025   -2.01058036	 11.63639967  -8.46328443   8.05526036 -24.22419971   8.85934594  10.35027706  11.89106760 -55.39225650  -7.04856683 -58.78801346  86.65183461 -30.65128967	 0.03365523  0.05221806 -0.47652438  0.83469156 -0.36102820 -0.06309833  0.02403869 -0.05460572 -0.13971764  0.73244387 -0.59627060 -0.04025418	-0.00650422 -0.35293195  0.42360368 -0.10997258 -0.40225676  0.48900724 -0.00108257 -0.29276339  0.71324514 -0.79139422  0.05230160  0.01491892	 0.00952041 -0.37105960  0.43785508 -0.11676807 -0.43583463  0.48634995  0.00135428 -0.27417177  0.73354851 -0.82564380  0.04225591  0.00194244	0.24260909 0.21824104 3.97216470	-0.01741423  0.04951587 -0.00456015	-0.01600653  0.05060968 -0.00451461	 0.00469473  0.00557569 -0.99997344	0.35000000	0.00000000	0.00000000	0.13129424	0.25401381	0.06586955	-0.81605208	0.83869344	0.99435258	-0.64186251	0.75125879	-0.67031723	1.19259441	0.14380239	-0.03546821	0.68829143	0.36428455	0.35448262	-0.15307090	-0.32961529	-0.46474054	0.93817496	1.08591568	-0.11400259	-0.29174453	-0.29155302	0.49878889	
0.00800000	  20.47824847   26.29172368 -260.43732544  -17.40901853    9.44148114    0.76435796	  -6.94780410  -41.40627269 -727.03986953  -49.45123251   49.96596358   -2.38936203	 11.51628616 -10.23459432   9.32532036 -24.75972651   8.01234752   9.57479212  11.73140626 -53.25136256  -8.92210566 -56.37181887  86.14292300 -27.74976042	 0.03372553  0.04924593 -0.47298462  0.83372114 -0.36442956 -0.05921490  0.02405266 -0.05675017 -0.13382683  0.72588350 -0.59596714 -0.04025620	 0.00589793 -0.38231332  0.40000684 -0.11291331 -0.40504203  0.50420629  0.00427913 -0.23261773  0.70399928 -0.75964917  0.01488434 -0.00608098	 0.00647207 -0.36948123  0.43651608 -0.11986120 -0.42066308  0.48337724  0.00385961 -0.26442239  0.72787308 -0.81015408  0.03783289  0.00108794	0.24005520 0.21873830 3.96857885	-0.02005516  0.04658388 -0.00571262	-0.01924594  0.04754642 -0.00530355	 0.00507795  0.00572762 -0.99997070	0.35000000	0.00000000	0.00000000	0.12600733	0.24448501	0.06148599	-0.80927634	0.83253950	0.98181033	-0.64212626	0.73857713	-0.66142905	1.19285154	0.14533187	-0.03262102	0.70047295	0.37441844	0.35206696	-0.15249449	-0.35282212	-0.47396392	0.93203670	1.09536386	-0.11931784	-0.28452036	-0.28723720	0.49335501	
0.00848000	  16.05229798   25.91048978 -274.10697821  -18.20031923    7.35750897    0.04384869	  -1.60288221  -40.36389400 -715.08728364  -48.76091438   52.17346812   -2.93839854	 10.93645392 -11.04430738  11.02999659 -25.99243939   7.08034359   8.53392779  11.47178864 -51.47501314 -10.95933203 -54.57204747  87.29124248 -24.61587918	 0.03382556  0.04611888 -0.46921124  0.83264135 -0.36790035 -0.05513694  0.02406675 -0.05904342 -0.12759282  0.71898790 -0.59564853 -0.04025409	 0.00014654 -0.35840988  0.45881947 -0.15074272 -0.41491796  0.48980318 -0.01657169 -0.25784534  0.74806400 -0.82424167  0.01561839  0.00171049	 0.01128821 -0.36709638  0.44248436 -0.12902597 -0.40700346  0.47939442  0.00258966 -0.26690467  0.73193338 -0.80875960  0.03498918  0.00027905	0.23723976 0.21938875 3.96488857	-0.02138012  0.04399440 -0.00756771	-0.02101963  0.04479235 -0.00697669	 0.00546156  0.00590529 -0.99996765	0.35000000	0.00000000	0.00000000	0.11835636	0.23755237	0.05501624	-0.80517912	0.82287753	0.97007298	-0.64512450	0.72639859	-0.64968002	1.19765031	0.14604011	-0.02717897	0.71127355	0.38026103	0.34982327	-0.15222386	-0.37774774	-0.47972941	0.92857784	1.10688484	-0.12775716	-0.27594173	-0.28490770	0.48555475	
0.00851000	  12.84286043   26.59490284 -293.41127262  -19.39820533    6.02590112   -0.88892661	   5.67641832  -37.94190329 -694.64949412  -47.56036868   55.39602927   -3.53439150	 10.16911560 -11.57122180  12.35066222 -27.11525634   6.70632382   7.32897088  11.13832029 -48.51003337 -13.14290582 -50.20625198  88.52932942 -21.56711179	 0.03390911  0.04299205 -0.46544257  0.83156784 -0.37124608 -0.05109569  0.02410890 -0.06133402 -0.12145223  0.71223365 -0.59534769 -0.04026225	 0.00024059 -0.35767010  0.42489213 -0.10781301 -0.36307212  0.47188145 -0.01168193 -0.25706449  0.67268382 -0.71729363  0.01776687  0.01257042	 0.00946401 -0.36648342  0.44071909 -0.12495246 -0.39101949  0.47470224  0.00339645 -0.26687092  0.71698014 -0.78805841  0.03334109  0.00013462	0.23372837 0.21985271 3.96114615	-0.02173201  0.04287241 -0.00970010	-0.02166960  0.04319872 -0.00903197	 0.00582927  0.00608971 -0.99996447	0.35000000	0.00000000	0.00000000	0.11292851	0.23519620	0.04522081	-0.80175138	0.81394279	0.95995581	-0.64755422	0.70946819	-0.63482279	1.20183086	0.14873147	-0.02087532	0.72239345	0.38322529	0.34853312	-0.15026431	-0.40247348	-0.48928258	0.92975563	1.11838329	-0.13672796	-0.26777852	-0.28157365	0.47762087	
0.00852000	   9.56601511   28.09566716 -315.50678911  -20.74862443    4.19754326   -1.63563428	  11.43638897  -35.40440608 -673.71602999  -46.28427349   57.73855507   -4.07330093	  9.62344361 -11.77743599  14.21620774 -29.35603689   5.49503546   6.16304046  10.77961725 -45.50252128 -13.66796436 -47.12008367  89.12264943 -18.13623492	 0.03400984  0.03987959 -0.46173318  0.83049346 -0.37446615 -0.04714941  0.02418068 -0.06363559 -0.11538690  0.70561346 -0.59506832 -0.04025333	-0.00824259 -0.32637887  0.40082908 -0.11551636 -0.34924829  0.40945979  0.02884835 -0.24960859  0.65542508 -0.71888303  0.01287682  0.02047652	 0.00986590 -0.36461701  0.43516431 -0.12509261 -0.37563885  0.45935617  0.00965155 -0.26742619  0.70921695 -0.77120226  0.02996146  0.00283812	0.23011945 0.22004955 3.95744132	-0.02138811  0.04111103 -0.01208061	-0.02154251  0.04167259 -0.01133627	 0.00618559  0.00627403 -0.99996119	0.35000000	0.00000000	0.00000000	0.10834996	0.23237081	0.03389870	-0.79204160	0.80480349	0.94973820	-0.64821231	0.69243592	-0.61848801	1.20915592	0.15246916	-0.01672278	0.73201686	0.38451335	0.35270762	-0.14853781	-0.42427963	-0.49946189	0.93152750	1.13396192	-0.14414653	-0.26103827	-0.27941176	0.46671623	
0.00848400	   6.04011821   30.65801382 -338.40576940  -22.13562086    2.29123025   -2.55436245	  18.48230433  -32.11802062 -648.75090967  -44.75583236   60.34529274   -5.14413510	  8.75282690 -11.74830326  15.78822760 -31.61050759   4.42571529   5.45919263   9.75333677 -41.93125451 -15.12860902 -42.91186066  89.60589051 -14.75521703	 0.03413806  0.03676243 -0.45807598  0.82945873 -0.37762896 -0.04323041  0.02425759 -0.06595437 -0.10944121  0.69916958 -0.59483242 -0.04025327	 0.03913422 -0.38925515  0.45364645 -0.15547325 -0.37255350  0.48523004  0.03570359 -0.30070037  0.72049088 -0.76326296  0.01843623  0.01384845	 0.01572790 -0.36859887  0.42811384 -0.12343625 -0.36844853  0.45902903  0.01256235 -0.27124562  0.69787403 -0.75310074  0.02539217  0.00284618	0.22611122 0.21969179 3.95358135	-0.02095094  0.03975829 -0.01321374	-0.02112921  0.04016891 -0.01287172	 0.00652796  0.00645488 -0.99995786	0.35000000	0.00000000	0.00000000	0.10644893	0.23232666	0.01823816	-0.78658885	0.79556447	0.94093251	-0.65274036	0.67487615	-0.59906113	1.21679115	0.15174611	-0.01110939	0.74315977	0.38173193	0.35648072	-0.14620665	-0.44458848	-0.51212060	0.93625396	1.14867866	-0.15572526	-0.25112367	-0.27852091	0.45268568	
0.00801600	   2.53421192   33.63392290 -369.35665807  -24.07050809    0.62471045   -3.77710915	  26.10523974  -27.34029877 -617.78817043  -42.80885976   62.60835624   -6.02958196	  7.62345349 -10.87319800  18.05930788 -34.54901253   4.00698878   3.69522354   8.97318386 -38.07157135 -16.18704518 -38.55135347  89.50222921 -11.13232753	 0.03424661  0.03384204 -0.45467923  0.82855456 -0.38056545 -0.03955539  0.02432211 -0.06812940 -0.10395505  0.69328795 -0.59463793 -0.04023114	 0.03070174 -0.35979984  0.38550885 -0.09042128 -0.33553243  0.41548467 -0.01413096 -0.23654843  0.62637296 -0.67211979  0.03110417  0.02553104	 0.01595008 -0.36444708  0.41929643 -0.11156362 -0.36388299  0.45516354  0.00853017 -0.26792199  0.67814006 -0.72688279  0.02380345  0.00531324	0.22200433 0.21861159 3.94988150	-0.02052458  0.03813340 -0.01311457	-0.02071326  0.03867022 -0.01314397	 0.00683859  0.00662174 -0.99995469	0.35000000	0.00000000	0.00000000	0.10621578	0.23234960	0.00552893	-0.77743697	0.78778106	0.93307602	-0.65217048	0.65235764	-0.57749033	1.22270238	0.15692179	-0.00864520	0.75423121	0.37987760	0.36306441	-0.14128765	-0.46638870	-0.52926552	0.94182563	1.16491938	-0.16723053	-0.24025531	-0.27650824	0.44157982	
0.00844900	  -1.80203673   35.97797167 -396.52894671  -25.71829567   -1.62216193   -4.80983682	  33.46091623  -20.06262407 -588.44000305  -40.91214989   64.59776547   -6.29263094	  6.77729428 -11.18136290  20.03255453 -37.30674621   2.98915895   2.68073822   8.95011202 -34.43674636 -17.00273619 -35.38393565  88.99616253  -7.18977316	 0.03435155  0.03074891 -0.45113473  0.82764507 -0.38366296 -0.03568537  0.02441783 -0.07049376 -0.09823744  0.68722414 -0.59450973 -0.04003632	 0.04685683 -0.39006738  0.44411187 -0.10553048 -0.38742108  0.50023009  0.02192117 -0.27966349  0.69573790 -0.74938019  0.01100359  0.02103180	 0.01607912 -0.36923060  0.41929136 -0.10689808 -0.36863105  0.46211938  0.01262877 -0.28055830  0.67561035 -0.71792212  0.01489298  0.02819343	0.21751613 0.21708775 3.94574018	-0.01966075  0.03581273 -0.01354891	-0.02000822  0.03652021 -0.01336306	 0.00715150  0.00679385 -0.99995135	0.35000000	0.00000000	0.00000000	0.10695523	0.23411016	-0.01040660	-0.77776778	0.78102022	0.92675996	-0.65952754	0.63599187	-0.55690545	1.23927784	0.15247142	-0.00493288	0.76526499	0.37624061	0.37195697	-0.13991596	-0.48922056	-0.54869938	0.95112473	1.18351674	-0.18197523	-0.22670685	-0.27389270	0.42323366	
0.00802000	  -4.53107054   39.13225487 -433.03673625  -28.05139083   -2.62887305   -5.69481735	  43.79988759  -14.72834790 -550.24469607  -38.56025782   68.25181464   -7.42310784	  6.04920048 -10.13876003  21.43325409 -40.35289051   3.83851643   0.46798918   7.90490180 -28.95188105 -18.61111168 -29.22151676  89.00895810  -4.79180462	 0.03444283  0.02785331 -0.44789626  0.82689492 -0.38653720 -0.03206423  0.02448833 -0.07276324 -0.09297225  0.68173074 -0.59445024 -0.03958612	 0.02842090 -0.38473308  0.41446965 -0.09339640 -0.34603800  0.45732244  0.01044801 -0.30828073  0.66434958 -0.68120123 -0.00868564  0.06912087	 0.01257598 -0.36471743  0.40404848 -0.09431145 -0.36015236  0.45651060  0.00968203 -0.28637260  0.65910665 -0.68723889  0.00662766  0.05798264	0.21223213 0.21467655 3.94172928	-0.01934076  0.03509143 -0.01383407	-0.01949169  0.03529423 -0.01371853	 0.00743332  0.00695062 -0.99994822	0.35000000	0.00000000	0.00000000	0.11096954	0.24404265	-0.03004256	-0.78647119	0.78065920	0.92794287	-0.66384804	0.61093885	-0.53591353	1.25691748	0.15146421	0.00089921	0.77400959	0.36594385	0.37955791	-0.13344422	-0.51533073	-0.57482839	0.96468019	1.20415461	-0.19266662	-0.20959495	-0.27125221	0.41858014	
0.00801300	  -8.45795609   42.36995512 -463.08452795  -29.90114258   -4.40787395   -6.44601858	  51.27521529   -9.73197262 -517.95960716  -36.54739946   70.93727169   -7.77035024	  5.52103101 -10.25285974  23.84353058 -43.69960247   3.50656896  -0.34386897   7.84001197 -24.43944788 -18.92393257 -24.45951197  88.76154184  -2.51586337	 0.03453979  0.02497566 -0.44474989  0.82627433 -0.38942120 -0.02844259  0.02457130 -0.07505738 -0.08787014  0.67644797 -0.59441747 -0.03891691	 0.01387117 -0.37261485  0.38721866 -0.04359617 -0.38561625  0.48700772 -0.01547444 -0.32247635  0.64229894 -0.65660665  0.01350781  0.10568823	 0.01050712 -0.35867782  0.39040593 -0.07491359 -0.35915195  0.45521364  0.00888904 -0.28895399  0.63414958 -0.65500208  0.00515578  0.08806237	0.20664419 0.21174037 3.93748598	-0.01887176  0.03341446 -0.01558570	-0.01907087  0.03399025 -0.01496500	 0.00770672  0.00710458 -0.99994506	0.35000000	0.00000000	0.00000000	0.12210880	0.25422162	-0.06050929	-0.80470443	0.79115224	0.93989712	-0.67168278	0.59577096	-0.51835221	1.28724539	0.15093026	0.00898084	0.77341121	0.34838596	0.39034614	-0.13336834	-0.54134744	-0.60970449	0.97885454	1.23058236	-0.20116024	-0.18585260	-0.27470157	0.41624808	
0.00850300	  -9.47182469   45.74755853 -494.51694109  -31.92087344   -4.68543728   -7.51675577	  53.80253911   -5.83938349 -489.05475236  -34.65772913   70.56616985   -5.53798490	  4.58487195 -10.15499529  25.30939928 -47.58139336   4.85352118  -1.38718479   7.39356621 -19.84419543 -18.99218988 -20.28990261  88.17925751  -0.62156547	 0.03468116  0.02193577 -0.44151347  0.82569396 -0.39246369 -0.02451325  0.02465054 -0.07748598 -0.08263633  0.67113157 -0.59441729 -0.03803493	 0.00574841 -0.31213305  0.35073079 -0.07706239 -0.33532017  0.44398481 -0.00123631 -0.26966876  0.58408222 -0.57799469  0.01016025  0.08005831	 0.01726784 -0.35508408  0.37760786 -0.06635253 -0.35739469  0.46442220  0.00565890 -0.28496365  0.60977323 -0.61672955  0.00012499  0.10526095	0.20078453 0.20794302 3.93307844	-0.01871267  0.02992265 -0.01930813	-0.01881547  0.03103995 -0.01794906	 0.00797481  0.00726572 -0.99994180	0.35000000	0.00000000	0.00000000	0.15612705	0.25181961	-0.09773983	-0.82126909	0.80238551	0.94650948	-0.68663096	0.57694900	-0.49759275	1.32606733	0.15007839	0.02126445	0.77240795	0.32708064	0.38887286	-0.14012420	-0.58291775	-0.64409280	0.98664117	1.30117643	-0.21627964	-0.15075143	-0.27204406	0.43232122	
0.00801500	  -9.47362126   51.10164893 -530.35550231  -34.24841268   -4.23517380   -9.85779984	  49.04185206    3.10472034 -456.90200198  -32.34545440   66.87072809   -3.08412681	  2.13868293  -9.40949038  27.68174568 -52.65722965   7.00789133  -2.05886695   6.99111307 -14.60565841 -19.90084264 -13.19971493  86.71761203   3.68560683	 0.03483883  0.01906652 -0.43849405  0.82522936 -0.39526132 -0.02063221  0.02468568 -0.07981080 -0.07794388  0.66652130 -0.59437106 -0.03692045	 0.05754313 -0.38824668  0.41243702 -0.05448842 -0.37196750  0.53185920  0.01259843 -0.30813267  0.59570162 -0.54905439  0.00473977  0.14098274	 0.02192838 -0.35590751  0.37625953 -0.05644161 -0.34808151  0.48476771  0.00345597 -0.28894293  0.57498159 -0.55995008  0.00605346  0.14204173	0.19573979 0.20345691 3.92886000	-0.01951265  0.02344486 -0.02357974	-0.01925052  0.02563006 -0.02218835	 0.00818701  0.00741975 -0.99993896	0.35000000	0.00000000	0.00000000	0.27907628	0.14926070	-0.13507521	-0.65513527	0.67297906	0.83226258	-0.73199463	0.51543540	-0.33463722	1.30767548	0.19117713	0.00866816	0.79773599	0.38487619	0.29373309	-0.22302762	-0.69299579	-0.65552384	0.88017219	1.59908521	-0.30345330	-0.06032244	-0.14360636	0.49443960	
0.00800100	 -17.48625234   80.10367720 -633.34765322  -40.34970958  -11.46059779  -19.27271389	  27.98948691   43.74402416 -321.10892122  -22.51361978   47.87645662    4.68023181	 -7.99443025  -1.09199056  34.35053688 -72.50879955   2.99742868   1.32223288   4.14679971   9.25932306 -26.85482770  24.68036321  66.47629452  22.79660118	 0.03499252  0.01622526 -0.43542542  0.82472103 -0.39801547 -0.01614642  0.02470779 -0.08212695 -0.07380925  0.66290865 -0.59415782 -0.03510835	 0.00627800 -0.31365452  0.37255297 -0.06167134 -0.33996765  0.56398787  0.02218607 -0.26770921  0.41939293 -0.32902382  0.05323839  0.24736779	 0.01797605 -0.35271752  0.38458597 -0.06467650 -0.34257464  0.57537247  0.00401206 -0.28743205  0.49196961 -0.41038075  0.03146949  0.24597585	0.19240304 0.19277151 3.92060893	-0.03427232  0.00698508 -0.02317784	-0.02904348  0.01274510 -0.02345695	 0.00831073  0.00763031 -0.99993635	0.35000000	0.00000000	0.00000000	0.27199015	-0.01050929	-0.27721965	-0.27421331	0.36547109	0.57056272	-0.93136448	0.41088206	0.04792348	1.30771017	0.28527460	-0.09222002	0.81192023	0.31989774	0.16819051	-0.41835195	-0.82446134	-0.76967978	0.60293812	1.96139002	-0.39326459	0.17890595	0.15587127	0.55669498	
0.00847100	 -45.85564489   74.89062535 -885.45402292  -36.90753500  -39.53229895  -28.92659377	  19.77349959  105.06012368 -113.03207603   -7.71616250   18.35479171   13.59345063	 -17.33856297    8.79131365   32.41086631 -105.68698320  -14.92653729   -2.49802660    2.87595659   49.69123101  -47.14866036   79.14015913   22.23172460   52.12970585	 0.03515937  0.01338321 -0.43198913  0.82405683 -0.40094957 -0.00993309  0.02470040 -0.08449187 -0.07090787  0.66187617 -0.59389791 -0.03096557	 0.03823376 -0.30158655  0.43520130 -0.08344275 -0.34997203  0.78261942 -0.01199627 -0.28537263  0.20502627  0.08172385  0.03520407  0.72329632	 0.01966355 -0.32686951  0.40732021 -0.07841729 -0.34620711  0.75386775 -0.00108946 -0.27472723  0.29777069 -0.04732820  0.02555164  0.55774280	0.18862224 0.16987316 3.91044822	-0.07269541 -0.00746101 -0.02019578	-0.06278043 -0.00179938 -0.02135818	 0.00831064  0.00810440 -0.99993262	0.35000000	0.00000000	0.00000000	0.22178784	-0.09132621	-0.38514131	-0.05364253	0.21462633	0.31419197	-1.05896175	0.23707476	0.35030419	1.30719519	0.32754833	-0.10576560	0.85363221	0.15276861	0.22568187	-0.48733220	-0.95750558	-1.01819515	0.50407314	2.18288708	-0.42438716	0.33040014	0.28417191	0.50393087	
0.00802900	  -44.44433362    14.77556524 -1061.88391769   -25.48495913   -53.86009274   -24.87629570	 12.95710221 102.37188807 -78.35692226  -5.88356901  13.98150827  12.48713375	 -17.01288881   -3.48830056   22.85317636 -128.35376909  -25.70547143  -15.07404830    7.96502058   58.60418510  -55.51327182   93.21837077   -7.89875047   50.56257600	 0.03524789  0.01122817 -0.42872777  0.82369781 -0.40388810 -0.00502730  0.02470173 -0.08662779 -0.07001815  0.66451861 -0.59405711 -0.02397979	-0.00156761 -0.21716368  0.40620282 -0.01675593 -0.36388900  0.46124767 -0.01226794 -0.22063249  0.00709143  0.51652307 -0.03275423  0.98428976	 0.01160191 -0.25561292  0.40700469 -0.04021920 -0.36790804  0.56510053 -0.00172221 -0.26240234  0.07780068  0.39141547 -0.03248214  0.91597026	0.18790626 0.15292632 3.91501245	-0.07313556 -0.03212236 -0.01050171	-0.07238429 -0.02445121 -0.01311911	 0.00814107  0.00868948 -0.99992911	0.35000000	0.00000000	0.00000000	0.22271004	-0.11259626	-0.38171560	0.00758399	0.20920037	0.17768294	-1.06556511	0.12637046	0.49379140	1.31366253	0.41725400	-0.05276914	0.88185215	0.10380313	0.21548775	-0.45046502	-1.03274751	-1.18325424	0.43163109	2.29408336	-0.39593792	0.32643521	0.31844321	0.50176966	
0.00848400	  -46.88778184    10.04068181 -1072.60406822   -16.28151387   -61.14677925   -17.94771158	 7.83993565 41.57284995 -3.70329945 -1.61707057  2.29343225  1.40172993	 -17.21310405  -11.48633519   14.16664310 -134.36215109  -28.94579342    0.49782496   14.50717646   61.47381544  -61.13301191   85.78779703  -16.17107163   36.47648931	 0.03527790  0.00933521 -0.42526692  0.82353485 -0.40708130 -0.00160006  0.02495663 -0.08863549 -0.07109823  0.67127464 -0.59500790 -0.01390222	 0.00242307 -0.20059260  0.40283305 -0.00605912 -0.39464959  0.33154686  0.06612848 -0.22747593 -0.25373556  1.01268008 -0.11435692  1.31450135	 0.00198252 -0.21969494  0.40291434 -0.01835232 -0.37529896  0.38281540  0.04644110 -0.22035204 -0.16707389  0.85879818 -0.11922618  1.21103837	0.18516186 0.13941076 3.91695529	-0.04760531 -0.04016759 -0.00604620	-0.05733635 -0.03826734 -0.00726248	 0.00781816  0.00922860 -0.99992685	0.35000000	0.00000000	0.00000000	0.29618081	-0.12135203	-0.41414922	0.00746320	0.22091159	0.14125814	-1.08893454	0.10807436	0.50318211	1.25817037	0.44570759	-0.00329369	0.87287205	0.08425735	0.17859098	-0.47016129	-1.04641497	-1.25565362	0.38028744	2.36644745	-0.40299526	0.28611380	0.29831523	0.55270213	
0.00848600	  -46.00837790    11.50512502 -1048.55445243    -3.40266965   -59.44957694   -16.95565720	 9.76287621 21.40069553  6.29574505 -0.71906791  0.57428969 -0.06336187	 -18.23480017   -3.61162633   11.57906688 -135.80215424  -26.81224667   17.64740723   15.86320310   60.25248814  -61.32708105   71.40203699  -21.42886725   19.01555139	 0.03530321  0.00738915 -0.42190092  0.82347983 -0.41018093  0.00105647  0.02605819 -0.08973157 -0.07433780  0.68163523 -0.59660315 -0.00291500	 0.00672064 -0.22849447  0.37305945  0.00465819 -0.35973662  0.29378898  0.16642430 -0.09946302 -0.48866082  1.39174701 -0.24141405  1.28126012	 0.00220593 -0.22982321  0.39177583 -0.00557691 -0.36130582  0.30805496  0.14521129 -0.11347622 -0.41592689  1.27642289 -0.20235067  1.26954500	0.18113611 0.12995277 3.91718332	-0.01539737 -0.03818177 -0.00418519	-0.02686821 -0.03902961 -0.00470336	 0.00748019  0.00950049 -0.99992689	0.35000000	0.00000000	0.00000000	0.37459412	-0.11785433	-0.45735955	0.02021072	0.23788872	0.12118149	-1.09480011	0.10649522	0.46444201	1.16712284	0.43833691	0.00518899	0.84356707	0.04995646	0.12805714	-0.48072141	-0.99419296	-1.25417948	0.31921896	2.44081616	-0.43037236	0.26280260	0.25942570	0.62116140	
0.00850800	  -48.30953420    24.53974757 -1022.23232222     3.92446102   -59.06523090   -15.54954743	11.82255483 10.21365860  4.95474728 -0.37512852  0.44423664 -0.08010964	 -19.71587140   13.77481920   11.37729689 -136.80078220  -27.87953031   27.71095222   10.74459484   48.84041858  -57.11419336   54.10669404  -21.66537850   10.88961366	 0.03532004  0.00519389 -0.41865681  0.82346022 -0.41317755  0.00350690  0.02782457 -0.09012415 -0.07946637  0.69487758 -0.59896706  0.00654488	 0.01452835 -0.22599071  0.34188556  0.01882532 -0.33891779  0.24097552  0.20100963 -0.00581506 -0.66924930  1.60336466 -0.30136847  0.90875430	 0.00399306 -0.25906282  0.37670368  0.00022716 -0.35041201  0.28463739  0.21104998 -0.03518639 -0.63017283  1.59390228 -0.29145963  1.06069804	0.17792781 0.12461752 3.91540848	 0.02046140 -0.03535606 -0.00337480	 0.01005456 -0.03618922 -0.00360626	 0.00716880  0.00945961 -0.99992956	0.35000000	0.00000000	0.00000000	0.41845670	-0.11945850	-0.50038594	0.04796742	0.25314143	0.07350370	-1.08855200	0.10882336	0.41152036	1.08222246	0.41899368	-0.02570795	0.79324877	0.03830493	0.07690859	-0.47998360	-0.92851979	-1.18032503	0.24387453	2.51144958	-0.46305317	0.24302721	0.21729615	0.65651911	
0.00850300	  -50.55188802    40.84712270 -1027.30761997     7.42315333   -61.69285825   -12.67958673	12.46471207  8.22258022  3.15709865 -0.28795555  0.39996719 -0.15558304	 -18.88916667   34.66029429    8.96363046 -139.66467384  -31.22577631   32.90668929    4.32211240   39.05026770  -51.15172842   38.54042804  -16.83906609   15.17563380	 0.03532110  0.00289483 -0.41549682  0.82345022 -0.41605214  0.00587462  0.02971098 -0.08999780 -0.08608902  0.71005705 -0.60196431  0.01401576	 0.02440267 -0.23480303  0.33914198 -0.00058602 -0.30111486  0.25976222  0.20172984  0.01973155 -0.77801299  1.72180976 -0.32198835  0.75050843	 0.00201530 -0.26409653  0.36647452  0.00171076 -0.33457203  0.27566163  0.21636535  0.02493304 -0.79845672  1.80276708 -0.35653723  0.84933751	0.17627646 0.11735480 3.91467020	 0.02559932 -0.03457150 -0.00287871	 0.02439070 -0.03478165 -0.00302605	 0.00687258  0.00924942 -0.99993361	0.35000000	0.00000000	0.00000000	0.43056321	-0.13307393	-0.53494972	0.10025147	0.25960290	0.01705182	-1.07234788	0.09330139	0.36927909	1.01003742	0.39189574	-0.07059757	0.74783629	0.03480976	0.06475170	-0.47779468	-0.90348727	-1.09925759	0.19411403	2.55827141	-0.48552859	0.23537219	0.17244868	0.67307192	
0.00851500	  -51.71861412    53.31576864 -1018.72853966     6.90863857   -64.52033846   -11.05677620	11.39384031  7.15806012  1.91833781 -0.23054792  0.35126513 -0.19996439	 -17.57065465   44.95671916    5.32207546 -147.06663561  -34.74773642   33.52653453    0.95003313   27.59049404  -44.94410226   32.73040047  -12.43641829   19.22842631	 0.03532894  0.00068331 -0.41236798  0.82344899 -0.41889178  0.00807118  0.03128211 -0.08935552 -0.09385849  0.72650305 -0.60529083  0.02029548	 0.00595065 -0.21807667  0.30094519  0.02328379 -0.27978478  0.24404103  0.13050489  0.10000100 -0.86034106  1.77893509 -0.33199367  0.63831193	 0.00272572 -0.25494494  0.36210895  0.00303898 -0.32774121  0.25346690  0.17391712  0.08038129 -0.92267466  1.93324344 -0.38695312  0.72266736	0.17601037 0.10978333 3.91337347	 0.02876876 -0.03571810 -0.00247371	 0.02747343 -0.03533502 -0.00259184	 0.00657427  0.00902088 -0.99993770	0.35000000	0.00000000	0.00000000	0.41892743	-0.14952679	-0.55033302	0.14972132	0.26186177	-0.03733347	-1.04708314	0.07454324	0.36430085	0.95574719	0.38359416	-0.09443859	0.71983832	0.04045850	0.03481254	-0.46999538	-0.89022547	-1.03912592	0.16265438	2.59550786	-0.49341008	0.22163904	0.14035290	0.67597175	
0.00845900	  -50.40001029    62.71404874 -1013.88243435     7.60495158   -66.46998542   -10.27017934	10.25087740  5.75500087  1.12586817 -0.17603023  0.31116549 -0.19909692	 -17.63982613   53.79338264    0.03404330 -150.86623818  -37.34807825   35.76995701    0.38250206   20.05428326  -39.69773757   28.69381906   -8.67147555   20.66850749	 0.03531248 -0.00143022 -0.40923955  0.82344073 -0.42172600  0.01008300  0.03234895 -0.08845745 -0.10263060  0.74387907 -0.60870215  0.02600740	-0.01894082 -0.24948740  0.38881137  0.00973586 -0.35762682  0.26166630  0.06740649  0.08733582 -1.08290727  2.13102327 -0.42555356  0.68452340	-0.00282039 -0.24962574  0.37124420  0.00046261 -0.33573365  0.23709013  0.11279722  0.10796773 -1.05328354  2.06986243 -0.40265400  0.67262885	0.17632692 0.10217686 3.91177236	 0.03363068 -0.03613807 -0.00211502	 0.03205788 -0.03603137 -0.00222270	 0.00626796  0.00875484 -0.99994203	0.35000000	0.00000000	0.00000000	0.42834312	-0.15549259	-0.56520754	0.18610385	0.26210666	-0.07657668	-1.03217793	0.06078641	0.36052036	0.90098763	0.36477873	-0.11007553	0.70409787	0.05451612	0.01463642	-0.46531314	-0.87931311	-0.98276800	0.14664230	2.64173889	-0.50925672	0.20834658	0.11732219	0.67741132	
0.00853500	  -45.92130966    69.91861827 -1013.71231214     8.12129487   -65.27217525   -10.73143398	 9.35300164  3.51530465  0.76308870 -0.10888776  0.27333884 -0.13653335	 -16.85781492   61.85228157   -5.07906626 -152.97065544  -36.38756382   37.72555965    1.65094764   15.68360722  -33.53661433   25.36036231   -6.83150280   18.69236413	 0.03531563 -0.00345931 -0.40614481  0.82343096 -0.42451585  0.01191328  0.03289012 -0.08733611 -0.11221757  0.76192968 -0.61199856  0.03127391	-0.00189033 -0.21919866  0.32473213 -0.01373498 -0.30829334  0.19426866  0.02456386  0.11739810 -1.06802723  1.97988253 -0.33872068  0.53040858	-0.00124277 -0.23561379  0.36031379 -0.00254578 -0.32541851  0.21189887  0.05337451  0.13261566 -1.13041413  2.11466418 -0.38175594  0.60366109	0.17687039 0.09446284 3.91019115	 0.03782831 -0.03596848 -0.00176484	 0.03678894 -0.03611468 -0.00186657	 0.00596024  0.00844688 -0.99994656	0.35000000	0.00000000	0.00000000	0.42879781	-0.16050805	-0.56875217	0.22422189	0.24758568	-0.10996656	-1.00733042	0.04445120	0.36093807	0.83643210	0.35271731	-0.12432352	0.69891328	0.06236452	-0.02278788	-0.46780854	-0.86307830	-0.93657088	0.13524035	2.68734241	-0.51743919	0.19694495	0.11025946	0.68904799	
0.00851400	  -43.10204655    76.02138609 -1015.37428277    11.12384157   -65.62427604   -12.31962949	 8.36856935  1.63136641  0.73625093 -0.04096922  0.23917207 -0.06304112	 -17.55231601   68.86303854   -8.77577979 -154.19123709  -37.78531417   41.84984022    3.21403286   10.87932825  -29.43627460   24.75644070   -6.05334464   19.22810969	 0.03532443 -0.00539727 -0.40305169  0.82342861 -0.42731069  0.01362825  0.03311087 -0.08603051 -0.12249186  0.78042617 -0.61510789  0.03594791	 0.01513036 -0.21433731  0.34159133 -0.01353287 -0.31862770  0.16698767  0.02361330  0.12302936 -1.13964811  2.00869590 -0.35000699  0.47473889	 0.00059060 -0.22447202  0.36016068 -0.00274323 -0.32676960  0.19918889  0.02224276  0.15402688 -1.20840635  2.16414637 -0.35971432  0.53530839	0.17764652 0.08674303 3.90892022	 0.03955406 -0.03507964 -0.00157464	 0.03896084 -0.03533907 -0.00162870	 0.00565845  0.00811772 -0.99995104	0.35000000	0.00000000	0.00000000	0.43190199	-0.16978101	-0.57814342	0.26614520	0.22504458	-0.14308660	-0.99429834	0.03168543	0.36129111	0.77276516	0.33998325	-0.13059816	0.68880248	0.06864756	-0.04475064	-0.47329462	-0.84100240	-0.89477354	0.12711726	2.73139906	-0.52521890	0.18465716	0.09537141	0.68846047	
0.00848400	  -39.18527255    80.81182842 -1019.20261981    13.25292055   -64.18153416   -12.58529579	 7.74535288  0.26584323  0.65600667  0.00830713  0.19988831 -0.02108708	 -18.17539159   75.77966642  -12.35749207 -155.59859747  -36.73770851   44.65478557    3.07931438    6.98626190  -25.07598723   23.00085764   -6.40658898   19.37508315	 0.03532646 -0.00722838 -0.39998528  0.82343909 -0.43007242  0.01524278  0.03319151 -0.08450940 -0.13327275  0.79917238 -0.61797124  0.04008715	 0.00338143 -0.20407143  0.38229025 -0.00128628 -0.32320863  0.17481447 -0.01724325  0.20641253 -1.30150081  2.26261526 -0.32966555  0.47211427	 0.00069427 -0.21240921  0.35897005  0.00001339 -0.32347803  0.18610095  0.00560431  0.18187494 -1.27124439  2.19921091 -0.33082952  0.47667799	0.17855554 0.07891879 3.90805802	 0.03912831 -0.03388490 -0.00137754	 0.03925038 -0.03424583 -0.00143239	 0.00536552  0.00778272 -0.99995532	0.35000000	0.00000000	0.00000000	0.43267459	-0.17967512	-0.57891500	0.31155589	0.20100756	-0.17204024	-0.97877192	0.01260902	0.36365044	0.71587223	0.32611519	-0.13479361	0.68096381	0.06830341	-0.06561573	-0.47413728	-0.81373239	-0.85591674	0.12152052	2.77116179	-0.53259391	0.17629957	0.08216172	0.69203711	
0.00845800	  -36.78415872    84.84173625 -1021.01467791    15.18708602   -62.78819556   -12.72945240	 7.32643850 -1.35235831  0.57222466  0.06645204  0.16763322  0.00974975	 -18.76196110   81.74766755  -14.52987710 -156.36019921  -35.85155922   47.21377170    2.58814750    1.69455689  -21.83638258   21.66659901   -6.86820074   19.50412059	 0.03532790 -0.00894685 -0.39694356  0.82343866 -0.43282156  0.01677282  0.03324321 -0.08287002 -0.14444955  0.81801221 -0.62065899  0.04374851	-0.00518111 -0.21345061  0.38880596  0.00275642 -0.34837865  0.19038217  0.01764823  0.21966175 -1.40411362  2.34660577 -0.32092416  0.42250959	-0.00165133 -0.20410434  0.36184077  0.00127831 -0.32698956  0.17986682  0.00532956  0.19849506 -1.33660816  2.24520192 -0.31580373  0.42966032	0.17970900 0.07135493 3.90739484	 0.03819656 -0.03302018 -0.00119562	 0.03846038 -0.03327155 -0.00124987	 0.00508161  0.00745447 -0.99995930	0.35000000	0.00000000	0.00000000	0.43914795	-0.18878244	-0.57999480	0.35321209	0.17825094	-0.19738819	-0.96824032	-0.00244589	0.36527050	0.66830897	0.31317168	-0.13262033	0.67210287	0.06826477	-0.08005045	-0.46895042	-0.77973574	-0.81512368	0.11545533	2.81110787	-0.54525983	0.16735275	0.06700312	0.68991727	
0.00804000	  -33.39308108    89.18591029 -1022.92302473    16.02877326   -60.36137943   -12.50397386	 7.01152749 -2.99952229  0.22371746  0.12111782  0.13640478  0.03581975	 -19.08907426   87.27892327  -16.62095844 -156.87964147  -33.80757648   48.60818541    1.10965175   -2.30119738  -18.91287509   19.22611181   -6.82659199   18.91530657	 0.03532851 -0.01043100 -0.39407754  0.82342756 -0.43539104  0.01811604  0.03325251 -0.08121781 -0.15527377  0.83572577 -0.62301820  0.04677654	-0.02700285 -0.17380709  0.39426159  0.00224096 -0.31398592  0.15213377  0.00551057  0.22877471 -1.37040271  2.23683721 -0.28039175  0.34707348	-0.00179631 -0.18450204  0.35823878 -0.00281538 -0.31903170  0.16584931  0.00239471  0.20723468 -1.35219809  2.20754162 -0.29020633  0.37045118	0.18085572 0.06414877 3.90709083	 0.03598725 -0.03205028 -0.00098203	 0.03671896 -0.03236270 -0.00105310	 0.00482148  0.00715777 -0.99996276	0.35000000	0.00000000	0.00000000	0.43306729	-0.20334347	-0.57053840	0.39580274	0.14336741	-0.22182611	-0.94913149	-0.01658067	0.37043041	0.62169713	0.30392620	-0.12903050	0.66879481	0.06395493	-0.10553763	-0.46732894	-0.74876219	-0.77756548	0.10882142	2.84056401	-0.54946917	0.15827888	0.05932501	0.69277287	
0.00851000	  -32.72626449    89.61232183 -1022.93632391    18.87269468   -59.21154179   -12.50712181	 6.60153842 -3.66274795  0.28928369  0.15042650  0.12621660  0.04257168	 -19.79026176   90.32067418  -17.60963140 -156.41592449  -33.16690493   51.86751491    0.16062088   -6.42557754  -18.49353760   20.13794357   -6.06764083   20.22116566	 0.03533352 -0.01188563 -0.39107070  0.82344139 -0.43811479  0.01943189  0.03325095 -0.07944227 -0.16699436  0.85439254 -0.62535287  0.04960108	 0.00222142 -0.15784364  0.33834276  0.02344761 -0.29657896  0.13455432 -0.00639372  0.18290075 -1.32142267  2.06414984 -0.27977554  0.29590661	 0.00019667 -0.16861331  0.35253695  0.00209440 -0.31651246  0.15339946  0.00032026  0.20636212 -1.37599481  2.18099146 -0.26959234  0.32596641	0.18202264 0.05722180 3.90674990	 0.03498907 -0.03055806 -0.00083209	 0.03524813 -0.03101064 -0.00087485	 0.00455563  0.00685739 -0.99996611	0.35000000	0.00000000	0.00000000	0.42960361	-0.22297095	-0.56580752	0.43871716	0.10352510	-0.24417387	-0.94104570	-0.02549436	0.37628853	0.57818562	0.30126595	-0.11562554	0.66157407	0.06414860	-0.12251637	-0.47080591	-0.71938711	-0.74608195	0.10538880	2.86685395	-0.55697680	0.14438358	0.04956998	0.68618089	
0.00845200	  -31.54844085    89.77370490 -1024.78504793    21.79674182   -57.43336520   -12.18045328	 6.35608845 -4.17626301  0.15583574  0.16983876  0.11039798  0.04853422	 -20.63392567   94.09966588  -18.47696412 -156.83001411  -31.65396470   54.89595431   -1.20122753   -8.44959444  -17.34868639   19.28477839   -5.77849466   20.64612642	 0.03533862 -0.01322908 -0.38807401  0.82342804 -0.44082823  0.02066502  0.03325051 -0.07768458 -0.17892732  0.87290482 -0.62744577  0.05225188	 0.00212596 -0.13904501  0.37289739 -0.02779621 -0.31560569  0.13384406 -0.00850460  0.21544361 -1.44509362  2.26795336 -0.27907169  0.34405491	 0.00114227 -0.15546117  0.35539936 -0.00241388 -0.32124925  0.14455707 -0.00265940  0.20728022 -1.41597429  2.19082280 -0.24615154  0.31289417	0.18322828 0.05048531 3.90661521	 0.03312675 -0.02906479 -0.00061510	 0.03370777 -0.02951994 -0.00067580	 0.00430268  0.00656803 -0.99996917	0.35000000	0.00000000	0.00000000	0.43695587	-0.23634733	-0.56053680	0.48398560	0.07051962	-0.26002544	-0.93265963	-0.03631786	0.38201910	0.53907239	0.29371727	-0.10273521	0.65557498	0.06249726	-0.12878062	-0.46872523	-0.68650401	-0.71395880	0.10636207	2.89653873	-0.56889534	0.13282642	0.03739658	0.68234766	
0.00853200	  -29.00392485    89.94165374 -1023.88596306    23.99035175   -54.46502220   -12.18015765	 6.29738539 -5.68828464 -0.17070308  0.21599271  0.08610286  0.07101738	 -21.23873580   97.09528565  -19.31263324 -155.95694458  -29.11068687   57.09825826   -2.24027111  -11.30141136  -15.76872075   17.68579778   -6.60265674   19.45516819	 0.03532868 -0.01446717 -0.38508930  0.82343588 -0.44352889  0.02183973  0.03326175 -0.07598981 -0.19105462  0.89116689 -0.62931767  0.05466477	-0.00238454 -0.11702665  0.33266414  0.01094467 -0.30098853  0.12770852  0.01527791  0.18558893 -1.33526994  1.97346865 -0.21176386  0.24935641	-0.00150216 -0.14261171  0.35117683 -0.00002583 -0.31565527  0.13673161  0.00109467  0.19697287 -1.42270740  2.13573359 -0.21869431  0.27832729	0.18440902 0.04399517 3.90656153	 0.03129827 -0.02747754  0.00079954	 0.03184690 -0.02795961  0.00034746	 0.00406283  0.00629488 -0.99997193	0.35000000	0.00000000	0.00000000	0.43692788	-0.25348708	-0.54735726	0.52562392	0.03183742	-0.27693850	-0.91734844	-0.04554268	0.38955569	0.50095713	0.28796536	-0.09032538	0.65386420	0.05878928	-0.15021378	-0.46935898	-0.64936525	-0.68454099	0.10225552	2.92357087	-0.57830805	0.11991744	0.03409458	0.67831159	
0.00848100	  -28.70816610    89.27485798 -1024.18860767    26.35624899   -52.57962547   -12.27364894	 6.20237430 -6.08531854 -0.16491754  0.23190833  0.08099012  0.07479783	 -21.57816734   99.48690009  -19.24784620 -155.47355580  -27.48415290   59.46594167   -3.54753905  -13.35918611  -16.13325487   18.14232409   -6.37987186   20.14008871	 0.03530726 -0.01558867 -0.38213012  0.82343280 -0.44622401  0.02290262  0.03326648 -0.07438394 -0.20331893  0.90912735 -0.63100441  0.05679156	-0.02790983 -0.13524328  0.37675059 -0.00382227 -0.30389503  0.10822603  0.00535451  0.21120912 -1.46789309  2.13399767 -0.20894289  0.24069944	-0.00431578 -0.13153332  0.35213563 -0.00066986 -0.31665602  0.12266123  0.00164752  0.18867452 -1.45206911  2.11778801 -0.19843240  0.24873563	0.18553165 0.03780188 3.90652538	 0.02970389 -0.02575739  0.00284229	 0.03018882 -0.02629170  0.00218916	 0.00383704  0.00603613 -0.99997442	0.35000000	0.00000000	0.00000000	0.43954039	-0.26872110	-0.53854293	0.56814921	-0.00374129	-0.29353511	-0.90927750	-0.05496509	0.39521837	0.46549666	0.28770438	-0.07383247	0.64744925	0.05970026	-0.15809046	-0.46767408	-0.61841959	-0.65646923	0.10067482	2.95169544	-0.58843023	0.10409686	0.02700344	0.67278016	
0.00801700	  -27.25919766    88.84135114 -1023.51892869    28.56314443   -50.00056944   -12.28067352	 6.16868182 -6.65785527 -0.49757276  0.25215887  0.06400614  0.08298274	 -21.81506976  101.88220668  -19.45670567 -154.77506918  -25.16625801   61.68491268   -4.81652883  -15.07220376  -15.15204174   16.61209572   -6.74947661   20.19439891	 0.03527771 -0.01654860 -0.37937882  0.82344159 -0.44875191  0.02384927  0.03325656 -0.07299546 -0.21495390  0.92571018 -0.63239758  0.05861826	-0.01012913 -0.12535987  0.35482114  0.02736849 -0.32861714  0.10702814  0.00068244  0.21298342 -1.53703786  2.15375928 -0.13962887  0.21349977	-0.00633539 -0.11938011  0.34341517  0.00284453 -0.31422332  0.11620159 -0.00174367  0.17472674 -1.45848314  2.06963781 -0.17003963  0.22595786	0.18659792 0.03210056 3.90655354	 0.02783840 -0.02428702  0.00590600	 0.02845474 -0.02476171  0.00487287	 0.00363760  0.00580616 -0.99997653	0.35000000	0.00000000	0.00000000	0.44116703	-0.28547993	-0.52310777	0.61017722	-0.04078627	-0.30709410	-0.89446604	-0.06307448	0.40236741	0.43140441	0.28556293	-0.06170086	0.64496714	0.06033961	-0.17086695	-0.47032359	-0.58710545	-0.63181365	0.10052514	2.97488761	-0.60074121	0.08984067	0.02391840	0.66665328	
0.00801800	  -27.76416939    87.55114006 -1022.74782716    30.83251368   -48.33724921   -12.31622950	 6.25173025 -6.95420696 -0.61758899  0.26348187  0.05894617  0.08150144	 -22.10834397  103.44344687  -18.75150025 -154.56522518  -23.70793216   63.82597047   -5.71053496  -16.62367600  -15.57412254   16.40280726   -7.00274069   20.58847439	 0.03522544 -0.01740959 -0.37661360  0.82344191 -0.45128914  0.02470490  0.03325802 -0.07177668 -0.22666400  0.94194922 -0.63365890  0.06033549	 0.02211785 -0.08190797  0.34184019  0.02824294 -0.28964034  0.10090246 -0.00715327  0.13434976 -1.35152542  1.84802801 -0.13527748  0.19008994	-0.00486717 -0.10306882  0.34268603  0.00287604 -0.31376073  0.10507456  0.00052141  0.14857385 -1.45217686  2.00691489 -0.15103918  0.21238343	0.18776327 0.02663691 3.90652440	 0.02621220 -0.02323794  0.00996278	 0.02673261 -0.02356663  0.00862289	 0.00344839  0.00559035 -0.99997843	0.35000000	0.00000000	0.00000000	0.44223395	-0.30364448	-0.50780410	0.64995390	-0.08241129	-0.32243928	-0.88488996	-0.06850501	0.41078126	0.39887112	0.28789157	-0.04511344	0.64341938	0.06383355	-0.18067148	-0.47304159	-0.55677241	-0.60925496	0.10048641	2.99726391	-0.60964102	0.07220460	0.02309643	0.65666461	
0.00845000	  -28.08665901    84.06799885 -1022.45834190    34.04113587   -46.44521125   -12.54220252	 6.33647867 -6.88293360 -0.75482662  0.25850127  0.06116458  0.06948845	 -22.79418623  103.93807054  -18.36870356 -153.33918297  -21.79226732   66.73796797   -7.02118146  -16.60993242  -16.85993155   16.24546518   -6.44015998   20.73611078	 0.03509705 -0.01825807 -0.37371873  0.82343303 -0.45396538  0.02555414  0.03318281 -0.07065496 -0.23919454  0.95881316 -0.63484072  0.06207533	-0.01620090 -0.11736335  0.33380655 -0.02254198 -0.33361251  0.11951744  0.00427666  0.11358053 -1.57814691  2.06451318 -0.14391939  0.19232021	-0.01632455 -0.09844771  0.34236762 -0.00140464 -0.31807116  0.10000816 -0.01025556  0.12783433 -1.49027461  1.99318825 -0.13631690  0.20501455	0.18884370 0.02093104 3.90652838	 0.02460114 -0.02151420  0.01715234	 0.02509425 -0.02207105  0.01479942	 0.00325878  0.00537455 -0.99998025	0.35000000	0.00000000	0.00000000	0.45398310	-0.31553861	-0.49520928	0.68445456	-0.11401493	-0.33163202	-0.87886554	-0.07465579	0.41342700	0.36967653	0.28702497	-0.03071143	0.63893163	0.07380035	-0.18374197	-0.47785550	-0.53191429	-0.58699954	0.10064957	3.02569532	-0.62450111	0.05361804	0.02198799	0.65306008	
0.00800800	  -26.54248272    82.97152889 -1021.28449441    35.32617993   -43.36081857   -11.35807412	 6.33678292 -7.42452628 -1.26455847  0.27157850  0.04286042  0.07308090	 -21.48120569  105.28998518  -17.96642549 -152.61583960  -18.98812763   67.60672837   -7.29361676  -16.77592015  -15.69614469   14.11843697   -6.72527197   19.86602205	 0.03494029 -0.01895880 -0.37099821  0.82343741 -0.45648773  0.02628131  0.03301697 -0.06979038 -0.25102416  0.97426985 -0.63576821  0.06359361	-0.01520443 -0.11759799  0.35037370  0.01359193 -0.33641317  0.09561280 -0.01507082  0.09288955 -1.58910834  2.04947904 -0.10390857  0.19206208	-0.02055413 -0.08934512  0.34200764  0.00162195 -0.31879086  0.08897468 -0.02320802  0.10401719 -1.48974577  1.93955993 -0.11461624  0.18620571	0.18996439 0.01556282 3.90659102	 0.02216405 -0.02055553  0.02315813	 0.02298542 -0.02085358  0.02117267	 0.00309207  0.00518714 -0.99998177	0.35000000	0.00000000	0.00000000	0.45755556	-0.32627851	-0.47394583	0.71856862	-0.14717384	-0.34272984	-0.86113799	-0.08294936	0.41872048	0.34021121	0.29063907	-0.02270796	0.63861543	0.08329000	-0.19459581	-0.48109373	-0.50882339	-0.56653845	0.10068291	3.05318141	-0.63677007	0.03558599	0.02812279	0.65004998	
0.00851500	  -26.01597305    80.43808578 -1019.82564546    37.17791315   -40.57629921   -11.05781679	 6.35280750 -7.25398633 -1.50210587  0.26739635  0.04277066  0.06857675	 -21.45551696  105.23144317  -17.22796143 -151.48727787  -16.43447739   69.22581851   -7.43309978  -17.21551591  -16.75220201   13.82621087   -6.05301756   20.58644110	 0.03472016 -0.01959430 -0.36813351  0.82343731 -0.45913115  0.02697061  0.03273358 -0.06905464 -0.26365246  0.99018117 -0.63654897  0.06507240	-0.00019005 -0.06166647  0.33484933  0.01508038 -0.29698425  0.04569533 -0.03737041  0.06979783 -1.41390194  1.72796937 -0.07622185  0.18166775	-0.02580934 -0.07256297  0.33809036  0.00232211 -0.31035163  0.07726595 -0.03440457  0.08273010 -1.48477059  1.85973524 -0.08752385  0.17395170	0.19098618 0.01018512 3.90662123	 0.02023783 -0.01922401  0.02962668	 0.02081742 -0.01963541  0.02760458	 0.00292435  0.00500719 -0.99998319	0.35000000	0.00000000	0.00000000	0.45326284	-0.34432048	-0.44848910	0.75209409	-0.18883666	-0.35539964	-0.84694827	-0.09053875	0.42457598	0.30894545	0.29891881	-0.00995492	0.63692951	0.09399046	-0.20592155	-0.49315932	-0.49249756	-0.55113399	0.10129144	3.07532763	-0.64513862	0.01569813	0.03550059	0.64796180	
0.00851900	  -27.20879788    76.59256644 -1017.24237124    40.26724651   -38.94254279   -10.62960485	 6.46363116 -7.00013585 -1.77476943  0.26050333  0.04433331  0.06193986	 -21.15074064  105.03116822  -16.01272292 -150.10653126  -15.07937948   72.04464567   -7.68812002  -17.52028424  -17.70357192   13.12160264   -5.62933765   21.23053992	 0.03444025 -0.02016525 -0.36529738  0.82342685 -0.46179020  0.02760088  0.03230965 -0.06859656 -0.27629510  1.00556628 -0.63710824  0.06648923	-0.01124948 -0.03193950  0.27818571  0.00091038 -0.29046005  0.05913572 -0.04170705  0.03330876 -1.36013095  1.66211003 -0.04859399  0.12729499	-0.03182104 -0.06272445  0.32977414 -0.00164397 -0.30931254  0.07125464 -0.05142841  0.04858663 -1.47681592  1.78959158 -0.06067562  0.16523947	0.19209272 0.00543252 3.90647504	 0.01938137 -0.01822491  0.03564718	 0.01962378 -0.01851506  0.03378851	 0.00276711  0.00483880 -0.99998446	0.35000000	0.00000000	0.00000000	0.45535871	-0.36000153	-0.42498618	0.78152227	-0.22824119	-0.36607465	-0.83491051	-0.09187765	0.42671651	0.27693576	0.30527213	-0.00193013	0.63400012	0.11138350	-0.21400239	-0.51010281	-0.47589797	-0.53537017	0.10269713	3.09692979	-0.65786934	-0.00642993	0.04443683	0.63952595	
0.00846700	  -27.98007941    71.87257407 -1018.89710698    43.03792512   -37.10074419   -10.11179490	 6.77997419 -5.91542236 -2.03217389  0.22195870  0.04173765  0.05707024	 -20.72293930  104.88510013  -15.03434225 -149.13420701  -13.20768866   73.93455958   -7.54369353  -16.16723394  -18.55281647   11.87097930   -5.62071519   21.56280527	 0.03410542 -0.02067441 -0.36244541  0.82343813 -0.46443896  0.02817409  0.03180046 -0.06834877 -0.28897636  1.02037127 -0.63740023  0.06797644	-0.05258023 -0.07710196  0.35240409  0.02812541 -0.32900889  0.05149019 -0.05611529  0.02820075 -1.58849670  1.84964282 -0.01195624  0.18250737	-0.04151619 -0.05918369  0.33860206  0.00109092 -0.31355545  0.06491266 -0.06129106  0.02495561 -1.50711174  1.75057522 -0.03055731  0.17612390	0.19327330 0.00058461 3.90650117	 0.01694881 -0.01746593  0.04082941	 0.01798996 -0.01767635  0.03918052	 0.00261748  0.00468101 -0.99998562	0.35000000	0.00000000	0.00000000	0.46475646	-0.36803403	-0.40194088	0.81211013	-0.25892195	-0.37223381	-0.82600802	-0.09913220	0.43181145	0.25010508	0.30974898	0.00839791	0.63224906	0.12661386	-0.21047312	-0.51968938	-0.45963931	-0.52120948	0.10587837	3.12557125	-0.67194957	-0.02613970	0.05070446	0.63437957	
0.00852800	  -24.95956691    65.21789979 -1020.58047091    45.53325986   -32.98967390    -9.10763080	 6.96030531 -5.26756517 -2.35025258  0.19135168  0.01868123  0.06066315	 -19.73571355  104.60101199  -14.97927140 -148.47713107   -9.29462432   74.53357470   -7.62415748  -15.38216114  -17.64460461   10.42561032   -6.24927843   20.53263798	 0.03375459 -0.02104909 -0.35961845  0.82342768 -0.46709721  0.02862772  0.03119153 -0.06825596 -0.30165381  1.03454713 -0.63751977  0.06944499	-0.03913626 -0.05863375  0.31287469 -0.02450137 -0.29539990  0.06270689 -0.08805365 -0.00501833 -1.40360100  1.54082434 -0.01138416  0.16143066	-0.04088019 -0.04284357  0.33220623 -0.00265205 -0.31117655  0.04892148 -0.07217028  0.00955444 -1.48458052  1.65175926 -0.01218475  0.16838910	 0.19439841 -0.00514330  3.90692611	 0.01090436 -0.01694413  0.04582285	 0.01288419 -0.01709332  0.04425975	 0.00247322  0.00456154 -0.99998654	0.35000000	0.00000000	0.00000000	0.45993277	-0.38303095	-0.37124902	0.84254634	-0.29557213	-0.37920958	-0.80211288	-0.11032533	0.43661058	0.22216412	0.31938159	0.01542156	0.63296080	0.13501042	-0.22548413	-0.53087199	-0.44442508	-0.51276433	0.10761212	3.14519072	-0.67647898	-0.04448275	0.06387309	0.63832623	
0.00800600	  -25.25369498    59.89345924 -1019.59053671    47.81267134   -30.53785253    -9.01829883	 7.28583793 -3.87874120 -2.48616006  0.14422383  0.01874522  0.05493206	 -19.81555476  102.27739120  -13.51022243 -147.11633188   -7.01297251   76.57834047   -7.28303821  -16.66014981  -19.06689201   10.10061655   -4.01661068   21.43576649	 0.03336775 -0.02123780 -0.35696639  0.82342505 -0.46957038  0.02885395  0.03058528 -0.06822337 -0.31355500  1.04725768 -0.63757066  0.07073734	-0.02817798  0.00590736  0.33990437 -0.03342551 -0.31015115  0.03603878 -0.10387180 -0.02083045 -1.54176532  1.56833415 -0.02658388  0.13706197	-0.04623086 -0.02066461  0.33154881 -0.00247736 -0.30738738  0.02921583 -0.07786015  0.00280974 -1.48439063  1.57319805 -0.00641514  0.15959568	 0.19540950 -0.01065933  3.90732446	 0.00468075 -0.01652993  0.05041834	 0.00669001 -0.01666158  0.04890157	 0.00234122  0.00450019 -0.99998713	0.35000000	0.00000000	0.00000000	0.45592138	-0.40528944	-0.34515148	0.87313175	-0.33298966	-0.38229153	-0.78629094	-0.11401024	0.43760937	0.19725177	0.33954912	0.02941581	0.62425429	0.14639488	-0.23351115	-0.54630667	-0.43427503	-0.50151032	0.10555179	3.15844941	-0.68009979	-0.06591041	0.06829733	0.64487302	
0.00849400	  -24.87369075    53.04124307 -1014.60409831    50.34660952   -28.15761747    -8.62229253	 7.50602986 -2.41671152 -3.13741547  0.09260885  0.00900657  0.04603046	 -19.47165486  100.35308266  -12.43009752 -146.38149893   -4.94269815   79.38141084   -7.35857854  -17.88762552  -19.35482329    7.95377982   -1.72993724   22.01393664	 0.03291673 -0.02133885 -0.35416349  0.82342200 -0.47220451  0.02901873  0.02994254 -0.06820217 -0.32615070  1.06009997 -0.63758377  0.07213963	-0.02928704  0.00034306  0.28502355 -0.01800955 -0.26109836  0.02083291 -0.08407118  0.00272018 -1.37006587  1.38652348  0.00668923  0.15259672	-0.05228548 -0.00996326  0.32651945 -0.00209690 -0.30527919  0.02105339 -0.07790863  0.00238077 -1.47419947  1.49103760 -0.00006370  0.16324516	 0.19654509 -0.01600552  3.90762245	-0.00015147 -0.01613198  0.05537636	 0.00111344 -0.01626899  0.05381069	 0.00220439  0.00448373 -0.99998752	0.35000000	0.00000000	0.00000000	0.45356348	-0.42716205	-0.31902960	0.90416247	-0.36672413	-0.37880620	-0.76742101	-0.11746969	0.43858999	0.17531033	0.35484627	0.03895066	0.61320853	0.15585873	-0.24305660	-0.56590903	-0.42205781	-0.49129167	0.10435493	3.16733813	-0.68783438	-0.08685272	0.07111543	0.64797992	
0.00850800	  -25.23799230    44.55122664 -1017.87339013    53.01669653   -26.33678488    -8.05959231	 7.74670668 -1.72487546 -3.57681377  0.06341550  0.00520524  0.03996953	 -18.88504070   99.52825356  -11.12331301 -146.43698305   -2.74242766   80.65966958   -7.74732888  -19.84701812  -19.77037503    6.19119234    0.64467761   21.75637627	 0.03242730 -0.02138425 -0.35132233  0.82336240 -0.47481978  0.02927759  0.02931595 -0.06819108 -0.33867152  1.07212119 -0.63760766  0.07360158	-0.05962339 -0.01315618  0.29008528 -0.02177650 -0.28131745  0.00017979 -0.08110662  0.02770056 -1.41880049  1.29161988 -0.01660359  0.17232581	-0.05661424 -0.00617058  0.33112662 -0.00839944 -0.30528087  0.02885298 -0.07405967  0.00297701 -1.46902758  1.39328657 -0.00387486  0.17147723	 0.19788317 -0.02037219  3.90834978	-0.00131063 -0.01616537  0.05983921	-0.00118566 -0.01613803  0.05846125	 0.00206965  0.00449217 -0.99998777	0.35000000	0.00000000	0.00000000	0.45003292	-0.44337323	-0.29239804	0.92925936	-0.39551178	-0.37435484	-0.74682516	-0.12208646	0.44121879	0.15786926	0.36810970	0.04816768	0.60361415	0.16332433	-0.25537953	-0.58094907	-0.40759343	-0.47700718	0.10167819	3.17609382	-0.69687206	-0.10658733	0.07515665	0.64822817	
0.00850000	  -23.92705960    38.47997312 -1018.58207799    54.95038111   -23.64213686    -7.30814604	 7.74902609 -2.42985050 -3.89253691  0.08276488 -0.00234428  0.03982309	 -18.11510844   99.70554590  -10.87156296 -145.41375673   -0.05854311   80.79109651   -8.56578538  -21.85155141  -19.57774220    5.16772809    4.60820720   21.02967677	 0.03189294 -0.02139336 -0.34842003  0.82320988 -0.47739213  0.02953779  0.02866394 -0.06825585 -0.35106975  1.08331740 -0.63759892  0.07498821	-0.07922691 -0.01567283  0.31851546 -0.01558498 -0.26220235  0.03084773 -0.06972705 -0.02177082 -1.39832861  1.19417672 -0.00365161  0.14985688	-0.06489951 -0.00247795  0.34022733 -0.01922269 -0.29744557  0.02712047 -0.07757602 -0.00975596 -1.44883562  1.29055178 -0.00049876  0.16090404	 0.19923019 -0.02345696  3.90931309	 0.00195420 -0.01614997  0.06396171	 0.00079363 -0.01615271  0.06269531	 0.00193465  0.00449001 -0.99998805	0.35000000	0.00000000	0.00000000	0.44142130	-0.45542803	-0.26571777	0.94737160	-0.42553797	-0.37313500	-0.72623485	-0.12658712	0.44114757	0.14108433	0.37968948	0.05480723	0.59657037	0.17795698	-0.27455348	-0.59578663	-0.39599073	-0.45262456	0.10009713	3.18697023	-0.70327979	-0.12965961	0.08436310	0.64960593	
0.00844800	  -23.36457940    36.88325035 -1012.72880220    56.44323273   -21.15455722    -6.17612964	 7.79619743 -2.35107736 -4.22502992  0.08192148 -0.00676536  0.03448163	 -16.84338269   99.88058424  -10.68271589 -142.71305317    1.81787203   81.90047318   -8.81208538  -22.28362632  -19.99709537    4.19886944    8.04567703   21.55276990	 0.03135251 -0.02139032 -0.34548452  0.82298397 -0.47993061  0.02968654  0.02797186 -0.06840770 -0.36333615  1.09361975 -0.63759492  0.07628906	-0.05421868 -0.00419555  0.37887078  0.00226840 -0.32131855  0.04712358 -0.11816267 -0.04889367 -1.48946459  1.24890104 -0.00018645  0.14356048	-0.06593294  0.00104066  0.35266600 -0.02563739 -0.30233177  0.01647460 -0.08653568 -0.02347644 -1.46393616  1.21604548  0.00251513  0.15447771	 0.20043907 -0.02581888  3.90991378	 0.00600509 -0.01559931  0.06603447	 0.00475910 -0.01577235  0.06541296	 0.00180215  0.00445378 -0.99998846	0.35000000	0.00000000	0.00000000	0.44172654	-0.46674523	-0.24416190	0.96964759	-0.45359838	-0.37248003	-0.71446568	-0.13111693	0.43883038	0.12261505	0.39160210	0.06567121	0.58797091	0.19522084	-0.27797997	-0.60942793	-0.38588512	-0.42901030	0.09850044	3.20556855	-0.71154094	-0.15235053	0.09085226	0.64899778	
0.00805000	  -19.46346555    36.28941879 -1009.93151947    57.67710134   -16.89396910    -5.48330852	 7.21404737 -2.40159265 -4.84007654  0.08260721 -0.02167570  0.03600615	 -16.21128480  100.17841768  -11.27507355 -140.75381446    5.69529784   83.49008799   -8.82870154  -21.94767350  -18.20390742    2.14128035   11.80062365   21.46880874	 0.03081877 -0.02138597 -0.34270458  0.82269067 -0.48228483  0.02974366  0.02730037 -0.06864113 -0.37472893  1.10241510 -0.63755199  0.07750387	-0.04571334  0.03016648  0.30912570 -0.03051896 -0.28710723  0.01262498 -0.07239221 -0.02584374 -1.29528116  0.93535100  0.00139123  0.13626648	-0.06480389  0.00363705  0.34591869 -0.03537838 -0.29149375  0.00886965 -0.08402444 -0.03177134 -1.41005611  1.07589627  0.00884172  0.15159749	 0.20143078 -0.02794373  3.91046397	 0.00900273 -0.01493293  0.06831174	 0.00803092 -0.01515117  0.06755463	 0.00168250  0.00439173 -0.99998894	0.35000000	0.00000000	0.00000000	0.42938882	-0.48194966	-0.21957198	0.99207091	-0.49101543	-0.36894092	-0.69451320	-0.13667044	0.43584400	0.10452919	0.39641604	0.07128588	0.58512461	0.20675845	-0.29593205	-0.63106173	-0.37353209	-0.40844226	0.10334653	3.21129370	-0.71614671	-0.17297442	0.10461523	0.64860624	
0.00801100	  -20.79357950    36.04250136 -1004.62484505    58.90125011   -15.63832017    -4.97520552	 6.60599248 -2.41188879 -4.96930808  0.08258256 -0.00236834  0.02487910	 -15.74579517  100.24948812  -10.32841037 -138.43312800    6.21775264   84.95664155   -9.47517708  -22.65759480  -19.35597156    2.54532091   16.03702417   21.87260297	 0.03026765 -0.02139774 -0.33988461  0.82235056 -0.48460901  0.02976774  0.02657098 -0.06897976 -0.38596667  1.11032870 -0.63729899  0.07868103	-0.07596096 -0.01261660  0.34184030 -0.05042097 -0.25945821 -0.00186184 -0.07175749 -0.03509429 -1.30488728  0.88970601  0.03308179  0.12670073	-0.06788846 -0.00116442  0.35173254 -0.04260329 -0.28882802  0.00274809 -0.09104948 -0.04426945 -1.39609650  0.97113718  0.03703306  0.14690332	 0.20246558 -0.02986322  3.91051237	 0.01151062 -0.01453715  0.06991725	 0.01068355 -0.01465623  0.06940532	 0.00156733  0.00430805 -0.99998949	0.35000000	0.00000000	0.00000000	0.42228973	-0.48649535	-0.19945088	1.00682139	-0.52087510	-0.36242422	-0.68200725	-0.13531733	0.43521750	0.08419363	0.40101793	0.07907844	0.58124202	0.22230507	-0.30141231	-0.64792323	-0.36475068	-0.38552833	0.10719931	3.21970844	-0.72174549	-0.19414036	0.11340250	0.63866186	
0.00847000	  -18.76848987    34.41278586 -1004.45278780    59.83463293   -12.77580357    -4.25757906	 6.06261556 -2.27306496 -5.12190146  0.07438272 -0.00800384  0.02330208	 -14.98944787  101.01610708  -10.64707351 -137.54822439    8.90349611   85.00853753   -9.55909465  -21.52661973  -18.31642403    2.15129174   17.22175214   21.60720873	 0.02966255 -0.02139434 -0.33686766  0.82194993 -0.48704576  0.02978728  0.02572522 -0.06944074 -0.39769710  1.11772116 -0.63659359  0.07997085	-0.08637844 -0.00375146  0.40577395 -0.05447574 -0.27992312  0.02882499 -0.08100610 -0.05770089 -1.40329297  0.85286201  0.13630550  0.15185101	-0.07148647 -0.00015440  0.35788502 -0.04891443 -0.28564879  0.00450882 -0.09823943 -0.05713533 -1.37551720  0.85176443  0.09437333  0.15060440	 0.20355801 -0.03174284  3.91059454	 0.01398934 -0.01425563  0.07112169	 0.01322268 -0.01433530  0.07075677	 0.00144768  0.00419804 -0.99999014	0.35000000	0.00000000	0.00000000	0.41159242	-0.48728660	-0.16995212	1.02525032	-0.55035096	-0.36027375	-0.66391063	-0.14271060	0.44185632	0.06269661	0.40114203	0.08442709	0.58714944	0.23311266	-0.30821794	-0.66433054	-0.35203713	-0.36970344	0.11623253	3.23168063	-0.72593802	-0.21222319	0.12763746	0.63044870	
0.00851800	  -16.21327984    32.68011968 -1001.04300935    60.82967809    -9.50340543    -3.31248706	 5.50985705 -2.13235188 -5.06849046  0.06731182 -0.01763132  0.02282261	 -13.93454297  100.88293386  -11.10895083 -135.34810090   11.44526298   85.42013347   -9.54140853  -20.81459653  -17.34630951    2.89076164   17.58659618   21.53659260	 0.02906715 -0.02139971 -0.33385033  0.82151930 -0.48948175  0.02979339  0.02482903 -0.06998515 -0.40923358  1.12408187 -0.63542276  0.08121966	-0.05287058 -0.00166869  0.31417750 -0.03640124 -0.27714294 -0.00336559 -0.08887991 -0.08717274 -1.28789064  0.67490438  0.18540250  0.13653664	-0.06925668 -0.00164686  0.35417991 -0.05015479 -0.28520026  0.00259720 -0.10486298 -0.06636093 -1.35115131  0.72782914  0.14881222  0.14386471	 0.20456040 -0.03338686  3.91036333	 0.01631676 -0.01405303  0.07125995	 0.01559710 -0.01410969  0.07123784	 0.00132999  0.00406773 -0.99999084	0.35000000	0.00000000	0.00000000	0.39912763	-0.49044433	-0.14181174	1.04373646	-0.58118784	-0.35841802	-0.64575058	-0.14873669	0.44636822	0.03972736	0.40311807	0.09098803	0.59276056	0.24441588	-0.31639865	-0.68109471	-0.33830288	-0.35775676	0.12455501	3.24215722	-0.72868341	-0.23033151	0.14351809	0.62052357	
0.00800000	  -13.90085761    30.84064865 -1000.63005089    61.87345456    -6.66900845    -2.79372027	 4.91378959 -1.72096421 -5.05762475  0.05357350 -0.02799107  0.02050378	 -13.42544777  101.21799994  -11.42504801 -134.34489089   13.83182819   85.72389066   -9.39334111  -19.90823936  -15.92357633    3.08981908   18.28229231   21.94574463	 0.02850190 -0.02138667 -0.33097379  0.82107721 -0.49175790  0.02979315  0.02392704 -0.07056558 -0.41984012  1.12911310 -0.63386316  0.08240954	-0.05685831  0.00895911  0.32400202 -0.03475294 -0.27711901  0.00500033 -0.10977481 -0.07449868 -1.29616693  0.59728318  0.21500763  0.17234338	-0.06941037  0.00120847  0.35440769 -0.05375641 -0.28464748  0.00089126 -0.11205977 -0.07280285 -1.31585084  0.61324803  0.20454576  0.14950524	 0.20558320 -0.03478568  3.91009036	 0.01841940 -0.01437348  0.07122202	 0.01772846 -0.01425666  0.07123875	 0.00121876  0.00392749 -0.99999154	0.35000000	0.00000000	0.00000000	0.38629705	-0.49175575	-0.11326514	1.06146002	-0.61091560	-0.35484284	-0.62739849	-0.15385100	0.44989806	0.01703580	0.40359786	0.09428035	0.59878373	0.25750279	-0.32041904	-0.69752097	-0.32560655	-0.34546980	0.13675004	3.24818730	-0.73057854	-0.24745385	0.15793940	0.61025220	
0.00800000	 -12.04036480   29.02319099 -997.71556243   63.04581791   -4.02137584   -2.21671266	 4.55539473 -1.71302408 -5.06385464  0.05084652 -0.03456174  0.02459272	 -12.78684334  101.27947354  -11.82204816 -132.50532803   15.83156236   86.37144756   -9.10250949  -19.38113999  -15.33946327    3.29400442   18.43325552   21.66318861	 0.02793024 -0.02139324 -0.32806064  0.82061073 -0.49401414  0.02979749  0.02303983 -0.07120180 -0.43021298  1.13321366 -0.63184171  0.08358896	-0.09421858 -0.01798501  0.35529656 -0.05793115 -0.25761978 -0.00738377 -0.08725369 -0.08283300 -1.24328149  0.46400601  0.26294207  0.16393315	-0.07165357 -0.00195505  0.36465048 -0.05796054 -0.28154742  0.00109877 -0.11022791 -0.07989869 -1.29001758  0.49972119  0.26106733  0.15040148	 0.20654091 -0.03596683  3.90960167	 0.02043802 -0.01456999  0.07044715	 0.01976812 -0.01450443  0.07071662	 0.00110504  0.00377087 -0.99999228	0.35000000	0.00000000	0.00000000	0.37599561	-0.49050406	-0.08795431	1.07586718	-0.63800037	-0.35142457	-0.61490136	-0.15703282	0.45136106	-0.00629485	0.40003428	0.10033332	0.60589790	0.26928121	-0.32360134	-0.71180660	-0.30911270	-0.33098105	0.14581257	3.25761867	-0.73087674	-0.26482284	0.17190677	0.59789765	
0.00847900	  -9.16881442   27.07295798 -996.16446880   63.80010519   -0.81081750   -1.50355643	 4.05606276 -1.51368954 -4.97553869  0.04031004 -0.04591569  0.02241245	 -12.02751506  101.91466165  -12.63461963 -130.93988702   18.44038439   86.19086540   -9.34384925  -18.17008364  -14.24029983    3.92468299   18.38405478   21.39198390	 0.02734658 -0.02137915 -0.32497541  0.82011822 -0.49642048  0.02979833  0.02207708 -0.07193631 -0.44095123  1.13654258 -0.62916023  0.08477394	-0.04822212  0.01049975  0.38272590 -0.03316496 -0.28563542 -0.01486819 -0.10306834 -0.11848256 -1.26624059  0.37092559  0.35037520  0.10294521	-0.06843363  0.00221375  0.36598932 -0.05619685 -0.28202765  0.00088220 -0.11070393 -0.08849678 -1.25736490  0.37358574  0.32482967  0.13603131	 0.20741205 -0.03710003  3.90894242	 0.02254426 -0.01449888  0.06951248	 0.02188984 -0.01451940  0.06981498	 0.00098361  0.00358700 -0.99999308	0.35000000	0.00000000	0.00000000	0.36206388	-0.48883793	-0.06025296	1.09281397	-0.66825604	-0.34957093	-0.59884161	-0.16433069	0.45618105	-0.03208446	0.39949614	0.10701545	0.61596942	0.27873468	-0.32863396	-0.72637576	-0.29286537	-0.31914997	0.15680455	3.26636124	-0.72823530	-0.28169855	0.18713534	0.58690906	
0.00800000	  -6.43712725   25.40306604 -993.96540764   64.37633213    2.12837512   -0.94558123	 3.44771266 -0.83732540 -4.91790504  0.01994982 -0.05868658  0.01516081	 -11.43890862  101.58450460  -13.48275021 -129.29544875   20.73106554   86.92690766   -9.27321891  -17.22894835  -12.80024856    4.45634368   18.62472922   22.28147548	 0.02678314 -0.02138799 -0.32207013  0.81964286 -0.49869481  0.02979874  0.02115950 -0.07263910 -0.45078224  1.13873392 -0.62615334  0.08589545	-0.10618977  0.01458326  0.39580462 -0.09451250 -0.26989239  0.01408286 -0.11459943 -0.08526792 -1.25963323  0.26306480  0.39957879  0.16789526	-0.07193189 -0.00020344  0.36913900 -0.06018835 -0.28501171  0.00104661 -0.11410845 -0.08897522 -1.23441048  0.26278024  0.38642903  0.14242938	 0.20816925 -0.03806681  3.90813343	 0.02445259 -0.01443861  0.06865315	 0.02381535 -0.01445413  0.06894860	 0.00086984  0.00339799 -0.99999385	0.35000000	0.00000000	0.00000000	0.34863120	-0.48782501	-0.03428954	1.10733724	-0.69428337	-0.34535435	-0.58617008	-0.16928917	0.45732474	-0.05470007	0.39494723	0.11172965	0.62477702	0.29242218	-0.32865119	-0.74361473	-0.27931234	-0.30851251	0.17107433	3.27196670	-0.72740990	-0.29768741	0.20019144	0.57428014	
0.00847600	  -2.84430195   24.70290497 -994.02712290   64.38847456    5.49601816    0.10991130	 2.46022793 -0.93731417 -4.32468563  0.01679002 -0.07501740  0.02164040	 -10.20925206  102.40513682  -14.53296429 -128.15667215   23.34514739   86.80026960   -8.83022552  -16.24012625  -10.79003883    5.00606772   18.36258714   21.43334979	 0.02621554 -0.02137961 -0.31899453  0.81919419 -0.50113100  0.02980757  0.02021963 -0.07341109 -0.46086560  1.14003126 -0.62244791  0.08708498	-0.09165010  0.02655791  0.40294402 -0.04396222 -0.32401615  0.03797008 -0.09295785 -0.07673156 -1.20792500  0.10100547  0.48222164  0.17100116	-0.06945764  0.00188314  0.36721083 -0.05320797 -0.29061874  0.00371049 -0.11018029 -0.09086483 -1.19142644  0.13322070  0.44906776  0.14171066	 0.20897913 -0.03893631  3.90711525	 0.02654907 -0.01482579  0.06622477	 0.02587898 -0.01461084  0.06702104	 0.00074815  0.00318036 -0.99999466	0.35000000	0.00000000	0.00000000	0.33447692	-0.48254898	-0.00756695	1.12138951	-0.72213298	-0.33841768	-0.56794643	-0.17579746	0.46182066	-0.08190132	0.39251497	0.11645772	0.63702744	0.30161440	-0.33370396	-0.75747037	-0.26123488	-0.29954532	0.18588553	3.27598023	-0.72490287	-0.31292197	0.21559857	0.56072074	
0.00806300	   0.79452230   25.34499070 -997.54400749   64.46059014    8.75754868    0.67344801	 0.03899023 -0.68436573 -1.50749033  0.00163001 -0.07746625  0.01576706	  -9.70832445  102.71359038  -15.84598002 -127.11682299   25.75003096   87.33339810   -8.84143488  -15.64828807   -9.18357484    5.81182981   18.67718509   21.47704333	 0.02570797 -0.02138186 -0.31610100  0.81880015 -0.50342682  0.02980409  0.01937491 -0.07413683 -0.47007722  1.14055673 -0.61850096  0.08809777	-0.02946268  0.00461424  0.35779325 -0.04975633 -0.27430632  0.01706576 -0.10003643 -0.06487207 -1.04712171  0.02102045  0.48182503  0.12696308	-0.06075953  0.00081614  0.36139770 -0.04832012 -0.28644592  0.00108906 -0.10397792 -0.08801372 -1.14051629  0.05624152  0.49775950  0.12520538	 0.20992554 -0.03988633  3.90515188	 0.02875968 -0.01740080  0.06416369	 0.02802276 -0.01645729  0.06483885	 0.00062162  0.00295836 -0.99999543	0.35000000	0.00000000	0.00000000	0.32278156	-0.47727898	0.01156969	1.13503301	-0.74446440	-0.32883865	-0.55730850	-0.18012711	0.45717508	-0.10606266	0.38858217	0.11947040	0.64214593	0.31524286	-0.33454597	-0.76581323	-0.24009010	-0.28580752	0.20080237	3.27474260	-0.72045916	-0.32919934	0.22767405	0.54658413	
0.00846500	   1.07834817   24.99379119 -997.11676022   64.39025082    9.61136691    0.49695676	-0.62637372 -0.27587660 -0.61649461 -0.01313028 -0.08217814  0.01251024	 -10.06189359  103.65498495  -16.68382125 -126.63347727   25.87505901   87.46887183   -8.73313672  -14.96908283   -9.05642956    3.98062789   17.44458126   21.81394666	 0.02516300 -0.02138883 -0.31303393  0.81848230 -0.50593679  0.02980017  0.01855043 -0.07490985 -0.47969059  1.14076152 -0.61387850  0.08911524	-0.06615548 -0.00417493  0.35726374 -0.01608241 -0.27532467 -0.02003596 -0.11801833 -0.08115365 -1.16377170 -0.01058113  0.61570486  0.11679012	-0.06294806 -0.00160215  0.36233442 -0.03640489 -0.29511465 -0.00032022 -0.09687550 -0.08860245 -1.13177237  0.01660641  0.55495587  0.11824852	 0.21114467 -0.04099813  3.90250918	 0.03120738 -0.02061609  0.06292118	 0.03044059 -0.01962207  0.06330837	 0.00046054  0.00270260 -0.99999624	0.35000000	0.00000000	0.00000000	0.32452747	-0.46429351	0.03269604	1.14903903	-0.75703889	-0.31738964	-0.55028421	-0.18444923	0.45535719	-0.13018611	0.38130349	0.12024453	0.64505279	0.33187523	-0.31944945	-0.76718831	-0.21764234	-0.27342346	0.20937032	3.27721786	-0.72012967	-0.34405947	0.23387715	0.52620357	
0.00803300	    3.15640449    23.85633145 -1000.17279826    64.50044606    11.26838058     1.09651331	-0.39439983 -0.20234855 -1.02783719 -0.01875455 -0.10690907  0.01803610	  -9.31283931  104.85942793  -18.13349269 -127.84776291   27.75872666   87.36728632   -8.53318571  -13.72952640   -7.69982421    1.46052440   14.75767583   21.20868078	 0.02466162 -0.02137354 -0.31013402  0.81825820 -0.50836352  0.02980489  0.01784846 -0.07561782 -0.48854075  1.14061835 -0.60924462  0.09000228	-0.07788915  0.03044824  0.38887927 -0.00846930 -0.31494430 -0.01375300 -0.06788454 -0.06610560 -1.10552184 -0.06009892  0.58237245  0.11917291	-0.06409094  0.00153845  0.36437112 -0.02497116 -0.30152247  0.00088463 -0.08580604 -0.08613469 -1.09947832 -0.02585360  0.58042265  0.10842018	 0.21230816 -0.04194194  3.90065993	 0.03352604 -0.02249671  0.06114589	 0.03275590 -0.02187968  0.06175458	 0.00028841  0.00244293 -0.99999697	0.35000000	0.00000000	0.00000000	0.32559121	-0.45357320	0.05369128	1.16141737	-0.76666683	-0.30967617	-0.54029298	-0.19331107	0.44920510	-0.15559974	0.37509835	0.11686748	0.64745677	0.34742561	-0.31103927	-0.76649964	-0.19315195	-0.26407513	0.21576297	3.27767730	-0.71748155	-0.35965070	0.24437989	0.51215243	
0.00847500	   3.83986758   23.72617586 -998.07762760   64.29583286   12.56898691    1.56249205	-0.36376691 -0.25080630 -1.68632562 -0.01821149 -0.11384626  0.01869081	  -8.88314556  105.63982677  -19.03946681 -127.15427175   28.83381236   87.77967381   -8.59114226  -13.54047829   -7.51872991   -1.05388330   15.50050516   21.04662335	 0.02415590 -0.02137871 -0.30708554  0.81806292 -0.51099566  0.02981236  0.01719384 -0.07632815 -0.49769806  1.14002786 -0.60405723  0.09075551	-0.06639433  0.00135429  0.31881778 -0.03197223 -0.29966486  0.01381760 -0.07836181 -0.04708212 -0.99619165 -0.11225924  0.59352697  0.06608410	-0.06117109  0.00008257  0.35731102 -0.02186988 -0.30851438  0.00178763 -0.07394435 -0.07997416 -1.06758664 -0.08131726  0.61164935  0.08475193	 0.21341566 -0.04285524  3.89894576	 0.03578046 -0.02303263  0.05872152	 0.03508936 -0.02287330  0.05949166	 0.00009536  0.00214753 -0.99999769	0.35000000	0.00000000	0.00000000	0.32408968	-0.44287047	0.07021868	1.17439163	-0.78165436	-0.29750922	-0.53175795	-0.19748795	0.44010645	-0.18050653	0.36930397	0.11727301	0.64723772	0.36362594	-0.30549821	-0.76770037	-0.17140776	-0.24802679	0.22299717	3.27455449	-0.71452594	-0.37525940	0.25184977	0.49620476	
0.00847600	   4.02100352   25.27679754 -996.71753608   64.16087709   13.39684608    1.84164731	-0.36266611 -0.11281722 -2.23819396 -0.02049290 -0.13024896  0.01694085	  -8.75892034  106.81406188  -19.77763695 -127.31416109   29.60539037   87.74893200   -8.77526173  -13.24629897   -6.04797911   -3.44655775   14.71046819   21.32894933	 0.02367923 -0.02137139 -0.30403745  0.81794802 -0.51366718  0.02981063  0.01661818 -0.07699836 -0.50654605  1.13884548 -0.59859526  0.09133996	-0.03569553 -0.01901044  0.37218392 -0.00005038 -0.31929841  0.03335902 -0.07262458 -0.06082097 -1.05289024 -0.20132415  0.67833975  0.04334476	-0.05503180 -0.00101317  0.35869689 -0.01255230 -0.31646849  0.00334434 -0.06698863 -0.07700433 -1.04203617 -0.15290495  0.65227276  0.06365537	 0.21475804 -0.04420244  3.89744272	 0.03602307 -0.02349743  0.05682953	 0.03597978 -0.02333612  0.05743272	-0.00010139  0.00184130 -0.99999830	0.35000000	0.00000000	0.00000000	0.32085559	-0.43250874	0.08994850	1.19088721	-0.79450321	-0.28767225	-0.52081037	-0.20387197	0.43658733	-0.20430648	0.36281046	0.11544709	0.65025073	0.37603691	-0.29718587	-0.77028197	-0.14841151	-0.23574939	0.23245518	3.27345109	-0.71107042	-0.38975340	0.25888675	0.47695586	
0.00853400	   5.43446096   25.86874662 -999.07137351   64.23729057   14.84352643    2.09876834	-0.67061197  0.10219021 -2.47888740 -0.02790343 -0.14692205  0.01635126	  -8.59389064  107.21562815  -21.21666045 -128.00837573   31.19838560   87.32144570   -8.69891693  -12.36985064   -4.52401508   -4.37160434   14.32381578   21.35654226	 0.02320546 -0.02131787 -0.30097534  0.81785705 -0.51638492  0.02980907  0.01613003 -0.07757971 -0.51499463  1.13698787 -0.59293140  0.09179701	-0.05019180 -0.01800689  0.34157176 -0.00661633 -0.29870241  0.01897046 -0.04192359 -0.02443433 -0.89328055 -0.24158262  0.64449843  0.05191754	-0.05310342  0.00449653  0.35776606 -0.00910314 -0.31702337  0.00241092 -0.05614699 -0.06318266 -0.97927674 -0.23032429  0.66766770  0.05026478	 0.21617646 -0.04597907  3.89637249	 0.03478621 -0.02350680  0.05550475	 0.03517713 -0.02349246  0.05592489	-0.00030046  0.00154023 -0.99999877	0.35000000	0.00000000	0.00000000	0.31020269	-0.42654273	0.10949273	1.20297217	-0.81020594	-0.27586281	-0.50671214	-0.21317005	0.42869484	-0.22615188	0.35770759	0.11198253	0.65214425	0.38866502	-0.29533967	-0.77149224	-0.12928858	-0.22794187	0.24410228	3.26383257	-0.69946957	-0.40471575	0.26922217	0.46449310	
0.00847400	   4.41233284   25.96937021 -999.82958068   64.28095471   15.07547735    2.40291099	-0.86970210 -0.08846271 -2.75944084 -0.02206881 -0.14585888  0.01742535	  -8.30841187  107.00832844  -21.83911804 -127.31438503   31.42595351   87.35071325   -8.70690030  -12.98428595   -4.45015750   -5.45809489   15.50118166   21.26330265	 0.02273238 -0.02120800 -0.29793754  0.81781553 -0.51913551  0.02979494  0.01574934 -0.07810061 -0.52302473  1.13439313 -0.58701760  0.09210882	-0.05459359  0.03481563  0.37692681  0.02433195 -0.31468900 -0.02055078 -0.02479466 -0.06136290 -0.94708483 -0.37020842  0.74859913  0.02225959	-0.05518112  0.01573942  0.36143442 -0.00254130 -0.32470790 -0.00290741 -0.04243778 -0.06004736 -0.94180263 -0.32288262  0.70647802  0.03330781	 0.21768279 -0.04759659  3.89553519	 0.03413457 -0.02304113  0.05351216	 0.03431892 -0.02319090  0.05416878	-0.00049777  0.00124809 -0.99999910	0.35000000	0.00000000	0.00000000	0.30204573	-0.42048955	0.12962258	1.21507049	-0.82987309	-0.26274431	-0.49701303	-0.21574500	0.42514914	-0.25073358	0.35826528	0.11619166	0.65588927	0.40080768	-0.29224429	-0.77653748	-0.11003680	-0.21630290	0.25303569	3.25620985	-0.68797308	-0.42063424	0.27546066	0.44870666	
0.00852100	    6.29178090    25.76262644 -1001.56612477    64.30879193    16.67691599     3.02327088	-1.36187722  0.30294431 -2.96520210 -0.03379647 -0.16353840  0.00832320	  -7.71828951  106.60402417  -23.39175156 -127.52674398   33.07429916   88.30720210   -9.11155165  -12.20912024   -2.57730157   -6.00953181   15.37244859   21.67781743	 0.02230080 -0.02107799 -0.29492029  0.81779630 -0.52192087  0.02979487  0.01544660 -0.07851348 -0.53057272  1.13104153 -0.58082365  0.09229092	-0.05136086  0.04203334  0.32733746  0.02374414 -0.33050255  0.00271322 -0.01688631 -0.03698143 -0.79543362 -0.39146095  0.72284584  0.02459938	-0.04992149  0.01958123  0.35284598  0.00041420 -0.32726753 -0.00164333 -0.03128821 -0.04614083 -0.87383708 -0.40653935  0.73264288  0.02031216	 0.21923428 -0.04932102  3.89508881	 0.03331653 -0.02217640  0.05178015	 0.03358077 -0.02244028  0.05232574	-0.00068933  0.00096169 -0.99999930	0.35000000	0.00000000	0.00000000	0.29009274	-0.41877803	0.14749512	1.22943282	-0.84708577	-0.24808130	-0.48580551	-0.22214556	0.41667432	-0.27265775	0.35499835	0.11461837	0.65861523	0.41182986	-0.29208934	-0.78433001	-0.08865445	-0.21139842	0.26787591	3.24083161	-0.67511851	-0.43535912	0.28424203	0.43348518	
0.00847600	    5.68047854    26.46839386 -1000.65311183    64.23925710    16.85289876     3.16405549	-1.66278364  0.25450689 -3.15287065 -0.03182826 -0.16960711  0.00838004	  -7.73306536  106.86531639  -24.04402102 -127.73230737   33.09728685   88.21841991   -9.12104660  -12.46033424   -1.78480936   -6.60173776   15.74177009   21.57103738	 0.02185380 -0.02091063 -0.29189223  0.81778022 -0.52471304  0.02981027  0.01521442 -0.07887224 -0.53761889  1.12684742 -0.57436506  0.09237606	-0.07007010  0.03130522  0.33819939 -0.01776292 -0.33818254  0.01958320 -0.00790846 -0.03152343 -0.84368460 -0.56488853  0.81179469 -0.01633262	-0.05304451  0.02278841  0.35436730 -0.00073160 -0.33032704  0.00356155 -0.02359035 -0.04038253 -0.82179652 -0.50836586  0.76780156  0.00656110	 0.22098965 -0.05117421  3.89470899	 0.03217644 -0.02132687  0.05024687	 0.03254323 -0.02157595  0.05074034	-0.00087350  0.00068378 -0.99999938	0.35000000	0.00000000	0.00000000	0.27894849	-0.41085494	0.16732809	1.23788357	-0.86171603	-0.23270532	-0.47313514	-0.22547674	0.41131246	-0.29426181	0.35199457	0.11218628	0.66385198	0.42316118	-0.29040584	-0.79105371	-0.06911881	-0.20341729	0.27951893	3.22550416	-0.66116834	-0.44948751	0.29221204	0.41366404	
0.00852300	    6.72089059    26.75855710 -1000.74908400    64.20048314    17.70082147     3.91951828	-2.33628592  0.54449228 -3.10714074 -0.04119913 -0.18585246  0.00288166	  -6.90143762  106.72318244  -25.72229001 -128.28232533   33.84934732   87.66322696   -9.15978189  -11.76771298   -0.03497780   -5.79647253   15.64707363   21.47395381	 0.02145549 -0.02069965 -0.28884777  0.81778165 -0.52753292  0.02980429  0.01506929 -0.07911212 -0.54410280  1.12180908 -0.56759778  0.09242730	-0.03836436  0.02336565  0.34739368  0.01255222 -0.31909798  0.02570519 -0.00983291 -0.00887420 -0.68197758 -0.60022979  0.77007808  0.01846032	-0.04580699  0.02572631  0.35432500  0.00098613 -0.32941276  0.00189812 -0.01366156 -0.02456125 -0.74802694 -0.60395250  0.79590240  0.00564931	 0.22288364 -0.05319481  3.89438146	 0.03042256 -0.02044701  0.04795056	 0.03098016 -0.02070733  0.04869215	-0.00105052  0.00041825 -0.99999936	0.35000000	0.00000000	0.00000000	0.26321855	-0.40453306	0.18546239	1.24749005	-0.87603986	-0.21530397	-0.45915169	-0.23381531	0.40711951	-0.31249455	0.34912890	0.11148177	0.67026114	0.43177003	-0.29015449	-0.79413688	-0.04976851	-0.20086959	0.29628333	3.20676041	-0.64247471	-0.46257108	0.30151045	0.39514229	
0.00846400	    6.73219722    27.04544854 -1000.32917805    64.15465778    18.04128967     3.88339376	-2.90611163  0.59899014 -3.04338088 -0.04319316 -0.19477098 -0.00324322	  -7.23154540  106.52709746  -26.98427441 -128.77513659   34.15957037   87.22901249   -9.20784218  -11.82994369    0.98122722   -5.04517123   15.89022414   20.70744431	 0.02104050 -0.02042661 -0.28579098  0.81777966 -0.53039212  0.02980003  0.01499755 -0.07926979 -0.55001225  1.11596012 -0.56054308  0.09243013	-0.08175107  0.05700421  0.38215367 -0.00811743 -0.37040025  0.01483784  0.02231509  0.02080344 -0.70375628 -0.75868891  0.89349472 -0.01588466	-0.04996483  0.03290187  0.36191996  0.00100422 -0.33867514  0.00034864 -0.00536469 -0.01322852 -0.68754924 -0.70717233  0.84224789 -0.00020569	 0.22491422 -0.05541437  3.89404341	 0.02873385 -0.01943414  0.04716669	 0.02926713 -0.01974045  0.04734752	-0.00121961  0.00016775 -0.99999924	0.35000000	0.00000000	0.00000000	0.24773237	-0.39651865	0.20638272	1.25206411	-0.89011949	-0.19566238	-0.44500691	-0.23895624	0.40607131	-0.33357131	0.34749711	0.11280952	0.67929250	0.43803793	-0.29176056	-0.80011129	-0.03044639	-0.19837266	0.31208223	3.18775964	-0.62245077	-0.47552347	0.30801514	0.37731132	
0.00852300	   9.29850270   27.49747469 -999.65464937   63.99323723   20.25525582    4.88357339	-3.55900941  0.28763061 -2.87871021 -0.03249197 -0.21234509 -0.00591411	  -6.18620369  106.17261648  -28.69581968 -129.12235588   36.28676069   87.18071806   -9.02124415  -11.45001090    2.51934927   -3.62473168   15.20525770   20.39113116	 0.02065487 -0.02010129 -0.28273608  0.81778039 -0.53326303  0.02979265  0.01496418 -0.07935673 -0.55534328  1.10929557 -0.55323440  0.09243816	-0.04284845  0.04860394  0.35262270  0.01109808 -0.34310434 -0.02035425 -0.00313275 -0.02258738 -0.56040770 -0.78909463  0.82363701  0.00353690	-0.04537490  0.04084560  0.36098185  0.00178610 -0.33960819 -0.00203780 -0.00359882 -0.00885737 -0.61421563 -0.79772743  0.86226463 -0.00207724	 0.22682786 -0.05744945  3.89366540	 0.02821201 -0.01795386  0.04666180	 0.02824820 -0.01841805  0.04681257	-0.00137835 -0.00007191 -0.99999905	0.35000000	0.00000000	0.00000000	0.23415193	-0.39098924	0.22525144	1.25348163	-0.90122116	-0.17887791	-0.43503118	-0.24671346	0.39734691	-0.35249159	0.34834939	0.11235435	0.68785828	0.44907215	-0.29305980	-0.80773389	-0.01113699	-0.19888052	0.32946363	3.16665626	-0.60499877	-0.48915827	0.32077929	0.36137703	
0.00800100	  10.08112586   27.88025967 -997.90126185   63.83001252   21.18972202    5.14777128	-4.26236030 -0.07369138 -2.94213199 -0.02076686 -0.21908142 -0.00450673	  -6.11708678  105.77926421  -29.75236002 -129.06320268   36.86309713   87.30150855   -8.52056030  -10.32430959    3.66594321   -3.02577270   16.56925263   19.82364199	 0.02027784 -0.01978825 -0.27987201  0.81776754 -0.53596745  0.02979592  0.01495552 -0.07938963 -0.55981288  1.10233212 -0.54608854  0.09245066	-0.05924467  0.03912528  0.31717795 -0.01781708 -0.31750735 -0.00692928 -0.01279547 -0.03038065 -0.49512884 -0.86995941  0.86484535 -0.01083044	-0.04724397  0.04018181  0.35659424 -0.00234168 -0.33998366 -0.00122140 -0.00192404 -0.00556320 -0.54750954 -0.88023970  0.89640372  0.00128133	 0.22867608 -0.05903228  3.89316140	 0.02935009 -0.01651271  0.04693255	 0.02894521 -0.01698085  0.04683681	-0.00151587 -0.00030128 -0.99999881	0.35000000	0.00000000	0.00000000	0.22477174	-0.37757170	0.24134713	1.25159121	-0.91142112	-0.15510000	-0.42608562	-0.25006756	0.38953453	-0.36837348	0.34551570	0.10956737	0.69731963	0.46395755	-0.29054299	-0.81587780	0.00569909	-0.19580624	0.34855336	3.14539886	-0.58922994	-0.50206381	0.33184940	0.34134379	
0.00802400	  10.59981136   28.93388043 -996.18237439   63.68801380   21.74283343    5.88852224	-4.72989361 -0.34128799 -2.86793822 -0.01152879 -0.23629364 -0.00276096	  -5.39154536  106.07379961  -30.89530267 -129.91472280   37.09970927   86.61289990   -7.97537460   -8.60421446    5.25483561   -2.13360790   15.34767289   18.65547791	 0.01990514 -0.01946607 -0.27696960  0.81778243 -0.53868509  0.02980354  0.01494914 -0.07938740 -0.56372776  1.09468607 -0.53869086  0.09243936	-0.04189066  0.03291630  0.37121140 -0.00215077 -0.31320332  0.00189093 -0.01448052  0.00638848 -0.42258565 -0.95659019  0.87781643 -0.02161411	-0.04522838  0.03885947  0.36082027  0.00235592 -0.33669222  0.00181220 -0.00136457  0.00001971 -0.47499695 -0.95773463  0.91834926 -0.00386988	 0.23073220 -0.06046161  3.89250039	 0.03088327 -0.01545933  0.04685824	 0.03037412 -0.01579227  0.04689729	-0.00164341 -0.00054188 -0.99999850	0.35000000	0.00000000	0.00000000	0.21582004	-0.36153466	0.25778681	1.24751258	-0.91596377	-0.13393055	-0.41501841	-0.25643334	0.38135713	-0.38580281	0.34204680	0.10230383	0.70770860	0.47710100	-0.28588781	-0.82007021	0.02477418	-0.19695994	0.36403754	3.12641573	-0.57026541	-0.51495141	0.34601805	0.32096195	
0.00844800	  10.77673395   30.01853550 -995.62919061   63.63023584   22.13090344    6.30631755	-5.27386127 -0.52779348 -2.81703339 -0.00580186 -0.24358753 -0.00198091	  -5.13424814  106.42825294  -32.29170112 -130.43790305   37.38859203   85.68322480   -7.36672008   -7.04411899    5.98887610   -1.36026250   15.86245961   17.97512364	 0.01950427 -0.01909602 -0.27389514  0.81777581 -0.54160733  0.02980782  0.01495173 -0.07940282 -0.56725567  1.08585719 -0.53059849  0.09245179	-0.05334705  0.05709162  0.39472658  0.02053078 -0.37244006  0.02558671  0.02285541  0.00882296 -0.37911721 -1.12939020  1.00609720  0.02030835	-0.04811731  0.04438295  0.36820108  0.00222025 -0.34909142  0.00312125  0.00105880 -0.00073168 -0.40596514 -1.06430793  0.96536505  0.00117842	 0.23294621 -0.06195826  3.89177127	 0.03251514 -0.01387129  0.04676345	 0.03199821 -0.01436428  0.04680429	-0.00176808 -0.00081105 -0.99999811	0.35000000	0.00000000	0.00000000	0.20279476	-0.34384719	0.27838868	1.24126494	-0.92775983	-0.11194806	-0.40461212	-0.26232612	0.37918919	-0.40553752	0.33847609	0.10185634	0.72425884	0.48864737	-0.28086704	-0.82873595	0.03967382	-0.19746883	0.38386866	3.10525680	-0.55060661	-0.52670532	0.35885108	0.29850787	
0.00801800	  14.15849804   30.33946059 -997.08049968   63.59552229   24.57334720    7.35308772	-6.24928501 -0.51630977 -2.55964909 -0.00734509 -0.26551641 -0.00497564	  -4.00160967  106.10422182  -34.46684512 -130.61821350   39.74007529   85.52443004   -6.83991891   -4.87598939    8.13421020    0.92497392   15.58826463   16.97955327	 0.01912880 -0.01874412 -0.27098463  0.81775213 -0.54436165  0.02980149  0.01494795 -0.07939598 -0.56999838  1.07692393 -0.52274362  0.09245892	-0.07658538  0.06194396  0.39243649 -0.01023315 -0.34041355 -0.00064205  0.01945043  0.00259411 -0.33073426 -1.21727878  0.99549040  0.02578363	-0.04907526  0.04677550  0.36642730 -0.00191124 -0.34500686  0.00049090  0.00025142  0.00219881 -0.33449092 -1.12977541  0.98348950  0.00334313	 0.23491937 -0.06325213  3.89115821	 0.03444953 -0.01209526  0.04626431	 0.03380208 -0.01268054  0.04644209	-0.00187194 -0.00107852 -0.99999767	0.35000000	0.00000000	0.00000000	0.19341199	-0.32636228	0.29173991	1.23104298	-0.93207532	-0.09081072	-0.39897016	-0.27006590	0.36477786	-0.42197940	0.33476844	0.09621653	0.73887235	0.50635326	-0.27661565	-0.83683252	0.05680918	-0.19756642	0.40533814	3.08418322	-0.53083783	-0.53971392	0.37680134	0.28342858	
0.00801300	  14.37898869   31.59269698 -995.87256963   63.49994649   25.00060819    8.21639109	-6.89372836 -0.70534639 -2.64653032 -0.00119148 -0.27926793 -0.00532208	  -3.22391206  106.63399005  -35.68057285 -130.55818179   39.60648930   85.24963367   -5.91617872   -2.77740610    9.68529962    1.31136562   16.07250971   15.97315474	 0.01876492 -0.01838771 -0.26806656  0.81771952 -0.54713426  0.02980112  0.01493890 -0.07939718 -0.57214613  1.06741764 -0.51465908  0.09244442	-0.07996412  0.06045175  0.37832211 -0.04013651 -0.32509549 -0.00337976 -0.00127117  0.01830306 -0.27445975 -1.25038578  1.05858150 -0.01830392	-0.04781986  0.04676200  0.36596294 -0.00485341 -0.34419262  0.00074802 -0.00320423  0.00263147 -0.26028026 -1.19628677  1.01253813 -0.00171443	 0.23707843 -0.06451173  3.89044834	 0.03610856 -0.01071348  0.04500553	 0.03556531 -0.01115312  0.04544031	-0.00196297 -0.00136065 -0.99999715	0.35000000	0.00000000	0.00000000	0.18755166	-0.30290624	0.30494443	1.22058940	-0.93637043	-0.06612778	-0.39119551	-0.27307603	0.35165232	-0.43991438	0.32894635	0.08697106	0.75287056	0.52472490	-0.26625404	-0.84403133	0.07229193	-0.19538271	0.42429930	3.06288838	-0.51184344	-0.55125850	0.39259079	0.26138598	
0.00801200	  15.09696437   32.58189181 -995.60136830   63.45570578   25.45016362    8.73523540	-7.43255916 -0.80002175 -2.51587077  0.00162845 -0.29654799 -0.00447540	  -2.85364643  106.87721562  -37.19800782 -131.51576942   39.90392670   84.47169864   -5.04974442   -0.35907716   11.09745345    2.59678819   15.08943267   15.18656461	 0.01842332 -0.01803714 -0.26514071  0.81771319 -0.54994966  0.02979074  0.01495044 -0.07940638 -0.57368394  1.05732301 -0.50636691  0.09245090	-0.02567342  0.04934722  0.33539101  0.01723328 -0.34281915 -0.01570357  0.00531000 -0.01124133 -0.15127728 -1.20144803  0.96575271  0.01099554	-0.04228960  0.04429899  0.36392909 -0.00010273 -0.35032247 -0.00227496  0.00093889 -0.00127855 -0.18272083 -1.26278388  1.03389484  0.00003882	 0.23937939 -0.06580121  3.88971008	 0.03760638 -0.00936043  0.04372275	 0.03711425 -0.00979574  0.04415184	-0.00204341 -0.00165523 -0.99999654	0.35000000	0.00000000	0.00000000	0.18316476	-0.27683321	0.31741259	1.20956099	-0.93923348	-0.04247468	-0.38619962	-0.28007123	0.34263992	-0.45457777	0.32271466	0.08062248	0.76927263	0.54115570	-0.25227806	-0.84688425	0.09130858	-0.19853425	0.44488898	3.04040170	-0.49370489	-0.56198066	0.40989557	0.23430179	
0.00800200	   15.57568380    33.14974606 -1000.41051143    63.72804424    26.21464687     8.98304838	-8.00782224 -0.78022686 -2.19660720 -0.00024697 -0.30597209 -0.00555887	  -2.73531089  107.13641286  -38.59383214 -132.97937185   41.04157108   83.56077337   -4.56827749    3.26515883   12.26658388    4.29948607   14.84378457   13.93772431	 0.01807742 -0.01765465 -0.26217691  0.81765848 -0.55277563  0.02979323  0.01494069 -0.07939902 -0.57459956  1.04672366 -0.49792740  0.09245792	-0.03090686  0.04501426  0.39930593  0.01131824 -0.42572744 -0.00228745 -0.00707514  0.00196853 -0.09909940 -1.53295630  1.21448584  0.01620417	-0.04106960  0.04602603  0.37037965 -0.00605561 -0.35511148 -0.00055466 -0.00133502  0.00207926 -0.10433616 -1.33260960  1.05737581  0.00272075	 0.24176931 -0.06711579  3.88927925	 0.03925681 -0.00790825  0.04278879	 0.03869665 -0.00843696  0.04314135	-0.00211308 -0.00196221 -0.99999584	0.35000000	0.00000000	0.00000000	0.17597453	-0.24861799	0.32965025	1.19488454	-0.94226944	-0.01813932	-0.38027862	-0.28772566	0.33185387	-0.47056386	0.31556183	0.07389852	0.78931689	0.55624682	-0.23999384	-0.85198992	0.10704247	-0.20152059	0.46815377	3.01746297	-0.47154805	-0.57153773	0.42894107	0.21403144	
0.00847600	   12.78000751    33.32825420 -1008.22739968    64.21742526    26.54261527     9.42451275	-6.57968131 -0.10982608 -1.00883294 -0.02540362 -0.23625198 -0.02142940	  -1.96890405  107.40920329  -40.38019317 -132.76353329   42.20352638   82.79786295   -3.65064159    5.62233222   13.58043142    6.17900512   14.71818258   12.79331414	 0.01772289 -0.01723183 -0.25905542  0.81759354 -0.55576930  0.02979679  0.01493847 -0.07938784 -0.57504023  1.03499527 -0.48878044  0.09244699	-0.05335505  0.05587608  0.36030674 -0.00055824 -0.35179634 -0.00338104 -0.00112287 -0.00445913 -0.06607953 -1.40889641  1.12722551 -0.00389607	-0.04109395  0.05032489  0.36558870 -0.00631474 -0.35303065  0.00054784 -0.00173286  0.00328018 -0.04767872 -1.38946961  1.08481418 -0.00108196	 0.24211132 -0.06846906  3.88956247	0.04032047 0.00273219 0.03725446	 0.03993218 -0.00116865  0.03927449	-0.00214149 -0.00229970 -0.99999506	0.35000000	0.00000000	0.00000000	0.17400509	-0.21925573	0.34162295	1.18081331	-0.94406664	0.00555781	-0.37684268	-0.29553342	0.31915224	-0.48676047	0.31127679	0.06988008	0.80712450	0.57194871	-0.22475556	-0.85579467	0.12494528	-0.20134796	0.48896080	2.99334359	-0.45298043	-0.58021766	0.44609639	0.19300719	
